Store,Dept,calib_weeks,calib_mean_pred_units,err_rmse_units,hist_mean_units,Safety_Stock,Avg_Weekly_Demand_Units,Reorder_Point,EOQ,EOQ_hist
1,1,21,1020.849527837752,348.5993472045198,918.6701750000001,813.439975674215,1020.849527837752,2855.139031349719,1303.3394087197776,1236.392806190654
1,2,21,1897.8812405817084,115.29827149501281,1852.5946666666666,269.0430257895969,1897.8812405817084,4064.8055069530137,1777.0971792020725,1755.7669336598558
1,3,21,431.6624381122449,42.566806264396,510.3396083333333,99.32761529792779,431.6624381122449,962.6524915224176,847.5177266693455,921.5232543276737
1,4,21,1477.6540573663576,98.25920691366309,1464.2711583333332,229.28318002478878,1477.6540573663576,3184.591294757504,1568.061335362115,1560.9443319563534
1,5,21,994.1167191797156,184.9747121079355,1020.943075,431.62968182251683,994.1167191797156,2419.863120181948,1286.1610399615774,1303.3991241365786
1,6,21,160.10483104590807,53.31783741731609,195.28119166666667,124.41463450675396,160.10483104590807,444.6242965985701,516.1535031949227,570.0420185682221
1,7,21,810.1986241209373,297.29786920114367,1038.654725,693.7304198366518,810.1986241209373,2314.1276680785263,1161.107450039504,1314.6564046928763
1,8,21,1461.6629705478458,79.96163682576712,1389.3525416666669,186.58667159311042,1461.6629705478458,3109.9126126888023,1559.553520399866,1520.4876287998313
1,9,21,1090.720529176644,214.8068223250706,1132.3889166666665,501.2414903469313,1090.720529176644,2682.6825487002193,1347.2041272761658,1372.6963092153096
1,10,21,1303.2160951499554,166.13989874090234,1252.7373916666668,387.6795417836167,1303.2160951499554,2994.1117320835274,1472.6002792100528,1443.7988155325982
1,11,21,960.2721161650037,150.86134101457733,1030.6382583333334,352.02775492600273,960.2721161650037,2272.5719872560103,1264.0778462177739,1309.5732365418387
1,12,21,427.9894835198791,38.76880879305443,430.43805,90.46516906710835,427.9894835198791,946.4441361068666,843.9043195629935,846.3149030945868
1,13,21,1548.9986023521542,110.13218514405862,1508.3291333333334,256.9882093094455,1548.9986023521542,3354.985414013754,1605.4699232044134,1584.2536658839285
1,14,21,631.9683156324146,113.35059191961369,626.8939916666667,264.49820825296416,631.9683156324146,1528.4348395177933,1025.4731967303376,1021.3479339252287
1,16,21,1187.2770004945235,185.37954460220698,917.3780916666666,432.57433916893217,1187.2770004945235,2807.128340157979,1405.5706772776982,1235.5230246876556
1,17,21,373.9341715352436,49.32126373648588,363.94863333333336,115.08882014770577,373.9341715352436,862.9571632181929,788.8133248333507,778.209821235036
1,18,20,328.77435642579366,324.2820649335209,412.2121481481481,756.6967555345076,328.77435642579366,1414.245468386095,739.6489228630842,828.2034861786797
1,19,21,45.126255679488764,15.145095228075192,44.75155833333333,35.34035847371037,45.126255679488764,125.5928698326879,274.0257094702417,272.88567765030587
1,20,21,170.1080074235828,37.57219103037967,156.15018333333333,87.67291850333888,170.1080074235828,427.88893335050443,532.033574460148,509.7390558576679
1,21,21,311.6533326804508,36.29243154253864,317.2624416666667,84.68666068327616,311.6533326804508,707.9933260441777,720.1327277525096,726.584271047298
1,22,21,340.06203615987084,49.382708484760265,328.76369166666666,115.23219854167705,340.06203615987084,795.3562708614187,752.2388105980873,739.6369264262928
1,23,21,839.3161381541127,108.87676472098838,873.2237416666667,254.05874553794837,839.3161381541127,1932.6910218461737,1181.7876517752431,1205.4228744027273
1,24,21,208.24164233612314,37.92843921992234,235.59590833333334,88.50420668835534,208.24164233612314,504.9874913606016,588.6544766221598,626.1242620012953
1,25,21,404.71771290030233,69.55365096227511,399.4227,162.300132230633,404.71771290030233,971.7355580312377,820.640161255896,815.2541768062277
1,26,21,269.9755698586271,37.98948250937991,257.8576083333333,88.64664829729591,269.9755698586271,628.5977880145501,670.2531971163999,655.0382128293484
1,27,21,62.17375647913833,13.147278957393416,55.78223333333333,30.678549346249486,62.17375647913833,155.02606230452616,321.64752568811434,304.6664344273367
1,28,21,26.12840386657734,5.639624882697943,22.294741666666667,13.15979609308354,26.12840386657734,65.41660382623822,208.5129828907176,192.6095795471589
1,29,21,193.80382106334088,32.05723862127148,185.02374166666667,74.80403969021395,193.80382106334088,462.4116818168957,567.8816410568309,554.8689089625885
1,30,21,138.5862738,25.97412233657687,135.77649166666666,60.609377530556166,138.5862738,337.78192513055615,480.2161592483118,475.32313443943934
1,31,21,79.12212610914587,19.51394301405005,96.626425,45.53485672864473,79.12212610914587,203.77910894693647,362.8487534023215,400.98175918612554
1,32,21,343.0003617029478,81.62716052846662,340.2649333333333,190.47309183764938,343.0003617029478,876.473815243545,755.4817018788114,752.4631878481941
1,33,21,196.3622806002405,36.00858599478895,227.17948333333334,84.0243206149189,196.3622806002405,476.7488818153999,571.61773495825,614.8387270387794
1,34,21,480.5357611774755,91.1473210772078,442.97943333333336,212.68793310824788,480.5357611774755,1173.7594554631987,894.2099902144457,858.5556342291784
1,35,21,110.14151563198654,19.828211851723736,106.02305,46.26818809521917,110.14151563198654,266.55121935919226,428.1068581693426,420.0266124902088
1,36,21,57.724417890084524,28.291561276311,60.2297,66.01701093515301,57.724417890084524,181.46584671532207,309.9248802034142,316.5789329693307
1,37,21,111.4163538541538,13.814115795089219,112.15117500000001,32.23458135085248,111.4163538541538,255.0672890591601,430.5773017859998,431.99485552492405
1,38,21,3144.3113301776957,320.1933007239059,3059.23875,747.1558189668452,3144.3113301776957,7035.778479322236,2287.3858558222496,2256.2298819047674
1,40,21,2491.8628777261533,102.33011067864643,2302.6470416666666,238.78244009545477,2491.8628777261533,5222.508195547762,2036.285792450637,1957.4485120516792
1,41,21,28.25932252169312,14.559525118151246,45.740383333333334,33.973958508272034,28.25932252169312,90.49260355165828,216.84905505004477,275.88402974196725
1,42,21,324.3778167212671,38.50259852651494,314.41138333333333,89.84398008762622,324.3778167212671,738.5996135301605,734.6867951883908,723.3122022105439
1,44,21,185.16988383017937,25.885969213353945,198.99895,60.40367641555096,185.16988383017937,430.7434440759097,555.0879990536802,575.4426581337189
1,45,4,0.9129409435425686,0.6714881701223512,0.78996,1.5668856673142,0.9129409435425686,3.392767554399337,38.97606611825819,36.25594351275387
1,46,21,821.4942218604089,98.2455703730863,811.39695,229.25135980675333,821.4942218604089,1872.239803527571,1169.173376867486,1161.965801906407
1,48,20,52.74863548462482,32.90787338591201,47.393750000000004,76.7889554045021,52.74863548462482,182.28622637375173,296.2663150721251,280.8259247291817
1,49,21,488.2517158644335,88.70498702607692,464.37989999999996,206.98886290897227,488.2517158644335,1183.4922946378392,901.3605578226825,879.0495740286779
1,52,21,87.29371156940836,21.37156370069255,94.39300833333334,49.8695261371559,87.29371156940836,224.45694927597262,381.12561715462726,396.3205342480587
1,54,18,3.052746115608466,1.9290530479051708,1.999386046511628,4.50135342175967,3.052746115608466,10.606845652976602,71.27250196515124,57.679965164650966
1,55,21,515.1798050045351,100.89518727867957,539.89875,235.43411467567535,515.1798050045351,1265.7937246847455,925.8829275494535,947.8351755447778
1,56,21,281.9540361684807,38.63157207972391,156.08971666666667,90.14493373204992,281.9540361684807,654.0530060690113,684.9609596059851,509.6403521438754
1,58,21,101.05128660680272,47.37634947663758,127.42159166666666,110.55045534322078,101.05128660680272,312.6530285568262,410.06016743121944,460.4666421504747
1,59,21,18.29407254822373,26.882138980860432,27.044741666666667,62.72819112834661,18.29407254822373,99.31633622479407,174.4744586472309,212.13780929700707
1,60,21,42.18849138665567,8.846106366249554,41.243500000000004,20.64196793561941,42.18849138665567,105.01895070893075,264.95593910572194,261.9717236649788
1,67,21,314.6376972467876,122.50421498902688,287.55606666666665,285.85775177082945,314.6376972467876,915.1331462644046,723.5724761339769,691.7320976601659
1,71,21,125.5011655471518,54.57389428213154,112.45625,127.34558338475479,125.5011655471518,378.3479144790584,456.983522099496,432.58201534506725
1,72,21,1952.8145492687077,418.3819944633379,1951.2701,976.27445985755,1952.8145492687077,4881.903558394965,1802.6323557462097,1801.919378440667
1,74,21,472.2179016209304,68.32095922845654,442.67555,159.42370477311715,472.2179016209304,1103.859508014978,886.4370187989828,858.2610996660632
1,79,21,1442.2139436069197,160.0783556664959,1354.0384833333335,373.53521968280506,1442.2139436069197,3257.9631068966446,1549.1429895790493,1501.039651796936
1,80,21,739.9382430332752,52.00664401177798,676.8819333333333,121.35502713669379,739.9382430332752,1601.231513203244,1109.6203118217375,1061.2876787500488
1,81,21,1228.5733736938982,43.082792476295445,1169.910575,100.53164455105622,1228.5733736938982,2557.6783919388527,1429.8063133958553,1395.25309417324
1,82,21,860.8997033402599,141.55131356773225,864.4306916666666,330.30324924170253,860.8997033402599,2052.1026559222223,1196.886421661718,1199.3384305246511
1,83,21,258.5185590340892,40.12327807130494,220.55395833333333,93.62575862525563,258.5185590340892,610.6628766934341,655.8771853271955,605.8067238539588
1,85,21,133.56154760559335,26.635712296184916,139.91210833333332,62.153166195008666,133.56154760559335,329.2762614061954,471.43018063728937,482.50777016195985
1,87,21,2082.3505144687942,217.99554850575547,1987.0910083333335,508.68223103577213,2082.3505144687942,4673.3832599733605,1861.4594425009839,1818.3837432914613
1,90,21,3479.4543462161,141.57572439419903,3384.410516666667,330.36021074276834,3479.4543462161,7289.268903174969,2406.2028243902446,2373.1116913734454
1,91,21,2692.3035240695663,121.53562610176569,2581.3052833333336,283.5975957286272,2692.3035240695663,5668.20464386776,2116.5994103872745,2072.508622772573
1,92,21,5511.000798048526,341.2819495567592,5441.049016666667,796.3651767328939,5511.000798048526,11818.366772829946,3028.2511996122034,3008.9708479367714
1,93,21,2980.964106229932,152.3557518513421,2938.205725,355.5148914466343,2980.964106229932,6317.443103906498,2227.178545327385,2211.147739613977
1,94,21,2652.3025918740123,236.78437774885253,2612.6859583333335,552.5250693113272,2652.3025918740123,5857.130253059352,2100.8168680011963,2085.0682086365105
1,95,21,4790.364944229479,222.05593058947503,4858.501325,518.1569392642734,4790.364944229479,10098.886827723232,2823.3255687571445,2843.333642891738
1,96,21,1401.7314475550816,198.91707709000008,1343.9343111111111,464.16352654368274,1401.7314475550816,3267.6264216538457,1527.2462567417397,1495.4285986595578
1,97,21,1460.5621097721842,84.57103616136385,1438.7655750000001,197.34248543352126,1460.5621097721842,3118.4667049778895,1558.9661159438053,1547.2898619198668
1,98,21,499.55896883030994,63.160815257612505,480.59381666666667,147.38275455396425,499.55896883030994,1146.5006922145842,911.7379690095372,894.2640051647686
2,1,21,1349.3031981612999,580.3292644662533,1230.7837166666666,1354.170702142794,1349.3031981612999,4052.7770984653935,1498.4126673718436,1431.0919273524441
2,2,21,2611.9279560832197,142.4416423159133,2592.7163666666665,332.38078897627224,2611.9279560832197,5556.236701142711,2084.7657227905675,2077.084503368443
2,3,21,514.6038215466364,42.01287300355435,682.7911166666667,98.03503841321029,514.6038215466364,1127.242681506483,925.3652030704434,1065.9101360496265
2,4,21,1807.5866089726378,101.70592413970742,1788.5028833333333,237.3259305319046,1807.5866089726378,3852.4991484771804,1734.3079649619524,1725.1286322667845
2,5,21,1158.686923107002,246.66755378381552,1263.3381583333332,575.5869899314702,1158.686923107002,2892.9608361454743,1388.5442160947023,1449.894718752595
2,6,21,204.54061222560298,51.9654075730126,266.2835083333333,121.25880387059993,204.54061222560298,530.3400283218059,583.4000160639383,665.654383194963
2,7,21,1230.9009769872257,351.9039265336569,1733.35825,821.1510541678007,1230.9009769872257,3282.953008142252,1431.1600978600345,1698.3250949096878
2,8,21,2413.284744405758,117.17601422842478,2267.0760583333335,273.4246490359908,2413.284744405758,5099.994137847507,2003.9226069614517,1942.2704654776242
2,9,21,1298.207327026984,238.43510330704447,1365.8834833333333,556.3769587903763,1298.207327026984,3152.7916128443444,1469.767666052326,1507.5908318461832
2,10,21,1538.2765212168556,128.18329928108614,1557.82665,299.1096245165183,1538.2765212168556,3375.6626669502293,1599.9037881400393,1610.038367741589
2,11,21,856.0538090230605,125.606785612917,929.7475250000001,293.097452570797,856.0538090230605,2005.205070616918,1193.5131076843575,1243.8246989025424
2,12,21,296.9919245841682,30.669300185321728,294.018675,71.56535144644654,296.9919245841682,665.549200614783,702.989731438558,699.4619898178885
2,13,21,1810.1405697560845,81.37021444751669,1753.284375,189.8735203940607,1810.1405697560845,3810.1546599062294,1735.5327447426985,1708.0588982819065
2,14,21,859.7367504146636,138.3825254482451,860.6316166666667,322.90903306917454,859.7367504146636,2042.3825338985016,1196.0777368925483,1196.7000501935868
2,16,21,1201.581200365423,240.2517256615597,1015.8970916666667,560.6159605432945,1201.581200365423,2963.7783612741405,1414.0124176993863,1300.174127005046
2,17,21,552.0913610630386,80.14421822639478,550.7142083333333,187.01271659656823,552.0913610630386,1291.1954387226453,958.4779730431452,957.2817989843254
2,18,19,519.4268792180452,597.6719241095931,714.5994962962963,1394.638972526926,519.4268792180452,2433.4927309630166,929.6915225056251,1090.4556670663126
2,19,21,153.40687528019652,19.564309959490345,158.24060833333334,45.652385597250735,153.40687528019652,352.46613615764375,505.24156644742425,513.1397200243484
2,20,21,230.4384276153439,23.95816414992212,217.773175,55.90523510612821,230.4384276153439,516.782090336816,619.2330284730718,601.9755503340647
2,21,21,371.2287621105476,24.793049752733552,389.2173416666667,57.85340090129606,371.2287621105476,800.3109251223913,785.9546171070892,804.7718040123755
2,22,21,543.8143985355252,83.48188100894035,504.4837916666666,194.80099375317957,543.8143985355252,1282.4297908242302,951.2660822099746,916.2210592064195
2,23,21,1105.4807347365079,194.79577365809973,1173.223375,454.5466612504032,1105.4807347365079,2665.508130723419,1356.2890335771167,1397.227145456314
2,24,21,249.6071350340411,37.66481492762233,337.5265083333333,87.88905195661157,249.6071350340411,587.1033220246937,644.4736400324256,749.4291893612542
2,25,21,590.5267171576651,74.59772405305303,610.8172083333333,174.07023657868885,590.5267171576651,1355.123670894019,991.2802113178466,1008.166570893256
2,26,21,345.42652257121557,44.730039121429556,374.2917583333333,104.37541615215792,345.42652257121557,795.2284612945891,758.1488861420972,789.1903989954938
2,27,21,73.96149029591837,13.236243523896741,74.47036666666666,30.8861439255069,73.96149029591837,178.80912451734363,350.81607695829473,352.02086604821216
2,28,21,33.85389754006047,6.274600140106092,28.668400000000002,14.641480617400159,33.85389754006047,82.34927569752111,237.34549818073364,218.4129519968997
2,29,21,281.76820834063767,39.8981976854351,282.42023333333333,93.10054426362551,281.76820834063767,656.6369609449008,684.7352033295945,685.5270003921557
2,30,21,188.27917472260015,30.258070528320257,191.22869166666666,70.60576662544705,188.27917472260015,447.1641160706473,559.7289940126442,564.0962177974014
2,31,21,130.11330830294784,18.840941143702942,160.08550833333334,43.96443891394162,130.11330830294784,304.1910555198373,465.30478722672217,516.1223555191799
2,32,21,465.17722598362536,128.91213401235808,473.30103333333335,300.81032565331236,465.17722598362536,1231.1647776205632,879.803900898804,887.4530519789013
2,33,21,233.79177270702945,40.69809783695124,310.55480833333337,94.9670731742759,233.79177270702945,562.5506185883348,623.7223018174811,718.8624354260464
2,34,21,671.6060522247922,71.68086848112804,674.4069333333333,167.2638930083441,671.6060522247922,1510.4759974579283,1057.1435431870423,1059.3456173821019
2,35,21,160.79396204974233,34.28954768416673,162.36714166666667,80.01302658126944,160.79396204974233,401.6009506807541,517.2631369533028,519.7873831994514
2,36,21,87.84814224843674,34.212408485731956,100.79188333333333,79.83302593525131,87.84814224843674,255.52931043212482,382.3340276530442,409.5335076238166
2,37,21,181.63433544159966,19.690631059449014,174.45001666666667,45.94714986833021,181.63433544159966,409.2158207515295,549.7631618932118,538.7808717218285
2,38,21,3518.051191378987,285.22237228279107,3375.492925,665.5528228380093,3518.051191378987,7701.655205595983,2419.511765306099,2369.9831702356028
2,40,21,3192.427409875586,149.38446911857238,2992.5066,348.58154468839325,3192.427409875586,6733.436364439565,2304.8208628943325,2231.48627206174
2,41,21,84.90378849837835,30.760324573483768,112.24103333333333,71.77775252145157,84.90378849837835,241.58532951820825,375.8721911252568,432.16788342803386
2,42,21,357.7825812155982,29.50505498761237,337.79696666666666,68.84864072137484,357.7825812155982,784.4138031525713,771.5894083920252,749.7293862010034
2,44,21,273.5014700520786,31.809492170176487,302.3128,74.2259351447862,273.5014700520786,621.2288752489435,674.6157766956379,709.259119927266
2,45,4,1.4792684561327558,1.0636959046876344,1.21264,2.482083738172453,1.4792684561327558,5.440620650437965,49.613533546854995,44.920295635714595
2,46,21,1218.802319778836,211.82855501338614,1216.1733083333334,494.2918454064128,1218.802319778836,2931.8964849640847,1424.1092163566611,1422.5724533628038
2,48,21,62.59266503714011,45.008633611206946,48.587822222222215,105.02550312680316,62.59266503714011,230.21083320108337,322.72928999674195,284.34158362395357
2,49,21,694.1822502081633,105.81407977275872,606.3788916666666,246.91211606269556,694.1822502081633,1635.276616479022,1074.7647483735145,1004.4971257964521
2,52,21,165.24899401111796,27.156370053588557,173.23668333333333,63.368096277102396,165.24899401111796,393.8660842993383,524.3799443480846,536.9039402599562
2,54,21,3.044360794179895,1.935532744023358,2.167466666666667,4.516473484074825,3.044360794179895,10.605195072434615,71.17454855153873,60.055512097836065
2,55,21,467.2344814946608,133.3927353378937,536.87,311.26559547087527,467.2344814946608,1245.734558460197,881.7472297700264,945.1728307563649
2,56,21,356.76843754953615,94.82416796845727,213.98475,221.26768022986556,356.76843754953615,934.8045553289378,770.4950876432815,596.716535718594
2,58,21,778.2753075484642,216.45987159283305,849.8174250000001,505.0988020916032,778.2753075484642,2061.6494171885315,1138.002685304672,1189.1577671612797
2,59,21,37.56760441209373,72.69369841154464,43.161325000000005,169.62728341789884,37.56760441209373,244.7624922420863,250.02498623482407,267.9933670820978
2,60,21,12.176812287535217,2.1794730703632803,10.7045,5.085696618642225,12.176812287535217,29.439321193712658,142.34540964308826,133.46268392326
2,67,21,511.4861936867794,187.3837115604527,474.14219166666663,437.25096732339057,511.4861936867794,1460.2233546969494,922.5578715152784,888.2412999480115
2,71,21,203.480607690325,39.82571542004966,185.40784166666666,92.93141034910514,203.480607690325,499.89262572975514,581.8863559121324,555.4445503678412
2,72,21,3026.289430615612,534.697576287006,3005.8399083333334,1247.6913308526257,3026.289430615612,7300.27019208385,2244.0467046263493,2236.452013226903
2,74,21,700.5920529550264,52.70281004022407,645.6180416666667,122.97949741119538,700.5920529550264,1524.163603321248,1079.715321794205,1036.4885051621814
2,79,21,1326.7388670116538,124.57736966585506,1295.8409833333333,290.6953594812611,1326.7388670116538,2944.173093504569,1485.83090380682,1468.4275250303185
2,80,21,1083.3903748106782,68.88598974121855,1029.1265833333334,160.74217656671652,1083.3903748106782,2327.5229261880727,1342.6695735306466,1308.6124845295749
2,81,21,1263.672685774225,52.73184775076379,1200.8986916666665,123.04725552590351,1263.672685774225,2650.3926270743536,1450.0866695230015,1413.6107749070582
2,82,21,969.6988869981585,244.73878139169761,1028.0847166666665,571.0862914066247,969.6988869981585,2510.4840654029417,1270.267274224183,1307.9499105597788
2,83,21,252.26278156500376,22.60669402264687,217.70951666666667,52.751643923955875,252.26278156500376,557.2772070539634,647.8929452650077,601.8875607065936
2,85,21,134.43675389251698,33.667759869490375,145.26045833333333,78.56211432655395,134.43675389251698,347.4356221115879,472.9722597332197,491.6435727909668
2,87,21,1038.7490043161342,160.77910752801475,946.8505083333333,375.1703907803951,1038.7490043161342,2452.6683994126633,1314.7160694165289,1255.212828912558
2,90,21,3979.229301147922,172.02174541824053,3913.7862999999998,401.4045508993865,3979.229301147922,8359.86315319523,2573.2154121079993,2551.967947134133
2,91,21,3241.300968674981,103.83085504272009,3167.040108333333,242.28435560044588,3241.300968674981,6724.886292950408,2322.396351158684,2295.6381989038837
2,92,21,6852.93653488836,324.2014843122772,6548.47265,756.5087244922526,6852.93653488836,14462.381794268973,3376.875241114814,3301.0087078952088
2,93,21,2903.0191513730156,223.98924560805546,2841.2832999999996,522.6682377916399,2903.0191513730156,6328.706540537671,2197.8680278589745,2174.372417779438
2,94,21,2856.5516686402116,205.47805691223428,2797.0321666666664,479.4732605113315,2856.5516686402116,6192.5765977917545,2180.206865555953,2157.373756522808
2,95,21,5569.368850203017,253.4568678048675,5605.741616666666,591.4295308783097,5569.368850203017,11730.167231284344,3044.2453525854025,3054.1699445403056
2,96,21,1317.1457524275888,114.6881294108036,1314.6144333333334,267.6192882923325,1317.1457524275888,2901.91079314751,1480.4494358266707,1479.0261718667005
2,97,21,1646.9128795738472,73.8566160249365,1630.3616916666667,172.340896288188,1646.9128795738472,3466.1666554358826,1655.4343936293224,1647.0949744727332
2,98,21,543.495687426455,57.48824869805269,557.4799750000001,134.14609062667483,543.495687426455,1221.1374654795848,950.9872890200063,963.1441628333736
3,1,21,343.5812218204431,112.49337059227402,296.7495583333333,262.4979231082834,343.5812218204431,949.6603667491695,756.121123305795,702.7028284180068
3,2,21,718.0749537551226,59.29071898563989,671.6143166666667,138.35206920536743,718.0749537551226,1574.5019767156125,1093.1041684343372,1057.1500475019302
3,3,21,191.85355017263106,18.756247164858927,214.82308333333333,43.76680954761292,191.85355017263106,427.47390989287504,565.017086013563,597.8842786582255
3,4,21,368.2255753861334,25.099319253134603,332.59855,58.568066195289916,368.2255753861334,795.0192169675568,782.7690319899773,743.9381608709153
3,5,21,501.9845605670446,97.66432912149382,475.8186166666667,227.8950610260822,501.9845605670446,1231.8641821601714,913.9487451622011,889.8101921945675
3,6,21,80.19549548835978,27.92475437302452,84.11373333333333,65.1610844944433,80.19549548835978,225.55207547116288,365.30166231846067,374.1193021840315
3,7,21,361.72686708876523,72.45856438658764,432.2849166666667,169.07860936823403,361.72686708876523,892.5323435457644,775.8308493709859,848.128587734981
3,8,21,361.98266247460316,28.517780023670834,322.618475,66.5448816091089,361.98266247460316,790.5102065583152,776.1051155338042,732.6917103393487
3,9,21,379.798070892517,69.96707693909276,360.3426416666667,163.26484205933022,379.798070892517,922.8609838443642,794.9742071068396,774.3449849604073
3,10,21,483.05858031858725,54.79432829357604,437.1385583333333,127.85995565293342,483.05858031858725,1093.977116290108,896.5542246011277,852.8766388327602
3,11,21,360.3314418356765,85.01639202873753,367.4615083333333,198.38170214126305,360.3314418356765,919.0445858126161,774.332951135728,781.9564884740497
3,12,21,97.9520190330368,15.655479404059731,92.96054166666666,36.53131564281199,97.9520190330368,232.4353537088856,403.7228748423518,393.3018450672884
3,13,21,476.0829942499622,38.169485960341454,434.431,89.06667777797514,476.0829942499622,1041.2326662778996,890.0573590684687,850.2312532481972
3,14,21,190.2468160318972,26.41372245320329,177.58558333333335,61.63516346803007,190.2468160318972,442.1287955318245,562.6461604570646,543.6013343128093
3,16,21,403.3536401067272,120.95348908610154,289.14730833333334,282.23920672515305,403.3536401067272,1088.9464869386074,819.2560388166778,693.6433673485725
3,17,21,115.91056081194253,21.172589787759087,104.16087499999999,49.40522998687813,115.91056081194253,281.2263516107632,439.17556078528816,416.3216256693856
3,18,18,156.5290245533269,162.14290421185368,174.16622857142855,378.3527453952924,156.5290245533269,691.4107945019462,510.3570288109452,538.3424600965978
3,19,21,27.489268817157978,14.609485536491828,24.397783333333333,34.09053876525052,27.489268817157978,89.06907639956648,213.87412959904916,201.4892341209988
3,20,21,84.03587293287981,15.405169557691666,62.86883333333333,35.947229536588736,84.03587293287981,204.01897540234836,373.94610916589573,323.44047159665513
3,21,21,54.95134477737236,10.265322801749658,49.71731666666667,23.95364190181404,54.95134477737236,133.85633145655876,302.38888489749024,287.62756288877
3,22,21,136.60108616383565,35.06842112248259,118.66965833333335,81.83049065800289,136.60108616383565,355.03266298567416,476.764310091079,444.3718166880824
3,23,21,450.9561415179138,69.20866917749716,454.0842583333333,161.4951336646053,450.9561415179138,1063.4074167004328,866.2511295726018,869.2503700699049
3,24,21,103.94177615729402,27.012453309783446,125.64055,63.03227340904849,103.94177615729402,270.91582572363654,415.88353601187106,457.2372198323317
3,25,21,190.52675658825675,34.17291716860778,175.87679166666666,79.74087482740089,190.52675658825675,460.7943880039144,563.0599639140215,540.9796496480559
3,26,21,118.15756577762662,22.564465376577704,113.23011666666667,52.65310538936962,118.15756577762662,288.96823694462284,443.4119861415236,434.06786811895364
3,27,21,25.1160972985089,6.457297103790911,17.636174999999998,15.067795281748463,25.1160972985089,65.29998987876627,204.43381790867872,171.30847965001615
3,28,21,8.283105336961452,2.62189320037724,6.435716666666667,6.118062923061031,8.283105336961452,22.684273596983935,117.40139386184414,103.48445551547022
3,29,21,58.83576775732838,14.232563305970201,58.735366666666664,33.21100869015058,58.83576775732838,150.88254420480735,312.89409957395236,312.62701440108043
3,30,21,61.09182202648939,11.638021807633898,47.72245833333333,27.156769661257005,61.09182202648939,149.34041371423578,318.8366225076384,281.79810266690345
3,31,21,34.48741534870474,10.927639856525726,36.09706666666667,25.499127208215313,34.48741534870474,94.47395790562479,239.55596243935295,245.08267775045496
3,32,21,194.36989821692435,71.9027879384442,182.84827499999997,167.78173149372427,194.36989821692435,556.521527927573,568.710392583925,551.5972530751037
3,33,21,127.09464096962826,25.38859376379188,131.260125,59.24307449005351,127.09464096962826,313.43235642931,459.87550769035465,467.35088317023644
3,34,21,217.80497795840034,35.613434968517836,191.24063333333334,83.10225451303077,217.80497795840034,518.7122104298314,602.0195041049569,564.113830593318
3,35,21,71.17098330169725,15.755374262755023,63.318216666666665,36.764415538376056,71.17098330169725,179.10638214177055,344.13444496885836,324.5943815492396
3,36,21,19.884814372260013,12.918834171383498,29.845041666666663,30.145484317112224,19.884814372260013,69.91511306163225,181.90198216468303,222.85006020491295
3,38,21,4081.4822569968737,548.0315562410269,4273.0488749999995,1278.8055380834148,4081.4822569968737,9441.770052077161,2606.0672431161092,2666.524578547889
3,40,21,799.5518542280423,54.457342160732715,706.9772416666666,127.07361455992559,799.5518542280423,1726.1773230160102,1153.4532003663878,1084.624418927277
3,41,21,24.630339228777572,11.855886028167264,24.649225,27.66514544472332,24.630339228777572,76.92582390227847,202.44723874799053,202.52483897043345
3,42,21,197.02519988426442,52.359222806964105,174.61840833333335,122.17775296472347,197.02519988426442,516.2281527332523,572.5818130253667,539.0408439688654
3,44,21,91.6574196888133,19.648142921823425,95.21274166666666,45.84800582255457,91.6574196888133,229.16284520018118,390.5354610815583,398.0376893377477
3,46,21,261.13255734579815,30.255317224554112,265.2900333333333,70.59934192222681,261.13255734579815,592.8644566138231,659.1847809403735,664.4114805349668
3,51,8,1.3395414476190475,1.395434590116391,0.0384,3.256180162532783,1.3395414476190475,5.935263057770878,47.2122544350309,7.9935974379499495
3,52,21,41.39291915026455,9.542385468383271,40.48929166666667,22.266702062186276,41.39291915026455,105.05254036271538,262.44583720463197,259.56537005797463
3,54,16,2.360601342180736,1.565695300514338,1.9797866666666666,3.6534754220764727,2.360601342180736,8.374678106437944,62.674082629016155,57.39655924646819
3,55,21,312.8172235122106,61.12391702706821,311.34319999999997,142.62974953432857,312.8172235122106,768.2641965587497,721.4761672600963,719.7743290782188
3,56,21,131.5436447328798,35.89638278704282,63.14230833333334,83.76249977299392,131.5436447328798,346.84978923875354,467.8553460584928,324.1431798860909
3,59,11,17.122689104761903,23.82336414853187,6.563457777777777,55.59068572234111,17.122689104761903,89.83606393186491,168.79619270091314,104.50642919085037
3,60,21,6.5225978974300824,2.238197173041953,5.602666666666667,5.222726515678735,6.5225978974300824,18.2679223105389,104.18062632430109,96.55484106627348
3,67,21,85.7552688372638,35.05946309946722,84.59436666666666,81.80958753789626,85.7552688372638,253.32012521242387,377.75225657195875,375.1866550576304
3,71,21,55.283815930839,20.72773744900906,40.263825000000004,48.367188239200566,55.283815930839,158.93482010087857,303.3022744868823,258.8416597072427
3,72,21,1040.998136239758,255.8443749715498,966.507675,597.0006651536951,1040.998136239758,2678.996937633211,1316.1386320228419,1268.175370837961
3,74,21,142.73758640657593,24.32688101477765,124.19234999999999,56.765618351202946,142.73758640657593,342.2407911643548,487.3554593728712,454.59440207728034
3,79,21,316.8745731787947,34.00208306516633,285.51325,79.34224158249637,316.8745731787947,713.0913879400858,726.1399932309985,689.2706638179229
3,81,21,65.3134734181406,5.408801500885987,57.03134166666666,12.621180723915911,65.3134734181406,143.2481275601971,329.66895481344,308.0586835869642
3,82,21,297.6037043087473,34.59587886581651,264.71407500000004,80.72783580551982,297.6037043087473,675.9352444230144,703.7134103949955,663.6898528680396
3,85,21,35.85678591206624,12.798084464191946,34.040816666666665,29.86372062573348,35.85678591206624,101.57729244986596,244.26561722370636,237.9998296918158
3,87,21,48.35583901095995,10.692595917504553,26.977908333333332,24.95066336979171,48.35583901095995,121.6623413917116,283.66197509401457,211.87552823926285
3,90,21,72.01361765691611,6.359577539783734,66.66005,14.839771332747038,72.01361765691611,158.86700664657926,346.1656536704767,333.0500310764135
3,91,21,12.161130315062186,4.14234370771608,11.596575,9.665961774913837,12.161130315062186,33.98822240503821,142.2537199663456,138.91256530638256
3,92,21,353.5742590076341,24.69552121479485,297.71273333333335,57.62582270252837,353.5742590076341,764.7743407177966,767.0381783123336,703.8423035500684
3,95,21,640.2301083761698,90.22959617860167,618.902475,210.546465761323,640.2301083761698,1491.0066825136626,1032.15449441348,1014.8170861785882
3,96,21,147.0245914682608,25.649628466996738,151.17319166666667,59.852186538965384,147.0245914682608,353.901369475487,494.6199755399957,501.54978908711877
3,97,21,17.147962306046868,4.890586391263055,15.315991111111112,11.411950444094481,17.147962306046868,45.707875056188215,168.92071891056463,159.64275495270334
4,1,21,1572.717140688511,614.4185603084982,1534.0735833333335,1433.7164505873486,1572.717140688511,4579.150731964371,1617.7148457332282,1597.7166340332903
4,2,21,3906.356873628723,188.21219467097671,3844.468375,439.1841932077057,3906.356873628723,8251.89794046515,2549.544633403815,2529.2677549045693
4,3,21,568.8304354930324,48.80697144621248,746.0072166666667,113.88874358002364,568.8304354930324,1251.5496145660884,972.89970945643,1114.1615720053055
4,4,21,2326.53992639699,116.11350070451039,2268.47195,270.9453243270452,2326.53992639699,4924.025177121025,1967.5778097764244,1942.8683241022795
4,5,21,1874.9919636492818,314.6234513191782,1949.8751666666667,734.1588406287515,1874.9919636492818,4484.142767927315,1766.348387921365,1801.2751809019444
4,6,21,253.30198561980347,72.63691234183017,322.8129666666667,169.4947758284911,253.30198561980347,676.0987470680981,649.2260808619391,732.9125299333703
4,7,21,1654.5414821382465,326.531750470449,2294.8705833333333,761.946289600215,1654.5414821382465,4071.029253876708,1659.2640013807454,1954.1403866321034
4,8,21,2556.8746662653407,99.0411838613743,2494.6690916666666,231.10788599290066,2556.8746662653407,5344.857218523582,2062.677736503094,2037.4320524948394
4,9,21,1360.208184104384,207.0650839075836,1448.056525,483.1765124274457,1360.208184104384,3203.5928806362135,1504.4555222238027,1552.2776998977986
4,10,21,1544.3659550248126,171.43032127414133,1557.2222166666668,400.0244908239816,1544.3659550248126,3488.7564008736067,1603.0673564018725,1609.7259917555327
4,11,21,1027.5380173573697,156.12409704536185,1176.096,364.3081455004266,1027.5380173573697,2419.384180215166,1307.6021034254507,1398.936647600598
4,12,21,309.2044059832474,36.77358894390401,324.45559166666663,85.80941856564388,309.2044059832474,704.2182305321387,717.2977983767437,734.7748665634483
4,13,21,2884.5622452931216,139.18662552163948,2782.3999833333332,324.78536229751876,2884.5622452931216,6093.909852883762,2190.870050041251,2151.723395854278
4,14,21,1161.5890533114891,141.06310098936558,1224.1967416666666,329.1640284397845,1161.5890533114891,2652.3421350627627,1390.2820522147,1427.2572921983385
4,16,21,934.4342456559472,218.91289240879397,833.9101999999999,510.82280934768363,934.4342456559472,2379.691300659578,1246.95572686904,1177.9756248751498
4,17,21,636.3775912373806,62.472191394116855,642.0388750000001,145.7758835622009,636.3775912373806,1418.531066036962,1029.0443682460934,1033.6114782644395
4,18,21,522.2151127524634,429.6298796720275,735.327264516129,1002.5208643442886,522.2151127524634,2046.9510898492154,932.1834302432644,1106.1575693158902
4,19,21,124.68494765765028,25.50892952197028,119.59542499999999,59.52387225112317,124.68494765765028,308.8937675664237,455.4950635323396,446.10176776157255
4,20,21,356.57197511946674,31.823439024237878,356.47454999999997,74.2584794645602,356.57197511946674,787.4024297034937,770.282913349889,770.1776750854311
4,21,21,341.02834329958085,31.532549062192956,342.6030333333333,73.5797015909147,341.02834329958085,755.6363881900764,753.3068187999512,755.0440036624797
4,22,21,756.6507117495864,70.48428255153424,703.0737833333333,164.47171672555308,756.6507117495864,1677.773140224726,1122.0814517455103,1081.6259868673028
4,23,21,1852.4539013475435,289.06436613619985,2007.2796583333331,674.5179325311832,1852.4539013475435,4379.42573522627,1755.700228354007,1827.597699568115
4,24,21,373.804838243613,66.33389927930706,464.61382499999996,154.78699500971342,373.804838243613,902.3966714969395,788.6768988865922,879.2709507313431
4,25,21,637.2758052288326,72.91531513471377,673.29875,170.1444154875637,637.2758052288326,1444.696025945229,1029.7703335699555,1058.4749028673284
4,26,21,737.0919620034654,108.35111233151869,763.9443083333334,252.83216071978333,737.0919620034654,1727.016084726714,1107.4840968491449,1127.4765314926367
4,27,21,111.22523199197416,16.04845418900983,105.49435833333332,37.448303589214675,111.22523199197416,259.898767573163,430.20784050810255,418.9780570228788
4,28,21,42.059433597691196,7.726334485564573,38.357725,18.02903357791201,42.059433597691196,102.1479007732944,264.5503685625067,252.64056364724965
4,29,21,382.9625820391466,45.62771983550697,403.0459583333333,106.47011134903084,382.9625820391466,872.395275427324,798.2792346748975,818.9435112794207
4,30,21,316.9636455913076,31.835756318780927,321.10403333333335,74.28722128480116,316.9636455913076,708.2145124674164,726.2420438558594,730.9699798669345
4,31,21,107.9896800968941,18.209536383765727,170.20214166666668,42.49108597543889,107.9896800968941,258.4704461692271,423.9042671184519,532.1807622728703
4,32,21,567.7051060498987,175.40866343811152,609.2030666666666,409.3077628066597,567.7051060498987,1544.7179749064571,971.9368788491522,1006.8336024057467
4,33,21,423.72639405987076,72.52959331084216,519.5231083333333,169.24435198043653,423.72639405987076,1016.6971401001781,839.6908477026678,929.7776359252069
4,34,21,1097.5200039813305,153.4975099220584,1046.7491166666666,358.1791295317517,1097.5200039813305,2553.2191374944127,1351.3967909629407,1319.7691200105166
4,35,21,182.31109419765681,24.633322045638998,177.32675833333334,57.48068390335727,182.31109419765681,422.1028722986709,550.786402106026,543.2050495592495
4,36,21,109.57750302660621,37.1597467540546,126.00320833333335,86.71049942599046,109.57750302660621,305.86550547920285,427.00932663850887,457.8966462714776
4,37,21,154.88030744520717,29.997167557952213,139.4387,69.99696196883649,154.88030744520717,379.75757685925083,507.66212345301545,481.69076885487436
4,38,21,3482.339247163266,314.5236514244519,3265.220483333333,733.9259623270867,3482.339247163266,7698.604456653618,2407.200138600793,2330.9497815840364
4,40,21,3357.088156058978,152.14483370390172,3115.0996416666662,355.02272399394406,3357.088156058978,7069.1990361119,2363.513209542553,2276.7357781994233
4,41,21,26.11366905963719,11.074798873335618,42.30589166666667,25.842515765922084,26.11366905963719,78.06985388519647,208.4541803736166,265.32433686590707
4,42,21,386.37905481239613,60.86466021568778,371.7540583333334,142.02478611132207,386.37905481239613,914.7828957361144,801.8321190921621,786.510491390081
4,44,21,204.46962324987976,28.220079382535598,229.9913,65.85021134014488,204.46962324987976,474.7894578399044,583.2987682892875,618.6319771883765
4,46,21,1635.0799100536726,134.0172973027982,1646.6726333333334,312.7229810730373,1635.0799100536726,3582.8828011803826,1649.4765746530963,1655.3136445600474
4,48,21,110.75032808779633,61.89454033689439,103.1067043478261,144.42796232911965,110.75032808779633,365.9286185047123,429.28841812712943,414.20955570192075
4,49,21,287.42829447724864,62.35287738771007,273.12015,145.49747001023235,287.42829447724864,720.3540589647296,691.5783990337912,674.1453326991146
4,52,21,149.88706523325777,36.042125733328035,161.78324999999998,84.10258399756759,149.88706523325777,383.87671446408314,499.41173048712113,518.8519326358918
4,54,21,3.1228040939256507,2.2759860786537387,3.2762333333333333,5.310905127337384,3.1228040939256507,11.556513315188685,72.08568521067329,73.83530501505813
4,55,21,762.006168531746,191.8265996690993,830.0057083333332,447.6182351453249,762.006168531746,1971.6305722088168,1126.045409580282,1175.2146606755152
4,56,21,449.9865073708239,115.52619402725293,251.86479166666666,269.57487216443315,449.9865073708239,1169.547886906081,865.319333116423,647.3816597134439
4,58,21,212.82926860411598,136.56046956748264,259.6236333333333,318.65735244151426,212.82926860411598,744.3158896497462,595.103270833936,657.2775105438087
4,59,21,31.400015573167043,27.49353436865768,53.470666666666666,64.15485314984873,31.400015573167043,126.95488429618283,228.5817707380664,298.28709213328915
4,60,21,18.084743560393047,4.944696923251188,16.62825,11.538214793632468,18.084743560393047,47.707701914418564,173.47337918105484,166.3412396250551
4,67,21,549.6767775539339,127.66934919613614,500.2590083333334,297.9103464686618,549.6767775539339,1397.2639015765296,956.3797142608923,912.3765614408707
4,71,21,330.5562827685426,43.114533596777584,326.97590833333334,100.60571094412298,330.5562827685426,761.7182764812081,741.6506283465651,737.6231500343971
4,72,21,4256.271979854312,583.2275475182059,4424.236791666667,1360.9337076222453,4256.271979854312,9873.47766733087,2661.284760125751,2713.2876775847662
4,74,21,906.3677323767677,90.5514550915038,847.9598083333334,211.29750820698783,906.3677323767677,2024.0329729605232,1228.0862781885241,1187.85736562378
4,79,21,2212.891533994407,137.37256796538153,2062.216191666667,320.55234537919284,2212.891533994407,4746.335413368007,1918.9193606211525,1852.4383236516499
4,80,21,857.7372473330311,39.55577437995989,810.611325,92.30151578721065,857.7372473330311,1807.7760104532729,1194.686058997159,1161.4031362106787
4,81,21,1298.1426513946128,63.40839351884954,1233.1451749999999,147.96046663636804,1298.1426513946128,2744.2457694255936,1469.7310542819173,1432.4641605289814
4,82,21,1282.6460065954855,174.03117776285026,1312.4975416666666,406.09346558217663,1282.6460065954855,2971.3854787731475,1460.9322212118152,1477.8348721468624
4,83,21,410.7752962752834,61.352424132242824,348.6216583333333,143.1629599822689,410.7752962752834,964.7135525328356,826.7587876775618,761.6471883140294
4,85,21,102.72856614751494,16.740960313397917,112.42179166666666,39.06423365188917,102.72856614751494,244.52136594691905,413.44931257587655,432.5157353592275
4,87,21,606.9778267384731,88.17037969065399,537.0228083333333,205.74138215087848,606.9778267384731,1419.6970356278248,1004.9930863905579,945.3073325996506
4,90,21,3740.884218865533,160.40697069745954,3699.212791666667,374.30202720822604,3740.884218865533,7856.070464939292,2494.961190117443,2481.026014642598
4,91,21,2798.4415226259257,138.96766056008715,2648.188791666667,324.2744179873043,2798.4415226259257,5921.157463239156,2157.9172119545133,2099.1870210472753
4,92,21,6810.964521872714,233.31794788346878,6488.719641666667,544.4363202990698,6810.964521872714,14166.365364044497,3366.518225763258,3285.9137973679913
4,93,21,2837.8453311158314,168.7450316253696,2779.9053583333334,393.758495307663,2837.8453311158314,6069.449157539326,2173.0565181275756,2150.7585908852407
4,94,21,2846.5459206657592,209.1288144887297,2728.367825,487.9921294593981,2846.5459206657592,6181.083970790916,2176.385170871145,2130.7285281799745
4,95,21,6052.242884340665,295.18493343045253,6004.744141666666,688.7999848381496,6052.242884340665,12793.28575351948,3173.473201327351,3160.9957690154115
4,96,21,1596.5124387122653,111.64682326982526,1604.8836250000002,260.52254524569724,1596.5124387122653,3453.5474226702277,1629.9069599266118,1634.1745169962724
4,97,21,1588.832735063556,54.96893536167584,1576.6419083333333,128.26739293119178,1588.832735063556,3305.9328630583036,1625.982063599029,1619.7321184278178
4,98,21,616.7071766786779,54.90794011501353,625.3648833333333,128.12506342782606,616.7071766786779,1361.5394167851819,1013.0156672003252,1020.10154684064
5,1,21,441.7204642063698,116.56194356726084,399.56555000000003,271.9917443914896,441.7204642063698,1155.4326728042292,857.3347376838287,815.3999480009795
5,2,21,516.3436049431389,32.79424802158252,500.42515,76.52381602791591,516.3436049431389,1109.2110259141937,926.9281302373896,912.5280541440903
5,3,21,142.47307858125473,19.050045496629192,162.64401666666666,44.452373963509885,142.47307858125473,329.39853112601935,486.90368940808804,520.2303756350001
5,4,21,409.79233058427815,25.09358650225883,393.548775,58.55468909412684,409.79233058427815,878.1393502626831,825.7689980207775,809.2373950825555
5,5,21,258.83710582219476,62.78122309976796,276.27754166666665,146.49699433060377,258.83710582219476,664.1712059749933,656.2811471375146,678.030846889235
5,6,21,39.82924334482237,19.940368746834434,47.52718333333333,46.52990086881486,39.82924334482237,126.18838755845961,257.44098532631597,281.2209683979249
5,7,21,212.14634988356352,67.25555285969945,260.81776666666667,156.93762974849446,212.14634988356352,581.2303295156215,594.147730961122,658.7873433311643
5,8,21,577.8366378560846,29.770645929476725,539.0163583333333,69.46838453622104,577.8366378560846,1225.1416602483903,980.5713464060251,947.0603044509186
5,9,21,297.516382725067,53.27001783653127,312.4264,124.30304979226067,297.516382725067,719.3358152423947,703.6101625577273,721.0253321486007
5,10,21,413.35353715306127,39.51535697861664,389.3000833333333,92.20720370593706,413.35353715306127,918.9142780120596,829.3493147176852,804.8573405682939
5,11,21,288.78707272834464,38.18286195346319,307.51680833333336,89.09789002093203,288.78707272834464,666.6720354776213,693.2111431735395,715.3376608753846
5,12,21,101.0170516478183,16.297993196664713,98.2059,38.030590980009656,101.0170516478183,240.06469427564627,409.9906998237517,404.24573912411245
5,13,21,460.68389056553286,31.091563672689936,438.70430000000005,72.55068318515283,460.68389056553286,993.9184643162185,875.5443985892701,854.402689134345
5,14,21,150.4748356311757,23.239426278089095,148.73715,54.22809451000144,150.4748356311757,355.1777657723528,500.38997441023577,497.49232918709413
5,16,21,391.87507760599885,85.62513073279503,293.45645833333333,199.80216491777526,391.87507760599885,983.552320129773,807.5147857075945,698.7929211623903
5,17,21,101.87903377255547,15.117920307066319,98.57849166666666,35.27694708966254,101.87903377255547,239.0350146347735,411.73621676691533,405.0118641883634
5,18,17,84.56548421130634,113.96422308903892,153.8712842105263,265.9300873644226,84.56548421130634,435.0610557870353,375.12260092883463,506.0057479182581
5,20,21,53.925013851535766,9.379131762871,46.59730833333333,21.885757314855134,53.925013851535766,129.73578501792667,299.55170346528746,278.4563180584464
5,21,21,54.87946315197554,8.843960672770383,53.12773333333333,20.63696106206816,54.87946315197554,130.39588736601925,302.19104335649547,297.3290235861051
5,22,21,104.16321584603176,21.00692432236213,94.91365833333333,49.01865751270912,104.16321584603176,257.34508920477265,416.32630371836564,397.41203739527907
5,23,21,246.42971014051403,37.753132967555125,253.20624166666667,88.0951378969056,246.42971014051403,580.9545581779337,640.3585227619097,649.1033709150904
5,24,21,57.41439141700681,13.199484130125995,66.17366666666666,30.80036763070182,57.41439141700681,145.62915046471545,309.091486970928,331.83276109108533
5,25,21,119.32243739529994,34.720521689473514,105.6853,81.01868389877237,119.32243739529994,319.6635586893723,445.59234264715445,419.35705454898454
5,26,21,77.86917802547241,15.540617054946148,77.04240833333334,36.26328982113993,77.86917802547241,192.00164587208474,359.96432077969354,358.0482753298313
5,27,21,19.83435163527108,6.469974893292444,14.892024999999999,15.097378299807529,19.83435163527108,54.76608157034969,181.67102444003302,157.41769150892793
5,28,21,9.281787809221466,2.0295640573352363,7.636133333333333,4.735891075720954,9.281787809221466,23.299466694163886,124.27749158453642,112.72322682866502
5,29,21,52.481630158345354,15.760267195909249,55.35154166666667,36.77583296487977,52.481630158345354,141.7390932815705,295.51553695785043,303.48799866441726
5,30,21,34.513554974452006,7.390028943624936,30.709699999999998,17.244280611366765,34.513554974452006,86.27139056027077,239.6467305795932,226.0551720266537
5,31,21,27.860611944485672,7.911466029033354,27.761291666666665,18.461029218246424,27.860611944485672,74.18225310721778,215.3138599245858,214.9297311526103
5,32,21,101.13783582773311,41.90682196566379,104.76074999999999,97.78757336666416,101.13783582773311,300.0632450221304,410.235735665907,417.51872772367943
5,33,21,59.37246544225245,15.90310004824918,66.79195,37.109126623816856,59.37246544225245,155.85405750832174,314.3179640044585,333.3793706875097
5,34,21,159.9668788500378,27.060772681665238,146.47758333333334,63.145024362265445,159.9668788500378,383.078782062341,515.9310868773686,493.6989960154535
5,35,21,49.84863991616901,14.503977987882749,51.646800000000006,33.84434192506062,49.84863991616901,133.54162175739864,288.007181890496,293.155718347775
5,36,21,21.89741394386037,11.031258653130077,24.42065,25.740916735548495,21.89741394386037,69.53574462326924,190.88555943963823,201.58363425635523
5,38,21,2367.321255711963,324.89873392688133,2174.474241666667,758.1357232634514,2367.321255711963,5492.778234687377,1984.7474825540671,1902.189564195255
5,40,21,833.3719881200715,50.037215164713395,756.9754666666666,116.75945871037533,833.3719881200715,1783.5034349505183,1177.5954263802994,1122.3222249128514
5,41,21,23.97363900793651,10.425044311759514,25.558541666666667,24.326344439150812,23.97363900793651,72.27362245502383,199.7301562338706,206.22660675415608
5,42,21,125.53707846046862,13.082370782436437,113.92930833333332,30.52708921104996,125.53707846046862,281.6012461319872,457.0489017142693,435.4059818912306
5,44,21,57.22530048101422,12.104573229787801,55.341408333333334,28.245445186701943,57.22530048101422,142.69604614873037,308.5820798432852,303.4602172718307
5,45,11,1.3212166024793388,0.8825631176099159,1.5161,2.0594190054474697,1.3212166024793388,4.701852210406147,46.88821202099329,50.22738695174178
5,46,21,199.77988842431114,29.175288710228642,202.4639,68.07914681725738,199.77988842431114,467.63892366587964,576.570667254287,580.4308137926519
5,52,21,23.620630221768707,8.007053325998216,22.074250000000003,18.684077623647607,23.620630221768707,65.92533806718502,198.254202197641,191.65477296430686
5,54,9,3.4775746074875737,6.349907678212582,1.1420571428571429,14.81720717126972,3.4775746074875737,21.772356386244866,76.07025796498473,43.5933835084441
5,55,21,138.2537063212671,28.952099076270745,144.529075,67.55834443517222,138.2537063212671,344.0657570777064,479.6396223401362,490.40430340689306
5,56,21,112.76920041746031,40.73698694030907,48.832125,95.05781904498123,112.76920041746031,320.59621987990187,433.1835055662369,285.0555314320352
5,58,19,36.97505482522973,24.04299819526125,31.95,56.10319131095301,36.97505482522973,130.05330096141248,248.04534107534104,230.57493358992863
5,59,4,9.518687837301586,10.409368779833319,2.30947,24.289766331902534,9.518687837301586,43.32714200650571,125.85347258327774,61.991596849895714
5,60,21,10.849395944595617,4.7948368201764335,9.071333333333333,11.188523379758006,10.849395944595617,32.88731526894924,134.3629221616109,122.86048456141896
5,67,21,136.97854159387757,76.60470369831984,123.21568333333333,178.7534280043649,136.97854159387757,452.71051119212007,477.42255205657415,452.8033757235768
5,71,21,21.100502957445197,10.236100821232466,18.986066666666666,23.88545380188879,21.100502957445197,66.08645971677919,187.3799266762286,177.7436776184552
5,72,21,453.9711022283447,128.69993219956126,509.15075,300.3151628286436,453.9711022283447,1208.257367285333,869.1420563452016,920.4492642182946
5,74,21,150.79467482849583,20.66001694690828,137.77417499999999,48.20916567253986,150.79467482849583,349.79851532953154,500.9214897712186,478.8070876668389
5,79,21,210.95468015269017,22.232207523150226,197.40775,51.877797511208136,210.95468015269017,473.7871578165885,592.4766558895603,573.1374145874618
5,81,21,120.68953077236995,5.524358125803207,101.36821666666667,12.890826605112899,120.68953077236995,254.2698881498528,448.1376788501761,410.70270577795486
5,82,21,156.582206514698,27.785618786855036,157.28699166666667,64.83641823004345,156.582206514698,378.00083125943945,510.4437203457963,511.59119825631615
5,85,21,40.10433560699513,10.828328666658694,38.175325,25.26738927606646,40.10433560699513,105.47606049005671,258.3285010409031,252.03916521048868
5,87,21,473.07896757762666,73.33851240201683,409.64734999999996,171.1319261572794,473.07896757762666,1117.2898613125326,887.2448377134525,825.6229105348276
5,90,21,138.66725853941458,9.845653716484575,129.0044,22.974364076864564,138.66725853941458,300.3088811556937,480.3564491183457,463.3177328788528
5,91,21,63.10240471980348,7.511626813293836,61.006791666666665,17.528023449495134,63.10240471980348,143.7328328891021,324.04074042279467,318.6146596334408
5,92,21,350.44395174111867,23.493254137250645,309.5081416666667,54.82038973154319,350.44395174111867,755.7082932137805,763.6352111428738,717.6500175805288
5,95,21,781.0636379239606,38.79282091321332,787.5285416666667,90.5212002059919,781.0636379239606,1652.648476053913,1140.0394262943148,1144.7477859045343
5,96,21,268.9250241211159,27.61631397560328,240.54123333333334,64.44135351563548,268.9250241211159,602.2914017578672,668.9478605523279,632.6615305727595
5,97,21,29.53088456046864,2.8853547173806384,27.566525,6.732837826401864,29.53088456046864,65.79460694733915,221.67406683827454,214.1744559932393
6,1,21,1059.1057481554112,397.6104049301529,960.4896916666667,927.8049448682526,1059.1057481554112,3046.016441179075,1327.5360503318184,1264.2210435415689
6,2,21,2002.8652149241877,103.58220398399929,1995.801375,241.7041401962026,2002.8652149241877,4247.434570044578,1825.5869515402023,1822.3648065082907
6,3,21,518.8055197469663,44.54655236147236,664.95095,103.94725853581977,518.8055197469663,1141.5582980297525,929.1352887814303,1051.8927610740557
6,4,21,1375.5312193878306,82.5225722799811,1357.48485,192.56249251843445,1375.5312193878306,2943.6249312940954,1512.9057964927458,1502.9486985256683
6,5,21,1256.5794693449668,260.29349059645244,1454.9600416666665,607.3824645882456,1256.5794693449668,3120.541403278179,1446.0111469107092,1555.97349249058
6,6,21,210.13671508040954,62.43287141241915,287.653525,145.68413225740878,210.13671508040954,565.9575624182279,591.3268925846359,691.8493084480175
6,7,21,1108.591056085098,334.2029325441294,1545.0830999999998,779.8466276514679,1108.591056085098,2997.0287398216637,1358.1956844746649,1603.4395150425848
6,8,21,1953.3321331275893,91.12240686573307,1921.2240166666668,212.62979698223828,1953.3321331275893,4119.294063237417,1802.8712293240214,1787.9923835781105
6,9,21,1601.9060392027895,264.56304151429987,1944.4951083333333,617.3452583301284,1601.9060392027895,3821.1573367357078,1632.6578481829688,1798.7884423318565
6,10,21,1869.8721491309898,174.59101658739124,1878.1428833333332,407.39982281855123,1869.8721491309898,4147.144121080531,1763.9351621173516,1767.8319371101618
6,11,21,819.8166765915618,103.30282607640989,906.1756416666667,241.05222515340103,819.8166765915618,1880.6855783365245,1167.9790023148355,1227.9561342871061
6,12,21,257.39019666285304,25.01364889148907,261.41907499999996,58.368158486191255,257.39019666285304,573.1485518118974,654.444258319215,659.5463143707195
6,13,21,1466.762608675799,85.63254435038769,1453.8142916666666,199.81946424137584,1466.762608675799,3133.3446815929738,1562.2717371944386,1555.3607238622599
6,14,21,1007.728178768989,208.83247133526666,1043.3244666666667,487.3006268232708,1007.728178768989,2502.7569843612487,1294.9361719681776,1317.6084063686499
6,16,21,1345.8371535296367,257.05916865656434,1085.1946333333333,599.835328366669,1345.8371535296367,3291.509635425942,1496.486893852838,1343.7871371116285
6,17,21,641.420633056009,58.98123636627578,642.8719833333333,137.62990625128867,641.420633056009,1420.4711723633068,1033.1137078778884,1034.2818669331232
6,18,19,466.1695366831244,490.1576282309133,758.3459703703703,1143.7594831488987,466.1695366831244,2076.0985565151477,880.7417947620738,1123.3377473833486
6,19,21,117.23464308805744,20.9787694624182,107.016925,48.95295948782307,117.23464308805744,283.42224566393793,441.6768571008986,421.9907145897881
6,20,21,359.0336021719852,53.407461095645125,364.80939166666667,124.62376709206839,359.0336021719852,842.6909714360388,772.9371992692442,779.1295320634005
6,21,21,325.500011818704,35.28163231925143,346.88328333333334,82.32800883210137,325.500011818704,733.3280324695095,735.9565338159065,759.7458676864696
6,22,21,754.7371460753125,92.36890737260563,743.8795083333333,215.53844655407306,754.7371460753125,1725.012738704698,1120.6616844834662,1112.5715715704166
6,23,21,1126.9956309780457,188.0489464103121,1217.747575,438.8032611656673,1126.9956309780457,2692.7945231217586,1369.4235027731443,1423.492874868013
6,24,21,215.0192679170068,49.89877907992398,277.23814166666665,116.43642469913416,215.0192679170068,546.4749605331477,598.1572216515481,679.2085598204231
6,25,21,510.72961791368095,79.0837758152423,508.36175000000003,184.53822473062192,510.72961791368095,1205.997460557984,921.8753083841464,919.7358055441791
6,26,21,333.3779170701436,62.377343451130926,361.5947083333333,145.5545604041,333.3779170701436,812.3103945443872,744.8092735759396,775.6891095449688
6,27,21,74.11475208752834,13.13049458560539,73.26129166666666,30.639383813988896,74.11475208752834,178.8688879890456,351.17936652606335,349.1515277545458
6,28,21,26.692578631897206,5.574431102532883,22.773600000000002,13.007669511732075,26.692578631897206,66.39282677552649,210.75210756591963,194.6670757986568
6,29,21,272.91747664500105,39.08126976597829,289.37104166666666,91.19428186738335,272.91747664500105,637.0292351573854,673.8951558939133,693.9116754554093
6,30,21,203.0363723038961,26.73763330019839,202.789,62.39099400418345,203.0363723038961,468.4637386119756,581.2508266778492,580.8966310799194
6,31,21,102.51219489613825,21.33425008877412,136.355775,49.78245660069622,102.51219489613825,254.80684639297272,413.013670847799,476.3360259312747
6,32,21,433.82365373053665,117.56744860090751,479.3175833333333,274.3380425032585,433.82365373053665,1141.9853499643318,849.6367222569968,893.0758414976113
6,33,21,239.0309072357246,59.687443078646474,293.07553333333334,139.27780598357003,239.0309072357246,617.3396204550193,630.6722045882835,698.3392352336124
6,34,21,716.3011063183023,105.18730775635979,678.9559166666667,245.44957341061848,716.3011063183023,1678.0517860472232,1091.7531959713492,1062.9123413213968
6,35,21,152.6496085492751,22.740314501073247,145.513075,53.06344094707812,152.6496085492751,358.3626580456283,503.9930045407314,492.07088595038823
6,36,21,127.5356112856445,50.125025797371265,135.42686666666665,116.9643606399571,127.5356112856445,372.03558321124615,460.67261388030494,474.71076049878343
6,37,21,156.23110836387,14.343401847759944,151.48011666666667,33.46964514905455,156.23110836387,345.9318618767945,509.8711252046733,502.0586759865159
6,38,21,3140.690533932385,318.47202729739575,2999.8832,743.1393093967122,3140.690533932385,7024.520377261482,2286.068469767143,2234.2349126266913
6,40,21,2775.826933920484,126.78281303591235,2580.122516666667,295.8416565574795,2775.826933920484,5847.495524398448,2149.1803130597687,2072.0337515912556
6,41,21,81.31016770815638,28.665567573819708,97.2735,66.88973681943011,81.31016770815638,229.51007223574288,367.831645004032,402.3221395846865
6,42,21,394.65373385275893,38.84262639106171,362.6883,90.63741891671044,394.65373385275893,879.9448866222283,810.3726384392496,776.8612045919142
6,44,21,286.4038633627363,36.685303444495524,305.9751416666667,85.60340855711368,286.4038633627363,658.4111352825862,690.3448621055951,713.5423153067611
6,46,21,1100.1180924305572,185.05682603809376,1126.4637,431.82129076810463,1100.1180924305572,2632.057475629219,1352.9953827727747,1369.1002873420193
6,48,21,77.4760053668934,50.06540379614572,74.07647826086956,116.82523553942129,77.4760053668934,271.7772462732081,359.05441499932937,351.0886780089711
6,49,21,514.2035824195011,64.48449235195628,508.6682583333333,150.47149201735314,514.2035824195011,1178.8786568563553,925.0052762801139,920.0130335308661
6,52,21,165.22095641042395,22.781320705751025,173.36958333333334,53.15912697289278,165.22095641042395,383.6010397937407,524.3354569995677,537.1098459967632
6,54,20,5.122343523001442,4.258635955133201,5.232183333333333,9.93732419618247,5.122343523001442,20.182011242185354,92.32323446605626,93.30784032795243
6,55,21,563.8449465396619,191.99248676427752,684.9797333333332,448.005324782034,563.8449465396619,1575.6952178613578,968.6268585177665,1067.6171018987409
6,56,21,435.97912094326267,71.90062576023216,267.88125833333334,167.77668615383388,435.97912094326267,1039.7349280403591,851.744831067139,667.6484208523725
6,58,21,106.72348052275132,46.28694798332451,133.34330833333334,108.00838883814458,106.72348052275132,321.4553498836472,421.41176014660317,471.04486523755537
6,59,21,25.34256724036281,35.859832088124975,32.3141,83.6772104576896,25.34256724036281,134.36234493841522,205.35343164399205,231.88501978351255
6,67,21,495.08131997037043,119.55476949283224,479.87763333333334,278.9753611642016,495.08131997037043,1269.1380011049425,907.6427251020615,893.5974383729324
6,71,21,219.23829813331963,43.702734731028364,227.07293333333334,101.97825027953311,219.23829813331963,540.4548465461723,603.9971258986617,614.6945266281998
6,72,21,3124.0923265856386,384.7330260064734,3303.0527500000003,897.7561943974723,3124.0923265856386,7145.94084756875,2280.0196559324886,2344.4145913212537
6,74,21,930.7030357883598,82.27729872062451,865.302875,191.990158348114,930.7030357883598,2053.3962299248337,1244.4636802863436,1199.9433253283257
6,79,21,1029.3872927128496,90.10017856518114,964.5420583333333,210.24447592354272,1029.3872927128496,2269.019061349242,1308.7782299053501,1266.8851507009886
6,80,21,561.3476710505669,40.34509932786203,541.7751333333333,94.143367963841,561.3476710505669,1216.8387100649747,966.4794486320665,949.4808170082567
6,81,21,617.7751446798736,42.730390346207464,598.7979166666667,99.7093309626199,617.7751446798736,1335.259620322367,1013.8924206972403,998.1982435034301
6,82,21,792.5563934754003,244.70428333428882,822.474175,571.0057918325307,792.5563934754003,2156.1185787833315,1148.3962028599128,1169.8705172795833
6,83,21,177.69660906371882,22.74640496071923,157.30108333333334,53.077652744621645,177.69660906371882,408.4708708720593,543.7712363503867,511.6141149994463
6,85,21,93.94442256666666,18.18597431150976,103.22314999999999,42.436105001904586,93.94442256666666,230.3249501352379,395.37769177197305,414.44338769004383
6,87,21,1774.6541875402115,205.48575546138582,1639.7897083333335,479.49122470915563,1774.6541875402115,4028.7995997895787,1718.436663967256,1651.8505000957764
6,90,21,2174.698203370748,128.50649890151024,2197.603825,299.8637954393384,2174.698203370748,4649.260202180834,1902.2875204366255,1912.27946827863
6,91,21,1842.6447765103485,69.12939694049302,1816.1252583333335,161.31015567466534,1842.6447765103485,3846.599708695362,1751.0456613444492,1738.399387329237
6,92,21,4003.381883361905,231.03929081128004,3961.6103583333334,539.1191825355169,4003.381883361905,8545.882949259327,2581.012873643642,2567.512343936571
6,93,21,1654.251969172727,146.32254874588625,1634.870025,341.4366993137606,1654.251969172727,3649.9406376592146,1659.1188253718954,1649.3707047234711
6,94,21,1682.4162554029476,130.347409837695,1692.5119750000001,304.1594734409096,1682.4162554029476,3668.991984246805,1673.1827900712178,1678.1954374863496
6,95,21,3401.633335832729,199.1791972458925,3537.835966666667,464.77517144474956,3401.633335832729,7268.041843110207,2379.1422552730346,2426.3056379057716
6,96,21,1166.7661943616024,109.17707148187137,1229.156925,254.75949706323493,1166.7661943616024,2588.2918857864397,1393.3768145830857,1430.1458398359239
6,97,21,810.9139617194874,52.868628255270664,822.1968,123.36642631939758,810.9139617194874,1745.1943497583723,1161.6199173142766,1169.6732343693259
6,98,21,419.0267237993953,39.16690625964546,402.3722583333333,91.39411054716736,419.0267237993953,929.4475581459579,835.021238294089,818.258784167128
7,1,21,400.7556191170205,97.77055231963612,399.741225,228.14292780037718,400.7556191170205,1029.6541660344183,816.6133419254929,815.5791797244459
7,2,21,939.7079879192745,61.431411569641895,915.575175,143.3472734058932,939.7079879192745,2022.7632492444422,1250.4695485687257,1234.3083452687179
7,3,21,324.2093084178382,29.54418659716075,342.36335833333334,68.93995246872716,324.2093084178382,717.3585693044035,734.4959422674048,754.7798541738291
7,4,21,610.2011223095237,42.489766114946875,611.3619916666667,99.14784577800076,610.2011223095237,1319.5500903970483,1007.6580111938015,1008.6160588317704
7,5,21,547.2329141846561,99.8057062287543,585.7192083333333,232.89186252903323,547.2329141846561,1327.3576908983455,954.2513134406826,987.2369333988
7,6,21,223.56756792654437,53.22538108014306,264.76482500000003,124.19889204692417,223.56756792654437,571.3340279000129,609.9314986371583,663.7534698967683
7,7,21,359.28273749707284,107.27021528012227,470.9892,250.3099389249204,359.28273749707284,968.8754139190661,773.2053253794422,885.2830218636298
7,8,21,546.4325030477702,33.775245460810346,545.1580250000001,78.8129268352112,546.4325030477702,1171.6779329307515,953.5531894296665,952.4405249673074
7,9,21,785.6225423241873,192.59288355490253,1226.4328333333333,449.4063221008108,785.6225423241873,2020.6514067491853,1143.3616708756017,1428.5601963748907
7,10,21,827.8667579867724,110.4744987226731,893.6250583333334,257.78698174345624,827.8667579867724,1913.520497717001,1173.699401588835,1219.4228540857625
7,11,21,579.7240609060469,71.43386830998365,650.4210916666667,166.68752987164166,579.7240609060469,1326.1356516837354,982.1714908037508,1040.3368187915553
7,12,21,175.3825854654298,34.8748055904206,238.43680833333335,81.37869803431144,175.3825854654298,432.143868965171,540.2190502143322,629.8879654880435
7,13,21,596.5575515307015,38.63290043379936,599.2576083333333,90.14803338302599,596.5575515307015,1283.263136444429,996.3291452863793,998.5813238122705
7,14,21,370.7422682213152,38.7352686571331,416.17105,90.38690475718711,370.7422682213152,831.8714411998176,785.4394529944803,832.1710324206197
7,16,21,359.0549895185941,196.30948651620227,539.31865,458.07883811862393,359.0549895185941,1176.188817155812,772.9602205540338,947.3258328579454
7,17,21,192.9321788478939,22.807974590779867,225.25324999999998,53.22132254429402,192.9321788478939,439.08568024008184,566.6031641306776,612.2265985727834
7,18,16,105.70320316259921,85.49154501526675,423.66655,199.49044900755334,105.70320316259921,410.8968553327518,419.3925727317606,839.6315496692582
7,20,21,115.46258007739986,28.167678127676723,124.93585,65.72793550738868,115.46258007739986,296.65309566218843,438.3260581448397,455.9531274155272
7,21,21,73.41241673560091,15.048269097403267,73.77645,35.11441930884959,73.41241673560091,181.93925278005142,349.5114611111343,350.37695814650823
7,22,21,255.77476490597815,35.19898456483105,287.8255833333333,82.13515423301976,255.77476490597815,593.684684044976,652.3873150234818,692.0561903968974
7,23,21,588.5542147817838,70.32926782609977,569.7890083333333,164.1099972458761,588.5542147817838,1341.2184268094436,989.6232684192951,973.7191124069952
7,24,21,111.13004915275889,30.49032462817126,111.42245833333334,71.14772050702501,111.13004915275889,293.4078188125428,430.023722357489,430.58909724546754
7,25,21,210.51999555085547,38.61325452505144,193.4337416666667,90.10219059054184,210.51999555085547,511.1421816922528,591.8659245104617,567.3391808550978
7,26,21,82.29805675312889,18.120757283426745,80.11880833333333,42.28392417264369,82.29805675312889,206.88003767890146,370.0594093347803,365.1269602024297
7,27,21,27.145190021919884,5.022762456400865,27.4426,11.720376997593831,27.145190021919884,66.0107570414336,212.53140049525553,213.69250431402594
7,28,21,9.739209940891913,2.8770453699648617,7.871783333333333,6.713448359915594,9.739209940891913,26.191868241699417,127.30296674329371,114.44932270077733
7,29,21,51.91214978540508,13.587217735940703,54.76518333333333,31.70512553518794,51.91214978540508,135.5294251059981,293.9078380086418,301.876241308697
7,30,21,43.0212189042328,9.15469096389433,41.109249999999996,21.362035398781742,43.0212189042328,107.40447320724735,267.5580465182152,261.54500951079143
7,31,21,78.05710268095238,21.56767408349147,72.70914166666667,50.32714037623198,78.05710268095238,206.44134573813676,360.3984168404528,347.83331026992414
7,32,21,217.40195726536106,43.456440809794856,218.63326666666669,101.40353514336464,217.40195726536106,536.2074496740868,601.4622655575001,603.1631253096739
7,33,21,96.35615366440597,21.737368876981368,94.10660833333333,50.723115095620884,96.35615366440597,243.43542242443283,400.42057851410624,395.7188348646886
7,34,21,152.48038791893083,30.051391048149682,180.87142500000002,70.12348990097667,152.48038791893083,375.0842657388383,503.7135748588685,548.6073743580195
7,35,21,12.485396455102043,4.38980826435781,16.799025,10.243408533059315,12.485396455102043,35.2142014432634,144.13778027044054,167.19323431287523
7,36,21,99.73040060804327,27.217168614124002,81.318575,63.509966822757676,99.73040060804327,262.9707680388442,407.3713129465353,367.8506610025324
7,38,21,1333.3356764217274,199.87380518725354,1264.2410499999999,466.3960059972375,1333.3356764217274,3133.067358840692,1489.5202467793965,1450.4127368442405
7,40,21,1370.4176512840377,134.0929091209017,1261.825575,312.8994176497895,1370.4176512840377,3053.734720217865,1510.091047499004,1449.0264858863002
7,41,21,73.88274607626606,22.390869815158307,72.01461666666667,52.248028413779934,73.88274607626606,200.01352056631205,350.6292764030219,346.1680547556827
7,42,21,245.05386981957676,33.19240549766047,270.3585083333333,77.45289753725487,245.05386981957676,567.5606371764084,638.5684296767072,670.7283786054282
7,44,21,138.65124975848278,19.32965115002001,145.95768333333334,45.10482044029334,138.65124975848278,322.4073199572589,480.3287203552535,492.8220622767072
7,45,14,1.323048654246547,1.0809395468275618,0.5042666666666666,2.5223209559277926,1.323048654246547,5.168418264420886,46.92070929415128,28.967218253283026
7,46,21,606.1098150278706,60.16473288058233,611.40505,140.39153900685213,606.1098150278706,1352.6111690625933,1004.2742315754082,1008.6515767102136
7,52,21,43.75360522396069,9.860868613352398,48.18213333333333,23.009867314140525,43.75360522396069,110.5170777620619,269.8258680939813,283.1520260684473
7,54,12,2.0627660759259263,1.2840365501031268,1.6638095238095236,2.996238141168693,2.0627660759259263,7.121770293020546,58.58705275349445,52.617288486000945
7,55,21,253.2824473776266,56.7087779566151,285.9408916666667,132.32723277155165,253.2824473776266,638.8921275268049,649.201041616825,689.7866653780236
7,56,21,103.3224230257679,150.18347552044898,255.6704083333333,350.445988076822,103.3224230257679,557.0908341283578,414.6426315694972,652.2542138358837
7,58,17,42.1862877282998,29.14200658693344,27.93846153846154,68.00148456751212,42.1862877282998,152.3740600241117,264.9490192091506,215.6144707574146
7,59,14,3.43984665170068,3.865519000224807,2.455545945945946,9.020004502952535,3.43984665170068,15.899697806353895,75.65649230852519,63.922049826754254
7,60,21,4.595732106122449,1.9035310068835445,4.5703000000000005,4.441798954448496,4.595732106122449,13.633263166693395,87.44883203672737,87.20653186545145
7,67,21,170.3385530431595,48.11686382223853,167.68814166666667,112.27841030384393,170.3385530431595,452.9555163901629,532.3939821821969,528.2358069397922
7,71,21,103.2809664144427,22.28319705407211,95.65953333333333,51.99677915338661,103.2809664144427,258.55871198227203,414.5594385774284,398.970504507121
7,72,21,1817.54074574316,266.1425255738117,2022.2199166666667,621.0309091646761,1817.54074574316,4256.112400650996,1739.076709324985,1834.3865299694428
7,74,21,371.6806673362812,39.25075974382395,392.56535,91.58977865922017,371.6806673362812,834.9511133317826,786.4328518364247,808.2256754149796
7,79,21,238.0783106413935,29.741598309456965,239.61263333333332,69.40060329821316,238.0783106413935,545.5572245810001,629.4142585827547,631.4391671940114
7,80,21,24.15222972985639,6.130446546522514,21.13619,14.30510507166748,24.15222972985639,62.60956453138026,200.4727170227436,187.53831651158652
7,81,21,293.8772029068783,28.65858938431485,268.40468333333337,66.87345354653645,293.8772029068783,654.6278593602931,699.2936905457145,668.3003763777683
7,82,21,367.82170743083213,40.55787449118657,397.35305,94.63986867466204,367.82170743083213,830.2832835363263,782.3396456558396,813.1392717118022
7,83,21,31.099165002191988,7.413810379742549,29.44255111111111,17.29977346002566,31.099165002191988,79.49810346440964,227.48408859444976,221.34228030109588
7,85,21,73.89050426802721,13.659639871495752,98.01973333333332,31.874119139612596,73.89050426802721,179.65512767566702,350.64768515134574,403.8623976884536
7,87,21,518.4964532166289,67.21783139846632,454.37309166666665,156.84960851508157,518.4964532166289,1193.8425149483394,928.8584919956702,869.5267819528812
7,90,21,708.8654165397857,87.48344984225022,609.9198,204.13846406265952,708.8654165397857,1621.8692971422308,1086.0718452856622,1007.4257030669805
7,91,21,520.9223197892186,56.94701716282645,458.0747083333333,132.88315261379825,520.9223197892186,1174.7277921922355,931.0288610613851,873.0614609903856
7,92,21,1183.0405856318628,106.41935689221454,1100.3714833333333,248.32450139638763,1183.0405856318628,2614.405672660113,1403.0607736272223,1353.15119194666
7,93,21,72.40031903295541,14.138880897219858,59.41359166666667,32.99240525068323,72.40031903295541,177.79304331659404,347.0938358295027,314.4268063211744
7,94,20,60.38993355492063,48.30559967438798,20.65495238095238,112.71881642684,60.38993355492063,233.49868353668126,316.9997625162958,185.3910482248395
7,95,21,1508.788588509407,214.03129093477347,1423.9546333333335,499.43182478009425,1508.788588509407,3517.0090017989082,1584.4949388621135,1539.3052036118982
7,96,21,71.99613636019376,23.38034071942912,44.974958333333326,54.556911648228976,71.99613636019376,198.5491843686165,346.12363528566266,273.5659530472801
7,97,21,225.75036480672713,35.51904155894526,198.68325833333333,82.88199198700408,225.75036480672713,534.3827216004584,612.9017923276077,574.9860362362434
7,98,21,12.32864510540782,3.856846259245514,10.09328695652174,8.999767074891357,12.32864510540782,33.657057285707,143.23011364723067,129.5964100415292
8,1,21,659.7028957792081,319.9254629313847,609.6142916666666,746.530832232991,659.7028957792081,2065.9366237914073,1047.733562780444,1007.1733621047239
8,2,21,1463.3623654853156,88.16029846847475,1440.2677999999999,205.71785809901203,1463.3623654853156,3132.4425890696434,1560.4598604794567,1548.0974191568178
8,3,21,339.316047096523,32.39259138710947,419.96476666666666,75.5865693990992,339.316047096523,754.2186635921452,751.4132700243017,835.9553646776443
8,4,21,855.5173994650037,44.22066123171142,839.7130416666668,103.1868071041375,855.5173994650037,1814.2216060341448,1193.1391170813931,1182.0670460398317
8,5,21,840.6250408680067,145.17870111621022,825.9096249999999,338.76758534231993,840.6250408680067,2020.0176670783335,1182.7087841072134,1172.3112283007442
8,6,21,119.3922221125335,45.456251487754564,134.02883333333332,106.06999812523073,119.3922221125335,344.85444235029775,445.722624055876,472.2541462673109
8,7,21,666.5668951825571,188.5860181697349,889.417425,440.05649253980374,666.5668951825571,1773.190282904918,1053.1701256605102,1216.5486407045137
8,8,21,1140.7483608318971,76.64089090950559,1029.8802416666667,178.83786913835644,1140.7483608318971,2460.3345908021506,1377.7537052841765,1309.091563693439
8,9,21,427.5902959989418,59.132676685874856,465.50246666666663,137.98328502516944,427.5902959989418,993.1638770230531,843.5106712675538,880.1114159771666
8,10,21,856.4078774112966,74.275968536528,849.4319666666667,173.31943540354607,856.4078774112966,1886.1351902261392,1193.759903838455,1188.8880487805964
8,11,21,711.5965529321239,126.38803103434488,788.6374666666667,294.9204515571636,711.5965529321239,1718.1135574214113,1088.1620578199988,1145.5534664664647
8,12,21,280.4740614646259,39.771998062091455,289.69235,92.80606345244222,280.4740614646259,653.754186381694,683.1609168249729,694.2968172186878
8,13,21,1018.2456731762385,43.80218752184154,998.4425916666668,102.21031863074646,1018.2456731762385,2138.7016649832235,1301.6761502636748,1288.956350127239
8,14,21,414.7020617066241,58.52920103443674,452.91944166666667,136.57510333130702,414.7020617066241,965.9792267445551,830.7010477180239,868.134753902488
8,16,21,744.9177241949358,195.1805445455538,615.7551916666666,455.4445057926855,744.9177241949358,1945.279954182557,1113.347696391551,1012.233490323914
8,17,21,314.7793774626606,39.85306552327138,298.9021916666667,92.9952305125041,314.7793774626606,722.5539854378253,723.7353688316381,705.2469403927488
8,18,18,276.6112158140557,255.39733996838416,335.26451249999997,595.9575302625467,276.6112158140557,1149.179961890658,678.4401691487531,746.9137492374872
8,19,21,32.086203500900154,15.32023474999759,36.989491666666666,35.74903820760719,32.086203500900154,99.9214452094075,231.0658837334016,248.09376077066776
8,20,21,157.23888157003367,25.031206423374762,147.11160833333335,58.40912815072026,157.23888157003367,372.8868912907876,511.51295089424275,494.7663249117372
8,21,21,174.93079860172472,23.980104932545967,181.48659999999998,55.95643287751516,174.93079860172472,405.8180300809646,539.5227973619557,549.5395367032294
8,22,21,278.98523916320346,37.483824437043694,282.4582833333333,87.46671926599075,278.98523916320346,645.4371975923976,681.3453147762672,685.5731787830287
8,23,21,542.5111684404199,95.84607890762248,610.40355,223.65226074087857,542.5111684404199,1308.6745976217182,950.1255623783936,1007.8251372137927
8,24,21,149.7333727244211,33.958079002647196,186.90262499999997,79.23956019817314,149.7333727244211,378.7063056470153,499.15561923455965,557.6790905171181
8,25,21,262.35373351524083,47.02754846778042,283.02884166666666,109.73654479968367,262.35373351524083,634.4440118301653,660.724309049819,686.2652493994821
8,26,21,253.69019146652923,45.50706803366489,258.26389166666667,106.18857611512264,253.69019146652923,613.5689590481811,649.7233862193239,655.554052487919
8,27,21,41.37016430058408,11.152253102376966,35.100566666666666,26.023251520858235,41.37016430058408,108.7635801220264,262.3736903658061,241.676111631525
8,28,21,13.689920874561949,3.7456474942273514,11.025075000000001,8.740290052238448,13.689920874561949,36.12013180136235,150.93054142641603,135.4463908710749
8,29,21,116.82047769274375,27.881499019766057,115.645625,65.06015018752477,116.82047769274375,298.7011055730123,440.8959910009679,438.67336367734936
8,30,21,96.76701710057034,15.071966910480715,90.50015,35.169717027126566,96.76701710057034,228.70375122826727,401.2733687342695,388.0621723384025
8,31,21,39.0983897995671,12.910417550432907,59.95478333333333,30.12584453294105,39.0983897995671,108.32262413207525,255.06807057426778,315.8555990744294
8,32,21,236.11432988422317,91.56157144570713,246.65835833333335,213.654566615675,236.11432988422317,685.8832263841214,626.8127670423979,640.6555301147932
8,33,21,175.033664876857,36.15757833890336,200.101225,84.37198715458389,175.033664876857,434.4393169082979,539.6814044925859,577.0341743779132
8,34,21,336.19239255782315,41.79342797453666,332.81055833333335,97.52297388842722,336.19239255782315,769.9077590040736,747.9466165550973,744.1752273938355
8,35,21,77.44149944427953,13.937225712806509,82.436175,32.52185248109489,77.44149944427953,187.40485136965395,358.97444905630977,370.36980870475935
8,36,21,34.70909151566,12.090916120753814,48.691300000000005,28.21357697315113,34.70909151566,97.63176000447113,240.32463103489462,284.644204578277
8,37,21,92.06112681496599,10.540759775826924,86.35769166666667,24.596360963940516,92.06112681496599,208.7186145938725,391.39457714703127,379.07677181981666
8,38,21,2559.553558771449,156.45116776648842,2414.0933083333334,365.0713494523859,2559.553558771449,5484.178466995284,2063.758009504915,2004.2582830230906
8,40,21,1615.7884142380676,82.18097902268104,1483.5508,191.76540091990768,1615.7884142380676,3423.342229396043,1639.7170247613287,1571.1869816161284
8,41,21,27.202854884807255,12.39899600316047,46.532424999999996,28.932466707340904,27.202854884807255,83.33817647695541,212.757022277337,278.26238552847923
8,42,21,227.29356256404867,24.708522586291544,211.52064166666665,57.65616078376348,227.29356256404867,512.2432859118608,614.9930797225095,593.2708889987215
8,44,21,144.05337023439154,21.990234135061613,155.3544,51.31316413338047,144.05337023439154,339.41990460216357,489.59657685693384,508.4385130967165
8,46,21,759.2808308481111,69.42997987177276,753.8286750000001,162.01155163042085,759.2808308481111,1680.573213326643,1124.029938449709,1119.9870156390207
8,49,21,97.26561943759363,31.562748908826702,81.795,73.6501714948549,97.26561943759363,268.18141037004216,402.3058422943368,368.9266593782564
8,52,21,70.40822684360771,24.060840888431706,79.36755000000001,56.14482638576003,70.40822684360771,196.96128007297546,342.28539184102385,363.4110664247857
8,54,18,2.707317733205066,2.045208017948341,2.2912600000000003,4.772395512813622,2.707317733205066,10.187030979223755,67.11912326642259,61.74671359675752
8,55,21,289.07393510226757,60.68212895140865,293.5681583333333,141.59885809864602,289.07393510226757,719.7467283031812,693.5553532416668,698.9259012704183
8,56,21,342.81710904322136,121.50306968178676,204.47822499999998,283.521626873011,342.81710904322136,969.1558449594537,755.2798616724269,583.311037440575
8,58,19,53.31735635488722,30.16942320197086,55.57463414634146,70.39891231098119,53.31735635488722,177.0336250207556,297.8591629856841,304.0989826019025
8,59,21,14.155620045124717,10.746187587376355,19.637366666666665,25.075716979290533,14.155620045124717,53.38695706953997,153.4762253741195,180.76663999016336
8,60,21,9.893714405146707,3.3985980906502715,9.2605,7.930466796207317,9.893714405146707,27.71789560650073,128.30877121289922,124.13489436898878
8,67,21,241.37910432668866,84.11892187072858,214.98896666666667,196.28749826694877,241.37910432668866,679.0457069203261,633.7624394042376,598.1150729862385
8,71,21,106.31697944377791,26.788877677058977,90.80234166666666,62.51057031722359,106.31697944377791,275.1445292047794,420.60843286178465,388.7095271965087
8,72,21,1628.5019194860922,262.751811450648,1572.5801250000002,613.1188392311478,1628.5019194860922,3870.1226782033323,1646.1552764016092,1617.6443762459041
8,74,21,397.06226296825395,37.8771315853291,367.4827,88.38448276640854,397.06226296825395,882.5090087029164,812.8416854339931,781.9790360361332
8,79,21,890.9549899931766,107.88267709000047,840.7768500000001,251.73908939156317,890.9549899931766,2033.6490693779162,1217.599730350104,1182.815572437225
8,80,21,383.0567148771731,23.718656913253948,372.30040833333334,55.346356375196876,383.0567148771731,821.4597861295431,798.3773378269301,787.088228514864
8,81,21,514.5258753629629,24.533451575462113,501.2040083333333,57.24764091723946,514.5258753629629,1086.2993916431653,925.2951186534868,913.2379043089849
8,82,21,591.2526209685014,79.26017327097765,621.6385750000001,184.9498397931658,591.2526209685014,1367.4550817301688,991.8892888279349,1017.0578099596896
8,83,21,128.94127466580088,23.22520935839514,100.77244166666667,54.19492000493495,128.94127466580088,312.0774693365367,463.2043620734725,409.49400842177573
8,85,21,84.78217478084932,20.45647652742995,87.45179166666667,47.73421379670621,84.78217478084932,217.29856335840483,375.60290046182183,381.4705510695856
8,87,21,923.7741364936027,127.87478575878743,794.4939250000001,298.38972290429126,923.7741364936027,2145.9379958914965,1239.8226337365174,1149.7990655762424
8,90,21,1643.3665668197277,73.99987509769362,1621.7000083333332,172.67518451217109,1643.3665668197277,3459.4083181516266,1653.6511020127634,1642.7138563568112
8,91,21,1292.8430611280216,83.91477324409053,1247.1493166666667,195.811127168672,1292.8430611280216,2781.4972494247154,1466.727941275078,1440.5750459220558
8,92,21,2507.68416793288,96.81507309827347,2420.757058333333,225.91336253923956,2507.68416793288,5241.281698405,2042.7399382790536,2007.0226070143472
8,93,21,1170.0987273439152,112.22907893911723,1147.2232166666665,261.88121112176145,1170.0987273439152,2602.078665809592,1395.3652863319608,1381.6582184221006
8,94,21,1063.8056208570536,129.3431667097513,1054.2525833333334,301.8161199260039,1063.8056208570536,2429.427361640111,1330.4783174130037,1324.4909583182011
8,95,21,2545.871199519879,94.16622006677191,2526.731525,219.73239013413325,2545.871199519879,5311.474789173892,2058.234601788892,2050.4831766195985
8,97,21,688.4623590303448,43.90616623146174,680.4693083333333,102.45294799796231,688.4623590303448,1479.377666058652,1070.3276906753808,1064.0962968954768
8,98,21,285.86188016024187,39.32252143034025,285.9024416666667,91.75723113726488,285.86188016024187,663.4809914577486,689.6913574829268,689.7402865813576
9,1,21,508.1199325808768,183.44493819973292,483.6802666666667,428.06002725874833,508.1199325808768,1444.299892420502,919.5170296490321,897.130962420389
9,2,21,1050.8699328149387,50.73717174361998,1014.1546749999999,118.3927740538626,1050.8699328149387,2220.13263968374,1322.3643855624885,1299.0586511778442
9,3,21,267.3818187847317,24.872703551811714,297.2639,58.039269248165,267.3818187847317,592.8029068176284,667.0257464729481,703.311545191745
9,4,21,707.0299975792138,40.364694140678004,684.251925,94.18909152640126,707.0299975792138,1508.2490866848289,1084.6648864842136,1067.0497660371798
9,5,21,789.9396314496482,156.2691136081939,807.6779833333334,364.6465347438041,789.9396314496482,1944.5257976431005,1146.4988210775512,1159.299859512916
9,6,21,94.59763676288051,34.64158489566043,114.91890000000001,80.8344886495442,94.59763676288051,270.0297621753052,396.74988036977805,437.2928647942932
9,7,21,468.865805168467,100.32928183618306,616.2298916666667,234.11360127520646,468.865805168467,1171.8452116121405,883.285174674821,1012.6235923250719
9,8,21,876.3639448751322,52.445949313655035,841.5635416666668,122.38012513798972,876.3639448751322,1875.1080148882543,1207.5883422227212,1183.3688069800273
9,9,21,495.61865163938023,85.62926729035347,525.5639,199.81181737784638,495.61865163938023,1191.0491206566069,908.1351421060241,935.1675409251542
9,10,21,545.7759333643992,78.25977189076134,520.0302666666666,182.61545081363002,545.7759333643992,1274.1673175424285,952.9801430871265,930.231349575649
9,11,21,588.1500785716553,104.38675582650004,606.2143916666666,243.58152360624237,588.1500785716553,1419.881680749553,989.2834430754588,1004.3608652936122
9,12,21,245.86222629511443,33.66523386712724,248.5576583333333,78.55622002033309,245.86222629511443,570.280672610562,639.6207818348856,643.1173636799637
9,13,21,886.9145807094276,51.63052077855784,864.1332333333334,120.47736148374693,886.9145807094276,1894.3065229026022,1214.8357346985179,1199.1320612287316
9,14,21,287.0587380420257,52.70048373297652,312.27473333333336,122.97406908401683,287.0587380420257,697.0915451680683,691.1336629783929,720.8503008715934
9,16,21,607.9313621307841,177.66091031650527,444.16450000000003,414.5632736407006,607.9313621307841,1630.4259979022688,1005.7821765102148,859.7032790445783
9,17,21,201.23128942885316,30.271262501010035,212.6778416666667,70.63654946548941,201.23128942885316,473.0991283231957,578.6612701828348,594.8915266948534
9,18,19,175.47260641960207,266.7723902219356,226.91641739130438,622.5006683256058,175.47260641960207,973.44588116481,540.3576751395485,614.482642992567
9,19,21,58.507464903325776,26.025059815564955,56.71256666666667,60.72823771202595,58.507464903325776,177.7431675186775,312.019905773869,307.19653470267747
9,20,21,104.93020430722187,15.266086226239139,102.95198333333333,35.622685206082416,104.93020430722187,245.48309382052616,417.85626711492216,413.8986594163681
9,21,21,151.01732044306166,22.612641535020973,140.77869166666667,52.765522160847915,151.01732044306166,354.80016304697125,501.29115413824593,483.9997344351889
9,22,21,202.25611932202983,35.51434818270309,193.60911666666667,82.87104021705133,202.25611932202983,487.38327886111097,580.1329007665896,567.5963091258903
9,23,21,421.6093921091253,56.53227119390277,456.56763333333333,131.9153626463824,421.6093921091253,975.134146864633,837.5906091101932,871.6240828858887
9,24,21,97.27298909705215,24.500479054894104,109.26825000000001,57.17070111071417,97.27298909705215,251.71667930481846,402.3210830387773,426.4063414162599
9,25,21,202.76559403260498,36.598472711428784,209.60395833333334,85.40079317656294,202.76559403260498,490.9319812417729,580.8631064805671,590.5768253721667
9,26,21,173.00994036492133,30.2684948896241,162.65058333333334,70.63009137611975,173.00994036492133,416.64997210596243,536.5524585417805,520.2408775429576
9,27,21,31.824774855988455,9.441817405104548,28.86593333333333,22.03203127578617,31.824774855988455,85.68158098776308,230.1226311347165,219.1641235847388
9,28,21,10.444087645069747,2.679151047609936,9.262324999999999,6.251671382840494,10.444087645069747,27.13984667297999,131.82929052906286,124.14712562117577
9,29,21,69.35921584361301,18.62050966042557,76.2142,43.45007254512057,69.35921584361301,182.1685042323466,339.72597069369317,356.1185600330317
9,30,21,68.50476399826154,10.091804973647562,66.38186666666667,23.54874631321845,68.50476399826154,160.55827430974153,337.62690546386733,332.35436830788507
9,31,21,41.06001330441146,14.657744541125496,48.916175,34.20314885436879,41.06001330441146,116.32317546319172,261.3883358884644,285.3007451795386
9,32,21,175.16436227263793,76.25655532619713,190.08889166666665,177.94104035756772,175.16436227263793,528.2697649028436,539.8828565732288,562.4125849706186
9,33,21,87.44344363435718,17.10567027630661,102.81869166666667,39.91526698208798,87.44344363435718,214.80215425080235,381.452343298046,413.6306358737628
9,34,21,250.98205387878102,39.6868997957376,241.8264,92.60749070046232,250.98205387878102,594.5715984580244,646.2461896632673,634.3493750292499
9,35,21,62.73541750997045,15.264078537767503,61.9818,35.61800036064416,62.73541750997045,161.08883538058507,323.0970980008809,321.15061139596173
9,36,20,18.88487824129149,13.34062441320608,32.06471666666666,31.129711759874723,18.88487824129149,68.8994682424577,177.26939215078568,230.98850303279886
9,38,21,3372.994808870446,321.6271165787371,3221.117141666667,750.5015599827942,3372.994808870446,7496.491177723686,2369.1060259009982,2315.1541900558877
9,40,21,1258.5026290757369,67.31970116376978,1152.2573583333333,157.08731676116665,1258.5026290757369,2674.0925749126404,1447.1172636597307,1384.6863342528757
9,41,21,28.4754738424586,14.016301501354118,49.63344166666667,32.70637206791686,28.4754738424586,89.65731975283407,217.67679819827174,287.3848411683075
9,42,21,128.51401158639456,35.77597203156603,121.01820833333333,83.4815270093,128.51401158639456,340.50955018208913,462.43628239981405,448.7474776159379
9,44,21,131.81024544693878,16.364567392700867,146.7723,38.185938696058045,131.81024544693878,301.8064295899356,468.3292094496201,494.1954139811498
9,46,21,321.1454097168556,38.74112433038931,330.35022499999997,90.40056869187111,321.1454097168556,732.6913881255823,731.0170735139144,741.419432170482
9,52,21,72.2568965526352,18.35391739327795,74.9164,42.82799218541105,72.2568965526352,187.34178529068146,346.74987507364006,353.0734903670906
9,54,10,2.035730744126984,1.3127666061582066,1.1684444444444444,3.063278358788068,2.035730744126984,7.134739847042036,58.201855281660066,44.0941215532814
9,55,21,349.8081170320483,65.7671490899371,377.3235333333334,153.46451043264398,349.8081170320483,853.0807444967406,762.9421385277709,792.3801861901057
9,56,21,222.2783528443139,86.82119608476187,126.73256521739131,202.59312645746476,222.2783528443139,647.1498321460925,608.1703537109798,459.2199783564944
9,59,10,12.724467042063491,13.625586372010757,4.6066666666666665,31.794656920262987,12.724467042063491,57.24359100438997,145.51121316927313,87.55280311522489
9,60,21,4.781911816518932,1.6480606394624095,4.341333333333334,3.845671018102675,4.781911816518932,13.409494651140538,89.2025855157097,84.99399194452904
9,67,21,155.28782018933555,71.17247488119244,144.1884,166.07758075365732,155.28782018933555,476.65322113232844,508.3295513690448,489.8259870607112
9,71,21,59.53722300347694,19.506852512570415,59.49334166666667,45.518311381106464,59.53722300347694,164.59275738806033,314.7537753193528,314.63776081922106
9,72,21,1353.7847142100322,277.9010498174908,1407.3644333333334,648.4688655218674,1353.7847142100322,3356.038293941932,1500.8989854235672,1530.3118692170779
9,74,21,308.0262827415722,36.41682002946205,290.574975,84.97691529387293,308.0262827415722,701.0294807770173,715.929978756286,695.353693022479
9,79,21,509.51388960030226,31.801167123381056,483.46524999999997,74.20650904454514,509.51388960030226,1093.2342882451496,920.777449927453,896.9315336189268
9,81,21,103.37396446111454,7.4780624931458535,95.72966666666667,17.449702706832703,103.37396446111454,224.1976316290618,414.74603899651,399.1167314625301
9,82,21,404.19565277457576,55.8241661694838,413.94735833333334,130.26303329333797,404.19565277457576,938.6543388424896,820.1107036351215,829.9448200131541
9,85,21,35.621101842685356,9.112323979888572,36.89236666666667,21.263174059208396,35.621101842685356,92.5053777445791,243.46152358479242,247.76783111076654
9,87,21,674.2153535242974,107.85163650053589,632.9860916666667,251.66665765426512,674.2153535242974,1600.09736470286,1059.195141729998,1026.2986195709966
9,90,21,133.4075151418745,8.66306319916771,129.80646666666667,20.214845422131074,133.4075151418745,287.0298757058801,471.15825918270724,464.7558074229233
9,91,21,33.351014101058205,9.412526185477065,36.74064166666667,21.963681609694373,33.351014101058205,88.66570981181079,235.57607574658522,247.25781632404127
9,92,21,624.7610387749055,34.84161007313712,597.728375,81.30123787557018,624.7610387749055,1330.8233154253812,1019.6089292083719,997.3063802062032
9,95,21,1205.3139391161753,99.66574598746686,1211.0331916666667,232.56527197118743,1205.3139391161753,2643.193150203538,1416.2070451347556,1419.5630422539652
9,96,21,141.39838635901026,21.087812333547053,141.24064166666668,49.20740583475344,141.39838635901026,332.00417855277396,485.063825595553,484.7931803700763
10,1,21,1644.3588020646605,1086.9901173569976,1661.4814083333333,2536.439674117451,1644.3588020646605,5825.157278246772,1654.1502491114873,1662.7402272954928
10,2,21,4325.085918514383,206.49685273597834,4386.067766666666,481.85057204885754,4325.085918514383,9132.022409077623,2682.711868316822,2701.558210317396
10,3,21,979.3264677351681,83.23834291753943,1275.0718166666668,194.23270921468708,979.3264677351681,2152.885644685023,1276.5575750083972,1456.6123379037174
10,4,21,1975.8052049180656,77.31630322523878,1927.2558583333332,180.41391161257752,1975.8052049180656,4132.024321448709,1813.2125801967238,1790.7969589729223
10,5,21,2170.214157662131,518.1512661355553,2354.1117583333335,1209.081304083994,2170.214157662131,5549.509619408256,1900.3253296080086,1979.2023559673396
10,6,21,363.2015834980057,100.68350529248389,426.90269166666667,234.94016484162512,363.2015834980057,961.3433318376365,777.4107247399418,842.8321772057194
10,7,21,1850.8775443876796,332.692827287583,2621.607391666667,776.3228689496768,1850.8775443876796,4478.077957725036,1754.953057452278,2088.6250739980437
10,8,21,3479.2130846753594,150.8186897735528,3454.0555666666664,351.92823028621297,3479.2130846753594,7310.354399636932,2406.119401214287,2397.404526343715
10,9,21,2595.957896510314,292.5171160390392,2489.9118083333333,682.5747600023115,2595.957896510314,5874.49055302294,2078.382529707456,2035.4884546630735
10,10,21,1857.649310088889,170.4620568735144,1949.2694083333333,397.76509195588756,1857.649310088889,4113.063712133666,1758.1605307786633,1800.9953624223099
10,11,21,1242.6775075377104,123.09308534467364,1327.980625,287.23185270249746,1242.6775075377104,2772.586867777918,1437.9900460513454,1486.526071079818
10,12,21,367.00329786791724,36.396962660075474,355.7509,84.93057906805868,367.00329786791724,818.9371748038932,781.4688014580072,769.395540408183
10,13,21,2462.9165938200304,97.5407417423533,2464.374125,227.60667576234644,2462.9165938200304,5153.439863402407,2024.4241680331054,2025.0230971522276
10,14,21,1643.0060565412696,181.12489119526577,1627.9990333333333,422.64630805929846,1643.0060565412696,3708.6584211418376,1653.4697088500511,1645.9010879960758
10,16,21,1359.0077241102522,174.1827063569023,1179.1870916666667,406.4470503402895,1359.0077241102522,3124.462498560794,1503.7914925013574,1400.77382918633
10,17,21,1120.12819224518,92.308965757899,1065.5048416666666,215.39857565069977,1120.12819224518,2455.6549601410597,1365.2447809444207,1331.5404824988736
10,18,20,754.6575235736509,879.0098176832688,1281.555161904762,2051.1275492841874,754.6575235736509,3560.442596431489,1120.6025697037087,1460.3108536916118
10,19,21,117.43205075133649,19.686710466391585,119.55295000000001,45.93800135113751,117.43205075133649,280.8021028538105,442.0485634522794,446.0225429280453
10,20,21,630.6869787919879,55.69526369395513,612.0351583333334,129.96224550529638,630.6869787919879,1391.3362030892722,1024.4330786878506,1009.1711963124327
10,21,21,366.03607617177903,38.51550591394184,380.4018083333333,89.8740988615102,366.03607617177903,821.9462512050683,780.4383580718213,795.6058126149321
10,22,21,1072.8256639064523,122.4798273796306,1023.8870583333334,285.8008444456921,1072.8256639064523,2431.452172258597,1336.1069959925876,1305.2770070244349
10,23,21,2578.2742180601113,353.57213983679145,2713.2810416666666,825.0437504668704,2578.2742180601113,5981.592186587093,2071.291456761222,2124.829323341838
10,24,21,505.63640842936167,85.56669536690167,627.5376,199.66580877427705,505.63640842936167,1210.9386256330004,917.2671277367667,1021.8720890600741
10,25,21,863.1025222162649,81.79004674623866,887.3486333333334,190.85317906983923,863.1025222162649,1917.058223502369,1198.416704225982,1215.132966331943
10,26,21,662.9593246738749,82.52887374231298,705.3783333333334,192.5771966806971,662.9593246738749,1518.495846028447,1050.3162934360905,1083.3972247826125
10,27,21,182.44436395171442,18.798497418797417,177.86770833333333,43.86539850313323,182.44436395171442,408.7541264065621,550.9876782793358,544.0329646874964
10,28,21,60.568235911715796,7.088897240489229,55.528591666666664,16.541604122618974,60.568235911715796,137.67807594605057,317.4673913287711,303.97298651908744
10,29,21,625.9434659183468,67.03623442162035,631.8529416666667,156.42586061763805,625.9434659183468,1408.3127924543317,1020.5733326361849,1025.3795857794971
10,30,21,452.6161301969147,50.125270028571705,451.90005,116.96493054183254,452.6161301969147,1022.197190935662,867.8440186160564,867.1572424883506
10,31,21,188.5189553191232,30.903700797994766,264.14439999999996,72.11231411347332,188.5189553191232,449.1502247517197,560.0852985492666,662.9753250310301
10,32,21,892.8028400348451,244.339994366384,903.2771666666666,570.1557408741247,892.8028400348451,2355.7614209438148,1218.86173367531,1225.9907036080385
10,33,21,509.9429470562976,128.93164508006006,631.536775,300.8558538006372,509.9429470562976,1320.7417479132323,921.1650579031314,1025.1230138866263
10,34,21,1738.8358032293067,217.18218816497466,1739.4465416666665,506.7842934144749,1738.8358032293067,3984.4558998730886,1701.0064010971757,1701.305100601692
10,35,21,395.2057939810554,69.74136125176933,358.053075,162.73814525201252,395.2057939810554,953.1497332141233,810.9392339654534,771.8810250291167
10,36,21,139.75972708770274,51.526059278355966,144.93168333333332,120.23360554770025,139.75972708770274,399.7530597231057,482.24494385523354,491.0868773105902
10,37,21,166.00026980181406,17.128255469428247,159.60707499999998,39.967968454683344,166.00026980181406,371.96850805831144,525.5705936886296,515.3505339087172
10,38,21,3916.6577543011335,496.43660442649866,3517.1873666666665,1158.4111750833627,3916.6577543011335,8991.726683685629,2552.903935356183,2419.214702777191
10,40,21,4145.095914300378,147.45774259814726,3910.5471916666665,344.0856201077142,4145.095914300378,8634.277448708472,2626.2976985474875,2550.911705044558
10,41,21,331.8496790220367,76.59419770935769,529.6519999999999,178.72891277943882,331.8496790220367,842.4282708235122,743.100172179141,938.7975969291782
10,42,21,479.5072598016629,41.24060356353287,462.1931083333333,96.23298445200064,479.5072598016629,1055.2475040553263,893.2525288573031,876.9773841249652
10,44,21,332.9486290652443,29.721228776940833,357.88150833333333,69.35307196412636,332.9486290652443,735.2503300946149,744.3295767095155,771.6960735073535
10,45,5,1.0588919955555556,0.6437713463976997,0.97524,1.5022097790856443,1.0588919955555556,3.6199937701967553,41.97613941996625,40.283983914205905
10,46,21,2258.0321032220095,217.85345520826021,2246.3142583333333,508.35066309284593,2258.0321032220095,5024.414869536865,1938.3924834154263,1933.3563887360929
10,48,21,84.22749625120593,46.5231246776484,80.10408333333334,108.5594959071229,84.22749625120593,277.01448840953475,374.37221286041876,365.0934054001341
10,49,21,864.8044890299456,85.43529413350961,786.3022666666667,199.3591902537573,864.8044890299456,1928.9681683136484,1199.5977116291233,1143.856184899716
10,50,21,179.12051902733458,16.106701605832228,169.63041666666666,37.58422116250633,179.12051902733458,395.82525921717547,545.9455500885457,531.2861877870846
10,52,21,202.78160730083147,26.296207086895897,220.18391666666665,61.36094695707847,202.78160730083147,466.9241615587414,580.8860426525873,605.2983044196748
10,54,21,4.778217731732288,3.2859563748081375,4.06224347826087,7.667622716522996,4.778217731732288,17.224058179987573,89.16812382013275,82.21662330591111
10,55,21,740.998618080973,247.66584175841254,881.0639333333334,577.9164473796382,740.998618080973,2059.913683541584,1110.4151027821708,1210.8221938280892
10,56,21,94.28546342176185,38.10874161967728,51.885783333333336,88.9249337518074,94.28546342176185,277.4958605953311,396.0946997042648,293.83318986572414
10,58,21,145.10583762080674,63.196444724369336,180.80583333333334,147.46589421789182,145.10583762080674,437.6775694595053,491.38184113886666,548.5078911617103
10,59,21,36.26343170990174,82.28409647959846,59.46785833333333,192.00602059495625,36.26343170990174,264.5328840147597,245.64680003060593,314.5703677504711
10,60,21,22.197519725699166,5.329948407845702,20.960936170212765,12.437180786455057,22.197519725699166,56.83222023785339,192.1891589647122,186.75919732970058
10,67,21,555.9339701432763,142.34792710187256,533.0941666666666,332.162108987222,555.9339701432763,1444.0300492737745,961.8077387494923,941.8432424418265
10,71,21,681.3154565350718,106.54393138720621,626.4373833333333,248.6151900479536,681.3154565350718,1611.2461031180972,1064.7576811999807,1020.9759085633052
10,72,21,5674.193408536658,873.2872031043482,6036.745449999999,2037.774100687111,5674.193408536658,13386.160917760428,3072.760620647987,3169.407583255899
10,74,21,1761.2685943118875,134.47800454275665,1643.4534833333335,313.7980194776413,1761.2685943118875,3836.3352081014164,1711.9436149987475,1653.6948316623193
10,79,21,1547.8727201851852,269.18657160989284,1486.4069749999999,628.1340456260542,1547.8727201851852,3723.8794859964246,1604.886353106708,1572.6987017226152
10,80,21,18.352133429416615,5.297093812935306,23.855716666666666,12.360516153835938,18.352133429416615,49.06478301266917,174.7511087991983,199.23833098410893
10,81,21,433.7748189033188,20.71488119835967,419.7504833333333,48.337188790551664,433.7748189033188,915.8868265971893,849.5888997951436,835.7420680249778
10,82,21,904.1619717760392,181.1793213419617,982.7976833333333,422.7733182145364,904.1619717760392,2231.097261766615,1226.5910162052098,1278.8179483674237
10,83,21,11.47666811933622,3.430018317545638,9.327266666666667,8.003784399370957,11.47666811933622,30.957120638043396,138.192531457295,124.58158665442231
10,85,21,113.61103497762662,13.34933780933582,119.81150833333334,31.150044054793387,113.61103497762662,258.37211401004663,434.7973806300708,446.50459109248436
10,87,21,1032.0021151891913,107.6799573122993,936.261975,251.2660524442358,1032.0021151891913,2315.2702828226184,1310.439437621905,1248.1746377811078
10,90,21,620.6699394572184,22.975056270239943,546.6611333333334,53.61119968653627,620.6699394572184,1294.9510786009732,1016.2651126831087,953.7526544480318
10,91,21,505.7716003399849,26.957730266731705,505.00036666666665,62.90457979411262,505.7716003399849,1074.4477804740825,917.3897443103094,916.6900294719766
10,92,21,2069.2933241663645,80.21992779824586,1995.2450083333333,187.18938127703512,2069.2933241663645,4325.776029609764,1855.6142086686095,1822.1107798009061
10,93,21,57.47125784436885,6.690947816536741,61.05008333333333,15.613008093006895,57.47125784436885,130.5555237817446,309.2445198431651,318.72768732362533
10,94,16,25.47083275863096,59.81561498521006,13.158440000000002,139.57688902372283,25.47083275863096,190.51855454098475,205.87245010044913,147.971768118111
10,95,21,2875.311890657748,135.87898918812263,2848.092041666667,317.0671504297938,2875.311890657748,6067.690931745289,2187.354334819691,2176.976149922946
10,96,21,475.1660884827664,34.4468325610024,446.97925000000004,80.3800433511318,475.1660884827664,1030.7122203166646,889.199848872751,862.4230238114009
10,97,21,208.0745671843744,9.09299359845577,207.37788333333333,21.218067534688007,208.0745671843744,437.3672019034368,588.418286421147,587.4323772713475
10,98,13,10.717529657264956,9.72478901650643,9.509070588235295,22.692332055294504,10.717529657264956,44.127391369824416,133.54388548222224,125.78987820497932
11,1,21,876.4049227981743,371.3769783964302,767.3550083333333,866.590493342263,876.4049227981743,2619.4003389386116,1207.6165747190464,1129.9905901673105
11,2,21,2384.5662409124716,137.65938753024002,2345.9921666666664,321.22162517484463,2384.5662409124716,5090.354106999788,1991.9634095229644,1975.7861638682798
11,3,21,535.4085463219885,40.8697492146654,670.9422916666666,95.36761348977548,535.4085463219885,1166.1847061337526,943.8854915082596,1056.6210168898465
11,4,21,1207.3970275682198,80.81354181377046,1160.9311666666665,188.574551313125,1207.3970275682198,2603.3686064495646,1417.4302994763154,1389.888290954828
11,5,21,1405.7433992096132,235.18763800284296,1504.9979,548.7991531540888,1405.7433992096132,3360.2859515733153,1529.4302914107582,1582.5032403126384
11,6,21,185.80598073727066,47.484687376387434,225.52049166666666,110.80325667301045,185.80598073727066,482.41521814755174,556.04060278618,612.5896653824102
11,7,21,1174.6583962617397,312.5723128709637,1570.399008333333,729.3726067393312,1174.6583962617397,3078.6893992628106,1398.081389397461,1616.5221773507058
11,8,21,1427.7542989305778,75.54563280615903,1380.5928833333335,176.28213651267106,1427.7542989305778,3031.7907343738266,1541.3575683210179,1515.686827107324
11,9,21,753.1208873436129,98.8604703574427,771.7677916666667,230.68619963743,753.1208873436129,1736.927974324656,1119.461100949815,1133.2350176963882
11,10,21,926.0662214315948,75.23998407276348,966.73195,175.56891974892233,926.0662214315948,2027.701362612112,1241.3598158721643,1268.3225003129132
11,11,21,699.6790552273002,93.67056434376683,748.73185,218.57580110865956,699.6790552273002,1617.93391156326,1079.0115605952642,1116.1943372011883
11,12,21,166.47609551905447,25.231571528197883,175.87035,58.87667058102107,166.47609551905447,391.82886161913,526.3233064796833,540.9697425919494
11,13,21,1673.1953844586612,104.35438666007289,1644.3568083333332,243.50599169787176,1673.1953844586612,3589.896760615194,1668.5913579241658,1654.149246309615
11,14,21,1025.112616310733,176.94094147123616,990.7233666666666,412.8832606266823,1025.112616310733,2463.1084932481485,1306.057959487656,1283.9640501717067
11,16,21,760.6240298616025,133.6970254880158,589.3105083333334,311.975642045254,760.6240298616025,1833.223701768459,1125.0237267229995,990.2588984031735
11,17,21,539.5220536173986,54.51210701563232,540.4374916666667,127.20140574081726,539.5220536173986,1206.2455129756145,947.5044576250558,948.3079595433824
11,18,21,417.0428778564626,541.954852185018,620.9996588235294,1264.6258385540316,417.0428778564626,2098.711594266957,833.0422250721471,1016.5350128167514
11,20,21,416.36957386787606,52.701351900319196,380.043175,122.97609491116701,416.36957386787606,955.7152426469191,832.3694918220788,795.230685524647
11,21,21,302.6470046737718,36.949232750120395,296.5447,86.21927502292566,302.6470046737718,691.5132843704693,709.6510521215031,702.4602343193527
11,22,21,656.622948873923,63.6092767743342,627.6696666666667,148.4292181465621,656.622948873923,1461.675115894408,1045.284930976338,1021.9796110164494
11,23,21,1405.802921996365,146.20125516287143,1396.4577666666667,341.1536665140487,1405.802921996365,3152.759510506779,1529.4626710717564,1524.3705992091732
11,24,21,306.99483680272795,50.17977208016247,349.14280833333333,117.0921084837183,306.99483680272795,731.0817820891742,714.7303046882365,762.2162639741208
11,25,21,462.97656190876796,92.67570697611859,468.1517666666667,216.25434881843393,462.97656190876796,1142.20747263597,877.7203421456004,882.6123383078968
11,26,21,448.41980017226007,61.132946296200096,463.14457500000003,142.6508189038552,448.41980017226007,1039.4904192483752,863.8116388927859,877.8795890097912
11,27,21,92.54376524126985,11.828853273388725,90.96405833333334,27.602065798803732,92.54376524126985,212.68959628134343,392.41919596456165,389.0555141193435
11,28,21,44.08410004708995,9.732341470322519,37.191716666666665,22.709955346610755,44.08410004708995,110.87815544079065,270.84302183803385,248.77101224486208
11,29,21,372.6243704904006,52.36916013958022,368.0369166666667,122.20094125714667,372.6243704904006,867.4496822379479,787.4306017015256,782.5684822003333
11,30,21,295.46512640343576,31.223446896313774,277.3981166666667,72.85842640692505,295.46512640343576,663.7886792137965,701.1804121161094,679.4044937541504
11,31,21,89.12421809079122,26.23697563586039,125.4898,61.22273318681227,89.12421809079122,239.4711693683947,385.10089444595764,456.96282912289485
11,32,21,426.56326546583523,96.14928980482135,433.59611666666666,224.35978892995718,426.56326546583523,1077.4863198616276,842.4970467219157,849.4138791739474
11,33,21,304.26552567483,56.290852770157066,352.1405916666667,131.35202425142035,304.26552567483,739.8830756010802,711.5460875606843,765.4815115555264
11,34,21,976.9878944220457,138.2279725808214,875.6965749999999,322.54839131317095,976.9878944220457,2276.5241801572624,1275.0324922598186,1207.128452485484
11,35,21,200.0300531835979,30.383168386651203,164.88225,70.89767652044155,200.0300531835979,470.95778288763734,576.931545763886,523.7977319538526
11,36,21,117.55814815488901,46.72081927391312,125.06726666666667,109.0208068328779,117.55814815488901,344.1371031426559,442.2858335168959,456.1928668154877
11,37,21,165.8210798617536,20.101004771213958,153.56101666666666,46.90473738188217,165.8210798617536,378.54689710538935,525.2868520056046,505.4953330480246
11,38,21,2974.184496429478,254.37468319458043,2878.5614833333334,593.5712093819228,2974.184496429478,6541.9402022408785,2224.644466439222,2188.590027452987
11,40,21,2277.638521743654,96.97943661658472,2128.2497916666666,226.29689698188548,2277.638521743654,4781.573940469194,1946.789793527139,1881.8628146954106
11,41,21,37.3923510425548,11.041966192489527,50.25748333333333,25.76590226872843,37.3923510425548,100.55060435383803,249.4411195749634,289.1858438213507
11,42,21,259.80038827105056,19.620759582782636,243.22486666666668,45.78410810495457,259.80038827105056,565.3848846470557,657.5012137502318,636.1809319158609
11,44,21,222.8800980542706,29.67005156834629,225.13015,69.23365238503634,222.8800980542706,514.9938484935775,608.9930074822751,612.0592860172942
11,45,4,1.3665654470779223,0.909353689001535,0.5822285714285715,2.121933527966961,1.3665654470779223,4.855064422122806,47.68610808126055,31.126007499471292
11,46,21,1180.064987430688,184.9069845512871,1129.8214833333334,431.4716427944053,1180.064987430688,2791.6016176557814,1401.2951648687956,1371.1392884264774
11,49,21,368.08032787369615,72.70699260432029,316.2446,169.65830478364362,368.08032787369615,905.8189605310359,782.6146341475032,725.4178205696355
11,52,21,114.12854097308458,22.983034042087677,107.55451666666666,53.62981543722483,114.12854097308458,281.886897383394,435.78652133723995,423.04930650378486
11,54,21,4.715437722847523,3.047633198468763,3.26885,7.111506933981482,4.715437722847523,16.54238237967653,88.58040624663153,73.75206031020421
11,55,21,467.689137338803,110.02137176379038,539.7111583333333,256.7296315637537,467.689137338803,1192.1079062413596,882.1761301076833,947.6704951968625
11,56,21,200.33489847067273,44.05454208039268,138.21583333333334,102.79917597547546,200.33489847067273,503.4689729168209,577.3709994927001,479.5739220043837
11,58,21,105.57743060604687,66.36348759893612,103.64539166666667,154.85603794451038,105.57743060604687,366.0108991566041,419.1429881656879,415.29017774723894
11,59,21,26.868950978382465,28.65328425022523,36.10395,66.86107426877987,26.868950978382465,120.5989762255448,211.44723792953272,245.10604398912727
11,67,21,436.6303007631073,149.57769920881879,415.6567916666666,349.0324379019636,436.6303007631073,1222.2930394281782,852.3806781419969,831.656720849013
11,71,21,394.32081712433865,63.64009602383268,371.81802500000003,148.50113339758994,394.32081712433865,937.1427676462672,810.0307646595279,786.5781547945506
11,72,21,2860.469820523356,458.32822443632887,2927.2766749999996,1069.4870851767896,2860.469820523356,6790.426726223501,2181.701579352883,2207.031578206347
11,74,21,1025.5479070294332,116.63407058927766,914.9899583333334,272.1600493625267,1025.5479070294332,2323.255863421393,1306.3352239364049,1233.9138100640039
11,79,21,1331.3863325883872,162.85542859021342,1235.485725,380.0153871002988,1331.3863325883872,3042.7880522770733,1488.4310052626142,1433.8229480657644
11,80,21,580.5246891300832,36.184960428126764,540.6380666666666,84.43588195579453,580.5246891300832,1245.4852602159608,982.849471034328,948.4839181205622
11,81,21,522.570080030839,36.08697194828658,503.11795,84.20723050450313,522.570080030839,1129.347390566181,932.5001947299079,914.979928085857
11,82,21,954.5460996518586,229.86052229350597,982.04525,536.3685823347049,954.5460996518586,2445.4607816384223,1260.3034197449012,1278.328320894128
11,83,21,148.2557178109737,21.00780107776103,129.02854166666665,49.020703379679524,148.2557178109737,345.5321390016269,496.6865353897368,463.3610831018649
11,85,21,66.38870932257267,14.816564874495807,74.65296666666667,34.573748538933096,66.38870932257267,167.35116718407843,332.3714974433893,352.45217623577435
11,87,21,639.3558608642654,84.03440467798094,583.87975,196.09028142255704,639.3558608642654,1474.8020031510878,1031.4495394725511,985.6854995382654
11,90,21,2027.1201922754346,115.5681743127562,2014.53365,269.6728311614663,2027.1201922754346,4323.913215712336,1836.607742536855,1830.897046149783
11,91,21,1735.66291953356,98.10769084636787,1686.5833333333333,228.92962449726633,1735.66291953356,3700.2554635643864,1699.4537646266945,1675.2536126409834
11,92,21,3201.7659019408916,182.39951942408183,3112.816733333333,425.6205923307877,3201.7659019408916,6829.152396212571,2308.189433480199,2275.9013696262555
11,93,21,1358.7188366202158,138.28998812335377,1336.6469666666667,322.69310162836086,1358.7188366202158,3040.1307748687923,1503.6316517472087,1491.3686843075836
11,94,21,1536.4358752139076,180.43948058459839,1517.3265250000002,421.04693503998806,1536.4358752139076,3493.9186854678032,1598.946308152948,1588.971786281934
11,95,21,3042.3074635539133,173.73003037455035,3100.840175,405.3907524928451,3042.3074635539133,6490.005679600672,2249.9776930791363,2271.5188863841745
11,96,21,880.1591616047414,78.36552028035733,903.2397583333333,182.86220964479352,880.1591616047414,1943.1805328542762,1210.2003325525445,1225.9653167470385
11,97,21,672.0256079523809,55.54004896557456,662.54855,129.60005932826923,672.0256079523809,1473.6512752330311,1057.4736931161747,1049.9908510077598
11,98,21,383.88063951325495,64.2759626294852,390.60186666666664,149.98489784058694,383.88063951325495,917.7461768670969,799.2354998059435,806.2019015937219
12,1,21,778.0640371919108,395.81273726367607,720.6315333333333,923.6101729772103,778.0640371919108,2479.738247361032,1137.8482139052376,1095.0483420683613
12,2,21,3046.282096134852,179.60090914487523,3011.8494833333334,419.090168519914,3046.282096134852,6511.654360789618,2251.446958728629,2238.6865658833676
12,3,21,565.6956191252457,52.92577110165183,677.7622083333333,123.49976643016659,565.6956191252457,1254.891004680658,970.2151875869646,1061.977549040782
12,4,21,1118.4286238722666,45.57517787650587,1085.3063333333332,106.34750718985937,1118.4286238722666,2343.2047549343924,1364.2086461107963,1343.8562939044734
12,5,21,1097.0925013827941,205.34486826232776,1141.3214249999999,479.1624711394957,1097.0925013827941,2673.347473905084,1351.1335693783087,1378.099724693391
12,6,21,231.78723215139837,76.67327826099168,306.39838333333336,178.91344348069603,231.78723215139837,642.4879077834928,621.0426348487896,714.035650277118
12,7,21,1160.9959539093795,353.90682661846085,1491.3531333333333,825.824726133414,1160.9959539093795,3147.816633952173,1389.927072657126,1575.313179614348
12,8,21,1738.3862394624407,78.3633858837019,1703.3768083333334,182.85722913184247,1738.3862394624407,3659.6297080567238,1700.7864952619718,1683.5732859209506
12,9,21,788.7154562561601,58.56428521454825,777.5404583333334,136.65697059481542,788.7154562561601,1714.0878831071357,1145.6101078509435,1137.4653061375836
12,10,21,704.0373453681784,66.10664982372066,729.4150166666667,154.2567192271953,704.0373453681784,1562.3314099635522,1082.3669168505885,1101.7016781930276
12,11,21,710.9785977310657,101.23734819820218,714.6493333333333,236.23253088696518,710.9785977310657,1658.1897263490966,1087.6894715977044,1090.4936912548676
12,12,21,197.9653132429465,20.077453695262793,194.60155,46.849782067701454,197.9653132429465,442.7804085535945,573.9462354927184,569.0491887350337
12,13,21,1930.2314176876794,74.3307115514594,1889.9095416666667,173.447175621912,1930.2314176876794,4033.9100109972705,1792.1788635714627,1773.3610679535439
12,14,21,844.5079035254724,83.89064937468177,795.4500166666667,195.7548352682356,844.5079035254724,1884.7706423191805,1185.4371140918383,1150.4906899811633
12,16,21,297.39944542226345,40.78756741780832,299.2225,95.17584618047796,297.39944542226345,689.9747370250049,703.4718737679897,705.6247161204035
12,17,21,492.6109754470419,63.61890436826316,461.79062500000003,148.45168367850926,492.6109754470419,1133.673634572593,905.3754266291292,876.59545971902
12,18,21,374.5887368057102,480.3298529729769,860.1055238095238,1120.8268376036467,374.5887368057102,1870.004311215067,789.5034249733827,1196.3342307311314
12,19,21,116.87218656608945,21.61512646962374,121.30349166666667,50.43786825949009,116.87218656608945,284.182241391669,440.9935582817201,449.27609566204757
12,20,21,271.80978113366155,40.98957832708615,251.3653416666667,95.6472290170972,271.80978113366155,639.2667912844203,672.5261896806792,646.739459545599
12,21,21,174.63787165526696,20.32574814684486,169.85956666666667,47.42916534616888,174.63787165526696,396.7049086567028,539.0708844246407,531.6449180922671
12,22,21,425.19470606575965,84.13270509496084,403.568125,196.31966076430888,425.19470606575965,1046.7090728958283,841.1444530480029,819.473831186817
12,23,21,1552.5939077917044,164.22244453105597,1592.9304083333334,383.20525369810645,1552.5939077917044,3488.393069281515,1607.3320324579474,1628.0774549961272
12,24,21,392.1972969639165,58.08834730813989,454.24307500000003,135.54639215536665,392.1972969639165,919.9409860831996,807.8467070849252,869.4023676066221
12,25,21,808.545291443613,76.81947228631192,834.2777333333333,179.2545802767166,808.545291443613,1796.3451631639425,1159.9221374567226,1178.2351837670892
12,26,21,543.696807300584,52.83219772181976,574.6403166666666,123.28141740448784,543.696807300584,1210.675032005656,951.1632285513207,977.8555552500243
12,27,21,92.15563355668935,11.774944355571773,83.17863333333334,27.476271906332904,92.15563355668935,211.7875390197116,391.5954216258549,372.0339310690178
12,28,21,40.23236266820587,6.6086580604958565,37.20155,15.420988866095197,40.23236266820587,95.88571420250695,258.7405099320448,248.80389707558842
12,29,21,288.71511909951744,39.08209641876317,281.6134666666667,91.19621082228994,288.71511909951744,668.6264490213248,693.1247782193311,684.5471558142167
12,30,21,254.61788013756615,29.491861213089877,233.86898333333332,68.81785367684164,254.61788013756615,578.053613951974,650.9102492271189,623.8252866521736
12,31,21,114.8716894123728,20.102635906161037,148.30713333333333,46.90854355760314,114.8716894123728,276.65192238234874,437.2030319910743,496.7726541051416
12,32,21,393.4780400897684,56.16419222985399,383.7850166666667,131.05646791246204,393.4780400897684,918.0125480919988,809.1646672398484,799.1359507201096
12,33,21,400.6823758329263,56.421538030643035,457.24334999999996,131.65697208325983,400.6823758329263,933.0217237491124,816.5387151788882,872.268842960701
12,34,21,936.2644401538857,139.5091990707499,901.0227083333333,325.53807231274317,936.2644401538857,2198.0669526205147,1248.1762809860095,1224.4597938138543
12,35,21,125.27753014632034,23.356723985579883,119.294775,54.501803124469866,125.27753014632034,305.05686341711055,456.57618221220986,445.5406890509552
12,36,21,68.95332576262625,40.154291468840746,120.329925,93.6981269114828,68.95332576262625,231.6047784367353,338.7304740778575,447.4695466732904
12,38,21,2301.262610968254,338.41401954529283,2040.1452833333333,789.6729986279423,2301.262610968254,5392.198220564451,1956.8599808497222,1842.4987792307127
12,40,21,2089.357614608919,95.79711210556314,1923.1140833333332,223.5379990401743,2089.357614608919,4402.253228258012,1864.5887135530027,1788.8716652310939
12,41,21,32.85308198038205,11.906646644663327,34.66766666666667,27.783592925990526,32.85308198038205,93.48975688675463,233.81088172999077,240.18117605951832
12,42,21,260.69847034041777,29.971624900398922,242.6351,69.93735939383048,260.69847034041777,591.334300074666,658.6366636063127,635.4091645546199
12,44,21,269.2213030930942,29.532745613187007,271.7439083333333,68.91325547746793,269.2213030930942,607.3558616636564,669.3162543573171,672.4446917529103
12,45,9,1.236526291005291,0.7552441047303561,1.0420941176470588,1.762326152089793,1.236526291005291,4.235378734100375,45.36055277697577,41.64186129082976
12,46,21,1391.1183602542706,173.0380835174924,1372.3896083333332,403.77612745385204,1391.1183602542706,3186.012847962393,1521.453565332543,1511.1771267017862
12,52,21,158.7853550674759,16.16608915565937,158.9213,37.722799181869064,158.7853550674759,355.29350931682086,514.0222085010334,514.2422028577585
12,54,20,3.4308410270274172,2.314013550566476,3.1402260869565217,5.39964042209828,3.4308410270274172,12.261322476153115,75.55739188837596,72.28648704077168
12,55,21,556.4259341266473,99.63014144856187,595.6579166666667,232.48219047521496,556.4259341266473,1345.3340587285097,962.2332120576285,995.5776078906824
12,56,21,65.6548359079365,26.82941436053525,42.871358333333326,62.60516073767411,65.6548359079365,193.91483255354711,330.5293435548595,267.0916327155657
12,58,20,84.61225673357143,64.48418660306633,70.11904186046512,150.47077856687886,84.61225673357143,319.6952920340217,375.22632530869004,341.58174081149883
12,59,21,27.02485283516113,32.32215611297155,41.12625833333333,75.42221204117293,27.02485283516113,129.4719177114952,212.0597913742917,261.599109070858
12,60,21,18.0542790994709,4.753344961240352,17.796499999999998,11.091704102859469,18.0542790994709,47.20026230180127,173.3272062358347,172.0853741606183
12,67,21,256.0668556449392,80.90988067588914,260.84836666666666,188.7993534600215,256.0668556449392,700.9330647498999,652.7597167359355,658.8259877489149
12,71,21,340.8370573048925,103.69330091473805,305.3876666666667,241.96337959341406,340.8370573048925,923.637494203199,753.095520737802,712.8569823837972
12,72,21,2510.426264072652,387.98452782795994,2498.8088666666667,905.343419054617,2510.426264072652,5926.195947199921,2043.8564781845355,2039.121858578671
12,74,21,776.9031795575689,83.19613691137454,692.1370166666667,194.13422350923932,776.9031795575689,1747.9405826243772,1136.9990724639113,1073.1803183684153
12,79,21,1807.8056601773933,119.4193844478916,1707.0788333333333,278.6594466091507,1807.8056601773933,3894.270766963937,1734.4130472684938,1685.4017855296897
12,80,21,2.455937369044183,1.0424890655629042,1.459408695652174,2.432598588988778,2.455937369044183,7.344473327077143,63.92714432922466,49.27936758487488
12,81,21,312.8930725425548,14.562381322386088,299.29635833333333,33.98062332483563,312.8930725425548,659.7667684099453,721.5636303963852,705.711796887842
12,82,21,651.7598358170824,77.73237871620205,632.174725,181.38480395635816,651.7598358170824,1484.904475590523,1041.4069170116095,1025.640649740444
12,83,21,10.277205830605373,3.454301073049284,6.751883333333333,8.060447052943283,10.277205830605373,28.614858714154032,130.77182610228908,105.99591438667183
12,85,21,86.10652658376968,14.665123222794717,96.062075,34.22036665665572,86.10652658376968,206.43341982419508,378.52511176326567,399.8090704323753
12,87,21,475.0085297593349,75.97179572947789,434.85852500000004,177.27656739946892,475.0085297593349,1127.2936269181387,889.0524132578086,850.6495080819128
12,90,21,500.0606002651549,26.704224635434212,465.0738083333333,62.3130364759465,500.0606002651549,1062.4342370062564,912.1956143510107,879.7060969816378
12,91,21,278.53943255328795,26.208475443542547,274.6089083333333,61.15622934527715,278.53943255328795,618.235094451853,680.8007166334883,675.9801945816657
12,92,21,1081.9056803967087,86.38712574167528,996.147825,201.5802439832067,1081.9056803967087,2365.3916047766243,1341.7492508587898,1287.474264131132
12,93,21,28.349951091747407,5.484853270722921,23.1074,12.798643907086593,28.349951091747407,69.49854609058141,217.19649770810688,196.08853510595665
12,94,19,24.345092047953216,59.178151793867976,10.732828571428572,138.08939902405194,24.345092047953216,186.77958311995837,201.27154087896818,133.63916620084527
12,95,21,1710.0676225895209,86.85482166350276,1750.4594,202.67159014413647,1710.0676225895209,3622.8068353231783,1686.87655861031,1706.6822907618161
12,97,21,93.73161621466946,7.426517055998302,93.480975,17.32942388395005,93.73161621466946,204.79265631328897,394.92962585910163,394.40124543413907
12,98,21,37.395417456586266,9.018403928283558,34.313766666666666,21.044016091456715,37.395417456586266,95.83485100462924,249.45134725585177,238.9521034293972
13,1,21,1937.199055240727,1233.1357635392628,2016.7988500000001,2877.4635797234705,1937.199055240727,6751.861690204924,1795.4106014838414,1831.926113793894
13,2,21,3051.29251542684,95.9993421173192,3087.7749083333333,224.00989314199236,3051.29251542684,6326.594923995673,2253.297749004836,2266.7283576702935
13,3,21,827.6406877151928,74.94350454443881,1046.996175,174.87709888854982,827.6406877151928,1830.1584743189355,1173.5391362703165,1319.9248596795198
13,4,21,1734.3816219190478,83.28388262557053,1709.3044083333334,194.33897395468182,1734.3816219190478,3663.1022177927775,1698.8263651336754,1686.5000846328667
13,5,21,2187.517232603099,571.0301606678916,2373.968283333333,1332.4716862720227,2187.517232603099,5707.50615147822,1907.8859177245258,1987.531942753793
13,6,21,225.88007745026457,65.58438816650288,317.77781666666664,153.03804652126632,225.88007745026457,604.7982014217955,613.0778489533285,727.1741792262245
13,7,21,1861.2239624020824,466.44619874798957,2631.2565250000002,1088.4299916381922,1861.2239624020824,4810.877916442357,1759.8513214010623,2092.4652583973766
13,8,21,1489.3025675783754,74.26393842918691,1443.1139,173.2913637209644,1489.3025675783754,3151.896498877715,1574.2298029355234,1549.62625481114
13,9,21,1265.8548227054353,199.41409291997147,1659.9568083333334,465.3232893139912,1265.8548227054353,2997.0329347248617,1451.3381497713908,1661.9771746527288
13,10,21,1055.2773847767198,92.39196106701071,1169.6901,215.5922412521023,1055.2773847767198,2326.147010805542,1325.1345472322657,1395.1216170642615
13,11,21,806.958907141373,98.14726354219948,846.5126916666667,229.02196549845513,806.958907141373,1842.939779781201,1158.7836819196432,1186.8433422037356
13,12,21,287.2489436278637,27.760345920427948,316.7674666666667,64.77744519978242,287.2489436278637,639.2753324555098,691.3625982049978,726.0172618700834
13,13,21,1929.2276806260222,64.0380075205453,1894.095325,149.42964092579396,1929.2276806260222,4007.8850021778385,1791.7128287093612,1775.3238073095288
13,14,21,1012.6425605741497,162.33573042444124,1069.6528083333333,378.8026961795793,1012.6425605741497,2404.087817327879,1298.0898354102403,1334.129781193219
13,16,21,830.5063523464854,330.87261959163357,849.1379000000001,772.0755009732633,830.5063523464854,2433.088205666234,1175.569041062477,1188.6822391202788
13,17,21,684.6873567329849,81.98339707390126,710.74355,191.3043528516943,684.6873567329849,1560.6790663176641,1067.3892268538627,1087.5096630375292
13,18,21,641.1077223142102,694.7216718347651,1066.3123714285714,1621.0999371323383,641.1077223142102,2903.3153817607586,1032.8616799605093,1332.0449639772462
13,19,21,151.91536400488562,23.379570075375042,166.27585,54.555113387028456,151.91536400488562,358.3858413967997,502.7794404151085,526.0066676383485
13,20,21,338.7177602214658,37.071259194049226,343.2798833333333,86.50401791867996,338.7177602214658,763.9395383616117,750.7505264790157,755.7894719210282
13,21,21,350.46890476914933,49.723339984296,371.9558,116.02704592426167,350.46890476914933,816.9648554625603,763.6623976181259,786.7238722703157
13,22,21,630.0091077266062,91.45921211848848,672.627775,213.41571600017485,630.0091077266062,1473.4339314533872,1023.8823932742827,1057.947360505238
13,23,21,1090.9578443857008,167.70291160818536,1236.2550583333334,391.32675787549096,1090.9578443857008,2573.2424466468924,1347.350679317677,1434.269297261385
13,24,21,341.70863802893564,71.349482427535,431.4220083333333,166.49061943357935,341.70863802893564,849.9078954914506,754.0578052643901,847.2816661929294
13,25,21,548.5643820661857,91.42221709432035,609.08005,213.32938987305866,548.5643820661857,1310.45815400543,955.4114986528751,1006.7319420779297
13,26,21,478.60957425683364,66.24521070914929,535.3772916666667,154.58004445478485,478.60957425683364,1111.7991929684522,892.4160081281439,943.857941288483
13,27,21,103.02921420437605,11.749936261296517,111.14669166666665,27.417916709279172,103.02921420437605,233.47634511803128,414.0538762481059,430.05592070489314
13,28,21,65.68907858934242,8.447443028915371,56.745891666666665,19.71170602312919,65.68907858934242,151.089863201814,330.61552711974343,307.28677767410255
13,29,21,224.93666397792896,36.881170735047334,262.84658333333334,86.0604555520077,224.93666397792896,535.9337835078657,611.7962151397096,661.3446262476673
13,30,21,178.91508172116403,17.64817367501221,183.44975833333334,41.18117282782486,178.91508172116403,399.0113362701529,545.6323817223616,552.5037537127388
13,31,21,123.90551055248405,18.40899200959423,168.38553333333334,42.95650617981706,123.90551055248405,290.76752728478516,454.069124208345,529.3330968933141
13,32,21,382.778100875737,87.30891346183296,421.1974083333334,203.73119173074204,382.778100875737,969.287393482216,798.0869375307595,837.1812751529186
13,33,21,354.74694210385485,74.82586153367185,453.7941083333333,174.6025845253305,354.74694210385485,884.0964687330402,768.3091250667367,868.9726096182012
13,34,21,729.0105424232804,141.73626293297076,728.2630916666667,330.7348197778123,729.0105424232804,1788.7559046243732,1101.3961787623646,1100.8314060442378
13,35,21,149.8601649931698,22.639128696301864,152.48604166666667,52.827328690323036,149.8601649931698,352.54765867666265,499.3669137504352,503.7229132502643
13,36,21,70.79960217634164,14.355754336047559,140.90461666666667,33.498469092222464,70.79960217634164,175.09767344490575,343.23539738994356,484.21615228463133
13,37,21,133.20924369803475,17.035359263147658,135.72690833333334,39.751199581238566,133.20924369803475,306.16968697730806,470.80800918583554,475.2363364334284
13,38,21,3610.8318405316704,294.435863194832,3377.041966666666,687.052065115615,3610.8318405316704,7908.715746178956,2451.2087187028155,2370.526910316213
13,40,21,3246.0190091200298,107.0320282776272,3054.537075,249.75414089755967,3246.0190091200298,6741.792159137619,2324.085977578224,2254.4954408470203
13,41,21,72.37607270987425,22.60916266818802,118.73944999999999,52.7574043907641,72.37607270987425,197.5095498105126,347.0357114033522,444.50246883453866
13,42,21,315.27132307959187,28.655031635506024,318.0819916666667,66.86515170911848,315.27132307959187,697.4077978683022,724.3006845257298,727.5221193430021
13,44,21,376.9343126388511,35.17936089777684,414.44731666666667,82.08936334046868,376.9343126388511,835.9579886181709,791.971398619324,830.4458651431371
13,45,12,1.180929742989418,0.7567734095495349,1.1393411764705883,1.7658947120566635,1.180929742989418,4.1277541980354995,44.329077278174786,43.54151717208599
13,46,21,1705.1673591306874,143.82341320862272,1682.72785,335.6050855515996,1705.1673591306874,3745.9398038129743,1684.4579203985666,1673.337725146959
13,48,20,57.787851294271285,34.95155697461162,55.857724999999995,81.5577937342603,57.787851294271285,197.13349632280287,310.09512178308677,304.8725215561415
13,49,21,387.3785859238851,77.51489927803345,364.41519166666666,180.87732604421592,387.3785859238851,955.6344978919861,802.8685863684946,778.7084685126606
13,50,21,98.40575792305948,28.010131159147896,89.346875,65.3603071590417,98.40575792305948,262.17182300516066,404.65686845025994,385.5816385669836
13,51,1,2.1904173571428567,1.9056173571428567,0.6348,4.446667353422254,2.1904173571428567,8.827502067707968,60.372630241573155,32.500879988086474
13,52,21,178.13220030329143,30.886445075966606,197.10905833333334,72.07204870787406,178.13220030329143,428.3364493144569,544.4373070470804,572.7036520458611
13,54,21,3.7485277270116133,2.843414611843561,3.2206808510638303,6.634972587406339,3.7485277270116133,14.132028041429566,78.97816241055071,73.2066454372157
13,55,21,742.5412963168556,261.2388166815946,877.0347333333334,609.5883379895262,742.5412963168556,2094.6709306232374,1111.5703833186847,1208.0504113101683
13,56,21,352.01760940254246,164.9050300024516,270.44488333333334,384.7980343894652,352.01760940254246,1088.8332531945503,765.347830757905,670.8355132718204
13,58,21,259.71253619604204,87.49703906846665,278.647425,204.17017387488823,259.71253619604204,723.5952462669723,657.3900366070465,680.9326803730307
13,59,21,32.317112162159006,35.98125950611468,43.54380833333334,83.96055555494183,32.317112162159006,148.59477987925985,231.89582712466515,269.1781883189399
13,60,21,40.72325692120525,10.655409917187692,39.94983333333334,24.863891608927158,40.72325692120525,106.31040545133766,260.3142322595627,257.8304145493054
13,67,21,677.8807946858105,219.47680313114873,658.3606166666667,512.1386681636944,677.8807946858105,1867.9002575353156,1062.0704507504145,1046.667122887374
13,71,21,409.4827372365835,45.17166779573876,385.3575333333333,105.40593563238045,409.4827372365835,924.3714101055474,825.4570096387062,800.7714626949856
13,72,21,3238.7575945517005,420.7329100487543,3185.5195750000003,981.7602094206189,3238.7575945517005,7459.27539852402,2321.485006915623,2302.3259049926014
13,74,21,1223.6578015176115,125.5301735873981,1156.4962166666667,292.918682057673,1223.6578015176115,2740.234285092896,1426.943089869146,1387.2309485205892
13,79,21,2170.1730823552534,117.87000439803847,2098.9206833333333,275.0440420475259,2170.1730823552534,4615.390206758033,1900.3073459414773,1868.850988459665
13,80,21,767.680095599093,41.61176999636081,740.3682416666667,97.09908364728545,767.680095599093,1632.4592748454713,1130.229923102769,1109.942680562079
13,81,21,1369.4868487433105,62.39832458215016,1345.6724333333334,145.60351887416815,1369.4868487433105,2884.577216360789,1509.5781252750282,1496.3953117631272
13,82,21,1255.2402103102108,250.72733731763643,1430.3058583333334,585.0603014722872,1255.2402103102108,3095.540722092709,1445.240364076575,1542.7342442127442
13,83,21,232.49376317702195,23.17013138473768,192.92167500000002,54.06639817633317,232.49376317702195,519.0539245303771,621.9884419557686,566.5877400720916
13,85,21,172.66589218284892,30.42494055002023,197.7351666666667,70.99514987438567,172.66589218284892,416.3269342400835,536.0186979875429,573.6125149727238
13,87,21,650.1436819203326,109.39674108265142,631.1168083333333,255.2720856155309,650.1436819203326,1555.559449456196,1040.114939184816,1024.7821080925771
13,90,21,4962.364539734241,207.73344504538844,4767.976475,484.73610131376273,4962.364539734241,10409.465180782245,2873.5647885714666,2816.720230054806
13,91,21,3386.738953883069,137.8632290334544,3216.614716666667,321.6972796152381,3386.738953883069,7095.1751873813755,2373.927888386972,2313.5355818602256
13,92,21,6929.080408690854,253.85411712572798,6568.434783333333,592.356493250697,6929.080408690854,14450.517310632404,3395.5838673285007,3306.0362187167075
13,93,21,2057.231641688587,149.186132772905,2052.0884666666666,348.11873627096867,2057.231641688587,4462.582019648143,1850.1982195888656,1847.8839813509217
13,94,21,3085.523449217082,285.4613935907624,3039.9084333333335,666.1105676774674,3085.523449217082,6837.157466111632,2265.9018115305053,2249.090401265958
13,95,21,5465.517195089494,354.25701586359264,5447.3986583333335,826.6418760601871,5465.517195089494,11757.676266239174,3015.728869217012,3010.726053208207
13,96,21,330.4257426692641,38.64586291078645,356.5936583333333,90.1782807057752,330.4257426692641,751.0297660443034,741.5041711289664,770.3063335236616
13,97,21,1092.3738903599394,61.84950638984581,1109.7182916666668,144.32287775829224,1092.3738903599394,2329.070658478171,1348.2248156590722,1358.8860280882034
13,98,21,594.0320161548752,52.75590687723541,610.7136666666667,123.10339635177928,594.0320161548752,1311.1674286615298,994.2179212233666,1008.0811184291339
14,1,21,1347.051245558957,1354.124164762454,1288.2730083333333,3159.784252257933,1347.051245558957,5853.886743375847,1497.1617389614605,1464.1332882858262
14,2,21,3007.7990076996293,138.23502433576985,3166.4010416666665,322.5648462475239,3007.7990076996293,6338.162861646782,2237.180714384107,2295.406572556011
14,3,21,568.9805474029478,50.383994630945054,800.7568500000001,117.56865208046591,568.9805474029478,1255.5297468863614,973.0280730166551,1154.3220514223922
14,4,21,2082.9937300972324,106.40902161952432,2141.726783333333,248.30038452975225,2082.9937300972324,4414.287844724217,1861.7469126822245,1887.8117934441098
14,5,21,1101.6330082641243,319.44551649406617,1362.693525,745.4109000775579,1101.6330082641243,2948.6769166058066,1353.9266323370343,1505.829348100242
14,6,21,186.94044201192193,63.347693639346225,279.450575,147.81882635820182,186.94044201192193,521.6997103820456,557.7355067662791,681.9133059267871
14,7,21,1433.3951651181474,443.0726249562231,2406.0024166666667,1033.8888702934087,1433.3951651181474,3900.6792005297034,1544.3994155517532,2000.8968042688593
14,8,21,2132.0707249721913,113.84598063159304,2206.9780166666665,265.6541742209249,2132.0707249721913,4529.795624165307,1883.5513495399393,1916.3536781432942
14,9,21,764.8271778544424,127.84046699341054,892.2150583333333,298.3096416996155,764.8271778544424,1827.9639974085003,1128.1278402511803,1218.4604454255652
14,10,21,779.3456514815776,79.11283732156937,822.1620666666666,184.60603837166664,779.3456514815776,1743.297341334822,1138.7849507546828,1169.6485279490303
14,11,21,727.7844401836254,149.41027958830176,803.7719666666667,348.6417721903584,727.7844401836254,1804.2106525576091,1100.469585434124,1156.493213353772
14,12,21,209.42248853371126,25.233993166930706,215.722475,58.88232135968063,209.42248853371126,477.72729842710316,590.3211167831417,599.134541150817
14,13,21,2342.498068276418,118.32527747465949,2425.9447583333335,276.1064000907682,2342.498068276418,4961.102536643604,1974.314257055335,2009.171988125125
14,14,21,921.5542639604067,199.47935927546223,1036.8529,465.47558524640897,921.5542639604067,2308.5841131672223,1238.3320617791162,1313.5155977756795
14,16,21,962.9162674074075,324.6566813517283,1184.6429,757.57090510638,962.9162674074075,2683.403439921195,1265.8169966333705,1404.0106073673376
14,17,21,874.5543859161754,69.61196187304209,928.4583833333332,162.43619796402064,874.5543859161754,1911.5449697963716,1206.3409543593039,1242.9620870592419
14,18,21,564.4531928175085,748.114382804619,858.9160258064516,1745.689285508305,564.4531928175085,2874.595671143322,969.149169554581,1195.5066988277129
14,19,21,81.03123182751321,22.993789608597368,43.6112,53.6549130394727,81.03123182751321,215.71737669449914,367.20017668974776,269.3864079718945
14,20,21,431.4063961177695,42.8433404137171,462.73222499999997,99.972894566236,431.4063961177695,962.785686801775,847.2663354223207,877.488702149492
14,21,21,319.01085610305097,55.958069331512675,353.99396666666667,130.57548994518464,319.01085610305097,768.5972021512866,728.583601624053,767.4932967351137
14,22,21,708.0005607588057,92.1332243984123,769.332475,214.98849155750736,708.0005607588057,1630.9896130751188,1085.4091086326173,1131.44564093906
14,23,21,1303.233380843118,170.23112806729156,1477.2799083333332,397.22623058387774,1303.233380843118,3003.692992270114,1472.610045369428,1567.86280250112
14,24,21,287.0797419316567,51.14874695159708,372.6050416666667,119.35316520160785,287.0797419316567,693.5126490649213,691.1589474023156,787.4101785812356
14,25,21,514.4537249232047,95.76468326790766,567.8706666666667,223.46232789183404,514.4537249232047,1252.3697777382436,925.2302406818601,972.0785921587479
14,26,21,437.8990397756752,72.7879981865426,489.26254166666666,169.8473274521047,437.8990397756752,1045.6454070034551,853.6181829054038,902.2931171927077
14,27,21,103.6419726058201,14.031868158448525,102.31175833333333,32.74269612093,103.6419726058201,240.0266413325702,415.2833278812005,412.609701614815
14,28,21,57.94600701995465,9.891422062272111,49.03094166666667,23.081162332175754,57.94600701995465,138.97317637208505,310.5191711975358,285.63523405443755
14,29,21,345.8772220108981,45.662180321606264,400.1754833333334,106.55052325226337,345.8772220108981,798.3049672740595,758.6433268843367,816.0220611396892
14,30,21,245.92501902411186,27.16833748137892,256.9991333333333,63.39602169993735,245.92501902411186,555.2460597481611,639.7024555651808,653.946907528942
14,31,21,110.94239942710783,17.940514509524178,160.81775833333333,41.86333624327864,110.94239942710783,263.7481350974943,429.66050859569054,517.3014110426017
14,32,21,488.5761026240019,153.2624181747333,557.9283083333333,357.6305541349276,488.5761026240019,1334.7827593829315,901.6599329937752,963.531372123745
14,33,21,302.37276656016627,61.28458452391722,396.42700833333333,143.00465948690464,302.37276656016627,747.7501926072372,709.329460516139,812.191197851015
14,34,21,938.4008239034976,198.42163225749798,960.7544083333333,463.00742962115476,938.4008239034976,2339.80907742815,1249.5995242378335,1264.3952449557323
14,35,21,150.6817002882773,21.380111604156525,166.4998,49.88947226282011,150.6817002882773,351.25287283937473,500.7338108014012,526.3607766541879
14,36,21,126.72531320400603,35.40387592759743,143.13980833333332,82.61325847068134,126.72531320400603,336.0638848786934,459.2068392037144,488.04163866074646
14,38,21,4188.701563604232,249.27758261287948,4150.378266666667,581.6773679090777,4188.701563604232,8959.080495117543,2640.0756432037024,2627.9705926310007
14,40,21,2973.896254009352,129.9357779401121,2828.6580833333333,303.19895001066885,2973.896254009352,6250.9914580293735,2224.536663368703,2169.5361372115162
14,41,21,134.26614832230467,44.28069531652662,185.3461,103.32689378210551,134.26614832230467,371.85919042671486,472.6720541858964,555.3520598683325
14,42,21,317.1860772238851,53.61648185580185,324.5814666666667,125.11150708188981,317.1860772238851,759.48366152966,726.4968220856474,734.9173834747232
14,44,21,195.69975800506424,24.676057382629832,216.874325,57.58040477707955,195.69975800506424,448.979920787208,570.6526065133032,600.7319508732659
14,46,21,1295.511695215605,124.29631394492675,1342.6512833333334,290.0395293409341,1295.511695215605,2881.062919772144,1468.240941003474,1494.7146000045182
14,49,21,494.7620267199547,69.02912851374066,469.95223333333337,161.07618407583016,494.7620267199547,1150.6002375157395,907.3499944685096,884.3079306817658
14,50,21,89.92554420052222,16.924200302145763,82.21566666666666,39.491815439362064,89.92554420052222,219.3429038404065,386.8282636386191,369.87412633669487
14,51,9,0.8408817730158731,0.5203603726581095,1.0090105263157894,1.214236148952117,0.8408817730158731,2.895999694983863,37.406246407497406,40.97552337419833
14,52,21,98.98502139863257,18.268681362531677,99.788925,42.62909796678207,98.98502139863257,240.5991407640472,405.846123065534,407.49082345495833
14,54,20,3.8338471020779217,3.2029170883176943,4.148995744680851,7.473854496001456,3.8338471020779217,15.1415487001573,79.8719073132579,83.08988457778081
14,55,21,537.7835428346526,269.4591020746043,730.9529916666667,628.7699824869896,537.7835428346526,1704.337068156295,945.9766462639878,1102.8625381856677
14,56,21,349.68611190883666,165.47518029817627,247.252975,386.12845295279317,349.68611190883666,1085.5006767704665,762.8090784831446,641.4272760025099
14,58,21,280.6281076294029,107.13969694626961,284.0437,250.0053806084303,280.6281076294029,811.2615958672361,683.3484990071511,687.4945212872609
14,59,21,34.16329301043084,55.967316509864226,46.46483333333333,130.59706779549808,34.16329301043084,198.92365381635977,238.42759817050737,278.06021410238947
14,60,21,16.539153155782316,5.70692551721645,15.293216666666666,13.31683891873598,16.539153155782316,46.39514523030061,165.89499947624032,159.52401867221542
14,67,21,575.9259406470144,217.1531314849463,597.950975,506.7164910353684,575.9259406470144,1658.568372329397,978.948806238933,997.4920663343644
14,71,21,395.2817000605992,58.83366525432124,367.7987416666667,137.2855560891867,395.2817000605992,927.848956210385,811.017107649917,782.3152217190544
14,72,21,3522.1356981400536,594.2824584604331,4000.952025,1386.7298158480305,3522.1356981400536,8431.001212128138,2420.9159014110855,2580.229480026922
14,74,21,1054.8094520709062,104.48959005526677,1063.605775,243.8214823818892,1054.8094520709062,2353.440386523702,1324.8407180661334,1330.3533401318614
14,79,21,1490.6355942398748,107.69188757924766,1473.458525,251.29389115401565,1490.6355942398748,3232.565079633765,1574.9341665019372,1565.8336391839332
14,80,21,1439.6252918796674,78.66318618161685,1482.7116583333334,183.55679884991196,1439.6252918796674,3062.807382609247,1547.7520750067715,1570.74256307858
14,81,21,1571.1370779583044,102.77008225953261,1646.0386500000002,239.8090928270889,1571.1370779583044,3382.083248743698,1616.9020062213474,1654.9949587838632
14,82,21,1016.3113355908059,246.10525794236565,1192.285575,574.2748993631469,1016.3113355908059,2606.8975705447588,1300.4391805936566,1408.5322846140234
14,83,21,451.6164202095994,61.725314728108025,418.021575,144.0330824298929,451.6164202095994,1047.2659228490918,866.8850692155065,834.0191249605731
14,85,21,72.97214717651343,12.527500879009486,94.98554166666668,29.23232671546454,72.97214717651343,175.17662106849141,348.4618385156664,397.56249990829537
14,87,21,687.2285262628874,89.45487412810303,686.4866999999999,208.7386887503633,687.2285262628874,1583.195741276138,1069.3681628426407,1068.7908442721616
14,90,21,4334.828258523054,246.7079645447275,4436.718516666667,575.6812865176136,4334.828258523054,9245.337803563722,2685.731599058692,2717.1123664164743
14,91,21,3698.4687562120257,228.9113580812659,3625.3180749999997,534.1537528466208,3698.4687562120257,7931.091265270672,2480.776493426365,2456.1207781377525
14,92,21,7223.7776537,550.0692650819772,7431.419066666666,1283.56043462383,7223.7776537,15731.11574202383,3467.0399501241404,3516.5155092695572
14,93,21,2382.5900725572596,228.4504641809454,2505.1603333333333,533.0782788789512,2382.5900725572596,5298.25842399347,1991.1378356947769,2041.7117315298617
14,94,21,2546.5129206517763,198.58995639393947,2596.855375,463.40020597759474,2546.5129206517763,5556.4260472811475,2058.4939883236375,2078.741769436502
14,95,21,5545.223687547668,281.38182358565035,5860.406266666666,656.5910853481656,5545.223687547668,11747.038460443502,3037.639250483724,3122.7737714623727
14,97,21,1017.9632985379166,87.50943946878257,1051.7739333333334,204.19910961849254,1017.9632985379166,2240.125706694326,1301.4956506908093,1322.9330387690327
14,98,21,716.58780297606,73.3839107627055,737.8901916666667,171.23786106998185,716.58780297606,1604.4134670221017,1091.9716590425612,1108.0836064726043
15,1,21,582.0559392815798,372.43384491624084,604.9080583333333,869.0566410360545,582.0559392815798,2033.168519599214,984.1448485688215,1003.2781314603975
15,2,21,979.1700865948326,61.107412885548726,1077.5809416666666,142.59123790605446,979.1700865948326,2100.93141109572,1276.455649090011,1339.064855387271
15,3,21,306.5603181369408,32.39990813003289,414.5769416666667,75.60364267027245,306.5603181369408,688.7242789441541,714.2243130696893,830.5757225764147
15,4,21,476.2816203028585,42.09265395737066,525.0659166666667,98.22120346960536,476.2816203028585,1050.7844440753224,890.2430096237524,934.7243900387607
15,5,21,597.3148884053253,161.07206363625733,696.38415,375.8539899077986,597.3148884053253,1570.4837667184493,996.9613705186682,1076.4679398848812
15,6,21,121.29556427017108,37.06567079457599,172.41369166666667,86.49097765464042,121.29556427017108,329.0821061949826,449.2614149307335,535.6270931658828
15,7,21,633.5962696041917,170.0909917486545,972.4861416666666,396.8992291579217,633.5962696041917,1664.0917683663051,1026.7931596097508,1272.0915610652141
15,8,21,787.2017536717103,60.1001711950462,821.0507583333333,140.2408873882156,787.2017536717103,1714.6443947316363,1144.5102525140287,1168.857759467193
15,9,21,448.2940460222688,80.89701980583187,648.0383333333333,188.76934323220436,448.2940460222688,1085.3574352767419,863.6905074047389,1038.4294808347202
15,10,21,426.6183523712362,60.686289771381546,470.53545833333334,141.60856717390584,426.6183523712362,994.8452719163782,842.5514455187512,884.8564870455924
15,11,21,423.3125305027967,156.122266564479,524.9312166666667,364.3038741604577,423.3125305027967,1210.9289351660511,839.2806745997751,934.6044856158851
15,12,21,122.7452653881674,15.8845467316892,144.80925,37.06583334317175,122.7452653881674,282.55636411950655,451.93818339006333,490.8794067793026
15,13,21,694.977588842706,43.526762382001344,742.0204416666667,101.56762718324862,694.977588842706,1491.5228048686606,1075.3802619698126,1111.180460111378
15,14,21,453.3074429477015,56.29531725008119,514.556925,131.36244190271543,453.3074429477015,1037.9773277981185,868.506525631774,925.323037214572
15,16,21,432.25683793645976,247.5147404705774,568.0303583333333,577.5638597202332,432.25683793645976,1442.0775355931528,848.1010425216261,972.215262309056
15,17,21,433.238840888566,59.861415714094214,455.0976583333333,139.68376284344782,433.238840888566,1006.1614446205799,849.0638558074262,870.2198018125458
15,18,21,223.43120466591085,262.43582682847943,392.75008888888885,612.3815041631638,223.43120466591085,1059.2439134949855,609.7454588302201,808.4158261137093
15,19,21,43.24694148148148,8.823987233128568,44.48878333333334,20.590353991840814,43.24694148148148,107.08423695480377,268.2590364278251,272.0833244920877
15,20,21,163.04350790544217,23.963267778991604,176.0483,55.917144181516406,163.04350790544217,382.00415999240073,520.8688867216546,541.2433567259741
15,21,21,112.32919995194806,21.551387058150908,121.63175833333334,50.28913537822187,112.32919995194806,274.947535282118,432.3375865224323,449.88359146190993
15,22,21,325.46554852975754,58.69763762443106,331.779075,136.96814209275726,325.46554852975754,787.8992391522723,735.9175719831105,743.0211173311294
15,23,21,713.4355081500104,115.66994575733275,867.1479416666666,269.9103099808174,713.4355081500104,1696.7813262808381,1089.5672010305823,1201.2219507373868
15,24,21,143.75059685558304,39.88036463762578,200.63215833333334,93.05893169580935,143.75059685558304,380.56012540697543,489.0817857656224,577.7991964918839
15,25,21,317.0016412937264,64.0257756494947,363.6061666666667,149.40109843720458,317.0016412937264,783.4043810246574,726.2855713235399,777.8435969610687
15,26,21,173.6630024833505,40.56116398323868,203.69830000000002,94.64754454771315,173.6630024833505,441.9735495144142,537.5641693159015,582.1975362366283
15,27,21,64.19968658964474,9.725646089243124,64.2675,22.69433199370999,64.19968658964474,151.09370517299948,326.8459552834773,327.0185315849852
15,28,21,29.536289281825052,5.497856851192911,27.529033333333334,12.82898714285571,29.536289281825052,71.9015657065058,221.69435122473664,214.02876317604293
15,29,21,174.28503992765067,23.879876616289618,196.66218333333333,55.7225548746123,174.28503992765067,404.29263472991363,538.5260499173746,572.0540822917591
15,30,21,125.38381279356727,21.125473191346366,139.646275,49.29528565293958,125.38381279356727,300.06291124007413,456.7698156495194,482.0491692763302
15,31,21,70.25331377759224,15.293933097476701,95.26595833333333,35.687664553989215,70.25331377759224,176.1942921091737,341.9086341786552,398.1489101663681
15,32,21,172.83336843863808,41.88258011685742,207.46201666666664,97.73100616692186,172.83336843863808,443.397743044198,536.2785890578643,587.5515260241721
15,33,21,132.6746079812616,37.102792112640486,169.36110833333333,86.57759848254936,132.6746079812616,351.9268144450726,469.8622645848667,530.8642804584489
15,34,21,468.8627412266633,118.58164061572181,538.1911833333334,276.70461127189,468.8627412266633,1214.4300937252165,883.2822886264435,946.3351040021007
15,35,21,105.60791695082801,22.32429734456105,117.228275,52.09268472396106,105.60791695082801,263.30851862561707,419.2034992771146,441.66486117869954
15,36,21,51.067936304603855,24.713838679714414,56.572300000000006,57.6685656346023,51.067936304603855,159.80443824381,291.5082263176475,306.81640634099085
15,38,21,2075.591057727513,246.05647515109678,2115.483675,574.1610670428593,2075.591057727513,4725.343182497885,1858.4357723791752,1876.2102321435088
15,40,21,1203.2663433496803,63.444013020288246,1205.1487,148.04358304670032,1203.2663433496803,2554.576269746061,1415.0036025868867,1416.1099663514835
15,41,21,29.001516556840514,9.032290510867314,58.58855833333334,21.076419770607906,29.001516556840514,79.07945288428894,219.6782273020761,312.23606624902686
15,42,21,131.06937377032915,20.867441500645853,148.18589166666666,48.69318099069689,131.06937377032915,310.8319285313552,467.0111754057152,496.56955578582676
15,44,21,122.89040247004054,14.15386901972707,139.81506666666667,33.02737932078817,122.89040247004054,278.80818426086927,452.2052959775543,482.34040980756873
15,46,21,465.31978273101765,48.086110098350815,507.08120833333334,112.20664795370838,465.31978273101765,1042.8462134157437,879.9387015380181,918.5766874173689
15,49,21,401.7560887672301,85.20213265936725,388.71970833333336,198.8151190574815,401.7560887672301,1002.3272965919417,817.6320270810525,804.2571694841562
15,50,21,100.75365536453653,24.43560771108384,91.24666666666667,57.01932691924153,100.75365536453653,258.5266376483146,409.45583708940916,389.6594068328562
15,52,21,63.266108225266265,12.61619835072202,65.13856666666666,29.439298041747254,63.266108225266265,155.9715144922798,324.4607897525417,329.2272390512871
15,54,17,1.9472541642390289,1.2963291226723046,1.3328111111111112,3.0249222738609416,1.9472541642390289,6.919430602338999,56.92302635396105,47.09349943345566
15,55,21,221.31378024509718,60.624500516101634,284.2307916666667,141.4643848892433,221.31378024509718,584.0919453794377,606.8493473077497,687.720900753593
15,56,21,171.39494911927437,85.7953488717194,154.34150833333334,200.1993608388127,171.39494911927437,542.9892590773615,534.0423160522699,506.7783241878708
15,58,11,37.678030818903316,33.56291563776586,32.81290322580645,78.31746530472566,37.678030818903316,153.6735269425323,250.39217895664217,233.6678646449741
15,59,21,10.088996110052909,11.152045468362173,12.013783333333334,26.022767016772683,10.088996110052909,46.2007592368785,129.56886017530616,141.38930464029684
15,60,21,4.537050328770699,2.069435187969082,10.384,4.828928460308685,4.537050328770699,13.903029117850084,86.88873199140636,131.44951882757124
15,67,21,230.54148939382262,60.19850775047806,252.66953333333333,140.4703510573241,230.54148939382262,601.5533298449693,619.3714865501324,648.4150703574576
15,71,21,173.89385237263792,47.33529797842233,181.45152499999998,110.45466362709341,173.89385237263792,458.24236837236924,537.9213421570755,549.4864307696779
15,72,21,1507.0140409913074,423.86099340445617,1722.3485333333335,989.0594429652996,1507.0140409913074,4003.0875249479145,1583.562870305292,1692.9229041709689
15,74,21,503.679916179585,49.324960800153576,559.7643083333334,115.09744706971244,503.679916179585,1122.4572794288824,915.490786694672,965.1154382076098
15,79,21,330.895222923772,37.71232440438678,331.6668,87.9999130581411,330.895222923772,749.7903589056851,742.0307614547772,742.895386444148
15,80,21,2.6490143909297053,1.4592451913355213,1.2686545454545455,3.4050791616837865,2.6490143909297053,8.703107943543197,66.39246904963717,45.94606798885367
15,81,21,166.18119394353738,12.500126849728913,177.65344166666668,29.16845072174666,166.18119394353738,361.5308386088214,525.8569260949656,543.705183838938
15,82,21,380.73096096010653,74.27295967346173,440.73860833333333,173.31241436486923,380.73096096010653,934.7743362850823,795.9499475705852,856.3813661369954
15,83,21,14.134062760544216,4.191409047826449,11.554166666666667,9.780453409467617,14.134062760544216,38.04857893055605,153.3593180525578,138.65833308291764
15,85,21,94.1885207186422,17.653970404865692,139.86823333333334,41.194699220885596,94.1885207186422,229.57174065816997,395.8910184328771,482.4321094896842
15,87,21,375.72519001058197,42.390751142883886,370.11370000000005,98.91679905599113,375.72519001058197,850.367179077155,790.7001430236422,784.7733410354865
15,90,21,221.737343052058,19.01968746085398,212.24667499999998,44.38153493274137,221.737343052058,487.8562210368574,607.4297809941693,594.2882021376497
15,91,21,137.50629145603654,9.856148819267815,136.81109166666667,22.998853899410584,137.50629145603654,298.01143681148363,478.34137285294986,477.1306493334224
15,92,21,760.4290987365081,45.44161813535635,715.0785083333334,106.03585189428024,760.4290987365081,1626.8940493672965,1124.879558129469,1090.8210842602314
15,93,21,14.880909353246755,3.7589154313300233,16.7423,8.77125015162071,14.880909353246755,38.53306885811422,157.35893099472491,166.91071625273196
15,94,21,27.409613833518858,63.993528011815556,10.1584,149.32585011038,27.409613833518858,204.14507777741773,213.56403587443128,130.01375927185552
15,95,21,996.3354613493093,76.4450689755601,1081.7309,178.3809279809433,996.3354613493093,2171.051850679562,1287.5955140047865,1341.6408675946034
15,96,21,88.71174109975951,21.780997375265734,97.65552500000001,50.82492011868742,88.71174109975951,228.24840231820644,384.2087156611622,403.1113910571122
15,97,21,68.78258637992167,14.515676380245512,82.05508333333334,33.8716395665373,68.78258637992167,171.43681232638062,338.31083892803326,369.5127313999704
15,98,21,17.150295423204838,4.655210213436333,12.555611764705883,10.862711342240031,17.150295423204838,45.16330218864971,168.93221002583508,144.54251269599055
16,1,21,443.8211848604824,111.6764059870271,483.6215333333333,260.5915751074971,443.8211848604824,1148.233944828462,859.3709627441706,897.0764914245979
16,2,21,938.9764633135643,78.20297048692015,972.0201916666666,182.48290744276787,938.9764633135643,2060.4358340698964,1249.9827338622606,1271.786774161979
16,3,21,273.18053854748854,29.52811655563172,295.52833333333336,68.90245379210803,273.18053854748854,615.2635308870852,674.2198574226518,701.2554075846166
16,4,21,559.3385826428572,52.423277785531816,604.0094833333334,122.32722220677962,559.3385826428572,1241.004387492494,964.748361759539,1002.5326828920175
16,5,21,519.1468804319062,107.87452905227612,549.4996416666667,251.7200763335599,519.1468804319062,1290.0138371973724,929.4409120749376,956.2256029480351
16,6,21,166.92094219489454,96.77933487014323,201.33398333333332,225.82996908582652,166.92094219489454,559.6718534756155,527.0260409242645,578.8089047921314
16,7,21,373.47715223416475,94.74315174601502,469.52486666666664,221.07863273295794,373.47715223416475,968.0329372012875,788.3311368439345,883.9057518385845
16,8,21,564.833535420786,42.971292224285186,586.4081166666666,100.27146402286469,564.833535420786,1229.9385348644366,969.47563297908,987.817344519387
16,9,21,564.0629373423143,156.88233502520237,1178.54465,366.0774577175114,564.0629373423143,1494.20333240214,968.8140831643659,1400.3921942084653
16,10,21,447.3618093782519,83.72587392407338,522.4323,195.37033960119135,447.3618093782519,1090.093958357695,862.7920090064646,932.3772558358554
16,11,21,423.79248393692023,57.32972225205138,486.68992499999996,133.77617671429059,423.79248393692023,981.3611445881311,839.756329699893,899.9177935789468
16,12,21,129.9508279824641,19.88566299876793,164.11226666666667,46.40224761090342,129.9508279824641,306.3039035758316,465.0141694215567,522.5732596807201
16,13,21,552.02972179161,47.91997690323276,602.7855833333333,111.81898405450944,552.02972179161,1215.8784276377294,958.4244660176612,1001.5164555146694
16,14,21,297.24210895885386,53.05706180056512,368.4093083333333,123.806127023744,297.24210895885386,718.2903449414517,703.2857664616374,782.9642961634116
16,16,21,294.7765639389748,175.38189918736703,399.2436333333333,409.24530970211686,294.7765639389748,998.7984375800664,700.3629076375005,815.0714115135353
16,17,21,265.80215869409744,36.361741893393415,290.34224166666667,84.8483930862924,265.80215869409744,616.4527104744873,665.0524731680788,695.0751686928064
16,18,19,69.31457967401839,67.76069958811156,356.66530666666665,158.11636558310403,69.31457967401839,296.74552493114084,339.6166376630665,770.3837162695829
16,19,21,44.39132400873359,13.480201911591063,30.941149999999997,31.455409205384672,44.39132400873359,120.23805722285185,271.7851415190549,226.90542875832654
16,20,21,115.04653833424724,16.883650616696638,135.11368333333334,39.39719467942707,115.04653833424724,269.4902713479216,437.53564402021857,474.1615432177801
16,21,21,139.70837283431598,19.526743957408016,150.87090833333335,45.56472712036294,139.70837283431598,324.9814727889949,482.1563360532575,501.0480929677975
16,22,21,227.13115511653956,38.58800795398146,253.56830833333333,90.04327891924439,227.13115511653956,544.3055891523235,614.7733257989662,649.5672906379035
16,23,21,418.4829634055315,61.20054591823411,452.0092583333333,142.80855940263666,418.4829634055315,979.7744862136997,834.479269429028,867.2620168476576
16,24,21,82.27011089229025,22.312746576513753,98.67328333333334,52.06573155679434,82.27011089229025,216.60595334137483,369.99657366625837,405.20654420513335
16,25,21,183.5044286583591,33.48868387955159,207.743975,78.1442490320037,183.5044286583591,445.1531063487219,552.5860740984245,587.9506564330037
16,26,21,77.85922056080533,17.08022218864019,86.55388333333333,39.85588508140936,77.85922056080533,195.57432620302,359.9413049556553,379.5071301921305
16,27,21,30.83758998104858,7.845236504892022,31.5913,18.306485777650614,30.83758998104858,79.98166573974777,226.52538429161717,229.27695741177305
16,28,21,14.47397647845805,4.278153670470669,11.278075000000001,9.982867855448164,14.47397647845805,38.93082081236427,155.19245104113213,136.991666899852
16,29,21,56.769770003889235,12.1022918180577,62.98254166666666,28.240121621075335,56.769770003889235,141.7796616288538,307.35142310793304,323.73283635327033
16,30,21,46.40963924021164,9.972246340621641,50.14216666666667,23.269761936683775,46.40963924021164,116.08904041710706,277.89501560069795,288.8538823234566
16,31,21,45.51929475473786,10.665011490753777,52.03004166666667,24.88629642359667,45.51929475473786,115.92488593307237,275.21647202135955,294.2413793696144
16,32,21,180.04423116222088,31.46248737694523,190.54674166666666,73.41621598487261,180.04423116222088,433.5046783093144,547.3514416295399,563.0894938935846
16,33,21,83.50791492260016,24.17401560846494,88.42486666666667,56.40891420534151,83.50791492260016,223.42474405054185,372.76959429546645,383.5869890042327
16,34,21,185.05398143137498,37.10559494183027,208.48330833333333,86.58413875098715,185.05398143137498,456.6921016137371,554.9142502241297,588.99594656217
16,35,21,14.690201231766645,6.061568893587491,29.98645833333333,14.144382348641004,14.690201231766645,43.524784812174296,156.34735319045123,223.3774085861564
16,36,21,76.3693161863602,25.815611904708252,61.2655,60.23950098638792,76.3693161863602,212.9781333591083,356.4807738631964,319.2895112589826
16,38,21,2205.303559925019,216.23825723337893,2135.964916666667,504.58167553755476,2205.303559925019,4915.188795387592,1915.6265616542362,1885.2707024014703
16,40,21,1297.2318479578369,111.38807835593161,1295.2696250000001,259.91877631109855,1297.2318479578369,2854.3824722267723,1469.2153671269032,1468.1037620004931
16,41,21,59.745109292249026,18.282626438020543,69.17243333333333,42.66163813634178,59.745109292249026,162.15185672083982,315.3028097913217,339.2682258430145
16,42,21,144.60974382676426,23.1674572780693,149.14335,54.06015827576904,144.60974382676426,343.27964592929754,490.54114376648954,498.17118985344786
16,44,21,147.2187773299251,16.03234468478416,159.1454,37.41071282827224,147.2187773299251,331.8482674881225,494.94650769249336,514.6046498040996
16,46,21,538.9748181751942,57.33857475994826,606.1667666666666,133.79683361989305,538.9748181751942,1211.7464699702814,947.0238103889063,1004.3214125633951
16,52,21,65.8773884895348,11.304145297329255,65.63233333333334,26.37768472435647,65.8773884895348,158.13246170342606,331.089073281777,330.4726957959865
16,54,13,1.7005781868131868,1.1838782116076187,1.5516999999999999,2.762523428038274,1.7005781868131868,6.163679801664648,53.19550829588099,50.813667452763134
16,55,21,254.62793713287985,48.39668082176446,296.3362916666667,112.93134994676892,254.62793713287985,622.1872242125286,650.9231040523235,702.2133502955732
16,56,21,186.99612244639593,244.92221945828211,235.01226382978723,571.5143353992964,186.99612244639593,945.5065802920883,557.8185616764673,625.3482285996866
16,59,11,6.046056606926407,6.643940332643277,2.7414871794871796,15.503318367935865,6.046056606926407,27.59543158178868,100.30273273408626,67.54135523267702
16,60,21,4.9899610458530885,1.8991559679857093,6.663323076923077,4.431590009528869,4.9899610458530885,14.411512101235047,91.12241864820939,105.29847862148816
16,67,21,143.52640469681165,50.33384725914319,136.24881666666667,117.45163557648863,143.52640469681165,404.50444497011193,488.7002531363111,476.1491687836211
16,71,21,92.46316246402118,22.414519370366005,87.63091666666666,52.303213524615984,92.46316246402118,237.22953845265835,392.24826620411113,381.86102882244126
16,72,21,1244.540520185941,210.99406544984836,1363.3303,492.3446037500298,1244.540520185941,2981.425644121912,1439.067554213285,1506.1811375794082
16,74,21,340.8628074315949,49.13526760172429,400.8760333333333,114.65480702476322,340.8628074315949,796.3804218879529,753.1239682589938,816.7360157766195
16,79,21,218.68450198048512,28.07420684200304,229.60446666666667,65.50982471356659,218.68450198048512,502.87882867453686,603.2337948884555,618.1115049352611
16,80,21,32.12393665313681,6.338353549766029,10.509348571428571,14.790246162771368,32.12393665313681,79.03811946904499,231.20170974891093,132.24052337637332
16,81,21,161.12675588303443,12.77529825361092,163.47974166666665,29.810550088469498,161.12675588303443,352.06406185453835,517.7981477268621,521.5652309475137
16,82,21,338.90281935873014,43.981895197806,388.38549166666667,102.62965793455541,338.90281935873014,780.4352966520157,750.9555855128365,803.9113496731673
16,85,21,85.43046112736893,17.734129450951276,118.84588333333333,41.38174653758545,85.43046112736893,212.24266879232331,377.0361883373291,444.7016414031622
16,87,21,418.4736799600426,47.13606132987962,367.269325,109.98975439578348,418.4736799600426,946.9371143158687,834.4700135136737,781.7519790828802
16,90,21,350.76463702033254,35.065589491871314,280.1959,81.82388318281964,350.76463702033254,783.3531572234847,763.9845260225061,682.8220687704813
16,91,21,256.5014102551021,50.92686873372931,108.51800000000001,118.83542294651662,256.5014102551021,631.8382434567208,653.3133602372524,424.93993928554187
16,92,21,895.4265696794062,65.72929932934363,851.2701916666666,153.3761898187836,895.4265696794062,1944.229329177596,1220.6513883769321,1190.1737683772621
16,94,18,53.52083419356261,19.432631681811678,24.490171428571426,45.345120607081626,53.52083419356261,152.38678899420682,298.4269895604085,201.8703674567985
16,95,21,1112.618927659259,72.07620486210138,1090.5989666666667,168.1863916266029,1112.618927659259,2393.424246945121,1360.660830488262,1347.1290511800767
16,96,21,7.319795557603243,2.883849656233307,5.727708333333333,6.729325837888715,7.319795557603243,21.3689169530952,110.36367068855492,97.62636255984684
16,97,21,99.01742251935684,16.571292492363238,84.173975,38.66832187144004,99.01742251935684,236.70316691015373,405.9125411615288,374.2532490172931
17,1,21,1070.4701438050527,401.8293101057319,961.8339666666667,937.649559182408,1070.4701438050527,3078.5898467925135,1334.6393967254255,1265.1054187431707
17,2,21,1756.085031230461,264.65990568693877,1681.238725,617.5712862641075,1756.085031230461,4129.74134872503,1709.422560974169,1672.5971536505733
17,3,21,672.2281717755473,258.04723754887175,742.3024999999999,602.1409400729683,672.2281717755473,1946.5972836240628,1057.6330544354742,1111.391632144133
17,4,21,957.2259775021988,183.76586712608213,944.9807083333334,428.8088996250798,957.2259775021988,2343.2608546294773,1262.071323881364,1253.9728460643264
17,5,21,1069.2974078400605,198.39329116198945,1180.7611333333332,462.94129702444764,1069.2974078400605,2601.5361127045685,1333.908125264203,1401.7084311177794
17,6,21,180.22916447490553,62.25917620257064,233.6857666666667,145.27882275695524,180.22916447490553,505.7371517067663,547.632476836649,623.5808814687421
17,7,21,679.9989277590325,197.08304609042642,833.4218666666666,459.88390254655667,679.9989277590325,1819.8817580646219,1063.7284502122852,1177.6306662673717
17,8,21,806.3775844061979,49.198843958445295,789.3936666666667,114.80315942553305,806.3775844061979,1727.558328237929,1158.366220351713,1146.1025527121617
17,9,21,807.8822703248561,133.86042006087044,1092.2772166666666,312.35691549982016,807.8822703248561,1928.1214561495324,1159.446461817259,1348.1651562525021
17,10,21,503.9720819628049,59.52908308011581,569.5415916666667,138.90828046843197,503.9720819628049,1146.8524443940419,915.756269094625,973.5076828322073
17,11,21,519.0752688880506,87.53222967793147,579.3542166666667,204.2522894862242,519.0752688880506,1242.4028272623254,929.376805945638,981.8581448118325
17,12,21,258.81766809308044,36.12384873921699,296.0321,84.29328073998958,258.81766809308044,601.9286169261504,656.2565045063446,701.8528438355152
17,13,21,957.8234198819075,223.46106683197362,957.889775,521.4357577706272,957.8234198819075,2437.0825975344424,1262.465116620453,1262.5088457511893
17,14,21,555.7390749110239,181.2644512228546,579.0537166666667,422.9719647375376,555.7390749110239,1534.4501145595852,961.6391322382548,981.6034762231302
17,16,21,389.6917360885661,239.95200865584837,419.2104583333333,559.9165851836157,389.6917360885661,1339.3000573607478,805.2620994753037,835.204287983884
17,17,21,402.5539088669552,66.94583758281338,417.9096583333333,156.2149238991679,402.5539088669552,961.3227416330783,818.44346436062,833.9074717657029
17,18,18,227.26639061579283,245.66580844221917,738.0398933333333,573.2494648820564,227.26639061579283,1027.782246113642,614.9563187614867,1108.1960036503772
17,19,21,149.59933262459975,90.71184702628832,172.08136666666667,211.67177514860927,149.59933262459975,510.8704403978088,498.9321491819644,535.1106372829205
17,20,21,174.01378677354498,111.66558340205268,169.85739166666667,260.56632112085333,174.01378677354498,608.5938946679432,538.1068120653918,531.641514305771
17,21,21,152.6574628749811,23.347173822136195,160.962125,54.47951827287272,152.6574628749811,359.7944440228349,504.00597042492313,517.5335506032435
17,22,21,295.7651295555265,122.65015375661831,302.9461333333333,286.1982929350958,295.7651295555265,877.7285520461489,701.536296694901,710.0016661013315
17,23,21,471.1869952642479,58.00309693840332,563.2296916666667,135.34746447738667,471.1869952642479,1077.7214550058825,885.4688928018355,968.0982423976056
17,24,21,166.4310567838384,35.77476941063817,203.83759999999998,83.47872075063616,166.4310567838384,416.34083431831294,526.2521054478615,582.3965714184793
17,25,21,196.76056108337113,50.60257318780509,217.5394,118.07869473373232,196.76056108337113,511.5998169004746,572.1971457834525,601.6523594236127
17,26,21,285.01832515389265,35.6535265029085,314.261075,83.19580619928895,285.01832515389265,653.2324565070743,688.6729942839905,723.1392872745887
17,27,21,57.080418745578235,10.606012558528288,57.54870833333334,24.74862522490062,57.080418745578235,138.90946271605708,308.19120167948046,309.4528246222139
17,28,21,56.50151601564626,6.6558433926903815,49.783383333333326,15.531093591707252,56.50151601564626,128.53412562299977,306.62439995870415,287.8186058382374
17,29,21,94.70185494822955,15.967517247376668,109.33905,37.25944109029955,94.70185494822955,226.66315098675867,396.9683698153469,426.54446333295664
17,30,21,84.5750788581186,11.799440901297992,90.8732,27.533433429208472,84.5750788581186,196.6835911454457,375.1438806910081,388.8611639132918
17,31,21,61.1057439355047,14.724924217783498,84.87145,34.35990943061401,61.1057439355047,156.5713973016234,318.8729494778129,375.8006024476278
17,32,21,210.3919846589569,41.24420189105957,247.08331666666666,96.24138097792432,210.3919846589569,517.025350295838,591.6859491930701,641.2071731767614
17,33,21,168.07660698442933,32.45962602529405,210.67708333333334,75.74299153497373,168.07660698442933,411.8962055038324,528.8473069063417,592.0867053622018
17,34,21,348.4164161170068,106.99073519824,339.4912,249.65778546327215,348.4164161170068,946.4906176972858,761.4229550116671,751.6071825095872
17,35,21,58.22594740290662,12.516722439317123,69.83723333333333,29.207175739734176,58.22594740290662,145.65907054554742,311.2683351682863,340.89464100608365
17,36,21,60.06696870156669,16.983699359926685,115.16350833333333,39.63065365722469,60.06696870156669,159.76459106035807,316.15097013832957,437.7580129097201
17,38,21,3332.8600274848072,349.04592799227817,3086.920616666667,814.4820506753412,3332.8600274848072,7480.202105644956,2354.9690201220737,2266.41476921885
17,40,21,1983.0420854522918,164.93756477753615,1848.1027000000001,384.8739527377512,1983.0420854522918,4350.958123642335,1816.53021725283,1753.6370470539223
17,41,17,1.886247177684407,1.688380217662012,0.9632216216216217,3.9397548337290917,1.886247177684407,7.712249189097905,56.024238537144385,40.034994422109996
17,42,21,146.6702016755171,30.13365914244024,158.26005833333332,70.31545858122554,146.6702016755171,363.6558619322597,494.02349699995085,513.1712551056096
17,44,21,281.8155971306879,33.94971061689666,311.74510833333335,79.22003296854423,281.8155971306879,642.85122722992,684.7927815226038,720.2387522666818
17,45,17,0.9793418585434175,0.6007143280045804,0.9346956521739129,1.4017382771302638,0.9793418585434175,3.3604219942170985,40.368612220588496,39.43771754573775
17,46,21,1070.867818909448,79.50158114920403,1048.5346,185.5131535806607,1070.867818909448,2327.248791399557,1334.8872801346643,1320.894232858937
17,48,21,47.316567053487255,33.47987524256721,42.023472340425535,78.12369449708632,47.316567053487255,172.75682860406084,280.5971624535836,264.4372477062717
17,52,21,135.32250603900226,16.5236229201258,148.57864166666667,38.55708719474837,135.32250603900226,309.2020992727529,474.52781799268604,497.2271711535215
17,54,20,2.010047626190476,1.4376039121357802,2.262853333333333,3.3545802672740157,2.010047626190476,7.374675519654968,57.83354779002367,61.36275700020874
17,55,21,392.6250427989418,81.46251331445855,448.1657416666667,190.0888954046051,392.6250427989418,975.3389810024887,808.2871217688917,863.5669019441015
17,56,21,181.4341724681784,122.71164046960624,175.29344166666667,286.34176925172767,181.4341724681784,649.2101141880844,549.4601559595098,540.0817409738394
17,58,20,52.10019338357142,28.64924252210045,54.96782608695652,66.85164308867621,52.10019338357142,171.05202985581906,294.4396742802553,302.43422856663506
17,59,21,21.868739351150968,6.064849770786361,21.429458333333333,14.152038119342357,21.868739351150968,57.88951682164429,190.7605364857082,188.83489790466874
17,60,21,16.511553067133928,3.8407637680365214,15.341333333333333,8.962239347536928,16.511553067133928,41.985345481804785,165.75652114988074,159.77477481338119
17,67,21,315.0378205110408,93.43345056754394,316.9997,218.02250740369573,315.0378205110408,848.0981484257774,724.0324117954748,726.2833474615813
17,71,21,142.65940441005293,40.78907600194224,143.10731666666666,95.17936638971254,142.65940441005293,380.4981752098184,487.22197091092687,487.9862446148798
17,72,21,2227.103095702485,388.13860953987,2172.838741666667,905.702961391667,2227.103095702485,5359.9091527966375,1925.0713106918754,1901.4740771657482
17,74,21,567.6927609917888,220.86466662871095,592.060825,515.3771815423033,567.6927609917888,1650.7627035258809,971.9263111421238,992.5669815181242
17,79,21,1099.112074087604,81.73251019398536,1054.2701583333333,190.7189202651667,1099.112074087604,2388.9430684403746,1352.376608523592,1324.5019982871547
17,80,21,34.46066984557823,4.6558600069978455,35.8577,10.864227604571298,34.46066984557823,79.78556729572776,239.4630548185715,244.2687307045255
17,81,21,556.1952913903593,85.60121666375328,522.213175,199.74636257650414,556.1952913903593,1312.1369453572229,962.0337649342449,932.1817007429399
17,82,21,660.3226666226024,72.29591800944225,713.18465,168.69908179272477,660.3226666226024,1489.3444150379296,1048.225604180708,1089.3756274123266
17,83,21,22.585710962701846,4.8722772391779285,17.362616666666668,11.369226909623825,22.585710962701846,56.54064883502752,193.86238170912858,169.97468674285986
17,85,21,143.180188346499,26.532522508632947,167.57595833333332,61.912377739868916,143.180188346499,348.2727544328669,488.1104725454826,528.0590825529532
17,87,21,542.0434192836735,75.56414773876567,495.50351666666666,176.32534022618898,542.0434192836735,1260.412178793536,949.7158784015526,908.0296535539647
17,90,21,1402.199557002137,214.4899872960375,1233.2871750000002,500.502170895027,1402.199557002137,3304.901284899301,1527.5012480687392,1432.546634214747
17,91,21,552.0368315851576,70.07075441078241,484.50486666666666,163.5067685021807,552.0368315851576,1267.580431672496,958.4306379481524,897.8953714845251
17,92,21,2239.858410714499,553.7095752333009,2087.030875,1292.0549250027868,2239.858410714499,5771.771746431785,1930.576182239107,1863.550207533996
17,93,21,155.00044486331868,30.73502828246159,138.90006666666667,71.71872483101343,155.00044486331868,381.7196145576508,507.8589767372063,480.7595146571031
17,94,14,58.878901090929716,164.45556516071318,8.498000000000001,383.7492295857212,58.878901090929716,501.50703176758066,313.0087721060019,118.91455756130114
17,95,21,2013.9050236192056,192.97978470831836,1978.365275,450.30913751726735,2013.9050236192056,4478.119184755678,1830.611362169032,1814.3868985417635
17,97,21,306.3233333869168,47.48071046059083,308.4084833333333,110.7939767293881,306.3233333869168,723.4406435032216,713.9481961289836,716.374005856345
17,98,21,8.27251979531368,5.251740995673377,5.4759866666666674,12.25468751455092,8.27251979531368,28.79972710517828,117.32635228030387,95.4570155270598
18,1,21,901.5058283817083,542.9861104391863,916.4928666666666,1267.0322305794655,901.5058283817083,3070.043887342882,1224.7880218336406,1234.9267711622958
18,2,21,2374.19626009932,134.34320587485823,2486.2485416666664,313.48347320549385,2374.19626009932,5061.8759934041345,1987.62737373112,2033.990553894814
18,3,21,445.5380152820656,47.07759466854115,629.3120666666667,109.85332522585445,445.5380152820656,1000.9293557899856,861.0315078029126,1023.3158256048489
18,4,21,1003.9478762932316,66.48595655201171,1042.6504750000001,155.14181341428545,1003.9478762932316,2163.0375660007485,1292.5050352520634,1317.182747533538
18,5,21,773.5923582368583,148.23296970185328,901.3892833333333,345.8945756362816,773.5923582368583,1893.0792921099983,1134.5737896259247,1224.708850080976
18,6,21,176.70768571511715,49.7262809657994,216.93898333333334,116.03390856454419,176.70768571511715,469.4492799947785,542.256017974863,600.8214945111956
18,7,21,930.3508895491309,315.44438433748456,1456.2251333333334,736.0744487324279,930.3508895491309,2596.7762278306895,1244.228226737263,1556.6498070750104
18,8,21,1194.077196230942,76.49499540320413,1256.8772333333334,178.4974289222501,1194.077196230942,2566.651821384134,1409.590172542462,1446.1824629923663
18,9,21,582.3389146118436,89.91845197324962,735.1787666666668,209.8204255754696,582.3389146118436,1374.498254799157,984.3840479782815,1106.0458705376254
18,10,21,620.3332889230537,96.40816053515832,690.5471833333332,224.96385145123475,620.3332889230537,1465.6304292973423,1015.9894648902425,1071.947066354802
18,11,21,650.9687087235072,149.68835384506804,821.8744833333334,349.2906452260468,650.9687087235072,1651.2280626730612,1040.7746784563487,1169.4439449014505
18,12,21,127.81619803202089,11.80303675635091,155.54164166666666,27.541824185732345,127.81619803202089,283.1742202497741,461.17909051179106,508.7448198589675
18,13,21,1608.9923173572884,107.38813502202102,1667.3058166666667,250.5850990270572,1608.9923173572884,3468.569733741634,1636.2650201243464,1665.6520882024954
18,14,21,792.7373865142856,98.35338192121084,846.69445,229.5029329200913,792.7373865142856,1814.9777059486626,1148.5273227745918,1186.970751450936
18,16,21,582.1155030030989,224.89147829698362,614.9932166666666,524.7735548050525,582.1155030030989,1689.0045608112503,984.1952026895663,1011.6069950990518
18,17,21,561.2020011247921,69.9344238732005,596.913925,163.18864768507768,561.2020011247921,1285.592649934662,966.3540396105633,996.6266960100958
18,18,21,377.8815940275889,472.3291374709695,538.9116727272727,1102.1575489904612,377.8815940275889,1857.920737045639,792.9659339857595,946.9683328486659
18,19,21,101.88134669469525,17.595338095344655,111.62084166666666,41.057883518811046,101.88134669469525,244.82057690820156,411.7408904881478,430.97225030543825
18,20,21,295.1331099872466,40.43641708717853,321.46605833333336,94.35645360646403,295.1331099872466,684.6226735809572,700.7863404910075,731.3819255810652
18,21,21,180.65157545971277,29.931106857307167,198.59260833333335,69.84281246982954,180.65157545971277,431.1459633892551,548.2738563573519,574.8548514770199
18,22,21,606.6310056944067,66.34832220831125,624.0626166666667,154.82065022769476,606.6310056944067,1368.0826616165082,1004.7059238779738,1019.0388580095135
18,23,21,1253.2184350881469,134.6529823600244,1459.5540083333333,314.2063218814272,1253.2184350881469,2820.643192057721,1444.075993840586,1558.4280124107968
18,24,21,276.2599131556105,40.10594286477176,349.3477666666667,93.58530774634913,276.2599131556105,646.1051340575701,678.0092149011957,762.4399541821857
18,25,21,606.9279786079366,93.2597123344917,657.788975,217.6170975106451,606.9279786079366,1431.4730547265183,1004.9518179512918,1046.2126238963092
18,26,21,370.10489368870867,61.37940352240708,412.20622499999996,143.22591510440236,370.10489368870867,883.4357024818197,784.7640047160747,828.1975358572373
18,27,21,112.92586077201845,12.621004337035828,111.309475,29.45051258193944,112.92586077201845,255.30223412597636,433.4842930541298,430.37073134682385
18,28,21,53.350078043613,7.864859047357389,45.59845833333333,18.352274046027173,53.350078043613,125.05243013325318,297.9505493610845,275.4556854861897
18,29,21,404.510156555961,34.79702723073206,411.97089166666666,81.19720593594586,404.510156555961,890.2175190478678,820.4297047944565,827.961088296626
18,30,21,240.589972246767,31.436063652716772,252.24333333333334,73.35455748273833,240.589972246767,554.5345019762723,632.7256228560846,647.8679700885564
18,31,21,101.62812357851988,21.478987740254542,146.18324166666667,50.12019501771712,101.62812357851988,253.37644217475687,411.228887159763,493.202710995523
18,32,21,331.1994663930942,88.75936793136569,385.82669166666665,207.11575816173152,331.1994663930942,869.5146909479199,742.371815250356,801.258769021178
18,33,21,276.98997539152066,38.64792896722905,341.25982500000003,90.1831017500941,276.98997539152066,644.1630525331354,678.9044992128793,753.5624385543642
18,34,21,780.5171899006045,135.92891980937574,768.2453916666667,317.18366115668766,780.5171899006045,1878.2180409578968,1139.6405591214302,1130.6459798422022
18,35,21,147.63063012483337,46.41615816829034,153.308575,108.30989465150402,147.63063012483337,403.57115490117076,495.63834448892544,505.079665795407
18,36,21,76.89935652707346,33.29948002313897,85.05735833333334,77.70275084334688,76.89935652707346,231.5014638974938,357.7157101121647,376.21196720288776
18,38,21,2554.1153820294785,155.72447518042355,2569.4759416666666,363.37564690941923,2554.1153820294785,5471.606410968377,2061.564453442349,2067.7543294437405
18,40,21,2437.175912961376,114.70636209894697,2360.7948083333335,267.6618334018364,2437.175912961376,5142.013659324589,2013.8174493155357,1982.0097277931475
18,41,21,32.09256197532467,11.843797782599937,38.413975,27.636938099359416,32.09256197532467,91.82206205000875,231.08877758761946,252.82573919599247
18,42,21,261.832384803257,33.960312684846926,273.7087666666667,79.24477238921361,261.832384803257,602.9095419957276,660.0674876954777,674.8713860679925
18,44,21,178.08457577112625,20.109699072919145,204.79931666666667,46.92502512087046,178.08457577112625,403.094176663123,544.3645231672928,583.768843750104
18,46,21,989.7112148689481,115.5082568277626,1028.9291166666667,269.53301656362925,989.7112148689481,2248.9554463015256,1283.3080150696208,1308.4869315867595
18,49,21,433.4686859681784,94.68062249479765,408.59203333333335,220.93272370301548,433.4686859681784,1087.8700956393723,849.289051766858,824.5587568309894
18,50,21,59.09463616797224,23.039759324737005,57.08833333333333,53.762181182910844,59.09463616797224,171.95145351885532,313.58168725789113,308.21256734057204
18,52,21,109.74783229125266,21.873716225429188,121.51261666666666,51.04127514007893,109.74783229125266,270.53693972258424,427.3410733040348,449.6632007773522
18,54,19,2.5928587251461988,1.7484492505718003,2.764257777777778,4.079923061411528,2.5928587251461988,9.265640511703925,65.68498244380731,67.82127204809876
18,55,21,386.63228507601025,74.08968117311427,451.9066083333333,172.88474271241267,386.63228507601025,946.1493128644331,802.0948337737134,867.1635349036919
18,56,21,293.1804525037587,115.69608347678327,196.40594166666668,269.9713011044225,293.1804525037587,856.33220611194,698.464224542857,571.6812809016343
18,58,21,90.50601458956915,56.95993873256259,107.87333333333333,132.91330448142546,90.50601458956915,313.92533366056375,388.0747457346884,423.67585093638115
18,59,21,23.685608161829176,39.532174123968765,35.76573333333334,92.24644571374873,23.685608161829176,139.6176620374071,198.52670344637204,243.95528333419358
18,60,21,7.571664756861129,2.1627699299090692,9.768,5.046720635830688,7.571664756861129,20.190050149552945,112.24638148028166,127.49098791679356
18,67,21,308.02929656619943,68.46369521008417,320.71375,159.75677238886024,308.02929656619943,775.8153655212591,715.9334811881309,730.5256189895055
18,71,21,303.33545019091594,73.15060120579689,278.27903333333336,170.693444329623,303.33545019091594,777.3643447114548,710.4577321119702,680.4824108429744
18,72,21,2176.117561092139,455.939695304054,2358.5423666666666,1063.9135661933622,2176.117561092139,5416.148688377641,1902.9082010589264,1981.0639813325902
18,74,21,825.2753970072563,72.58140624094274,851.1468249999999,169.3652549853865,825.2753970072563,1819.916048999899,1171.8610244478969,1190.0875248484876
18,79,21,895.9995564433493,100.45213684457106,865.6382916666666,234.40027758666827,895.9995564433493,2026.399390473367,1221.0418755807407,1200.1758693347126
18,80,21,28.687170306727133,6.004705383335823,16.955075862068966,14.011694055427624,28.687170306727133,71.38603466888189,218.48444198705306,167.9679916962835
18,81,21,539.5734417124373,44.716935185685415,463.731875,104.34483874213569,539.5734417124373,1183.4917221670103,947.5495802381507,878.4360192979339
18,82,21,560.9987633515839,89.077901652396,679.322175,207.859041430516,560.9987633515839,1329.8565681336838,966.1790425262989,1063.1989932275144
18,83,21,98.93006690294784,26.57722214096507,43.93834,62.01668220322626,98.93006690294784,259.87681600912197,405.73344861682926,270.3948922594508
18,85,21,65.18231178427128,11.724317120192486,72.15139166666667,27.358135663549817,65.18231178427128,157.72275923209236,329.3377700917819,346.4966316334595
18,87,21,765.4404703173984,85.7212678856589,745.3908583333333,200.02649638573152,765.4404703173984,1730.9074370205283,1128.5800559145775,1113.701211396785
18,90,21,944.6078106869236,139.8048438374991,620.4963,326.2279452967324,944.6078106869236,2215.4435666705795,1253.7254073293086,1016.1229468917627
18,91,21,926.8247208223733,179.21148807260462,435.292275,418.18147299281367,926.8247208223733,2271.83091463756,1241.8680829494044,851.0736428770427
18,92,21,2318.7887162485267,305.1620886706877,1847.8260416666665,712.0812014583095,2318.7887162485267,5349.658633955363,1964.297437721067,1753.5057836612154
18,93,21,123.81914236628873,34.399901182971895,60.66339512195122,80.27053121546767,123.81914236628873,327.9088159480451,453.9108424542252,317.7166811530783
18,94,21,330.64278313968254,57.884595388752885,198.90174117647058,135.07094675456818,330.64278313968254,796.3565130339332,741.7476600195189,575.3020922242913
18,95,21,2180.8909812307634,125.20396037570862,2175.7866833333333,292.1574790631487,2180.8909812307634,4653.939441524675,1904.9941188276646,1902.7635273639935
18,97,21,277.5659281910053,53.00045470706361,180.30963636363637,123.674037066806,277.5659281910053,678.8058934488166,679.6099649871483,547.7547214849826
18,98,21,62.31505002998008,10.310400185073204,38.92948235294118,24.058827829120585,62.31505002998008,148.68892788908073,322.01279982306113,254.51651937603995
19,1,21,997.4205808433862,675.6336710523755,907.008825,1576.5589963170164,997.4205808433862,3571.400158003789,1288.2964901463463,1228.5205268126374
19,2,21,1943.4907486368309,159.5505726880814,2030.1402083333332,372.30366323680045,1943.4907486368309,4259.285160510462,1798.3238322759576,1837.9753280897617
19,3,21,530.2446796628874,64.12984891242522,716.29045,149.64394844006722,530.2446796628874,1210.133307765842,939.3227065066853,1091.7450750060657
19,4,21,1188.8854910872262,84.44090016403607,1263.9731583333335,197.03881928110434,1188.8854910872262,2574.8098014555567,1406.5224694860528,1450.2590580536523
19,5,21,1033.5900462508348,285.06750006057655,1166.0392166666668,665.1914358828097,1033.5900462508348,2732.3715283844795,1311.4472299568097,1392.9426608921608
19,6,21,163.66457009561603,51.87930152335259,241.01012500000002,121.05787950426786,163.66457009561603,448.38701969549993,521.8599856657962,633.2778600267027
19,7,21,1091.242131259321,333.60209770013773,1468.2858666666668,778.444608156021,1091.242131259321,2960.928870674663,1347.5262173388353,1563.0827496115917
19,8,21,1656.4660579478664,95.26238415480552,1676.2375083333334,222.29023683194097,1656.4660579478664,3535.2223527276738,1660.2287554506606,1670.1075455989856
19,9,21,830.6378008007354,222.79252484418734,1256.807325,519.8757468794909,830.6378008007354,2181.1513484809616,1175.6620690200155,1446.1422436261241
19,10,21,1058.1385369216998,162.64604217229024,1117.2017333333333,379.5267938654928,1058.1385369216998,2495.8038677088925,1326.9297364358479,1363.4601880020798
19,11,21,650.9022485764928,251.1390712776255,831.3328083333334,586.0210630602924,650.9022485764928,1887.8255602132779,1040.721548557194,1176.153813523838
19,12,21,212.1296716889301,32.72849312404486,242.76185,76.37038010589707,212.1296716889301,500.6297234837573,594.1243756069765,635.5751083860978
19,13,21,1275.1349533193913,70.86056970180469,1336.9106416666666,165.3497648711308,1275.1349533193913,2715.6196715099136,1456.6484003778905,1491.515775221078
19,14,21,672.4535041264962,111.1553151840508,761.995675,259.3756345341821,672.4535041264962,1604.2826427871746,1057.8103000380029,1126.0376562087079
19,16,21,841.2322906722118,459.6453503582722,1060.5540916666666,1072.5605357913626,841.2322906722118,2755.025117135786,1183.1358889318506,1328.4434532690254
19,17,21,632.9375860559061,58.770553827261345,677.9631416666667,137.13828857964018,632.9375860559061,1403.0134606914523,1026.2592962780059,1062.1349574010515
19,18,21,378.09721692060054,391.98419088993137,680.0762833333333,914.6764423374356,378.09721692060054,1670.8708761786365,793.1921387380735,1063.7889525026412
19,20,21,235.71994409468152,26.311105192085634,261.887425,61.395710976059895,235.71994409468152,532.835599165423,626.2890602378027,660.1368609614221
19,21,21,255.74569185036762,45.55215230408133,276.6513,106.29377811313248,255.74569185036762,617.7851618138677,652.3502366359744,678.4893243080543
19,22,21,450.2057099724111,44.26618641368808,489.555775,103.293037948276,450.2057099724111,1003.7044578930983,865.530069607112,902.5634656909175
19,23,21,941.8912138520491,140.6994524173123,1154.1679166666665,328.31547181460115,941.8912138520491,2212.0978995186993,1251.9213153588407,1385.8338332330227
19,24,21,170.13445385948603,40.34219930565647,230.72193333333334,94.13660090012945,170.13445385948603,434.4055086191015,532.0749300823942,619.6138289827517
19,25,21,455.0760551293796,115.54586376288171,527.526025,269.6207705558091,455.0760551293796,1179.7728808145682,870.1991471699382,936.9115783252975
19,26,21,279.33399903664537,49.343208757238536,310.63188333333335,115.14002780856447,279.33399903664537,673.8080258818552,681.771057171671,718.9516352764397
19,27,21,95.1600772802721,13.401709245044815,95.61159166666665,31.272250305983395,95.1600772802721,221.5924048665276,397.92759215009556,398.87051599903106
19,28,21,36.43681800874734,7.783246120723517,33.89335833333333,18.16183416830471,36.43681800874734,91.03547018579938,246.23335510558996,237.483785271051
19,29,21,212.17613478013467,30.2158511414452,235.29406666666668,70.50724969674931,212.17613478013467,494.85951925701863,594.1894380365104,625.7230433133603
19,30,21,165.4917939073318,23.26188313904012,179.396675,54.28049652558813,165.4917939073318,385.26408434025177,524.7650379567984,546.3662390741214
19,31,21,95.18216392630968,12.101177994103095,126.56058333333334,28.237522565919882,95.18216392630968,218.60185041853924,397.9737689513962,458.9082813228224
19,32,21,262.2727076825122,55.034941703293825,313.145025,128.42141558599778,262.2727076825122,652.9668309510222,660.6222714862861,721.854086086655
19,33,21,189.16197694399094,46.66591638075045,246.736625,108.89269354627302,189.16197694399094,487.2166474342549,561.0396863278041,640.757164610744
19,34,21,611.6950125934172,174.13363787632554,673.6303583333333,406.33255137760705,611.6950125934172,1629.7225765644416,1008.89072795593,1058.735527063613
19,35,21,131.47338837830688,39.95014327976798,136.3466,93.22175683424378,131.47338837830688,356.1685335908575,467.7303905686508,476.32
19,36,21,79.33829870234896,30.95168111972985,90.09890833333333,72.22427390931922,79.33829870234896,230.90087131401714,363.34409179276423,387.2009600539062
19,37,21,108.86311227344879,10.10263566355148,114.36179166666666,23.574019212329215,108.86311227344879,241.3002437592268,425.6151064318779,436.2316143212609
19,38,21,3108.477896834014,240.8749118620285,3103.3379833333333,562.0701358646626,3108.477896834014,6779.0259295326905,2274.314670473679,2272.4335863269284
19,40,21,2140.466608718972,116.50236223643404,2110.0972916666665,271.8527141933924,2140.466608718972,4552.785931631337,1887.2563251737613,1873.820133666338
19,41,21,88.10108101650941,24.72210610034365,133.98325833333334,57.68785726692882,88.10108101650941,233.89001929994765,382.88405400521924,472.17384708035945
19,42,21,250.09031163809522,35.66340305885573,259.11055833333336,83.21885267224962,250.09031163809522,583.3994759484401,645.0971078572516,656.627724869021
19,44,21,204.09876658931492,28.496398455701776,233.04625833333333,66.49498873848793,204.09876658931492,474.6925219171178,582.7695493114066,622.7270460375611
19,46,21,799.7343614676493,69.00409800033059,817.5608583333333,161.01777656479297,799.7343614676493,1760.4864995000914,1153.584837574666,1166.3709822636476
19,49,21,231.02020754096745,42.07555034799666,203.757525,98.18129301164065,231.02020754096745,560.2217080935756,620.0142138275298,582.2821666511863
19,50,21,45.135158802157626,17.024613869851176,33.14086956521739,39.726125717699254,45.135158802157626,129.9964433220145,274.05273990017014,234.83272122198335
19,52,21,65.790635093534,12.443132733385237,66.882175,29.035457665437306,65.790635093534,160.61672785250528,330.87099721136116,333.60446519793464
19,54,19,2.542871716290727,2.086580702601082,2.195386666666667,4.8689367021973124,2.542871716290727,9.954680134778766,65.04873969499924,60.44107389295241
19,55,21,456.8959762884698,155.66261261416554,579.0319583333334,363.2312935570805,456.8959762884698,1277.0232461340202,871.937443022155,981.5850338440714
19,56,21,242.65342833720882,200.47651310014336,224.57030833333332,467.8023962097588,242.65342833720882,953.1092528841764,635.4331630888613,611.2977940960254
19,58,21,104.24945213613,64.11321735995669,110.01666666666667,149.6051395044111,104.24945213613,358.1040437766711,416.49860546527685,427.86415289590843
19,59,21,20.20031356659108,16.136125146908334,27.611591666666666,37.65287959439708,20.20031356659108,78.05350672757925,183.33936231700918,214.34945424081056
19,60,21,21.444509780876793,5.304397600406401,21.573166666666665,12.377559194078156,21.444509780876793,55.266578755831745,188.90120241909258,189.46701383970068
19,67,21,547.5779331367347,168.07371760168536,560.9691833333333,392.19201600276887,547.5779331367347,1487.3478822762384,954.5520838275544,966.1535701257159
19,71,21,241.22211237455508,63.5884072195824,260.766025,148.3805200344005,241.22211237455508,630.8247447835106,633.5563076722223,658.721994167494
19,72,21,2859.326885104081,541.9501340449158,3010.5881416666666,1264.6148289987907,2859.326885104081,6983.268599206953,2181.265673138692,2238.21774359273
19,74,21,689.1776952347694,86.07741299248937,736.306075,200.85754403214807,689.1776952347694,1579.212934501687,1070.8836000568206,1106.89353995766
19,79,21,872.0514870185185,88.32769533025774,874.95685,206.10847070419518,872.0514870185185,1950.2114447412323,1204.6134958561665,1206.6184974547673
19,80,21,865.2919315613988,48.978872908318785,895.7057416666667,114.28986745554276,865.2919315613988,1844.8737305783402,1199.9357374952074,1220.8416580922087
19,81,21,864.3756841288532,53.7776545661546,880.255,125.48759592611756,864.3756841288532,1854.238964183824,1199.3002703203279,1210.2662186477817
19,82,21,889.3978153620559,273.750536763009,1016.8733583333334,638.7838409653172,889.3978153620559,2417.579471689429,1216.535229560764,1300.798703976394
19,83,21,174.7914680061843,28.87575646441984,166.39076666666668,67.38020258601244,174.7914680061843,416.963138598381,539.3078923604685,526.1884032676255
19,85,21,147.87977333310656,25.63045676107727,199.61195833333332,59.80745027619889,147.87977333310656,355.566996942412,496.05639077255046,576.3282907047568
19,87,21,680.8229884654572,76.03487392912342,663.226875,177.42375737442643,680.8229884654572,1539.069734305341,1064.3727978516365,1050.5282099972376
19,90,21,2763.782376684656,188.53430530992193,2768.4954583333333,439.9358230441044,2763.782376684656,5967.500576413417,2144.5125028321163,2146.340243919092
19,91,21,2234.1845075309834,176.23568219163928,2190.2228,411.23757168365984,2234.1845075309834,4879.606586745626,1928.129409695199,1909.0654098799234
19,92,21,4608.884477401059,331.2203589935602,4579.907625,772.886934307584,4608.884477401059,9990.655889109701,2769.329119190307,2760.609767424581
19,93,21,1510.446069283165,125.66593339781392,1527.788725,293.23547111011317,1510.446069283165,3314.127609676443,1585.3650239888561,1594.44047816154
19,94,21,1549.3624013619872,138.82060474626093,1520.2005416666668,323.9312702488451,1549.3624013619872,3422.6560729728194,1605.6584430900448,1590.4759354775958
19,95,21,3621.93186458065,210.15957811262055,3867.9721833333333,490.39736728863517,3621.93186458065,7734.261096449935,2454.9734464271096,2536.9875271799556
19,96,21,506.82873573061227,73.62754080453799,615.2249083333334,171.80636017042755,506.82873573061227,1185.463831631652,918.3479821155697,1011.7975328427456
19,97,21,776.6133666739366,54.07028965405492,831.38405,126.1704459678401,776.6133666739366,1679.3971793157134,1136.7869818683844,1176.190060832007
19,98,21,488.20147365249085,41.53012448463668,524.7796166666667,96.90856773380662,488.20147365249085,1073.3115150387882,901.314180603936,934.4695191033967
20,1,21,1674.5855104391944,1201.8627902592837,1625.063975,2804.4895858588116,1674.5855104391944,6153.6606067372,1669.2843644420861,1644.4167520431067
20,2,21,3084.4388028469384,138.75105327110725,3144.197025,323.7689751937603,3084.4388028469384,6492.646580887637,2265.5035131151985,2287.3442787652234
20,3,21,546.0940770954649,61.54993654471,616.6996,143.62384579080828,546.0940770954649,1235.811999981738,953.257858235039,1013.0094443784816
20,4,21,2041.456698702192,129.1540901145634,2072.2096916666665,301.37491869535455,2041.456698702192,4384.288316099738,1843.0908677112063,1856.921357229038
20,5,21,1591.2739214333747,419.99849834208237,1773.3315416666667,980.0464946773162,1591.2739214333747,4162.594337544066,1627.230716667165,1717.7961710672582
20,6,21,225.16536552033946,86.34975795364544,351.40055,201.493048029371,225.16536552033946,651.8237790700499,612.1071542024688,764.676739021137
20,7,21,1432.109163905497,550.7311947852246,2167.8645333333334,1285.1050160638856,1432.109163905497,4149.323343874879,1543.706464564668,1899.2963390336608
20,8,21,3015.3574823374906,202.57874686202595,3071.531608333333,472.7078585803583,3015.3574823374906,6503.42282325534,2239.989921988397,2260.7584117429856
20,9,21,1295.0076298619804,322.1620718822834,1604.4993083333331,751.7498527079329,1295.0076298619804,3341.7651124318936,1467.955277278683,1633.978839846669
20,10,21,1641.9246396131723,165.71775596283936,1674.5111416666666,386.69449171432575,1641.9246396131723,3670.5437709406706,1652.925467259888,1669.2472973569054
20,11,21,916.6433188401772,196.64624320325066,1025.3060416666667,458.864643810796,916.6433188401772,2292.1512814911503,1235.0281302666976,1306.1811717113876
20,12,21,264.75992850713254,56.2605198691286,302.85365,131.28124387138638,264.75992850713254,660.8011008856515,663.7473322250482,709.8932832475597
20,13,21,2221.057662462812,119.62037389217143,2247.4032833333335,279.1284459058414,2221.057662462812,4721.243770831466,1922.4567486261217,1933.8249826358813
20,14,21,922.3281671420393,203.93892647816992,1027.443,475.8817729400417,922.3281671420393,2320.5381072241203,1238.8519161402437,1307.5416444610855
20,16,21,923.3700573124647,402.29886822708085,1040.9722666666667,938.7452506972392,923.3700573124647,2785.4853653221685,1239.5514411947336,1316.122278412357
20,17,21,734.2522821726379,68.79174214263494,769.1476333333334,160.52225428368877,734.2522821726379,1629.0268186289645,1105.3487221394294,1131.3097108513948
20,18,20,390.02981460134924,549.8772724145982,663.6441368421052,1283.112428877592,390.02981460134924,2063.1720580802903,805.6113278105299,1050.8586221301432
20,19,5,0.952880019047619,0.974996674832707,1.5006666666666666,2.2751083093481896,0.952880019047619,4.180868347443427,39.81949713011502,49.971084972545206
20,20,21,268.7080390723356,31.456148198702568,277.5191,73.40142381432824,268.7080390723356,610.8175019589995,668.6779322038125,679.55263401741
20,21,21,509.7250097265306,64.13740503132792,538.6109250000001,149.66158028368855,509.7250097265306,1169.1115997367497,920.9681949909817,946.704061045478
20,22,21,550.774175425651,94.58825839592726,587.7000166666667,220.71719647687235,550.774175425651,1322.2655473281743,957.3339166185868,988.9048628322815
20,23,21,1332.2809088878307,221.67400298857456,1563.6551833333333,517.2657293957606,1332.2809088878307,3181.827547171422,1488.9309696521696,1613.0474962215671
20,24,21,252.21632170966123,75.63797555092572,340.03656666666666,176.49761391003014,252.21632170966123,680.9302573293526,647.8332805011459,752.2106400027411
20,25,21,660.1241450578026,136.68383202102046,724.94035,318.9452128520676,660.1241450578026,1639.1935029676729,1048.0680213498472,1098.317232132866
20,26,21,500.4030252936391,125.81270147764816,504.2832833333334,293.5779474350045,500.4030252936391,1294.3839980222826,912.5078816583533,916.0389639456755
20,27,21,109.70988489274376,17.651564531298888,112.36399166666666,41.189085229490175,109.70988489274376,260.6088550149777,427.2671862681777,432.4045352830302
20,28,21,41.07921991743283,8.347495505232349,39.57009166666666,19.478483236324266,41.07921991743283,101.63692307118993,261.44946345825275,256.6020898849682
20,29,21,360.6090400122174,50.32603916975956,373.78069166666666,117.43341577174942,360.6090400122174,838.6514957961842,774.6311655106124,788.651425493756
20,30,21,247.91131634163403,30.851308138283688,247.45764166666666,71.99005833708519,247.91131634163403,567.8126910203532,642.2806476864137,641.6926957144933
20,31,21,126.57743053588952,21.63067317335975,162.77258333333333,50.47414575229164,126.57743053588952,303.6290068240707,458.938824258441,520.4359505901439
20,32,21,557.4678890133877,190.69528454173638,582.1118749999999,444.978365171208,557.4678890133877,1559.9141431979833,963.1337224489013,984.1921357133473
20,33,21,302.95394584724113,80.1016095387039,381.15475833333335,186.91329125295604,302.95394584724113,792.8211829474383,710.0108209667013,796.3928163077984
20,34,21,846.3809514678876,176.2990711084598,865.0023583333333,411.3854867023482,846.3809514678876,2104.1473896381235,1186.7509861982694,1199.7349391705932
20,35,21,239.4952993646671,54.83898709816236,244.07338333333334,127.96416484669025,239.4952993646671,606.9547635760244,631.2845460985134,637.2896593125191
20,36,21,122.21852588434687,59.30669888289935,131.72971666666666,138.38935753462636,122.21852588434687,382.82640930332013,450.96743460204885,468.18612595134994
20,37,21,156.22594125199618,15.401282314719749,164.20998333333333,35.93815884023238,156.22594125199618,348.39004134422476,509.86269351985504,522.7288133120908
20,38,21,4554.328773870295,481.02913268734375,4310.498316666667,1122.4585735159642,4554.328773870295,10231.116121256553,2752.8899505283844,2678.183936725283
20,40,21,3633.2818645036696,182.88775838632105,3442.8854499999998,426.75987469821587,3633.2818645036696,7693.323603705555,2458.816996552225,2393.524887858908
20,41,21,178.75099829644745,185.85449461029194,286.70663333333334,433.68261239468904,178.75099829644745,791.1846089875839,545.3821239876575,690.7096624969616
20,42,21,346.7895508150416,36.26156379394319,364.89505833333334,84.6146322619152,346.7895508150416,778.1937338919984,759.6432139868224,779.2210065614676
20,44,21,301.81191239778053,36.80930674616858,330.01619166666666,85.89276435627207,301.81191239778053,689.5165891518332,708.671307610169,741.0444945705577
20,46,21,1358.7934365387412,143.7360251423055,1398.2958583333332,335.4011696604502,1358.7934365387412,3052.9880427379326,1503.6729293302003,1525.373497956047
20,48,20,60.88923696317461,34.60476988218286,55.14044324324325,80.74858256880196,60.88923696317461,202.5270564951512,318.30754044904836,302.9087280960335
20,49,21,938.5975031794476,115.31959168727329,875.7815,269.0927754429247,938.5975031794476,2146.2877818018196,1249.7304690574688,1207.1869846879563
20,50,21,140.4690108218168,23.846853073343272,132.98596666666666,55.64549600979695,140.4690108218168,336.58351765343053,483.46709713020095,470.41327418912545
20,52,21,133.02164322758193,24.74001705546891,137.80958333333334,57.729651627756596,133.02164322758193,323.77293808292046,470.4763695773639,478.868611068492
20,54,21,2.994953030028173,2.394946214388486,5.36705,5.5884929389447935,2.994953030028173,11.57839899900114,70.59463040463403,94.50275763172205
20,55,21,713.0433471992442,256.7129092770068,833.1263749999999,599.027348594065,713.0433471992442,2025.1140429925533,1089.2677034317792,1177.4218819097935
20,56,21,286.30462643458395,148.77238091138375,204.01469166666666,347.15326600583484,286.30462643458395,919.7625188750028,690.2252519193627,582.6495060783399
20,58,20,130.85567803309524,51.04251490466903,156.7425,119.10527777909275,130.85567803309524,380.81663384528326,466.63031218199967,510.7049245895324
20,59,21,34.89374331693122,24.4077188252912,54.41514166666667,56.95424953237128,34.89374331693122,126.74173616623372,240.96304463417945,300.9099462186874
20,60,21,25.94086129187109,5.344725046594395,23.824333333333332,12.471661369280795,25.94086129187109,64.35338395302298,207.7633104994082,199.10723408923812
20,67,21,719.3411905748299,237.9088398328939,702.9992000000001,555.1489480352095,719.3411905748299,1993.8313291848692,1094.0675212785163,1081.568614929261
20,71,21,378.287900349811,67.69483116005495,347.18789999999996,157.96266474302573,378.287900349811,914.5384654426477,793.3921263675898,760.079381117525
20,72,21,3625.1702868510206,760.8788914710004,3913.784208333333,1775.4746586087967,3625.1702868510206,9025.815232310837,2456.0707150487538,2551.9672652028016
20,74,21,930.5728929787673,92.47065378922089,907.7853,215.7758669718683,930.5728929787673,2076.921652929403,1244.3766688252672,1229.0462721964539
20,79,21,1590.8293513687004,108.96776559321852,1535.0004,254.2710917396462,1590.8293513687004,3435.929794477047,1627.0033929520607,1598.1991945937152
20,80,21,1570.269142417488,73.28677298736687,1593.3307666666667,171.0111946971325,1570.269142417488,3311.5494795321083,1616.4553359071508,1628.2820381412223
20,81,21,1352.51257756097,78.79624245675588,1336.0448416666666,183.8672793315317,1352.51257756097,2888.8924344534717,1500.1936305228915,1491.032734896633
20,82,21,1239.059785319721,244.54101952856104,1292.1761,570.6248235168275,1239.059785319721,3048.7443941562697,1435.8953592696146,1466.3495594161714
20,83,21,249.30410258988528,30.19171757526261,217.121975,70.45093516935296,249.30410258988528,569.0591403491235,644.0823136133837,601.0748425944976
20,85,21,154.10050523718823,21.145285905700874,205.12284166666666,49.34151767836307,154.10050523718823,357.5425281527395,506.3825043528669,584.2297566311847
20,87,21,1942.6741852389857,387.7151048742545,1824.6117833333335,904.714733422628,1942.6741852389857,4790.063103900599,1797.9460070418334,1742.4563143639116
20,90,21,4007.8381877502648,250.80032659367325,3916.7896,585.2306184720177,4007.8381877502648,8600.906993972547,2582.4489819581026,2552.946903952372
20,91,21,3247.0915623183673,206.5882743185325,3084.7254,482.06389995806137,3247.0915623183673,6976.247024594796,2324.4699093982185,2265.6087626949184
20,92,21,6759.361142276945,538.9666346914631,6617.371775,1257.6529753379668,6759.361142276945,14776.375259891858,3353.740738451444,3318.328891716432
20,93,21,2145.7786979191505,235.18588836333075,2158.7563999999998,548.7950704536086,2145.7786979191505,4840.35246629191,1889.5967171165032,1895.3022581108269
20,94,21,2568.2969301947846,230.03254545117431,2534.124933333333,536.7699901810225,2568.2969301947846,5673.363850570592,2067.279877482515,2053.480920063945
20,95,21,5835.606083342631,349.53188077953007,5889.426325,815.6159983623089,5835.606083342631,12486.828165047571,3116.1592582347484,3130.4960317496016
20,97,21,1045.3805434570672,74.42920861496404,1042.6700833333332,173.67701382896462,1045.3805434570672,2264.4381007430993,1318.9060710727508,1317.1951331016473
20,98,21,776.3919272152065,80.1658064585614,802.1316416666667,187.06309170825241,776.3919272152065,1739.8469461386653,1136.6249015775186,1155.3125342232436
21,1,21,647.2474455665382,212.25703828221006,626.3257583333333,495.2916907089471,647.2474455665382,1789.7865818420235,1037.7956202560886,1020.8849405621902
21,2,21,1924.787105927513,110.31973726347702,1956.7811666666666,257.42585324848545,1924.787105927513,4107.000065103512,1789.6496149423724,1804.4622083416803
21,3,21,422.7300002381709,49.77290158367176,585.4802083333333,116.14269555617835,422.7300002381709,961.60269603252,838.702998919353,987.0354941270687
21,4,21,758.5974144834468,53.4611458347888,794.3948333333333,124.74903787428096,758.5974144834468,1641.9438668411744,1123.5239640080915,1149.727360145294
21,5,21,632.9370327236034,128.64975224596463,732.4153916666668,300.19807029659984,632.9370327236034,1566.0721357438065,1026.2588476851618,1103.965222157534
21,6,21,112.15429685880575,40.93648949516235,162.337325,95.52334875600386,112.15429685880575,319.83194247361536,432.00086802349455,519.7396548272991
21,7,21,756.4866505266817,310.48340507214675,1083.5690833333333,724.4982398689353,756.4866505266817,2237.471540922299,1121.9597971747464,1342.7803076701216
21,8,21,754.75149964239,58.8962062806167,741.9715166666666,137.43149259571314,754.75149964239,1646.934491880493,1120.6723407869656,1111.1438267539145
21,9,21,625.4166491271353,80.13290922985047,655.3010833333334,186.98632759169004,625.4166491271353,1437.8196258459607,1020.1437664111628,1044.23225513612
21,10,21,547.7069831209922,44.32656901618137,631.5603666666667,103.43393787564868,547.7069831209922,1198.847904117633,954.6645588442733,1025.142160938342
21,11,21,508.28488132033254,74.78616518828056,535.1887583333333,174.50995499378266,508.28488132033254,1191.0797176344477,919.6662669235147,943.6917366739345
21,12,21,108.10484273378684,16.614539755359356,115.05298333333333,38.76923730011668,108.10484273378684,254.97892276769036,424.1302374377725,437.5478993969308
21,13,21,1156.4997047321033,89.29579273137506,1142.59645,208.36747988688631,1156.4997047321033,2521.366889351093,1387.2330405069727,1378.8692805338728
21,14,21,625.5493628080877,97.65719650141385,663.5670416666667,227.87841739679584,625.5493628080877,1478.9771430129713,1020.2519981419581,1050.797581522404
21,16,21,280.9758375381708,67.65586703062841,262.908025,157.87174380256198,280.9758375381708,719.8234188789036,683.7717409073852,661.4219179918367
21,17,21,285.1131081096343,37.332763960817374,295.811775,87.11422683853137,285.1131081096343,657.3404430578,688.7874940026361,701.5916145450999
21,18,19,289.8952741788639,390.3576508274856,489.24791999999997,910.8809885609464,289.8952741788639,1490.671536918674,694.5399457436768,902.2796345257937
21,19,21,75.49395094807257,13.390712565672274,80.66675,31.246590078352362,75.49395094807257,182.2344919744975,354.4318472959121,366.37340514835404
21,20,21,216.8899749106576,28.128187594322704,213.480725,65.63578622842859,216.8899749106576,499.41573604974377,600.7536252502637,596.0133609240652
21,21,21,123.30029658027213,15.365325579382215,128.26618333333332,35.854255510656934,123.30029658027213,282.4548486712012,452.9588209866023,461.9901828682798
21,22,21,347.9277029556829,47.10039300663554,352.28594999999996,109.90652406209333,347.9277029556829,805.7619299734591,760.8887551529832,765.639484875225
21,23,21,1391.819747141421,203.819091273979,1514.946025,475.60214319786445,1391.819747141421,3259.2416374807062,1521.8370672458088,1587.7248456832815
21,24,21,264.9634606601526,36.16313433344934,359.91860833333334,84.38495180326889,264.9634606601526,614.3118731235741,664.0024085336543,773.8892454781025
21,25,21,692.8349806757712,61.46619344428522,754.6467083333333,143.42843525398803,692.8349806757712,1529.0983966055305,1073.7212896485212,1120.5945398165507
21,26,21,384.23369715366596,53.513738703215644,431.9847833333333,124.87176082817298,384.23369715366596,893.3391551355049,799.6029465076402,847.8341108180695
21,27,21,67.70165371058201,8.954442313531288,69.72791666666667,20.89476470941771,67.70165371058201,156.29807213058172,335.6419994196323,340.62773423979047
21,28,21,30.68576382524565,5.6999587243524665,29.212458333333334,13.300582239361072,30.68576382524565,74.67210988985238,225.96705734511116,220.47569178180768
21,29,21,204.05608318422318,20.737256226358156,206.38110833333334,48.38939985284066,204.05608318422318,456.501566221287,582.7086084987482,586.0189111851824
21,30,21,184.13292482471655,24.743465116320785,186.81744166666667,57.7376975135506,184.13292482471655,426.0035471629837,553.5315590897491,557.5519912378875
21,31,21,122.63980469546485,33.070181080137935,166.31530833333332,77.16769267954757,122.63980469546485,322.44730207047724,451.7439927804835,526.0690763261671
21,32,21,278.368001794764,74.04143836534259,288.43620833333335,172.7721704179005,278.368001794764,729.5081740074285,680.5911805088921,692.7899036985648
21,33,21,256.2323876236583,43.00804493662074,335.20956666666666,100.35722472685895,256.2323876236583,612.8219999741756,652.97066779892,746.8525416260785
21,34,21,750.047986193541,78.16161456211559,760.6957333333334,182.38640536169174,750.047986193541,1682.4823777487736,1117.1749411019082,1125.0767530558378
21,35,21,101.18273169050367,17.177020565769425,107.91054166666667,40.08175948469995,101.18273169050367,242.4472228657073,410.32677896159555,423.7489130762855
21,36,21,64.12482666520994,19.606393202806366,89.600325,45.75058484143691,64.12482666520994,174.00023817185678,326.65534064348213,386.12814038865383
21,38,21,1717.486253275057,202.8462781549721,1698.6332499999999,473.33213011205027,1717.486253275057,3908.3046366621643,1690.5316103077441,1681.2274468375776
21,40,21,1659.0784609514258,90.16673615102043,1590.9945,210.39978488048774,1659.0784609514258,3528.5567067833395,1661.5374082527221,1627.087842742364
21,41,21,57.9318210579965,27.844681926035566,123.82894166666667,64.97423925261141,57.9318210579965,180.83788136860443,310.48115923596106,453.9288038154589
21,42,21,211.65445787467874,33.593285035728385,198.1593333333333,78.38833084861717,211.65445787467874,501.69724659797464,593.4585224794278,574.2274206851033
21,44,21,163.5873718046932,22.9259998202805,185.9858833333333,53.4967287967263,163.5873718046932,380.6714724061127,521.7368941171493,556.3097247637027
21,46,21,774.8403758841359,64.73391308483876,806.10505,151.05350341959922,774.8403758841359,1700.734255187871,1135.4886108945357,1158.1704551576163
21,49,21,463.9745581684464,76.08170362779694,454.8851666666667,177.53303224615323,463.9745581684464,1105.482148583046,878.6658436472279,870.0166189983576
21,52,21,106.1063740275328,16.31567115997379,116.08572500000001,38.071841665529924,106.1063740275328,250.2845897205955,420.19163054708093,439.50727684533285
21,54,21,3.3901999817563384,2.13446297558858,3.3139333333333334,4.980667705959993,3.3901999817563384,11.76106766947267,75.1085399248484,74.25890563876273
21,55,21,310.1938787811036,59.779978236096646,378.60203333333334,139.49373236676294,310.1938787811036,759.8814899289702,718.444579833237,793.721477261808
21,56,21,103.51162780831444,43.82467399040464,66.30563333333333,102.26278973428595,103.51162780831444,309.28604535091483,415.02210624620375,332.1634746125267
21,58,19,67.3320593706463,84.0440899500171,34.85151515151515,196.11288154362055,67.3320593706463,330.77700028491313,334.724583490301,240.81719459399324
21,59,21,16.495456061678002,22.460032710940798,21.7105,52.40941673740712,16.495456061678002,85.40032886076312,165.67570397204352,190.06912426798834
21,60,21,8.488277678973407,4.236844339679263,7.36421052631579,9.886474499282855,8.488277678973407,26.86302985722967,118.8465147062031,110.69799598813646
21,67,21,205.87421785517768,55.71477051186033,208.54004999999998,130.00776373592282,205.87421785517768,541.7561994462782,585.298811301557,589.076092877652
21,71,21,241.41558894181955,48.3374765830901,240.48124166666665,112.79319967525157,241.41558894181955,595.6243775588907,633.8103344054811,632.5826318619041
21,72,21,1645.8639147065007,358.79275240169676,1849.3,837.2258012706249,1645.8639147065007,4128.953630683626,1654.9071134271003,1754.2050051234035
21,74,21,464.08888607089943,46.4540217539798,459.166625,108.39824752556751,464.08888607089943,1036.5760196673664,878.774092939691,874.1014037284233
21,79,21,931.3991547789939,87.40885433829017,938.2803,203.9643990065621,931.3991547789939,2066.76270856455,1244.928991369486,1249.5192752414828
21,81,21,237.92739582303992,18.99597539778238,218.92996666666667,44.32620396278166,237.92739582303992,520.1809956088615,629.2147381057904,603.572252951818
21,82,21,617.341631916189,77.52233024131115,653.7939416666667,180.89466584314647,617.341631916189,1415.5779296755245,1013.5366177442918,1043.030737290773
21,83,21,6.374262910733181,2.3911896093126184,6.399066666666666,5.57972707989762,6.374262910733181,18.32825290136398,102.98919110013446,103.1893741299623
21,85,21,50.89398093089397,14.349554685096981,59.20990833333334,33.48400250196959,50.89398093089397,135.27196436375752,291.0113129570869,313.8873802284295
21,87,21,294.1957921488284,48.059573258531756,290.3651916666667,112.14472550173025,294.1957921488284,700.536309799387,699.6726364062342,695.1026391356412
21,90,21,483.7359477219749,20.410791749674328,454.2664916666667,47.62761054341781,483.7359477219749,1015.0995059873677,897.1825995912795,869.4247765812368
21,91,21,275.64145455026454,14.952220278782226,272.97758333333337,34.890293964642346,275.64145455026454,586.1732030651714,677.2498655382961,673.9693603322534
21,92,21,984.1961681918093,73.70059498023623,892.1414333333333,171.97682861042728,984.1961681918093,2140.369164994046,1279.7274803141374,1218.4101711109713
21,93,21,28.24726080068027,4.682863654726088,27.239933333333337,10.927239330575159,28.24726080068027,67.4217609319357,216.80277205868924,212.90197055609107
21,94,18,40.417426986684305,97.50264845842128,12.790363636363638,227.5177868983726,40.417426986684305,308.3526408717412,259.3349157090936,145.88750834430306
21,95,21,1592.7531789597128,116.47270731886012,1640.69355,271.7835158554626,1592.7531789597128,3457.2898737748883,1627.9868825604715,1652.3056821302769
21,97,21,133.69405522380953,9.140518604871374,135.55044999999998,21.328964873918956,133.69405522380953,288.717075321538,471.66397773459346,474.92730896422455
21,98,21,7.3876543880437024,5.917977023235739,7.548633333333334,13.80931755731936,7.3876543880437024,28.584626333406767,110.87405874100902,112.07553643265183
22,1,21,930.6283775886828,644.2318380569261,928.9378333333334,1503.2843144428762,930.6283775886828,3364.5410696202416,1244.4137657176443,1243.2829744940075
22,2,21,2093.898927069092,131.44268882700672,2146.9892916666668,306.715254803,2093.898927069092,4494.513108941184,1866.6139972267886,1890.1296731529646
22,3,21,346.7574376773998,34.98048805622471,520.7221333333333,81.62530303544602,346.7574376773998,775.1401783902456,759.6080412259953,930.8499502426084
22,4,21,1277.9466651046864,90.38069489161472,1312.2807583333333,210.8990474125033,1277.9466651046864,2766.7923776218763,1458.2534933043014,1477.7128211755717
22,5,21,791.9706275977323,220.37702647010238,968.4068916666666,514.239296454631,791.9706275977323,2098.180551650096,1147.9717436952126,1269.420760714639
22,6,21,142.22045631634714,47.927555261158446,207.32880833333334,111.83666779183183,142.22045631634714,396.2775804245261,486.4718278692011,587.3628666051904
22,7,21,836.449602358579,269.515699218041,1319.2380916666666,628.9020492259252,836.449602358579,2301.8012539430833,1179.767832382573,1481.6248460839652
22,8,21,1457.3607954599324,87.72019094051518,1498.0018,204.69088814135623,1457.3607954599324,3119.412479061221,1557.2566787929752,1578.8207609478663
22,9,21,813.3841674588059,121.29730642528367,942.4020583333332,283.0414881128362,813.3841674588059,1909.8098230304481,1163.3878350109446,1252.2607656022233
22,10,21,740.2707396037794,67.71626628254756,783.3573583333333,158.01268258057704,740.2707396037794,1638.5541617881358,1109.8695917542245,1141.7121547336994
22,11,21,446.10281877037033,93.23343057448166,584.3215916666667,217.55577027525388,446.10281877037033,1109.7614078159945,861.5770948869847,986.0583798808939
22,12,21,130.89294688578988,20.26109563173859,145.87585833333333,47.27830178105593,130.89294688578988,309.0641955526357,466.69675766813975,492.68390299122484
22,13,21,1442.9105958263724,87.94138803034897,1489.8581416666666,205.20704101661687,1442.9105958263724,3091.028232669362,1549.5170962125856,1574.5234033615802
22,14,21,605.4797254274514,91.42773845100247,688.5921083333333,213.34227369593785,605.4797254274514,1424.3017245508406,1003.7520924567376,1070.428544213329
22,16,21,599.6742752094206,211.8615594364296,752.1126833333333,494.3688596558453,599.6742752094206,1693.7174100746865,998.9284228354281,1118.711537916127
22,17,21,528.3644341873702,62.01700984960213,578.538075,144.7137391047697,528.3644341873702,1201.4426074795101,937.6558102458407,981.166324738064
22,18,20,426.7475360809525,484.59431552973444,559.5519885714285,1130.7777578972448,426.7475360809525,1984.2728300591498,842.6790017786755,964.9323857052665
22,20,21,248.4261764782794,25.21989386670864,265.14822499999997,58.84942131405051,248.4261764782794,555.7017742706092,642.9472432943911,664.2338792925275
22,21,21,200.20790570257677,40.312242888512955,221.666775,94.06669902731207,200.20790570257677,494.4825104324656,577.1879720585728,607.3331158433566
22,22,21,448.0770596975675,52.34954010665163,474.7551,122.15515884465468,448.0770596975675,1018.3092782397897,863.4814574365523,888.8152149912827
22,23,21,1036.0445513387754,182.20685609908085,1243.6861583333332,425.171021636927,1036.0445513387754,2497.2601243144777,1313.003478071449,1438.5735182696317
22,24,21,267.73217954317323,50.25903799968329,339.61064166666665,117.2770717321118,267.73217954317323,652.7414308184583,667.4626182490224,751.7393881747405
22,25,21,351.6051867473807,59.940899585334414,407.7047583333333,139.8692346717992,351.6051867473807,843.0796081665605,764.8993598818354,823.6629880398091
22,26,21,297.9755791741084,48.54638402868194,341.695575,113.28067525093212,297.9755791741084,709.231833599149,704.1529405929626,754.043391854872
22,27,21,85.53871742945097,9.171212995264677,81.80586666666666,21.400588772170874,85.53871742945097,192.4780236310728,377.27500023538056,368.951164970831
22,28,21,41.43544419486017,7.8153316404946445,36.190475,18.23670420071131,41.43544419486017,101.10759259043164,262.5806145553158,245.3995729417637
22,29,21,299.9131866855631,34.99092582003506,322.58675,81.64965906022941,299.9131866855631,681.4760324313556,706.4386333184059,732.6556844794148
22,30,21,179.90744328390713,25.666227993843137,195.08211666666668,59.89092074435738,179.90744328390713,419.70580731217166,547.1434780973099,569.7513862495935
22,31,21,76.7417641668728,13.158635786957745,128.819775,30.705049967201955,76.7417641668728,184.18857830094754,357.3489828916214,462.98607495258426
22,32,21,219.23715921088436,45.652359861961635,256.9542833333333,106.52760767735339,219.23715921088436,545.0019260991221,603.9955570423607,653.8898435261605
22,33,21,237.68747692024326,45.96396999721432,308.21725,107.25473508844136,237.68747692024326,582.6296889289279,628.8974173864008,716.1518721612057
22,34,21,788.9318712820861,160.20855428140038,848.268375,373.83903195035526,788.9318712820861,1951.7027745145276,1145.7672686079802,1188.073472475503
22,35,21,163.74989871139974,52.574725808883535,178.51745000000003,122.68061895700032,163.74989871139974,450.1804163797998,521.9960071262702,545.0257212279068
22,36,21,86.3252399253075,17.450315171703227,107.44347499999999,40.719479432787686,86.3252399253075,213.3699592834027,379.0055398483137,422.8308673689753
22,38,21,2952.379414593087,397.60898792627023,2818.1962083333333,927.801638357173,2952.379414593087,6832.560467543347,2216.474530844624,2165.5203741056484
22,40,21,2209.0933344295886,109.67785275369116,2121.4317166666665,255.92804631277843,2209.0933344295886,4674.114715171956,1917.2718400088277,1878.8460225716565
22,41,21,42.96038426202157,15.741904203375436,53.603341666666665,36.7329837962861,42.96038426202157,122.65375232032923,267.36880785163385,298.6569278174095
22,42,21,297.3384289010582,41.060184645426475,308.855,95.81198549852431,297.3384289010582,690.4888433006407,703.3997054956455,716.8924047582036
22,44,21,201.82574466363636,29.640851165336155,199.97685833333333,69.16551463519623,201.82574466363636,472.81700396246896,579.5153484768897,576.8548277224234
22,45,11,1.377538895041322,0.7452960859242755,1.0602,1.7391129239511953,1.377538895041322,4.49419071403384,47.87718372407424,42.002057092480605
22,46,21,876.0211036976103,79.7414163194659,891.644275,186.0727975290161,876.0211036976103,1938.1150049242367,1207.3521095988624,1218.0706357186352
22,52,21,70.68528258517145,12.731381702627713,69.66635000000001,29.708072908147884,70.68528258517145,171.07863807849077,342.9581756158108,340.47732141803516
22,54,18,2.3006416932098768,1.8990894037194266,2.5873833333333334,4.431434684983428,2.3006416932098768,9.032718071403181,61.87299715951406,65.6155916430437
22,55,21,341.60365449554035,137.3961176487396,455.568825,320.6072974438239,341.60365449554035,1003.8146064349046,753.9419613475424,870.670158441186
22,56,21,266.1503899419501,84.1599892445091,196.48110434782612,196.38332702795168,266.1503899419501,728.6841069118518,665.4879780006585,571.7906589257843
22,58,20,81.69750081357142,40.293981117155894,101.4975,94.02408605351398,81.69750081357142,257.41908768065684,368.70671454935945,410.9645240163681
22,59,21,22.44721719268192,26.00373399384846,30.502191666666665,60.67847492263059,22.44721719268192,105.57290930799442,193.26709344485604,225.29013944985107
22,60,21,16.94667540483749,6.03479683875689,16.535166666666665,14.081911033634851,16.94667540483749,47.97526184330983,167.92637634883204,165.87500514945984
22,67,21,482.5426452787694,163.8964825342808,486.3647416666667,382.44463690162127,482.5426452787694,1347.52992745916,896.0753103081639,899.6171019569011
22,71,21,216.82012799623442,35.81080059081488,206.25594166666667,83.56279779369859,216.82012799623442,517.2030537861674,600.6568845736592,585.8411789327662
22,72,21,2462.409711374871,533.8115296495793,2816.612416666667,1245.6237832195782,2462.409711374871,6170.443205969321,2024.215838226691,2164.9117906587635
22,74,21,726.9632043637188,68.03068439430099,733.7418250000001,158.7463622711078,726.9632043637188,1612.6727709985453,1099.8485223253374,1104.9644323687528
22,79,21,671.8149128235004,60.30143353434734,699.2531,140.71052347244273,671.8149128235004,1484.3403491194435,1057.3079092385078,1078.6830667068061
22,80,21,64.90934647845805,10.195114785787668,67.406525,23.7898148400188,64.90934647845805,153.6085077969349,328.6474593544794,334.90962601872167
22,81,21,474.5989164887721,35.88173669278513,497.2294416666666,83.72832380952116,474.5989164887721,1032.9261567870653,888.6690030811903,909.6096915344148
22,82,21,675.1519640302894,119.52243973805632,790.3413666666667,278.89992122104235,675.1519640302894,1629.2038492816212,1059.9305959101291,1146.790318294209
22,83,21,61.38121200879544,13.504607481829803,59.759475,31.51235844129265,61.38121200879544,154.27478245888352,319.5908897053162,315.34071478323256
22,85,21,92.62697092349345,16.632579612776766,123.34441666666667,38.81133244830458,92.62697092349345,224.0652742952915,392.5955674949643,453.039854023168
22,87,21,562.7143404104309,69.96047519502348,571.268625,163.24943720393335,562.7143404104309,1288.6781180247951,967.6552394540923,974.982559844021
22,90,21,910.6585305224243,57.59293340960651,853.2430583333334,134.3903674157815,910.6585305224243,1955.7074284606301,1230.9897622601554,1191.552117646
22,91,21,872.0722054094482,81.12371738982618,863.930575,189.29833124864356,872.0722054094482,1933.44274206754,1204.6278055072953,1198.9914415040669
22,92,21,2147.846030316024,151.38173240091317,2067.2226,353.2420634438949,2147.846030316024,4648.934124075943,1890.506755990537,1854.6855276299539
22,93,21,91.1326783675737,13.268210006524377,96.75986666666667,30.960736190407957,91.1326783675737,213.22609292555535,389.41594318112175,401.258542754336
22,94,21,17.72135008061568,22.5090356598438,44.91121379310344,52.523762785049705,17.72135008061568,87.96646294628107,171.7216542377358,273.3720171336564
22,95,21,2199.04574972774,118.44082362250708,2328.0161083333332,276.3760215242221,2199.04574972774,4674.4675209797015,1912.9067221239407,1968.2019216194935
22,97,21,174.7115246452003,15.471065054610532,183.460525,36.10099354056799,174.7115246452003,385.5240428309686,539.1845481925584,552.519966698037
22,98,21,9.610042025870953,5.904671617555426,9.125181818181817,13.7782700267955,9.610042025870953,32.9983540785374,126.45596044097432,123.22460203001081
23,1,21,1327.430789877551,895.6548377758693,1393.6532,2089.967910999719,1327.430789877551,4744.829490754821,1486.2182996976737,1522.8391001021744
23,2,21,2573.4136781027214,221.41729746849714,2756.5262666666663,516.6667192895119,2573.4136781027214,5663.494075494955,2069.338145485877,2141.6955217148243
23,3,21,557.6243938886621,67.59661770290788,766.915075,157.73348831790258,557.6243938886621,1272.9822760952268,963.268909199676,1129.6666255139169
23,4,21,1032.3022918271354,94.77876846306442,1081.4570083333333,221.1617426460504,1032.3022918271354,2285.766326300321,1310.6300063711165,1341.4710067186195
23,5,21,1351.3623319826152,385.16442513474925,1553.6351666666667,898.7628437191782,1351.3623319826152,3601.4875076844087,1499.5555743016234,1607.8709268263212
23,6,21,177.41699453900227,49.45029993879404,288.28225833333335,115.38991998081895,177.41699453900227,470.2239090588235,543.3432422630282,692.6049941103996
23,7,21,1262.593796766007,389.64969795177257,1759.4575333333332,909.2290142396616,1262.593796766007,3434.4166077716754,1449.4675152684988,1711.0632178463386
23,8,21,1440.9467665145055,99.61817359330902,1464.7889166666666,232.45426405491668,1440.9467665145055,3114.3477970839276,1548.4622757691377,1561.2202782866143
23,9,21,1434.1188548587095,298.84948974485513,1941.0270833333334,697.3510524839979,1434.1188548587095,3565.588762201417,1544.7892330298307,1797.1836485642382
23,10,21,1185.7553413925928,145.1989706961705,1236.7683083333334,338.8148834418776,1185.7553413925928,2710.325566227063,1404.6696722280562,1434.5669956703543
23,11,21,959.4188290465472,298.8795785303187,1234.2774666666667,697.4212632319866,959.4188290465472,2616.2589213250812,1263.5160986443561,1433.1216642467357
23,12,21,170.3660172753247,24.473927146970617,204.26086666666666,57.10874349803191,170.3660172753247,397.84077804868133,532.4369002484148,583.000928072446
23,13,21,1369.5056544802032,95.28092000620956,1453.1256666666668,222.3334893584764,1369.5056544802032,2961.344798318883,1509.5884899717068,1554.9923180946373
23,14,21,1184.236400871353,136.49833663039811,1396.0423833333334,318.5123681917275,1184.236400871353,2686.9851699344335,1403.769700146691,1524.143866525292
23,16,21,746.1102390185941,410.6323694393195,898.7766583333333,958.1910789173,746.1102390185941,2450.4115569544883,1114.2385012765178,1222.9326880358815
23,17,21,964.2987941816258,98.63493523658991,1062.7117916666666,230.15992417337262,964.2987941816258,2158.7575125366243,1266.7253820454634,1329.7941274247428
23,18,21,404.0141762973202,652.4027853395704,748.2962823529411,1522.3508308093856,404.0141762973202,2330.3791834040258,819.9265755899982,1115.8696222387696
23,19,21,39.99846129613825,10.736568197805404,50.691675000000004,25.053270591822105,39.99846129613825,105.05019318409862,257.9872857269793,290.4323453060971
23,20,21,411.70813049106715,43.82729309282768,480.06305,102.26890128506301,411.70813049106715,925.6851622671973,827.6970032186512,893.7700572294867
23,21,21,330.2884789166289,48.76427797850903,352.873675,113.78912040628956,330.2884789166289,774.3660782395473,741.3501392171383,766.2778837993434
23,22,21,812.5228927210403,68.57861373793502,903.2162833333333,160.02492930094039,812.5228927210403,1785.070714743021,1162.7717288822475,1225.9493853608585
23,23,21,1564.7346154796007,237.55815975630637,1943.0988083333334,554.3306527766088,1564.7346154796007,3683.79988373581,1613.6041646444942,1798.1424907572443
23,24,21,322.4043329847179,61.30491134705668,430.90090833333335,143.05209116069489,322.4043329847179,787.8607571301307,732.4485033683737,846.7698102003087
23,25,21,542.2247041188964,108.36521303857668,629.9859250000001,252.8650640481981,542.2247041188964,1337.3144722859909,949.8746799730181,1023.8635549720481
23,26,21,436.5557452786161,86.79120498014716,521.622,202.52314364308523,436.5557452786161,1075.6346342003174,852.3079021947509,931.6539099901851
23,27,21,119.06829187460318,14.888093797760686,134.4754,34.74065787501527,119.06829187460318,272.8772416242216,445.1175548990847,473.0402367663875
23,28,21,45.33913961596922,7.799544502011559,42.618141666666666,18.19986566487747,45.33913961596922,108.87814489681591,274.67130960654185,266.3016855623211
23,29,21,387.52815706467817,44.250765590908074,454.77509166666664,103.25705419269056,387.52815706467817,878.3133683220469,803.0235696140086,869.9113475138333
23,30,21,294.42534484429325,33.355251390780744,316.063775,77.83289067379019,294.42534484429325,666.6835803623767,699.9455506115486,725.2103981604236
23,31,21,147.1479712666804,21.13608390796753,201.53268333333335,49.32004525487063,147.1479712666804,343.61598778823145,494.8274691119685,579.0944526298509
23,32,21,378.3787697876108,57.18567295983571,469.99210833333336,133.44004455083288,378.3787697876108,890.1975841260545,793.48741195219,884.3454462293945
23,33,21,343.37763268071876,86.89137410744142,459.1606,202.75688353136377,343.37763268071876,889.5121488928013,755.8970702289538,874.0956689058698
23,34,21,945.0731126624682,262.0711125994528,991.6608249999999,611.530460878182,945.0731126624682,2501.6766862031186,1254.0341540286481,1284.5713731825101
23,35,21,191.31641602373395,50.7741648564382,231.67409999999998,118.47909572093477,191.31641602373395,501.11192776840267,564.2255898694185,620.8910551779595
23,36,21,151.9951954591837,44.2595220680518,168.15899166666665,103.27748701510376,151.9951954591837,407.26787793347114,502.91152824734655,528.9769013230476
23,38,21,1750.0807142171577,227.8495205596658,1774.1202083333335,531.6760055568831,1750.0807142171577,4031.8374339911984,1706.497673147359,1718.17811261425
23,40,21,2391.765999714616,107.74931044798016,2360.845325,251.42788468360627,2391.765999714616,5034.959884112838,1994.9683264465932,1982.030933361031
23,41,21,94.67593690893287,32.29250451258576,92.93595833333335,75.3530214437437,94.67593690893287,264.7048952616094,396.9140448717635,393.2498374655312
23,42,21,450.35759902325975,49.43129731571368,466.2090333333333,115.34557826480544,450.35759902325975,1016.060776311325,865.676062262729,880.7791048081617
23,44,21,288.72082864384186,39.31640112660051,339.35205,91.74294969994982,288.72082864384186,669.1846069876335,693.1316317001791,751.4531330695215
23,45,17,2.124434497385621,1.275361265683711,1.524221052631579,2.975994778111114,2.124434497385621,7.224863772882356,59.45636217975057,50.36172983108252
23,46,21,1392.1832898310863,142.33557803006445,1467.5909,332.1332930162463,1392.1832898310863,3116.499872678419,1522.0358058465404,1562.712787942813
23,49,21,1100.1874682209373,149.27181943848012,1028.5286916666666,348.31868202451057,1100.1874682209373,2548.693618466385,1353.0380434857107,1308.2322970074288
23,50,21,270.152195704384,65.64389027098203,277.90520833333335,153.17689184845418,270.152195704384,693.4812832572221,670.4724108060636,680.0251956116529
23,52,21,100.21699230612033,17.91360111428077,112.16669999999999,41.800535117150126,100.21699230612033,242.2345197293908,408.36390045813823,432.0247548462935
23,54,21,3.462912486298358,2.0665360701145516,4.472183333333333,4.822163506857174,3.462912486298358,11.74798847945389,75.90972518195852,86.26536423540253
23,55,21,544.7261509091046,153.76063548488875,649.0260916666667,358.7931205020285,544.7261509091046,1448.2454223202376,952.0631886134187,1039.2205812691227
23,56,21,412.64939924029414,166.73969856838838,336.28372499999995,389.07914611733736,412.64939924029414,1214.3779445979258,828.6426252226285,748.0482059332807
23,58,21,78.02036518010031,51.638033613757756,104.75617272727273,120.49489232690908,78.02036518010031,276.5356226871097,360.31359627370006,417.50960637832253
23,59,21,32.03069468314437,21.47050102722102,46.89789166666667,50.10039167700837,32.03069468314437,114.16178104329711,230.86592635716565,279.35298769358695
23,67,21,576.0487668982341,157.28072392797793,595.2915583333333,367.0070792500282,576.0487668982341,1519.1046130464965,979.0531896269281,995.2713966886955
23,71,21,428.7167420256807,69.63463897620402,458.277725,162.48911390431806,428.7167420256807,1019.9225979556794,844.6210148526573,873.2549080308681
23,72,21,2944.140809916739,627.5652194414079,3327.6771166666663,1464.393553602683,2944.140809916739,7352.675173436161,2213.3798380986154,2353.137208522557
23,74,21,1337.5052189782864,104.86877266151193,1478.7769583333331,244.7062869360962,1337.5052189782864,2919.716724892669,1491.8474065332114,1568.6570239114305
23,79,21,1313.2213764169035,133.69863216592913,1281.6225833333333,311.9793911516514,1313.2213764169035,2938.422143985458,1478.2423246402218,1460.34926598628
23,80,21,67.53022249356147,12.378123238787033,57.880399999999995,28.883761105680033,67.53022249356147,163.94420609280297,335.2167809482191,310.3433350339588
23,81,21,336.941389654195,31.273666552947564,341.93964166666666,72.97561158411527,336.941389654195,746.8583908925053,748.7793215524722,754.3126432278153
23,82,21,818.9573232246408,134.79710745541902,930.6439083333333,314.5426309279931,818.9573232246408,1952.4572773772747,1167.3666886826102,1244.4241493424445
23,83,21,55.583742572184434,8.675169183600438,50.31522608695652,20.24309416029264,55.583742572184434,131.4105793046615,304.12390179023237,289.35192449454286
23,85,21,144.424343789418,28.626313702393514,211.28201666666666,66.79813977980827,144.424343789418,355.64682735864426,490.2265884931085,592.9361481081528
23,87,21,1287.173190912767,178.35085094231547,1364.6066666666668,416.17321723461805,1287.173190912767,2990.5195990601524,1463.5081788903144,1506.8860253294984
23,90,21,962.8065711247165,84.05144275837036,909.1747416666667,196.13003897175682,962.8065711247165,2121.74318122119,1265.7448930774037,1229.9864918499443
23,91,21,1088.7354134924415,141.9221383192448,982.7329666666666,331.1685511399094,1088.7354134924415,2508.6393781247925,1345.9776105312535,1278.7758429581525
23,92,21,2526.9291408455233,254.537999364055,2524.660391666667,593.9522998859354,2526.9291408455233,5647.810581576982,2050.5633592666554,2049.6426253699287
23,93,21,90.21895364195012,14.22798236468422,97.63140869565217,33.20031928181371,90.21895364195012,213.63822656571395,387.4588221478574,403.061613242399
23,94,11,40.59279072756133,87.66183339479518,10.204244444444445,204.55471358752655,40.59279072756133,285.7402950426492,259.8969098905604,130.30680241474562
23,95,21,2046.486320500151,154.69598712773595,2208.572833333333,360.97571901721756,2046.486320500151,4453.948360017519,1845.359920804679,1917.0459552829366
23,96,21,509.96408401806497,56.310521077659175,609.3437,131.3979193103307,509.96408401806497,1151.3260873464606,921.1841486945268,1006.9498084810385
23,97,21,273.82200138722607,35.89557563371781,274.89698333333337,83.76061631914834,273.82200138722607,631.4046190936004,675.0109705096238,676.3346658767882
23,98,20,7.788154075050505,6.614618344101398,4.995585185185185,15.4348969040476,7.788154075050505,31.01120505414861,113.83974868596664,91.17375580806215
24,1,21,841.7305408667834,563.0111669054941,762.0324,1313.7597462086658,841.7305408667834,2997.2208279422325,1183.4862145383559,1126.064791031138
24,2,21,1527.8569541315192,123.73727469255,1641.2276916666667,288.73503786812745,1527.8569541315192,3344.448946131166,1594.4760806217346,1652.5746212904678
24,3,21,334.38125682613213,34.322902219015454,452.8425,80.09085779992647,334.38125682613213,748.8533714521907,745.9292267760286,868.0610116806307
24,4,21,1078.3317845160243,89.20445469521535,1164.6724,208.15434692921528,1078.3317845160243,2364.8179159612637,1339.5312946828321,1392.1260264789248
24,5,21,1102.5038786734763,241.45659685544783,1207.1182916666667,563.4274700957548,1102.5038786734763,2768.4352274427074,1354.461684254178,1417.2666782695956
24,6,21,125.11780871557067,45.45445053215545,188.89235,106.06579568110544,125.11780871557067,356.3014131122468,456.285035589279,560.6396974885029
24,7,21,877.6100819299388,278.14603735132226,1219.5131333333334,649.0405322652462,877.6100819299388,2404.260696125124,1208.4465963920036,1424.524430772132
24,8,21,1907.644588376445,91.83148436253954,1951.909925,214.28439555328777,1907.644588376445,4029.5735723061775,1781.6623122966946,1802.2147805408765
24,9,21,645.2565802466089,185.52787516352564,906.5074083333334,432.9204614699587,645.2565802466089,1723.4336219631764,1036.1983157341829,1228.1809017675967
24,10,21,960.0677132575483,121.17966902493708,1070.36465,282.76698684126563,960.0677132575483,2202.9024133563626,1263.9433036574703,1334.573631389441
24,11,21,531.9318393562359,78.41194756008014,654.2080416666666,182.97054549106286,531.9318393562359,1246.8342242035346,940.8159122212891,1043.361002402013
24,12,21,145.96311598004536,31.46078539298706,162.34004166666668,73.41224448635825,145.96311598004536,365.33847644644896,492.8312337817029,519.7440036530805
24,13,21,1085.3848935933484,82.495663572884,1167.0753166666666,192.4997023318721,1085.3848935933484,2363.2694895185687,1343.9049307668054,1393.5613825495213
24,14,21,601.671041631746,104.14954613873263,697.2809583333333,243.02800609625686,601.671041631746,1446.3700893597488,1000.5901325094233,1077.1608583060686
24,16,21,673.765221257672,249.31795899793872,759.805275,581.7715842808059,673.765221257672,1929.30202679615,1058.8415028571396,1124.4180617546128
24,17,21,489.4804732484986,47.63865551595479,555.77355,111.16253399440714,489.4804732484986,1090.1234804914043,902.4940484487983,961.6689592578103
24,18,20,132.34943932761908,199.70183997876092,392.33513513513515,465.99473337256165,132.34943932761908,730.6936120277999,469.28612491864504,807.9886539208734
24,19,21,2.9305682325637328,1.4056588225858655,3.593875,3.28003792210104,2.9305682325637328,9.141174387228507,69.83169437287091,77.33180458259073
24,20,21,197.10281470577888,27.445141903100055,226.890575,64.0419316360201,197.10281470577888,458.24756104757785,572.6945814921039,614.447651797938
24,21,21,222.5145007847042,39.573963236766524,242.59005,92.34395861837766,222.5145007847042,537.372960187786,608.4933272483338,635.3501736837726
24,22,21,417.06829624617126,70.34618511262146,486.9094,164.14947292833799,417.06829624617126,998.2860654206805,833.0676112739164,900.1206816866281
24,23,21,893.8881986207241,175.6601302887671,1153.239025,409.8945487272889,893.8881986207241,2197.670945968737,1219.6023788534053,1385.2760510454225
24,24,21,170.76419023053666,29.03048273549496,247.82015,67.74124897117868,170.76419023053666,409.269629432252,533.0587327336576,642.1625414176694
24,25,21,371.648153242328,80.14119553331905,481.751775,187.00566328622293,371.648153242328,930.3019697708789,786.3984530727625,895.3406913572062
24,26,21,274.840851244898,53.66080104253023,336.71323333333333,125.21492379354844,274.840851244898,674.8966262833444,676.2656108893237,748.5257645977637
24,27,21,76.2483100910053,14.52083318810827,82.34506666666667,33.88367273210711,76.2483100910053,186.3802929141177,356.198242543998,370.16508605395694
24,28,21,27.507764568858654,5.38756172137279,26.243008333333336,12.571618709904437,27.507764568858654,67.58714784762175,213.94606853733208,208.96977261476522
24,29,21,192.02633260968872,30.91918136590349,221.06906666666666,72.14843728147143,192.02633260968872,456.2011025008489,565.2714546680401,606.5137483465097
24,30,21,143.7623689329554,20.152160807247483,166.4043,47.02410755580933,143.7623689329554,334.54884542172016,489.1018113894466,526.2098015050651
24,31,21,66.76171880810142,20.042862106699065,100.15861666666666,46.76906424311154,66.76171880810142,180.29250185931437,333.30391551357565,408.24494869297934
24,32,21,232.54644969486702,66.4299610145179,285.73150833333335,155.01115049416785,232.54644969486702,620.1040498839019,622.0589138435835,689.5340672270419
24,33,21,185.94389205383771,53.42731417900615,260.1363333333333,124.67009331664613,185.94389205383771,496.55787742432153,556.2469203308779,657.9261802563161
24,34,21,517.3823305991225,105.11785613987603,612.6488666666667,245.2875113709844,517.3823305991225,1280.0521725692295,927.8600099783048,1009.6770345676548
24,35,21,109.02521014435511,28.75379394031102,121.17235833333332,67.09560884411412,109.02521014435511,285.14602913282437,425.93186037229816,449.03318837995334
24,36,21,69.42921135125404,30.36498690430407,79.29900833333333,70.8552508972246,69.42921135125404,209.71367359973266,339.8973487517764,363.25411197489103
24,37,21,113.91187628151584,11.52998496698603,117.510125,26.90467083854475,113.91187628151584,254.72842340157644,435.37267040139574,442.19548618229925
24,38,21,2502.7524068136054,290.1822919722735,2454.9782666666665,677.1265592317026,2502.7524068136054,5682.631372858913,2040.7302626603644,2021.1590327664305
24,40,21,1784.4652536934996,108.81309304446441,1764.33875,253.91017071295767,1784.4652536934996,3822.8406780999567,1723.1802523665315,1713.4350527522192
24,41,21,64.27297975593349,29.053751637274466,68.263775,67.79554584536756,64.27297975593349,196.34150535723455,327.0324728736786,337.0325230597189
24,42,21,229.71313050912528,31.247201568484083,235.682325,72.91385680318746,229.71313050912528,532.3401178214381,618.2577530182573,626.2390827790932
24,44,21,174.37902629788363,25.511724148175468,190.30409999999998,59.53039337828706,174.37902629788363,408.2884459740543,538.6712353186109,562.730861424891
24,46,21,595.6664825568818,80.87352642366433,637.3528166666666,188.7145225437202,595.6664825568818,1380.0474876574838,995.5847663432036,1029.832552861548
24,49,21,209.36571140030233,53.19801703743023,205.95075,124.13503935638654,209.36571140030233,542.8664621569912,590.2410895304588,585.4075913412809
24,50,21,50.05458779044183,18.6843683888278,47.63458333333333,43.599083846761424,50.05458779044183,143.7082594276451,288.60151434685025,281.53853495865656
24,52,21,52.8919229656497,12.528126338849725,60.71789999999999,29.233786196216037,52.8919229656497,135.01763212751544,296.66843413959816,317.8593802296858
24,54,18,2.351252238888889,1.5621589561375515,2.541617391304348,3.645223530881332,2.351252238888889,8.347728008659109,62.54984992396953,65.03269438621189
24,55,21,570.8046738100873,213.77960706155645,646.178925,498.8445324476529,570.8046738100873,1640.4538800678274,974.5865673299552,1036.938634249877
24,56,21,264.7339435363705,122.69814374671226,181.96040000000002,286.31027529159667,264.7339435363705,815.7781623643376,663.7147595500046,550.2563998719143
24,58,17,61.35901991395467,54.396507943270336,72.35484255319149,126.93166081052935,61.35901991395467,249.64970063843867,319.53311117444554,346.98480947803847
24,59,21,18.67237165510891,14.693423498512361,20.319275,34.28640400232472,18.67237165510891,71.63114731254254,176.269187421118,183.87842070237605
24,60,21,5.356445856380128,1.891741376412001,4.8375,4.414288413189927,5.356445856380128,15.127180125950183,94.40935284714398,89.71956308408997
24,67,21,433.8442795377348,146.76481401057364,444.3278,342.46870424731486,433.8442795377348,1210.1572633227845,849.6569196745182,859.8613023040402
24,71,21,196.00862501393527,51.947536568546866,207.5095,121.21710273273364,196.00862501393527,513.2343527606042,571.1027508454047,587.6187607624522
24,72,21,2248.16017638904,442.55170627225857,2393.539875,1032.6733313516108,2248.16017638904,5528.99368412969,1934.1505974229003,1995.7079826467598
24,74,21,524.400929269058,79.27796624335801,576.647,184.99135884687695,524.400929269058,1233.7932173849929,934.1322959322799,979.5614365623017
24,79,21,882.2633440598639,75.89665052237083,890.0358333333334,177.101219637256,882.2633440598639,1941.6279077569839,1211.646072298183,1216.9714978859063
24,80,21,1116.7841252470146,84.41675911682165,1136.6376583333333,196.9824872970765,1116.7841252470146,2430.550737791106,1363.2053346473642,1375.2690876576362
24,81,21,956.7246159293275,53.97044383451169,995.5694583333334,125.93746050280201,956.7246159293275,2039.3866923614569,1261.7407661268621,1287.1004539920987
24,82,21,738.1265438718752,255.1716248653269,854.7161916666668,595.4308348185862,738.1265438718752,2071.6839225623366,1108.26105634133,1192.5802878353027
24,83,21,179.33401135176254,30.301371334558336,164.256175,70.70680699472895,179.33401135176254,429.374829698254,546.2708072827367,522.802328992517
24,85,21,53.71483048938363,12.1426093217609,72.65441666666666,28.334200595963186,53.71483048938363,135.76386157473044,298.9673526228815,347.7023861484608
24,87,21,1009.5138891283449,78.52305763679264,1063.8893916666666,183.22981556377803,1009.5138891283449,2202.2575938204677,1296.0829878945121,1330.5307015372975
24,90,21,2948.383025041943,185.6108369590294,2973.8133833333336,433.11404886895315,2948.383025041943,6329.880098952839,2214.9738945797517,2224.5056686524013
24,91,21,2151.6497038059715,152.60771262042456,2084.48795,356.10282990239125,2151.6497038059715,4659.402237514334,1892.1799880384362,1862.414548053145
24,92,21,4867.665208383447,374.53998902938764,4899.103541666666,873.97122802511,4867.665208383447,10609.301644792004,2846.013862712207,2855.189712319189
24,93,21,1510.182137213454,147.65710256438595,1512.7930166666665,344.55081709499507,1510.182137213454,3364.9150915219034,1585.2265063148507,1586.5962245427577
24,94,21,2039.9043131466362,146.59175133364644,2094.629,342.0648707323106,2039.9043131466362,4421.873497025583,1842.389963356293,1866.9393819832503
24,95,21,3436.70682443084,222.37123491584867,3728.665808333333,518.8926868944171,3436.70682443084,7392.306335756097,2391.376205420828,2490.8833583824567
24,96,21,424.07976141942555,64.90451752492228,508.52209999999997,151.45160075599506,424.07976141942555,999.6111235948462,840.0409055527738,919.8808479362966
24,97,21,704.3659073510205,49.33463655601051,745.2819166666667,115.12002498522494,704.3659073510205,1523.851839687266,1082.619448297553,1113.6198226205088
24,98,21,363.09461017173084,35.5399710481966,384.84968333333336,82.93082995346619,363.09461017173084,809.1200502969278,777.2962313852809,800.2436335683444
25,1,21,793.3378278080123,348.8478265844375,851.7959833333333,814.0197904741469,793.3378278080123,2400.6954460901716,1148.9622036744868,1190.5412702912347
25,2,21,1395.1563755551706,66.5487314154862,1481.7202333333335,155.28829556873333,1395.1563755551706,2945.6010466790744,1523.6601356351762,1570.217331539385
25,3,21,357.45244387814404,41.24975407848364,482.3851,96.25433674287164,357.45244387814404,811.1592244991597,771.2333412225069,895.9290186169884
25,4,21,775.8461286397718,52.93144046138843,801.7910750000001,123.5129956111252,775.8461286397718,1675.2052528906688,1136.2253113078323,1155.0672486050325
25,5,21,413.15944649690096,148.31323638915916,521.1925666666667,346.081874128643,413.15944649690096,1172.400767122445,829.1545808658619,931.2703318227922
25,6,21,110.1193281154253,31.68534832737659,156.55538333333334,73.9362513996012,110.1193281154253,294.1749076304518,428.06373588995797,510.3999979101358
25,7,21,488.12889295079367,162.60614104168843,774.9990333333334,379.43368647740846,488.12889295079367,1355.6914723789957,901.247179119092,1135.6048570989235
25,8,21,1169.8950385558578,59.18535908154479,1190.9924,138.10621688661976,1169.8950385558578,2477.8962939983353,1395.2438296430296,1407.768217285786
25,9,21,484.69980852592596,106.35261548840147,590.348475,248.1687635089546,484.69980852592596,1217.5683805608064,898.075988648589,991.1305980545651
25,10,21,748.1716378079777,123.66876085730281,808.3324666666667,288.5751640963498,748.1716378079777,1784.9184397123054,1115.7766825456047,1159.7694704264868
25,11,21,385.07007681900643,68.78030993782994,461.10993333333334,160.49557777820172,385.07007681900643,930.6357314162146,800.4727402146976,875.9491589508301
25,12,21,113.78149032729334,19.411117292443688,126.85738333333335,45.29491780405148,113.78149032729334,272.85789845863815,435.1234306545857,459.446064154071
25,13,21,964.5650581740535,48.74865621964689,1008.1072250000001,113.75266777592546,964.5650581740535,2042.8827841240325,1266.900255269382,1295.1796873021133
25,14,21,386.5229620249708,42.41894095311984,474.1379416666667,98.9825786357192,386.5229620249708,872.0285026856608,801.9814267235566,888.2373190388554
25,16,21,546.0807139422524,200.67101191394457,595.593625,468.256249929325,546.0807139422524,1560.4176778138299,953.2461948520477,995.5238781666666
25,17,21,368.8190879800887,31.660383377715977,420.09895,73.8779968784511,368.8190879800887,811.5161728386284,783.3996185848367,836.0889024499727
25,18,19,204.20703700775718,312.4129152152077,398.60623333333336,729.0006599004734,204.20703700775718,1137.4147339159877,582.9241027620217,814.4205131666729
25,20,21,136.90301262010584,22.350797953708284,156.23618333333334,52.15452263339188,136.90301262010584,325.96054787360356,477.29091024222964,509.8794063959307
25,21,21,196.03478597671958,32.895251928281816,205.82592499999998,76.75950383418215,196.03478597671958,468.8290757876213,571.1408616665957,585.2301591681687
25,22,21,234.865770247516,39.393274385884126,273.73765,91.92232978962328,234.865770247516,561.6538702846552,625.153294554117,674.9069932961133
25,23,21,531.6386392219267,82.37868469612586,643.7939333333333,192.2267376937349,531.6386392219267,1255.5040161375882,940.5565882312909,1035.0232389017488
25,24,21,102.78657183834842,29.566501281158704,123.43665833333334,68.99202272116462,102.78657183834842,274.56516639786145,413.56602319220053,453.2092226187224
25,25,21,266.1548126506425,64.34819916818788,278.02733333333333,150.15345836359506,266.1548126506425,682.4630836648801,665.4935072941502,680.1745971930051
25,26,21,147.30824868581735,31.76380182254966,154.876275,74.11931889446859,147.30824868581735,368.73581626610326,495.0968852792351,507.6555146947583
25,27,21,45.626236116628874,7.311610239918606,47.68140833333334,17.06129430073017,45.626236116628874,108.31376653398792,275.5395741051917,281.6768777636295
25,28,21,24.193733713529852,5.362015158478184,23.764408333333336,12.512007021970447,24.193733713529852,60.89947444903015,200.64489253233853,198.8566706617273
25,29,21,133.72809561735727,20.21634787877043,150.5277,47.173885030486,133.72809561735727,314.63007626520056,471.7240200660578,500.4778644455717
25,30,21,81.77198002061431,14.010192924128978,91.001125,32.692117993865175,81.77198002061431,196.23607803509378,368.87474127988514,389.1347735682331
25,31,21,54.776196230007564,18.54060874184391,69.31511666666667,43.26362755665856,54.776196230007564,152.8160200166737,301.90659238700397,339.6179531964312
25,32,21,126.3826323793857,32.212358909223376,160.95915,75.16600549499827,126.3826323793857,327.93127025376964,458.58554303346483,517.5287678960465
25,33,21,100.65495570920086,22.952405096506908,122.08901666666667,53.558344251326346,100.65495570920086,254.86825566972806,409.25523368688914,450.72843679241424
25,34,21,375.0031389114135,79.40188086707427,441.1710666666667,185.2805077202462,375.0031389114135,935.2867855430732,789.9400123734663,856.8014092736621
25,35,21,90.47728915471036,23.53593029679766,89.26966666666665,54.919972517518474,90.47728915471036,235.87455082693918,388.01315590252614,385.4150040324498
25,36,21,49.2672706217687,19.961348284519907,52.589,46.578855620914595,49.2672706217687,145.113396864452,286.3227869287094,295.81767357614046
25,37,21,118.6645336271353,14.832246479859455,122.62863333333333,34.610340818258436,118.6645336271353,271.93940807252903,444.36222156654264,451.72341744331413
25,38,21,1780.8265137860576,235.43352910971757,1803.442425,549.3729283421337,1780.8265137860576,4111.025955914249,1721.4224696279528,1732.3187337207896
25,40,21,1718.635765122071,81.48968383869637,1646.9547,190.15229652899703,1718.635765122071,3627.423826773139,1691.0972512434423,1655.455411903323
25,41,21,59.42314493238508,52.35608651395755,149.39067500000002,122.17043457434949,59.42314493238508,241.01672443911963,314.4520840565201,498.5840783659262
25,42,21,210.72706775782314,32.311642260128934,217.609825,75.39767846625628,210.72706775782314,496.8518139819025,592.156939289761,601.7497393435248
25,44,21,146.71717251405894,14.846520068870745,160.56515,34.64364755847822,146.71717251405894,328.0779925865961,494.1025956857483,516.8949696021426
25,46,21,738.059084364777,69.44627077549373,748.7126333333334,162.04956567844695,738.059084364777,1638.167734408001,1108.2104116019616,1116.1800131997827
25,49,21,452.5746359455048,90.7001047968068,438.42270833333333,211.64437521530354,452.5746359455048,1116.793647106313,867.804237263981,854.1284368680548
25,50,21,89.99562262261179,13.587242322447208,84.9425,31.70518290663001,89.99562262261179,211.69642815185358,386.9789607252906,375.9578699801349
25,52,21,56.05136372643442,15.656564302682684,61.965875000000004,36.533847202083514,56.05136372643442,148.63657465495234,305.4005062877056,321.1093520905301
25,54,10,1.9012093814285715,2.1973549995944293,1.2770352941176473,5.127423248928368,1.9012093814285715,8.92984201178551,56.24599906390803,46.09757834650064
25,55,21,201.60580718004536,64.43269192567439,302.4103333333333,150.35061818946863,201.60580718004536,553.5622325495593,579.1995020263704,709.3735226710021
25,56,21,229.65885417406986,110.08315300481613,172.328875,256.87379514753576,229.65885417406986,716.1915034956755,618.1847081137257,535.4953295781393
25,58,17,29.668322893557423,19.745611272191088,23.137931034482758,46.0754435764915,29.668322893557423,105.41208936360636,222.18930958729663,196.21803495443356
25,59,21,16.399690147268604,9.096784741918956,18.151075000000002,21.2269139874172,16.399690147268604,54.02629428195441,165.19408102306497,173.79122187268263
25,60,21,8.219511086243386,2.6598585417208223,12.4608,6.206653239097592,8.219511086243386,22.645675411584364,116.9498458635538,143.9957332701216
25,67,21,331.40597237849244,104.10911017418704,350.71301666666665,242.93365069863464,331.40597237849244,905.7455954556195,742.6032170936317,763.9283079800966
25,71,21,114.24686412551364,18.63187089366616,131.26391666666666,43.47658344184188,114.24686412551364,271.97031169286913,436.0123643944684,467.35763322463595
25,72,21,1407.6786245336355,280.8769063682969,1618.7882083333334,655.4128850666816,1407.6786245336355,3470.7701341339525,1530.482679164965,1641.2384283420452
25,74,21,456.4082440152203,54.181373079299625,479.7954916666667,126.42965385062435,456.4082440152203,1039.246141881065,871.471926134931,893.5209556207025
25,79,21,333.3950942738473,29.295003384923817,334.15281666666664,68.35849530959624,333.3950942738473,735.1486838572908,744.8284613732761,745.6743839862901
25,80,21,23.405516970301655,5.931899787630213,18.96941818181818,13.841805665002804,23.405516970301655,60.65283960560611,197.34938621283308,177.6657306701139
25,81,21,343.55527511212813,28.271709691804112,307.5865,65.97068820808,343.55527511212813,753.0812384323362,756.092572233441,715.4187137613889
25,82,21,399.14343814889025,65.24189644994019,444.71885,152.2388584108367,399.14343814889025,950.5257347086172,814.9691289121039,860.2395982515569
25,83,21,9.74932137573696,2.6313332257207582,9.043258333333332,6.140090772646448,9.74932137573696,25.63873352412037,127.36903379246583,122.67021589068254
25,85,21,96.5445539519618,20.084614515092035,136.73289166666666,46.866491499759825,96.5445539519618,239.95559940368344,400.8118483479056,476.99426802985096
25,87,21,270.1609126806157,31.152189845012252,261.0803916666667,72.69215147112226,270.1609126806157,613.0139768323536,670.4832277548369,659.1189359541519
25,90,21,509.1209777168556,27.120099130355037,466.86199166666665,63.28345980503395,509.1209777168556,1081.5254152387452,920.422352466979,881.3956853385052
25,91,21,313.02229781458806,19.108265402522097,307.2511,44.58822734135771,313.02229781458806,670.6328229705339,721.7126184039424,715.0285521571849
25,92,21,1596.242063014636,129.22455924957103,1557.7153250000001,301.5393550660077,1596.242063014636,3494.0234810952797,1629.7689384867888,1609.98083864374
25,93,21,29.78533048880643,5.299223163314188,28.641266666666667,12.365484891540959,29.78533048880643,71.93614586915382,222.62701977382238,218.30956857942195
25,94,21,180.77473958642892,80.28369335037253,110.78365925925927,187.3381751562742,180.77473958642892,548.887654329132,548.4607248215843,429.35301210939167
25,95,21,1655.5178471773927,127.98793874165948,1702.6569833333333,298.6537600012423,1655.5178471773927,3609.6894543560275,1659.7535051034479,1683.2175201876516
25,97,21,106.53929567584005,9.561271025812529,106.00189999999999,22.31077061107784,106.53929567584005,235.38936196275793,421.04796401906265,419.984715912377
25,98,21,52.51436938026524,8.316467997697258,23.441531707317072,19.406082025085713,52.51436938026524,124.43482078561618,295.6076972082448,197.50116141677648
26,1,21,735.4328061325077,282.76629183558003,775.34075,659.8216760781127,735.4328061325077,2130.687288343128,1106.2369499363565,1135.8551879531121
26,2,21,1013.8677289926544,74.51320906829523,1111.7289250000001,173.87302488653626,1013.8677289926544,2201.608482871845,1298.8748596549926,1360.1165138325468
26,3,21,244.4269233589744,26.7747972374336,298.29575,62.477714281897654,244.4269233589744,551.3315609998465,637.7510489754865,704.5311405466759
26,4,21,925.5288002257954,48.71392062749818,977.1889333333334,113.67161392582777,925.5288002257954,1964.7292143774187,1240.999566307629,1275.163669913265
26,5,21,658.1601282397169,158.4666226388326,731.5452416666667,369.7743174168391,658.1601282397169,1686.0945738962728,1046.507741677475,1103.30924138853
26,6,21,120.57086009804165,43.04146837391613,194.54574166666666,100.435216726094,120.57086009804165,341.5769369221773,447.917303978247,568.9675861886451
26,7,21,488.95113276682207,172.1098468991339,719.4568250000001,401.610131509475,488.95113276682207,1379.512397043119,902.0059228874231,1094.1554536719177
26,8,21,1129.06049536969,68.63365282625799,1134.6260083333334,160.1533603924659,1129.06049536969,2418.274351131846,1370.677447211839,1374.0515557527915
26,9,21,422.0202216044226,104.38377593649221,656.4672333333333,243.57457017481767,422.0202216044226,1087.615013383663,837.9985971048873,1045.1609810295572
26,10,21,351.54995891345425,58.066351932519794,401.5805833333333,135.4950669938228,351.54995891345425,838.5949848207313,764.8392848383168,817.4534180408488
26,11,21,413.36416359527243,64.90516293902103,492.39999166666666,151.45310679905853,413.36416359527243,978.1814339896034,829.3599750545799,905.181521095815
26,12,21,145.29715691488883,34.79438344544464,171.392025,81.19103678888021,145.29715691488883,371.78535061865784,491.7056732501416,534.0377604626849
26,13,21,799.7324047292518,52.456691336351255,823.667975,122.40519113639385,799.7324047292518,1721.8700005948974,1153.5834263153554,1170.719227825357
26,14,21,374.0259913047619,57.94599174288434,444.7974583333333,135.2142122231116,374.0259913047619,883.2661948326354,788.9101656913313,860.315622702893
26,16,21,423.3354394217344,223.12416141655996,489.26522500000004,520.6496050278976,423.3354394217344,1367.3204838713664,839.3033844789178,902.2955914776487
26,17,21,277.5731085084793,36.3834799221583,311.65691666666663,84.89911774120503,277.5731085084793,640.0453347581637,679.6187553019042,720.1368684724684
26,18,19,117.8015407121136,173.37610611660696,195.11191515151515,404.56488709154513,117.8015407121136,640.1679685157724,442.74345138573995,569.7948988997017
26,19,21,50.77130883428159,12.375548765224007,48.808216666666674,28.87775369422251,50.77130883428159,130.4203713627857,290.6603824057289,284.9857409298461
26,20,21,121.7864039445063,21.024284496071232,137.17435,49.059166651331644,121.7864039445063,292.63197454034423,450.1694971493054,477.7636637501852
26,21,21,192.20244635899815,25.368363375868647,219.3778,59.19586784324789,192.20244635899815,443.60076056124416,565.5306099066371,604.1892577661407
26,22,21,207.80692327785337,32.576802220644595,243.27176666666665,76.01641660664954,207.80692327785337,491.6302631623563,588.0397268334411,636.2422649693538
26,23,21,395.1419136475387,74.43458932111473,543.12495,173.6895694505268,395.1419136475387,963.9733967456041,810.8736919579426,950.6628828349196
26,24,21,78.8691144983852,19.58750718390164,111.55219166666666,45.70651521571432,78.8691144983852,203.44474421248472,362.2681417476742,430.8396998111169
26,25,21,211.27750033333334,55.46614563889702,263.9078083333333,129.42760943489762,211.27750033333334,551.9826101015643,592.9298108163113,662.6783481197093
26,26,21,125.11920531685564,24.55654857166884,142.36474166666667,57.30153665796075,125.11920531685564,307.53994729167204,456.2875821751539,486.7185327613212
26,27,21,37.77667064062392,8.958362223717335,38.13995,20.903911633162558,37.77667064062392,96.45725291441039,250.71972388704924,251.92236264373196
26,28,21,13.531449069332785,3.4090694629081293,14.49685,7.954901244702455,13.531449069332785,35.01779938336803,150.05442763000949,155.3150295367451
26,29,21,116.21144017467876,17.064229653794236,133.16450833333332,39.81856726294417,116.21144017467876,272.24144761230167,439.74519491481135,470.7289473430189
26,30,21,84.18344847382564,13.749648039743468,94.88410833333334,32.08414891384206,84.18344847382564,200.45104586149333,374.27430884372205,397.35016832344076
26,31,21,40.30259569085412,8.954176131959333,52.055375,20.894143587395675,40.30259569085412,101.49933496910391,258.9662511401462,294.31300345040825
26,32,21,142.37561337734488,36.30570484288251,172.75345833333333,84.71763329752636,142.37561337734488,369.4688600522161,486.73711658337896,536.154599594806
26,33,21,94.45578040557274,20.76257282659358,126.95825833333333,48.44847493386076,94.45578040557274,237.36003574500623,396.4522904396859,459.6287000032381
26,34,21,273.401202513681,68.88016689695768,332.49398333333335,160.72858923692974,273.401202513681,707.5309942642918,674.4921059454774,743.8212071907245
26,35,21,73.19411658783069,22.90271444571495,82.269425,53.442393484075666,73.19411658783069,199.83062665973705,348.9914182356785,369.99503131798946
26,36,21,32.63198794032159,14.24357578630595,44.519675,33.23670578857678,32.63198794032159,98.50068166921994,233.02280560643655,272.17777131867325
26,38,21,4146.41782646143,418.114916510725,4184.303199999999,975.6512461739367,4146.41782646143,9268.486899096797,2626.7164413449386,2638.689167901365
26,40,21,1461.1607883377105,64.46075797007579,1473.8539833333334,150.41610896751575,1461.1607883377105,3072.737685642937,1559.2855901963405,1566.043750431854
26,41,21,52.88547340423967,13.04306735411157,64.87563333333334,30.435376532765066,52.88547340423967,136.2063233412444,296.65034593719054,328.56210047214313
26,42,21,103.19115605576752,16.350488796498045,113.62814166666668,38.15308696227085,103.19115605576752,244.53539907380588,414.37915449114615,434.83011364593114
26,44,21,137.77914643872055,20.940391645028495,158.92225,48.86340667857585,137.77914643872055,324.42169955601696,478.8157262183762,514.2437398743907
26,45,7,1.8726009707482996,0.8786197878127338,2.3840666666666666,2.0502174331553293,1.8726009707482996,5.795419374651928,55.82121474247197,62.98481510120779
26,46,21,367.60051586734687,39.79925722120982,397.64331666666664,92.86967140210696,367.60051586734687,828.0707031368007,782.1043782023376,813.436216880791
26,49,21,139.40836789168557,56.64080720346596,138.26665833333334,132.16862625598708,139.40836789168557,410.9853620393582,481.63837489527845,479.6620888361584
26,52,21,65.46557146807531,16.873117563668416,69.47595,39.37261630179166,65.46557146807531,170.30375923794227,330.0525881172231,340.0117362680294
26,54,18,1.5415678342151677,0.9036576713056304,1.3777073170731706,2.108642141929803,1.5415678342151677,5.191777810360138,50.64749624743595,47.880110438571
26,55,21,320.868591711544,96.52492152571706,375.20823333333334,225.2363076623018,320.868591711544,866.9734910853898,730.7019478611023,790.155997424981
26,56,21,179.35836034812755,79.32850588921828,152.02680833333332,185.1092907036886,179.35836034812755,543.8260113999437,546.3078908630958,502.96382480916725
26,59,21,9.871033104837489,6.176705616774528,8.894091666666666,14.413048409147207,9.871033104837489,34.15511461882218,128.16161315483504,121.65429928010491
26,67,21,261.10757555809795,74.91335766071481,271.15641666666664,174.8067525710373,261.10757555809795,697.0219036872331,659.1532490465893,671.7174088359876
26,71,21,116.37121061570124,31.98078097758878,116.65712500000001,74.62562941975274,116.37121061570124,307.3680506511552,440.04737752261053,440.5876257908295
26,72,21,1608.5157336068096,275.01288082547535,1797.6724583333332,641.7294607196269,1608.5157336068096,3858.760927933246,1636.0226712126366,1729.5453074917311
26,74,21,295.8991667376143,42.64309114414098,331.3478416666667,99.50562243196774,295.8991667376143,691.3039559071963,701.6952425742888,742.538085577658
26,79,21,491.3807227801141,66.18913131287384,495.03225,154.44918585419381,491.3807227801141,1137.210631414422,904.2441720609041,907.5977434965339
26,80,21,738.2230552753384,55.240164994970115,781.6795583333333,128.9002943639635,738.2230552753384,1605.3464049146403,1108.3335075590574,1140.4888360114126
26,81,21,724.4442720477703,55.68858742274099,776.7980333333334,129.94666674435612,724.4442720477703,1578.8352108398967,1097.9413776188096,1136.9221290249684
26,82,21,514.3219173519274,110.43798321273077,608.6279166666667,257.70177453995046,514.3219173519274,1286.3456092438053,925.1117070244043,1006.3582132289343
26,83,21,108.87738834763965,15.604373942039265,103.7174,36.412063480935856,108.87738834763965,254.16684017621515,425.6430126414298,415.4344155218727
26,85,21,57.91544542411186,13.724608246107769,76.08695,32.02571974784032,57.91544542411186,147.85661059606403,310.43727415650676,355.8211415866123
26,87,21,841.3020305884628,107.89738030812889,831.0993583333334,251.77339865086793,841.3020305884628,1934.3774598277935,1183.1849301352693,1175.9886616233453
26,90,21,2309.5078854294925,185.36619282888276,2349.7397416666668,432.5431834417194,2309.5078854294925,5051.5589543007045,1960.362497436297,1977.363631235624
26,91,21,1613.237927800852,183.7475898110199,1582.2215999999999,428.76625038078595,1613.237927800852,3655.24210598249,1638.4223850584494,1622.595680507008
26,92,21,3448.630625206727,321.34503313425506,3424.2533583333334,749.843331698497,3448.630625206727,7647.1045821119515,2395.5211041324587,2387.0395028710077
26,93,21,998.5016522418885,164.48705547189041,1036.696075,383.82271072721903,998.5016522418885,2380.826015210996,1288.9944721877214,1313.4162587694734
26,94,21,1634.2781641076342,137.4838363853628,1657.212925,320.811984938385,1634.2781641076342,3589.3683131536536,1649.0721224601134,1660.602995059325
26,95,21,2656.578257287604,224.30743503682186,2795.557225,523.4107176708225,2656.578257287604,5836.5672322460305,2102.509505359387,2156.8048642378385
26,96,21,596.2048355681166,74.41304111440374,758.3426166666667,173.63928773633722,596.2048355681166,1366.0489588725704,996.0345608388023,1123.3352634602606
26,97,21,534.6067567241118,84.03081543206112,595.1933416666667,196.0819060881305,534.6067567241118,1265.295419536354,943.1784789682821,995.1892887955203
26,98,21,281.629235661678,35.50191554619646,330.46137500000003,82.84202925183118,281.629235661678,646.1005005751872,684.5663212144111,741.5441510793542
27,1,21,1253.6191735061157,673.0053802716347,1255.5386083333333,1570.4260049448433,1253.6191735061157,4077.6643519570744,1444.3068596091955,1445.4121364741152
27,2,21,2953.0931074871505,175.62836845324787,3161.6978,409.8204339966696,2953.0931074871505,6316.006648970971,2216.7424141876786,2293.7011878620983
27,3,21,506.20292755668936,42.95526981963531,787.0187166666666,100.23407650463453,506.20292755668936,1112.6399316180132,917.7808406446122,1144.3771863041193
27,4,21,1661.964367779743,114.25860316025123,1764.3141416666667,266.6170092416039,1661.964367779743,3590.54574480109,1662.981872416381,1713.423103536699
27,5,21,927.2801765548753,217.95431140794074,1093.8633,508.58600623181803,927.2801765548753,2363.1463593415688,1242.1731818821854,1349.1436288253376
27,6,21,206.85253814853982,69.313548042015,313.5679416666666,161.73986350040758,206.85253814853982,575.4449397974872,586.6878415982134,722.3413700829637
27,7,21,1299.0214497778534,371.92452365593556,1898.0801083333333,867.8681641300723,1299.0214497778534,3465.911063685779,1470.228449061692,1777.1902825152592
27,8,21,1630.7349701393046,105.54218054079678,1674.0987166666666,246.27765215332053,1630.7349701393046,3507.7475924319297,1647.2835184969838,1669.041720429221
27,9,21,905.2501545270596,184.96091171331312,1159.733125,431.5974792588691,905.2501545270596,2242.0977883129885,1227.328911552656,1389.1709470040034
27,10,21,1385.3539414881193,135.74190685850803,1513.4098000000001,316.7472753417844,1385.3539414881193,3087.4551583180228,1518.2980467076384,1586.919628462639
27,11,21,656.8129606716485,121.1865857631619,805.998475,282.78312672052374,656.8129606716485,1596.4090480638208,1045.4361609192706,1158.093891875784
27,12,21,139.5468808622827,17.66892167905554,157.92768333333333,41.229587307196766,139.5468808622827,320.3233490317622,481.8775879358143,512.6320952366001
27,13,21,1999.9129040948603,133.11168281134823,2142.8495916666666,310.60977278448854,1999.9129040948603,4310.435580974209,1824.2409578818936,1888.3065748265913
27,14,21,1066.3640497271833,182.44745128739623,1181.5773583333332,425.7324390512166,1066.3640497271833,2558.4605385055834,1332.0772420344224,1402.1928270629066
27,16,21,751.211134638473,275.61379544739185,928.352125,643.1316663730622,751.211134638473,2145.5539356500085,1118.040843636054,1242.8909590145067
27,17,21,709.6258313240912,90.26822907995174,759.7277,210.6366137968441,709.6258313240912,1629.8882764450266,1086.6542151592141,1124.3606595750316
27,18,21,249.9125681420463,288.5601772936009,549.8731288888889,673.341431877502,249.9125681420463,1173.1665681615946,644.8678262933925,956.5505143332008
27,19,21,57.92101128677249,15.718644089870468,27.380625,36.67870742911734,57.92101128677249,152.52073000266233,310.4521908139632,213.45107167685995
27,20,21,374.6580808324744,53.5978086983723,440.867375,125.06793415828264,374.6580808324744,874.3840958232315,789.5764981971269,856.5064576522467
27,21,21,244.47839035018893,36.74447431487552,266.62960833333335,85.74148096530521,244.47839035018893,574.698261665683,637.8181884696567,666.0868323774812
27,22,21,621.8062581201264,78.91898062459151,714.906575,184.15368300112877,621.8062581201264,1427.7661992413814,1017.1949732041986,1090.6899379750416
27,23,21,1250.8957708907717,131.12447289558563,1499.7476166666665,305.9727130811348,1250.8957708907717,2807.764254862678,1442.73717729954,1579.7404958199095
27,24,21,288.07656627342817,61.82833896506491,373.57071666666667,144.27348458060288,288.07656627342817,720.4266171274592,692.3578599820937,788.4298780064929
27,25,21,438.6030994536475,46.291564433952644,539.4848333333333,108.01916110584034,438.6030994536475,985.2253600131353,854.3041364121266,947.4717740738595
27,26,21,437.9229045067752,72.69802446615925,504.8882416666667,169.63737806032628,437.9229045067752,1045.4831870738767,853.6414429368303,916.5882576889873
27,27,21,83.03729060027486,11.17778074424497,82.76811666666667,26.08281905747771,83.03729060027486,192.15740025802742,371.71770412351543,371.11473446002293
27,28,21,42.537964029237955,8.679931315139873,37.18638333333333,20.25420636745728,42.537964029237955,105.33013442593318,266.0510705572371,248.7531745861079
27,29,21,276.0378753434137,35.31786054848501,320.85223333333334,82.41254567975415,276.0378753434137,634.4882963665816,677.7366926553707,730.6833214646867
27,30,21,174.957701141957,22.99587436124401,196.99687500000002,53.65977771049337,174.957701141957,403.57517999440734,539.5642822687732,572.5406535784163
27,31,21,95.73474956568987,16.71606995332813,147.82065833333334,39.00615318199715,95.73474956568987,230.47565231337688,399.1273271492544,495.9572314894367
27,32,21,285.90580003615065,46.92555029744278,341.6345833333333,109.49853692656627,285.90580003615065,681.3101369988676,689.7443376064458,753.9760915749694
27,33,21,301.1229588888614,53.25666934515601,402.611425,124.2719017233195,301.1229588888614,726.5178195010423,707.8619947356019,818.5019310911856
27,34,21,625.2784185477909,107.26350078601672,750.1665750000001,250.29427097268328,625.2784185477909,1500.8511080682651,1020.0310232848431,1117.2632549224916
27,35,21,130.41303904573627,40.227177711005794,144.52294166666667,93.86820348658017,130.41303904573627,354.6942815780527,465.84042007119257,490.39389773256084
27,36,21,86.06236566258504,25.56788643891047,106.37453333333333,59.66144540915184,86.06236566258504,231.7861767343219,378.4280333994054,420.7222640491785
27,37,21,97.60750070954232,12.286252423211744,103.34301666666666,28.66938493261483,97.60750070954232,223.88438635169948,403.0122593429118,414.68395162259816
27,38,21,1660.1360616989623,261.4579163474591,1605.9163083333333,610.0995966258382,1660.1360616989623,3930.371720023763,1662.0669079995166,1634.7001979160175
27,40,21,2808.2751945652303,129.9103655356446,2750.90735,303.13965137503556,2808.2751945652303,5919.690040505497,2161.7053276884303,2139.5115868814546
27,41,21,89.0558148463341,50.670373024604686,86.69175833333333,118.23690242413463,89.0558148463341,296.34853211680286,384.95308273125954,379.8092756459045
27,42,21,391.6495909566894,36.960377996402016,404.097875,86.24528192436395,391.6495909566894,869.5444638377428,807.2824284919939,820.011502358351
27,44,21,172.72105612281317,19.424881221910734,193.26995,45.327035277995826,172.72105612281317,390.76914752362217,536.1043157710644,567.0989303463726
27,46,21,1452.8231736171922,143.21152907622678,1541.0920916666666,334.1772830678514,1452.8231736171922,3239.823630302236,1554.8304605001176,1601.367303442072
27,49,21,425.3429855725142,70.20177146251837,429.5625916666667,163.81249055310147,425.3429855725142,1014.4984616981299,841.2911077579886,845.4538145477453
27,50,21,111.09318521698461,22.85485523753105,106.26625,53.330716300933794,111.09318521698461,275.517086734903,429.95239294724524,420.5080736442524
27,52,21,102.00329628813303,24.68603771309742,96.970975,57.60369340294152,102.00329628813303,261.61028597920756,411.98723890850476,401.6960323428649
27,54,20,2.826473155050505,1.431860584906314,2.6001,3.34117848669327,2.826473155050505,8.99412479679428,68.58025466564003,65.77664023040398
27,55,21,461.9368167511303,174.32410844300486,624.0073416666667,406.7770053743478,461.9368167511303,1330.6506388766084,876.7342032074949,1018.993727425902
27,56,21,284.3817608600358,163.97404940165464,197.6116166666667,382.6256354927422,284.3817608600358,951.3891572128139,687.9035179958738,573.43328307078
27,58,13,51.467726452758356,46.65508372326255,41.855111111111114,108.86741605589872,51.467726452758356,211.8028689614154,292.6470516123303,263.9070004544951
27,59,21,31.536187291170204,45.81098866357681,42.02203333333333,106.89776043168821,31.536187291170204,169.9701350140286,229.07687716683066,264.4327201135795
27,60,21,5.627523683783412,3.512341978032198,5.094222222222222,8.195882740692038,5.627523683783412,19.450930108258863,96.76879357424892,92.06946170027159
27,67,21,484.23151610486707,154.3267510713999,493.8237166666667,360.11412426354804,484.23151610486707,1328.5771564732822,897.6420460286488,906.4891971409993
27,71,21,383.5792528836618,69.40004245585534,430.63190833333334,161.94169409605973,383.5792528836618,929.1001998633833,798.9216962871976,846.505460978644
27,72,21,2334.961692144293,490.85504372475646,2847.960475,1145.386868991402,2334.961692144293,5815.310253279988,1971.135778105634,2176.925866996853
27,74,21,1057.9834068532425,86.22345962127893,1104.8953916666667,201.19833688538364,1057.9834068532425,2317.1651505918685,1326.8324645575249,1355.9299140196492
27,79,21,1423.5756469372348,103.09533528161678,1461.5331999999999,240.56805526489546,1423.5756469372348,3087.719349139365,1539.1003464698326,1559.4842880901365
27,80,21,1048.4558860793993,79.73227743727655,1081.91645,186.05147238263987,1048.4558860793993,2282.9632445414386,1320.844651893674,1341.7559289229916
27,81,21,1129.666376156559,66.73635218908613,1197.033625,155.72609970903645,1129.666376156559,2415.0588520221545,1371.045166989226,1411.3341036055212
27,82,21,980.2510937558579,243.90111285396597,1136.3697833333333,569.1316317653497,980.2510937558579,2529.6338192770654,1277.1600604504306,1375.1070210956916
27,83,21,379.255832485034,48.07906569244069,348.66159166666665,112.19021016798641,379.255832485034,870.7018751380543,794.406511337298,761.6908090119857
27,85,21,132.26340183609565,37.03598024894489,175.64939166666667,86.4216961803359,132.26340183609565,350.9484998525272,469.1335637697042,540.6298065528142
27,87,21,588.3989246185184,69.67323894782528,662.8843499999999,162.5791850998852,588.3989246185184,1339.377034336922,989.4927036442537,1050.2569011437154
27,90,21,3847.443143933862,253.72158419629613,3939.891783333333,592.0472339713621,3847.443143933862,8286.933521839086,2530.246112832889,2560.464787390498
27,91,21,2715.2170597027966,183.2865175181631,2649.6642916666665,427.69036014262826,2715.2170597027966,5858.124479548222,2125.5872570528486,2099.7717450554796
27,92,21,5797.925618133924,336.00482394711844,5873.347166666666,784.0512554305184,5797.925618133924,12379.902491698367,3106.0824568215908,3126.219711621903
27,93,21,2095.734795130764,152.9670379725819,2162.4436083333335,356.9412984998281,2095.734795130764,4548.410888761356,1867.4321136516826,1896.9201786755991
27,94,21,2769.601134381406,228.4017265234746,2838.2583916666667,532.9645518762319,2769.601134381406,6072.166820639044,2146.7688016203933,2173.2146612181073
27,95,21,4448.655340571655,209.15480124411647,4748.04465,488.0527683155497,4448.655340571655,9385.36344945886,2720.7650554046804,2810.8266217609366
27,96,21,663.7355478267574,101.90992483823092,818.3938833333333,237.8019564469707,663.7355478267574,1565.2730521004855,1050.9309927791282,1166.965047405734
27,97,21,800.3394217436266,87.8398189125354,848.6945916666667,204.97003431713205,800.3394217436266,1805.6488778043854,1154.0211426925396,1188.3719117066564
27,98,21,422.38202630437235,47.349187202795825,468.60519999999997,110.48707347073514,422.38202630437235,955.2511260794798,838.3577349619169,883.0396666062063
28,1,21,950.7134997491308,523.9259243810344,839.3840916666667,1222.5561940985572,950.7134997491308,3123.9831935968186,1257.7707516008447,1181.8354913156625
28,2,21,2349.2545339245657,130.218103263887,2342.355275,303.85774270877715,2349.2545339245657,5002.366810557909,1977.1594635867075,1974.2540813178025
28,3,21,403.91283225831785,42.32029592471125,479.87125,98.75239515960965,403.91283225831785,906.5780596762454,819.8237328095845,893.5914950356231
28,4,21,1145.1989103360888,81.09923883147029,1130.209225,189.24121169844008,1145.1989103360888,2479.6390323706178,1380.4386936040485,1371.3745478168976
28,5,21,1117.572946824318,212.32074386600175,1163.7270166666667,495.4403446549323,1117.572946824318,2730.5862383035683,1363.6866881786539,1391.5609062248527
28,6,21,176.21743160461074,47.98260024667522,201.36666666666667,111.96511264417828,176.21743160461074,464.3999758533997,541.5032836373869,578.8558830428635
28,7,21,962.8436912509447,284.32510849363854,1270.1982166666667,663.4591005155937,962.8436912509447,2589.146483017483,1265.7692926602272,1453.8259292409575
28,8,21,1379.1856247016626,60.49484066802175,1358.4233833333333,141.16182980842112,1379.1856247016626,2899.5330792117466,1514.9141492188812,1503.4681605762946
28,9,21,742.045205462372,94.10575514952271,718.9992333333333,219.59129812919764,742.045205462372,1703.6817090539416,1111.1990019296215,1093.8074438705685
28,10,21,798.2742580486772,101.95018018498769,847.4812083333333,237.8958903815841,798.2742580486772,1834.4444064789386,1152.5312860799045,1187.522096917218
28,11,21,521.2258172183742,72.71533441352064,542.871625,169.67776999815828,521.2258172183742,1212.1294044349067,931.3000375020795,950.441152307706
28,12,21,137.6862528430358,18.0963243071456,135.36076666666665,42.2269109860409,137.6862528430358,317.59941667211245,478.65428519006446,474.59489644678365
28,13,21,1551.8195225819486,111.84028330434715,1558.2704166666665,260.973975023284,1551.8195225819486,3364.613020187181,1606.9311390275448,1610.267671330867
28,14,21,655.3651782494536,75.07204779978721,661.810475,175.17704845340756,655.3651782494536,1485.9074049523147,1044.2833219998731,1049.405846372127
28,16,21,301.5269398722394,47.23405613718019,295.20685833333334,110.21842061190237,301.5269398722394,713.2723003563812,708.3366628570107,700.8738918426528
28,17,21,415.59832951814064,47.58881129691865,395.44648333333333,111.04622488297191,415.59832951814064,942.2428839192532,831.5982325126636,811.1861366336747
28,18,21,368.3159408261939,424.48182649830505,529.772976,990.50812742443,368.3159408261939,1727.140009076818,782.8650749233783,938.9048045803152
28,19,21,58.29544190982614,15.187313367605901,74.192275,35.438872491789475,58.29544190982614,152.02975631144176,311.45403406915557,351.3629826831506
28,20,21,219.41304399017386,35.23909102969727,223.64905,82.22874075883163,219.41304399017386,521.0548287391794,604.2377886226989,610.0426371984175
28,21,21,195.64682329706588,18.481429265231696,207.15276666666668,43.125535066233994,195.64682329706588,434.4191816603658,570.575423556183,587.1134504789796
28,22,21,431.7938717304954,65.9355352703229,416.69705833333336,153.85743156567335,431.7938717304954,1017.4451750266642,847.6467439679955,832.696766576325
28,23,21,1244.4910817573832,128.18139182807653,1314.1779083333333,299.1051735657573,1244.4910817573832,2788.087337080524,1439.038970995673,1478.7805920645112
28,24,21,294.3609752622071,52.343588810503434,329.26597499999997,122.14127177850598,294.3609752622071,710.8632223029201,699.8690326313292,740.2017173716905
28,25,21,604.3237729229301,61.27823195008447,630.9485666666667,142.9898360583887,604.3237729229301,1351.6373819042487,1002.7934773141255,1024.6455069600088
28,26,21,437.13052043375933,54.044052948318765,459.78809166666673,126.1092238644514,437.13052043375933,1000.3702647319701,852.8687976481351,874.6927372130933
28,27,21,73.02311357495944,13.096424187647195,62.69490833333333,30.55988216285682,73.02311357495944,176.6061093127757,348.5835064783366,322.9927668952769
28,28,21,27.904208495911494,5.45767979500194,22.597725,12.73523589554924,27.904208495911494,68.54365288737223,215.48225666443332,193.9139355487377
28,29,21,209.0154284675462,27.452684858255047,220.07001666666667,64.05953276266301,209.0154284675462,482.0903896977554,589.7471262922753,605.1417253283179
28,30,21,158.32419222326666,23.721174840448036,161.04139166666667,55.35223183839533,158.32419222326666,372.00061628492864,513.2752242798358,517.6609660128271
28,31,21,77.27008891821617,16.617751468340575,108.77945833333332,38.776731679409885,77.27008891821617,193.31690951584224,358.5769484502758,425.4515467907793
28,32,21,371.0300603345427,101.06752320531862,346.75972500000006,235.83625235349152,371.0300603345427,977.896373022577,785.74424617472,759.6105465302599
28,33,21,292.2943259176115,47.86744678737528,323.5129,111.69640753074961,292.2943259176115,696.2850593659726,697.4078851912312,733.7066618206488
28,34,21,694.561513181028,89.15862479169644,675.971125,208.04740503186946,694.561513181028,1597.1704313939254,1075.0583044343364,1060.5734071717998
28,35,21,111.71129652887377,26.77101349746773,103.40026666666667,62.46888510487688,111.71129652887377,285.8914781626244,431.1468397472559,414.79879909822944
28,36,21,58.77107763544974,14.788388534734281,82.6174,34.5080003919156,58.77107763544974,152.0501556628151,312.72203821507105,370.77668966643523
28,37,21,77.96628439448224,12.173143733455628,80.60118333333334,28.405451191540504,77.96628439448224,184.33801998050498,360.18869670274006,366.22447906532227
28,38,21,2141.916585523205,308.7436489906263,1932.2763833333331,720.4386019035184,2141.916585523205,5004.271772949928,1887.895441572603,1793.1279658369801
28,40,21,1991.776583606198,123.96949402797655,1858.3450333333333,289.2769106285765,1991.776583606198,4272.830077840973,1820.5263621053978,1758.489731407797
28,41,21,78.84847895291006,103.88402840475102,62.3125,242.4084331085187,78.84847895291006,400.1053910143388,362.22074619994135,322.0062111202205
28,42,21,260.7620338906273,28.31075378847913,252.71881666666664,66.0617957483099,260.7620338906273,587.5858635295646,658.7169531703308,648.4783041346359
28,44,21,170.3622644450079,18.188454040608466,183.49891666666667,42.441891331666554,170.3622644450079,383.16642022168236,532.4310359440865,552.5777749180049
28,46,21,830.8182496786848,78.89638529596272,855.5996749999999,184.10095787781015,830.8182496786848,1845.7374572351796,1175.7897632933073,1193.1964880940607
28,49,21,578.1371933213221,96.61946457822884,522.1284416666666,225.45691937300083,578.1371933213221,1381.731306015645,980.8263300333449,932.1060706450384
28,52,21,102.80584428303443,20.459333657704423,106.32004166666667,47.74088077413919,102.80584428303443,253.35256934020805,413.60479311411433,420.61449016092314
28,54,20,1.8850692433333336,1.145923082365565,2.1626666666666665,2.6739569414543096,1.8850692433333336,6.444095428120977,56.00674263788841,59.988976765180226
28,55,21,426.9587561046314,98.06970539927579,460.5377833333334,228.8409872654231,426.9587561046314,1082.7584994746858,842.8875192800677,875.4055468562367
28,56,20,48.9625465704329,16.755971335116264,29.869041666666664,39.09926115621279,48.9625465704329,137.0243542970786,285.43594288946923,222.93964504621724
28,58,21,159.33318893263245,96.48874178926438,164.06617500000002,225.15188397024397,159.33318893263245,543.8182618355089,514.908172768602,522.4998710047688
28,59,21,19.201599980725625,24.455231823407964,28.692000000000004,57.06511885080874,19.201599980725625,95.46831881225998,178.7497199100671,218.50283293358007
28,60,21,26.076933162433857,4.237378844661671,26.74716666666667,9.887721741205063,26.076933162433857,62.04158806607278,208.30750534315834,210.9674982866634
28,67,21,270.80229930680275,92.4732845998083,256.91244166666667,215.78200584308934,270.80229930680275,757.3866044566948,671.2786500750041,653.836602625865
28,71,21,295.18667240246685,56.68547770136922,269.3514833333333,132.27286273554213,295.18667240246685,722.6462075404759,700.8499289275164,669.4780565983224
28,72,21,2219.0902510094484,406.00317319438756,2270.524691666667,947.3890699317255,2219.0902510094484,5385.569571950622,1921.605104510217,1943.747176701058
28,74,21,542.6347971538927,77.26329898163218,511.6427166666667,180.2902287342941,542.6347971538927,1265.5598230420794,950.2338146288404,922.6990194713189
28,79,21,1824.310728371882,133.17326461284318,1769.7589916666666,310.75347098562327,1824.310728371882,3959.3749277293873,1742.312558644634,1716.0649644268522
28,80,21,755.5001236654299,87.53916127521423,772.460325,204.26846403838644,755.5001236654299,1715.2687113692461,1121.2279900980332,1133.7433487346243
28,81,21,900.5951453531369,86.70216525873265,885.601575,202.3153736934216,900.5951453531369,2003.5056643996954,1224.1692374290492,1213.9361683383522
28,82,21,782.8082202471655,88.81555922660434,776.0080083333334,207.24687787322432,782.8082202471655,1772.8633183675554,1141.3119111317833,1136.3438413907415
28,83,21,262.86219663983366,71.70792568806807,251.09687499999998,167.3270297122181,262.86219663983366,693.0514229918854,661.3642681674625,646.3939974968827
28,85,21,57.143031563416486,11.778265797580662,56.948341666666664,27.484022333086656,57.143031563416486,141.77008545991964,308.3601863430573,307.8344368866702
28,87,21,510.8317123484505,68.15618522432905,488.66225833333334,159.03921248136717,510.8317123484505,1180.702637178268,921.9674448416395,901.7394290296209
28,90,21,2742.552136794798,297.65768770679875,2708.4576833333335,694.5700391842906,2742.552136794798,6179.674312773886,2136.2599925164877,2122.9398449006194
28,91,21,2321.4284168268737,305.8975407098249,2317.05115,713.7973437678771,2321.4284168268737,5356.654177421625,1965.4151942019573,1963.5613343106957
28,92,21,3987.9419966918367,518.7438673888801,4023.3732416666667,1210.4641108877204,3987.9419966918367,9186.348104271394,2576.0309552672725,2587.4491442602953
28,93,21,2043.647981475036,331.034888539212,1970.88015,772.454147834852,2043.647981475036,4859.750110784924,1844.0797816728157,1810.9512885773597
28,94,21,1495.7051454900295,193.75522320539395,1474.8285750000002,452.11858632219565,1495.7051454900295,3443.528877302255,1577.6100158453005,1566.5614411187325
28,95,21,3760.6891942121692,413.9609987579473,3831.2057833333333,965.9582769160517,3760.6891942121692,8487.33666534039,2501.556879059329,2524.9012700433786
28,96,21,1195.0276019197279,361.50745431101006,1069.6686750000001,843.560428896244,1195.0276019197279,3233.6156327357,1410.151030774515,1334.139676045953
28,97,21,956.9415692698645,141.8413982693417,954.7477,330.98014807847005,956.9415692698645,2244.8632866181993,1261.8838184496442,1260.4365008995892
28,98,21,421.6242675425548,50.145045677970614,448.2704416666666,117.01107607794725,421.6242675425548,960.2596111630568,837.6053851252457,863.6677688401561
29,1,21,656.2333101488971,368.5976293576758,656.429575,860.1050147187242,656.2333101488971,2172.5716350165185,1044.9747499761727,1045.1310026977478
29,2,21,970.6667824542568,61.480124204528096,1002.3043666666667,143.46094201960295,970.6667824542568,2084.794506928117,1270.9010685351882,1291.4466563251203
29,3,21,263.60690066101677,20.46996143209472,321.63443333333333,47.76568017956218,263.60690066101677,574.9794815015957,662.3004474556332,731.5734392845784
29,4,21,558.5817718176183,54.40833752324583,563.355775,126.95926457205292,558.5817718176183,1244.1228082072896,964.0954663852107,968.2065944828097
29,5,21,446.75311895522566,134.9407978381798,506.89164166666666,314.87792559332985,446.75311895522566,1208.384163503781,862.2048422164512,918.4049715312593
29,6,21,93.05856948339175,33.65493265940798,134.88499166666665,78.53218264268517,93.05856948339175,264.64932160946864,393.5091607832832,473.7600934368927
29,7,21,450.4616793928194,136.40086259406596,723.44285,318.28491716986315,450.4616793928194,1219.208275955502,865.776087975206,1097.1822557806884
29,8,21,816.1371486160242,59.07589598576225,826.9929166666667,137.850789965472,816.1371486160242,1770.1250871975203,1165.3549739444477,1173.0797983655389
29,9,21,381.5590853513983,91.09675818732117,453.4264,212.5699470126076,381.5590853513983,975.6881177154042,796.815109059013,868.6204750062021
29,10,21,350.7633876748706,27.909236738471176,376.8831583333333,65.12487483319518,350.7633876748706,766.6516501829365,763.9831654499886,791.9176569989247
29,11,21,262.64477184383816,58.07935839099384,309.4751333333333,135.52541694527733,262.64477184383816,660.8149606329537,661.0906899572453,717.6117486960944
29,12,21,79.90731606228269,12.686816757503026,86.93238333333333,29.604082730975005,79.90731606228269,189.41871485554037,364.64472288467084,380.33601705158907
29,13,21,687.59981069161,33.142603244234685,706.0395749999999,77.33668635057293,687.59981069161,1452.536307733793,1069.6569940830748,1083.904909482377
29,14,21,369.00649948420255,43.07289125799731,390.27186666666665,100.50854052967418,369.00649948420255,838.5215394980793,783.5986314062277,805.8612697811785
29,16,21,223.20175508690565,72.20447411831294,269.2324916666667,168.48570182752323,223.20175508690565,614.8892120013345,609.4322935852769,669.330162276685
29,17,21,309.2317231611336,30.849908513294743,322.8052166666667,71.98679237882654,309.2317231611336,690.4502387010937,717.3294831108828,732.903732104929
29,18,20,133.94915967819625,149.5323521738779,197.44427142857145,348.9266227554494,133.94915967819625,616.8249421118419,472.1137592832034,573.1904287905921
29,19,12,1.357970848148148,0.8999442488023196,0.5446153846153846,2.099977047359247,1.357970848148148,4.815918743655543,47.53591790760454,30.103820355562846
29,20,21,147.1102443374493,26.870419683046592,152.59739166666665,62.700844704995404,147.1102443374493,356.921333379894,494.7640312083283,503.9067966730884
29,21,21,146.14769278706794,26.9594699357327,151.26703333333333,62.90863922887978,146.14769278706794,355.20402480301567,493.1427387660504,501.7054349582698
29,22,21,248.6311092642617,23.820062811524963,256.62765833333333,55.58298220965204,248.6311092642617,552.8452007381754,643.2123800236835,653.474118436734
29,23,21,644.7458998171375,63.83834841232357,812.8407166666666,148.96374590494145,644.7458998171375,1438.4555455392165,1035.788191328573,1162.9991197474455
29,24,21,134.68597039922355,36.141949534308296,185.56175833333336,84.33551808333755,134.68597039922355,353.70745888178465,473.41045060740686,555.6750542058431
29,25,21,237.51071294905518,45.3139118852907,259.3811166666666,105.73785544138985,237.51071294905518,580.7592813395001,628.6635239515872,656.9704545360722
29,26,21,145.46721705279327,34.140959374547606,168.04715833333333,79.66630283685825,145.46721705279327,370.60073694244477,491.9933426133407,528.8009752890653
29,27,21,57.20268999944341,11.451178525422893,59.078833333333336,26.72077976008418,57.20268999944341,141.126159758971,308.5211113669109,313.5397561182101
29,28,21,28.10568234542706,4.604391350486629,26.033741666666668,10.744127945647076,28.10568234542706,66.95549263650119,216.25876958586124,208.1349229065928
29,29,21,169.53362646334088,29.29026258323899,186.58076666666668,68.34743287463155,169.53362646334088,407.41468580131334,531.1345916385029,557.1987039946641
29,30,21,113.31452094965988,23.29907729902578,119.85704166666666,54.36728732665124,113.31452094965988,280.996329225971,434.2296199710863,446.5894281477489
29,31,21,59.174996610575135,10.537458247225919,83.76927500000001,24.588657004175744,59.174996610575135,142.938650225326,313.79482844686436,373.3524790328839
29,32,21,149.4147949195767,56.57128778269916,173.06686666666667,132.00640599828748,149.4147949195767,430.8359958374409,498.6243262679586,536.6407235137242
29,33,21,127.8161449521542,26.489418598337856,165.13810833333335,61.811796817893374,127.8161449521542,317.4440867222018,461.17899475191257,524.2039796364262
29,34,21,384.10358887344034,88.50232067216118,444.57528333333335,206.51595062350407,384.10358887344034,974.7231283703848,799.4675552424906,860.1007333252697
29,35,21,90.05740701526832,22.44143774289433,104.28739999999999,52.36602626500183,90.05740701526832,232.48084029553848,387.11177361765493,416.5744034383294
29,36,21,41.30930175096543,13.023861011911945,44.85324166666667,30.39055944788829,41.30930175096543,113.00916294981916,262.1806211633623,273.19552363341046
29,38,21,1774.1740288510957,186.9072905370648,1754.6741583333333,436.139261553477,1774.1740288510957,3984.4873192556684,1718.2041741330463,1708.7357313132616
29,40,21,1182.732418829025,58.7637469342694,1121.6957666666667,137.1224050190019,1182.732418829025,2502.5872426770516,1402.8780221143595,1366.199749573002
29,41,21,34.02959633129252,10.599869766518555,33.535916666666665,24.734291312278472,34.02959633129252,92.7934839748635,237.96060240147054,236.2282060494329
29,42,21,147.10917670861676,21.79749936370395,152.834075,50.86342672284891,147.10917670861676,345.0817801400824,494.7622358700574,504.29743287072165
29,44,21,71.97249716205594,14.785344335797822,84.504475,34.50089689866848,71.97249716205594,178.44589122278038,346.0668075352808,374.9872616503126
29,46,21,479.97002626399365,41.52865198169141,485.32505833333335,96.9051317183075,479.97002626399365,1056.8451842462948,893.6834583359398,898.6550489852415
29,52,21,35.94729073386244,9.238251633086016,39.00470833333333,21.5570202410073,35.94729073386244,93.45160170873217,244.5736939679881,254.76231013763922
29,54,11,1.29119941976912,0.7996585485261981,1.1071878787878788,1.8659651415789997,1.29119941976912,4.4483639811172395,46.35251702438407,42.92272859806364
29,55,21,192.66581598969975,54.97786374572555,258.55361666666664,128.28822689018352,192.66581598969975,513.619858869583,566.2119018590658,655.9216554843523
29,56,21,170.48278945306123,78.77133008856156,112.24054166666667,183.80914750672918,170.48278945306123,524.7747264128516,532.6193402890041,432.16693688126276
29,58,8,30.712187904563493,20.301478327106746,35.61310344827586,47.37253287758939,30.712187904563493,108.79690868671638,226.06432861730676,243.43418851494755
29,59,21,10.73319957974301,10.67822023533672,11.7479,24.91711840005302,10.73319957974301,46.383517559539044,133.64147597468522,139.81597047547893
29,60,21,9.802593952758881,3.1717250279724505,13.047466666666667,7.4010693086167585,9.802593952758881,27.00625721413452,127.71654684257157,147.34647784502124
29,67,21,239.86523148104175,65.77609680274054,254.99019166666668,153.48538949436204,239.86523148104175,633.2158524564455,631.7719091447905,651.3859677129477
29,71,21,108.54970306031746,34.76424802339597,111.62620833333334,81.12071721664127,108.54970306031746,298.22012333727616,425.0020069274594,430.98261063141126
29,72,21,1235.6208553191739,237.8885336871747,1441.925825,555.1015646111947,1235.6208553191739,3026.3432752495423,1433.9013575734928,1548.988241659697
29,74,21,329.5860653920154,36.71124468396542,339.02998333333335,85.6639412040408,329.5860653920154,744.8360719880717,740.5614173127801,751.0964600280491
29,79,21,325.93201583250186,41.58346983842481,330.24888333333337,97.0330465764543,325.93201583250186,748.8970782414581,736.4447530842236,741.3057006840476
29,80,20,1.8308853265873015,0.7947290958035285,1.004642105263158,1.8544624984014637,1.8308853265873015,5.516233151576067,55.19595260017956,40.88672722483294
29,81,21,203.59875888480724,14.082108732213502,210.93365833333334,32.859930107249724,203.59875888480724,440.0574478768642,582.0552678090967,592.447134744246
29,82,21,355.7529533404521,53.79790124773867,393.28480833333333,125.5348405934048,355.7529533404521,837.0407472743091,769.397760822393,808.965957915824
29,83,21,34.701192611866965,6.533011369416812,29.077066666666667,15.244470914915354,34.701192611866965,84.64685613864928,240.2972836012647,219.96417647729217
29,85,21,59.36204012222222,13.107996485072247,73.28127500000001,30.586885567801254,59.36204012222222,149.31096581224568,314.2903669592464,349.1991431833704
29,87,21,361.87945425026453,52.60285588290838,380.3611,122.74625914512453,361.87945425026453,846.5051676456536,775.9944663929248,795.563240980879
29,90,21,450.2529703505531,34.438638041084374,435.270825,80.36092182914321,450.2529703505531,980.8668625302494,865.5754979568914,851.0526733404931
29,91,21,175.40118467573697,14.15233686261869,186.0014666666667,33.02380410514028,175.40118467573697,383.82617345661424,540.2476943962151,556.3330302375847
29,92,21,1048.0525839928193,86.3080505899952,1012.076725,201.3957258824848,1048.0525839928193,2297.5008938681235,1320.5905874888142,1297.727117078163
29,93,21,44.53686474557823,9.061384099350652,42.92006666666666,21.14430827383645,44.53686474557823,110.21803776499291,272.23031230309783,267.24331784599093
29,95,21,1144.5173062342406,81.5985609008792,1232.5512666666666,190.40635596864803,1144.5173062342406,2479.440968437129,1380.027824927373,1432.1191667362507
29,97,21,81.16032122826908,7.585877607483062,82.00385,17.701284141758105,81.16032122826908,180.02192659829626,367.49255029706353,369.39735570250093
29,98,21,8.066627921150278,4.296021470554193,6.063051162790698,10.024561516041183,8.066627921150278,26.157817358341738,115.85710535307734,100.44360176180322
30,1,21,393.1793504914726,77.05029759059767,389.81605833333333,179.79320013188527,393.1793504914726,966.1519011148305,808.8574900548368,805.3905394693103
30,2,21,513.3005348906274,17.271769293856316,509.84996666666666,40.30285112955878,513.3005348906274,1066.9039209108137,924.1926693379493,921.081073811276
30,3,21,27.54202511008727,3.812034833881788,30.039441666666665,8.895201747818584,27.54202511008727,63.97925196799312,214.07926051625182,223.5746652314017
30,4,21,530.8943493269085,33.12591061144546,508.06691666666666,77.29773488689725,530.8943493269085,1139.086433540714,939.8979717394733,919.4690583882273
30,5,21,22.59649012657871,7.6610649015248145,16.199916666666667,17.876730111828874,22.59649012657871,63.06971036498629,193.9086371738685,164.18483892653833
30,6,16,1.3529252804563492,1.2474250954471215,0.90626,2.910807055242689,1.3529252804563492,5.616657616155387,47.44752540100869,38.833189928204455
30,7,21,9.971729283302412,3.078347062731866,14.836966666666667,7.183176273581196,9.971729283302412,27.12663484018602,128.81365427397523,157.12642213623187
30,8,21,469.3033838025699,20.724386674095157,448.1906583333334,48.359369365509856,469.3033838025699,986.9661369706497,883.6972505600978,863.5909074710472
30,9,21,2.895719123280423,2.020801467808205,3.7289106382978727,4.715443990352405,2.895719123280423,10.50688223691325,69.41524775680502,78.77123397616455
30,10,21,10.207027239984884,2.730961723961849,7.731608333333334,6.372569128775282,10.207027239984884,26.78662360874505,130.3245691622836,113.42573017912059
30,11,21,34.21827637291967,8.902963609810811,32.6973,20.77464160580915,34.21827637291967,89.21119435164849,238.61938706764445,233.25588352708274
30,12,21,4.040437751412079,1.8638297287352106,2.640725,4.3491579125469775,4.040437751412079,12.430033415371135,81.99566097269842,66.2885088080883
30,13,21,446.3022104564626,25.437512217314513,424.8947083333333,59.357223371749846,446.3022104564626,951.961644284675,861.7696201419227,840.8476643641621
30,14,21,37.331650877544156,9.694455225314545,35.92580833333333,22.621549598106604,37.331650877544156,97.28485135319491,249.23857458313606,244.5006034075717
30,16,21,60.22452482773999,12.39530199127643,62.849958333333326,28.92384690652604,60.22452482773999,149.37289656200602,316.5653318248215,323.39191496799464
30,17,16,2.574115805555555,2.309233161508434,7.024330434782608,5.38848561188343,2.574115805555555,10.53671722299454,65.44714432612354,108.11330095542482
30,18,16,21.864249174558083,23.410442855828034,26.82410909090909,54.62715354998935,21.864249174558083,98.35565189910551,190.74095162409319,211.27072094181133
30,21,21,52.781828036693454,8.277487982725122,60.553599999999996,19.315124016457794,52.781828036693454,124.8787800898447,296.35951453101336,317.42903206858693
30,25,21,1.5158375251631964,0.8364508151928669,1.1885688888888888,1.9518181437212432,1.5158375251631964,4.983493194047636,50.22303895496129,44.47222314109236
30,28,21,3.9661940417096133,2.643615110255801,3.2991833333333336,6.168749965320028,3.9661940417096133,14.101138048739255,81.2388262187779,74.09346169984681
30,31,21,3.509184565003779,3.429141367799648,1.9022823529411763,8.001738078900864,3.509184565003779,15.020107208908422,76.41520212736657,56.2618683949806
30,32,15,2.2524757179605577,1.3069798853505348,0.8187272727272727,3.049775321359072,2.2524757179605577,7.5547267572801875,61.221888199290035,36.91019075835537
30,38,21,2572.1209414871505,279.51940923326526,2468.1397166666666,652.2452301489285,2572.1209414871505,5796.487113123229,2068.8183213212847,2026.569635747396
30,40,21,1002.2514129052912,96.3408086284694,907.551575,224.80668898441434,1002.2514129052912,2229.3095147949966,1291.4125410086447,1228.8880424188364
30,42,21,3.109214298488285,1.002675183001228,2.17075,2.3396947900511815,3.109214298488285,8.558123387027752,71.92866322047495,60.1009816891538
30,46,21,248.4343467452622,21.100479327626665,253.733625,49.23696366220955,248.4343467452622,546.1056571527339,642.9578158667302,649.7790024308265
30,52,21,1.0694798345083487,0.4766346844724614,0.7901083333333334,1.11220433787932,1.0694798345083487,3.2511640068960173,42.18547670255597,36.259347300615694
30,56,18,7.346932725837743,6.926483444477976,7.7858,16.16261926411022,7.346932725837743,30.856484715785705,110.56806073995331,113.82254258274149
30,59,21,4.269571721088435,4.593580978252272,3.14835,10.718902456850664,4.269571721088435,19.258045899027536,84.28859557431929,72.37993092011072
30,60,21,27.0253176845805,6.529320707816087,26.766666666666666,15.235858931827062,27.0253176845805,69.28649430098807,212.06161516677636,211.04438711639153
30,67,21,58.10996927729678,27.05806451585452,55.16733333333334,63.138704986314636,58.10996927729678,179.3586435409082,310.95817866301866,302.9825781570067
30,72,21,3.676583905112348,1.9444445166353126,2.2627234042553193,4.537268681067633,3.676583905112348,11.890436491292329,78.21659426302674,61.36099530386426
30,74,21,4.781092202494332,2.288226320920684,11.569258333333332,5.339467149761451,4.781092202494332,14.901651554750114,89.19494057933201,138.7488589742873
30,79,21,235.08552167148355,30.87139542843637,213.46189166666667,72.03693107205784,235.08552167148355,542.207974415025,625.4456875391728,595.9870701058315
30,80,21,279.0445031547791,15.838955311301342,237.89448333333334,36.95944793485515,279.0445031547791,595.0484542444133,681.4176789969221,629.171216972508
30,81,21,449.7726195247922,22.437310131920576,426.4792916666667,52.35639468136,449.7726195247922,951.9016337309445,865.1136566308812,842.4141151080823
30,82,21,192.238078145056,24.842416839045804,196.29846666666666,57.96859664624214,192.238078145056,442.4447529363541,565.5830284170249,571.5248450709149
30,83,21,75.4656289181887,9.821135082082419,65.50971666666666,22.917151011115607,75.4656289181887,173.848408847493,354.3653573924319,330.1638510396517
30,85,21,3.0769931588607164,1.8818102577810236,3.006556521739131,4.39111462080511,3.0769931588607164,10.545100938526543,71.55499015683135,70.7312523017507
30,87,21,15.73720844021164,4.302500000328579,14.987283333333332,10.039678856748623,15.73720844021164,41.5140957371719,161.82309737646284,157.92035798676073
30,90,21,1446.8447233504155,55.41021764047987,1368.406575,129.29710411399907,1446.8447233504155,3022.98655081483,1551.6280545462857,1508.982617792531
30,91,21,1262.938449930461,72.2443345703878,1218.589825,168.57871429420211,1262.938449930461,2694.4556141551243,1449.6653340286118,1423.9850662138278
30,92,21,2243.2821701911494,110.52453872731594,2053.518183333333,257.90374771128097,2243.2821701911494,4744.468088093579,1932.05112023416,1848.5275916433234
30,93,21,906.8094430721844,67.45498502762216,856.847225,157.40299521496658,906.8094430721844,1971.0218813593353,1228.3854905004841,1194.0660712037673
30,94,21,979.8030401029755,61.67351562456735,936.1260666666667,143.91221168856202,979.8030401029755,2103.518291894513,1276.8681446145297,1248.0840416147198
30,95,21,1767.41967761935,83.71357277747543,1732.18955,195.34163546141127,1767.41967761935,3730.1809907001116,1714.9304194510628,1697.752458752453
30,96,21,736.5806345262457,60.936834492250554,734.1830833333333,142.19320134859183,736.5806345262457,1615.3544704010833,1107.0998942514957,1105.2966346943551
30,97,21,530.9203473620079,27.29534156685454,509.63212500000003,63.692379685195434,530.9203473620079,1125.5330744092112,939.9209849824512,920.884279374993
30,98,21,138.89021871972787,17.31894918851659,125.57348333333334,40.412943166943606,138.89021871972787,318.19338060639933,480.7424715475295,457.1151673994932
31,1,21,759.7478822376593,251.5331681256785,716.1791833333333,586.9406692875106,759.7478822376593,2106.436433762829,1124.3755938490772,1091.6602773146353
31,2,21,2446.591851500405,113.04254170442842,2389.005616666667,263.77938774582265,2446.591851500405,5156.963090746633,2017.7038536159548,1993.8167784762304
31,3,21,341.8605652502646,36.77433973586548,426.1494416666667,85.8111705029317,341.8605652502646,769.5323010034608,754.2254176149463,842.0882797743556
31,4,21,1449.7463482007558,54.63877383120205,1424.2578333333333,127.49697672281147,1449.7463482007558,3026.989673124323,1553.1831583577184,1539.4690755798463
31,5,21,742.82210554687,176.82861295895972,796.0357083333333,412.621147392603,742.82210554687,1898.265358486343,1111.7805465243541,1150.9141665070713
31,6,21,117.12693599163747,49.16030717096924,138.09959166666667,114.71323566715982,117.12693599163747,348.96710765043474,441.47391937699416,479.37221502015876
31,7,21,689.1783964540612,316.433915116498,933.2031166666667,738.3834716817374,689.1783964540612,2116.7402645898596,1070.8841448539417,1246.1340161207918
31,8,21,1033.518111547083,54.70016055807294,1023.091,127.64021972660078,1033.518111547083,2194.6764428207666,1311.4015928060885,1304.7694907530602
31,9,21,417.5469622656428,69.53720921014765,438.6402333333333,162.26176618503408,417.5469622656428,997.3556907163196,833.5455267770498,854.3403000366228
31,10,21,735.0805373676218,69.59282189849921,841.3422666666667,162.3915357449103,735.0805373676218,1632.5526104801538,1105.9719771222608,1183.213223275219
31,11,21,438.4538182832955,74.10141803244666,475.5260333333333,172.9121301147311,438.4538182832955,1049.819766681322,854.1587402956219,889.536575676721
31,12,21,111.12596977001888,14.130601216451613,110.91250833333334,32.973085009906185,111.12596977001888,255.22502454994395,430.0158295892274,429.6026232073853
31,13,21,1760.9174788068783,68.36186232286764,1706.8836666666666,159.51915019603481,1760.9174788068783,3681.3541078097915,1711.772965300786,1685.3054385877158
31,14,21,708.3046064148788,74.14941937435786,719.6663583333334,173.02413896015693,708.3046064148788,1589.6333517899145,1085.6421441130396,1094.314772022505
31,16,21,344.18940230728373,66.74891262361815,326.9598916666667,155.75540888486285,344.18940230728373,844.1342134994303,756.7900405259837,737.6050838581126
31,17,21,310.4893630262145,53.77467290485776,326.7472666666667,125.48063836147429,310.4893630262145,746.4593644139034,718.7866860728717,737.365209196456
31,18,21,142.46170381972098,233.552781404751,289.7583111111111,544.9842931377201,142.46170381972098,829.9077007771621,486.88425231877824,694.3758562110933
31,19,21,2.323624900054971,1.9889914744738035,1.7132083333333332,4.6412168857647655,2.323624900054971,9.288466685874708,62.181282020327245,53.39268364361045
31,20,21,254.08953655583733,33.70693201956419,244.2046,78.65352067329178,254.08953655583733,586.8325937849664,650.2345644680181,637.4609434310466
31,21,21,179.46347214559196,15.210854372503555,191.53315833333332,35.49380430564642,179.46347214559196,394.4207485968303,546.4679475049429,564.5451049001015
31,22,21,365.66308333431596,55.296907537406895,353.9587916666667,129.03270038454158,365.66308333431596,860.3588670531735,780.0406211655273,767.4551643798701
31,23,21,808.0375592972674,72.74740016224607,850.076375,169.75259389577127,808.0375592972674,1785.827712490306,1159.5578893141355,1189.338928985342
31,24,21,151.50509293312032,25.366443526775942,182.375825,59.19138796681728,151.50509293312032,362.2015738330579,502.1000643703526,550.8841736699286
31,25,21,382.3671344737236,60.164181287304224,391.36650833333334,140.3902518902057,382.3671344737236,905.1245208376529,797.6583929002916,806.9906256374152
31,26,21,285.6675147218443,43.381616712799826,288.5519,101.22893667630618,285.6675147218443,672.5639661199948,689.4568474510562,692.9288286685726
31,27,21,54.18543410280355,13.618375593083407,50.89965,31.777830911028335,54.18543410280355,140.14869911663544,300.2741453190153,291.0275203481622
31,28,21,27.92982868473167,5.598509371079752,23.228275,13.063855004728856,27.92982868473167,68.9235123741922,215.58115625303037,196.60073651947494
31,29,21,186.1519770785886,24.22745115425355,181.1321833333333,56.53360350672717,186.1519770785886,428.83755766390436,556.5580741115624,549.0026894894656
31,30,21,132.75568031209372,18.701272199819908,127.59519166666666,43.638528084716796,132.75568031209372,309.1498887089042,470.0058000060466,460.78020675082536
31,31,21,75.63365526020064,23.80084829368728,93.14231666666666,55.5381460473132,75.63365526020064,206.8054565677145,354.75964025375526,393.6861883954444
31,32,21,246.78316299493574,50.67168460362118,248.589575,118.23996293130949,246.78316299493574,611.806288921181,640.8175896646198,643.158652899889
31,33,21,165.50238460166975,31.501196011141122,196.34377500000002,73.50654073938288,165.50238460166975,404.5113099427224,524.7818289319653,571.5907990861995
31,34,21,555.8798617181756,74.29160073937817,545.7522250000001,173.35591240445885,555.8798617181756,1285.11563584081,961.7609317803693,952.9594442577292
31,35,21,74.45714706130696,19.079047520517815,78.23375,44.520048805117156,74.45714706130696,193.43434292773105,351.9896201736846,360.80598664656327
31,36,21,52.56457816300419,25.312367295541925,67.861675,59.065203656455544,52.56457816300419,164.19435998246394,295.7489781271255,336.0384311354878
31,37,21,119.82733525041571,13.729859299677814,123.78133333333334,32.03797283127991,119.82733525041571,271.69264333211134,446.53408140554257,453.84153475267846
31,38,21,3442.9370614097506,364.52813003073476,3249.0279666666665,850.6090318373475,3442.9370614097506,7736.4831546568485,2393.542828149483,2325.162905375306
31,40,21,2472.958158046046,105.98118863803026,2268.814283333333,247.30205664173423,2472.958158046046,5193.218372733826,2028.5468629017719,1943.0149169439399
31,41,21,40.58580465610527,20.062286306750384,67.37298333333334,46.814389688910396,40.58580465610527,127.98599900112093,259.8745446321343,334.82628968864833
31,42,21,221.0758775752834,26.541383852208806,215.28594166666664,61.933055263107526,221.0758775752834,504.08481041367435,606.5230913042566,598.5280335400618
31,44,21,87.43497553817082,17.713276674003076,103.54845,41.33308757562953,87.43497553817082,216.20303865197116,381.43387276894566,415.09591759013966
31,46,21,1076.0288632993886,63.848726026993624,1053.9301416666667,148.9879615745704,1076.0288632993886,2301.0456881733476,1338.100156389716,1324.288395982285
31,49,21,380.15303200549715,97.78018564574114,334.1340666666667,228.16540670808416,380.15303200549715,988.4714707190785,795.3456137159161,745.6534630331528
31,52,21,27.228800468741838,7.766561797453218,28.993750000000002,18.12290209449572,27.228800468741838,72.58050303197939,212.8584599680887,219.64881060456486
31,54,18,2.4870513044733045,1.8438497948502488,2.275509090909091,4.302535688312517,2.4870513044733045,9.276638297259126,64.33081198495461,61.53411352471674
31,55,21,287.02723292047,48.92683760265324,335.9100833333334,114.16844554780192,287.02723292047,688.222911388742,691.0957354662681,747.6325157901218
31,56,21,109.04155308578989,44.16601437652657,77.35245833333333,103.05929126996081,109.04155308578989,321.1423974415406,425.96378289093354,358.7680178982885
31,58,21,99.04676439674982,66.84708404775036,113.13958333333333,155.98448722794748,99.04676439674982,354.0780160214471,405.9726788297357,433.8943035655881
31,59,21,16.965454254950867,17.65775981882001,19.95671666666667,41.203541637888215,16.965454254950867,75.13445014778995,168.019391381585,182.2305587252954
31,60,21,12.174519102494331,3.269170725091236,10.234378378378379,7.628454202276233,12.174519102494331,31.977492407264897,142.33200548910483,130.49906368101506
31,67,21,276.29699588442935,97.93884289604392,275.7664,228.53562584607673,276.29699588442935,781.1296176149355,678.0547184052999,677.4033433634646
31,71,21,225.38824623221328,42.82490982316083,235.67981666666665,99.92988766087608,225.38824623221328,550.7063801253026,612.4100274574241,626.2357502836559
31,72,21,1812.525847966062,352.5367237097335,1940.9561333333334,822.627656243055,1812.525847966062,4447.679352175179,1736.675850875899,1797.1508022051648
31,74,21,653.1640621504845,79.33668366337385,615.0639833333333,185.128373150238,653.1640621504845,1491.456497451207,1042.528176798309,1011.6651957375358
31,79,21,1540.3235939751737,173.9186235906898,1463.9271500000002,405.8308257815045,1540.3235939751737,3486.478013731852,1600.967976061573,1560.760961069952
31,80,21,810.5788379646259,61.32482375213261,798.9213833333333,143.0985558096693,810.5788379646259,1764.256231738921,1161.3798630823326,1152.9983442601583
31,81,21,1081.4529917455714,56.3416334089039,1053.2334666666668,131.4705184536562,1081.4529917455714,2294.3765019447987,1341.4685155696466,1323.8506292378056
31,82,21,809.0077395786092,111.55875700594721,761.7830749999999,260.31704681283685,809.0077395786092,1878.3325259700553,1160.2537992434266,1125.8805606279911
31,83,21,371.74806778117915,34.81022173684117,332.450125,81.22799468760158,371.74806778117915,824.7241302499599,786.5041543360608,743.7721479055263
31,85,21,50.09101489931285,12.721927000349453,53.02190833333333,29.686010810634194,50.09101489931285,129.8680406092599,288.7065097853815,297.0327515050599
31,87,21,357.99174185362943,45.38253553709786,345.2833416666667,105.89798546488053,357.99174185362943,821.8814691721394,771.8149120381385,757.991741731619
31,90,21,3661.842628484051,107.39313394910629,3642.4340833333335,250.59676378535136,3661.842628484051,7574.282020753453,2468.4623014738268,2461.91192260541
31,91,21,2925.6827242292516,142.79338057987636,2875.635733333333,333.2015534647207,2925.6827242292516,6184.567001923224,2206.4306137101785,2187.477510802492
31,92,21,5422.260449883144,240.15865142842352,5215.005683333334,560.3987762526602,5422.260449883144,11404.919676018948,3003.7711944496623,2945.805400406936
31,93,21,2450.742435259184,136.93641487851943,2384.7119166666666,319.53460292151925,2450.742435259184,5221.0194734398865,2019.4146211888437,1992.0242542030792
31,94,21,2838.6390158573695,173.51021165824227,2900.497625,404.8778159865657,2838.6390158573695,6082.155847701305,2173.360375636462,2196.9133000644338
31,95,21,4322.275059278081,156.04879090646685,4409.303191666667,364.1324222115504,4322.275059278081,9008.682540767713,2681.839983787013,2708.7045817019866
31,96,21,1204.9431617354498,95.47677097997094,1232.2807833333334,222.790498278917,1204.9431617354498,2632.6768217498166,1415.9892023344628,1431.9620188631634
31,97,21,1300.095606355961,87.86204015779609,1296.2891750000001,205.02188653472584,1300.095606355961,2805.213099246648,1470.8361869957916,1468.6814451064602
31,98,21,418.0242238512472,45.12457915693169,424.6252,105.29605653618327,418.0242238512472,941.3445042386777,834.0217673948777,840.5809495818949
32,1,21,987.6936910799698,356.3247030193237,958.1671083333334,831.4667255705133,987.6936910799698,2806.8541077304526,1281.9993377365956,1262.6915966563913
32,2,21,1996.6667420969145,67.71094551054672,2019.3120333333334,158.00026681249932,1996.6667420969145,4151.333751006328,1822.7598467294767,1833.0671628357393
32,3,21,486.6163358329828,49.781574093787704,617.2037583333333,116.16293244553088,486.6163358329828,1089.3956041114966,899.8497556959625,1013.4234326611294
32,4,21,1124.3192913979317,53.12474185180694,1141.989875,123.96405520025166,1124.3192913979317,2372.602637996115,1367.7965129675388,1378.5032288681807
32,5,21,735.1886231025218,174.0623072373693,861.0164583333334,406.16610472851636,735.1886231025218,1876.5433509335599,1106.0532848116297,1196.9675796222164
32,6,21,147.97947386819212,43.45749057118223,182.08558333333335,101.40598471157023,147.97947386819212,397.36493244795446,496.22358319276975,550.4456473319293
32,7,21,789.6410096000002,258.0162302046801,1124.3975583333333,602.0685859119313,789.6410096000002,2181.3506051119316,1146.2820944141108,1367.8441201637952
32,8,21,1007.7195779052153,40.030609744943334,992.9755166666667,93.40952149874968,1007.7195779052153,2108.8486773091804,1294.930645878102,1285.4225996664807
32,9,21,683.0962252019172,154.4682442540872,820.8649916666667,360.4442918671486,683.0962252019172,1726.636742270983,1066.1482630178552,1168.725522153655
32,10,21,866.6019855291762,106.3461775201893,942.0271333333334,248.15374081672098,866.6019855291762,1981.3577118750734,1200.8437466717096,1252.011641266433
32,11,21,551.9783548623583,53.766504684402214,597.2800666666667,125.46157820802895,551.9783548623583,1229.4182879327454,958.3798737927275,996.9323101060238
32,12,21,120.63008824061018,15.98468357373351,125.82475833333332,37.299497895357,120.63008824061018,278.55967437657733,448.0273059004053,457.5722870396181
32,13,21,1178.8164611054144,45.32124357596587,1196.1818666666666,105.75496359243,1178.8164611054144,2463.387885803259,1400.5536731162465,1410.8318915212164
32,14,21,567.2474584606954,63.03906160507206,655.9641166666667,147.09864820392383,567.2474584606954,1281.5935651253146,971.5450431547665,1044.760398432738
32,16,21,546.9340639960822,209.9539702689199,588.1497499999999,489.91759117683375,546.9340639960822,1583.7857191689982,953.9907140478259,989.283166742465
32,17,21,435.78838174339995,54.30833977007687,468.18570833333337,126.72592457713459,435.78838174339995,998.3026880639345,851.5584931295192,882.6443330507859
32,18,20,318.6827839818253,367.9880542016546,429.0933818181818,858.6826001213882,318.6827839818253,1496.048168085039,728.2088660169948,844.9919451364342
32,19,21,65.17740789454407,15.796991547450595,63.5589,36.86152749031134,65.17740789454407,167.2163432793995,329.32538125161466,325.2107156906119
32,20,21,187.13089277935822,23.509123090490736,203.59350833333335,54.857419178216304,187.13089277935822,429.1192047369327,558.0195387124469,582.0477625304187
32,21,21,192.00703027915205,32.51962214524059,199.51871666666668,75.88298962372868,192.00703027915205,459.8970501820328,565.2430436409713,576.193669293002
32,22,21,325.00394608201054,41.731225837042814,367.00390833333336,97.37782816278077,325.00394608201054,747.3857203268019,735.3955169026159,781.4694513969607
32,23,21,706.9382184350718,59.68679686859118,784.3627333333334,139.27629808317988,706.9382184350718,1553.1527349533235,1084.5944843470113,1142.4445668244332
32,24,21,138.17529844959802,19.583034861551646,175.07253333333333,45.696079264491914,138.17529844959802,322.04667616368795,479.5035939595563,539.7413227340173
32,25,21,290.00338875207865,50.145453597785604,309.84428333333335,117.01202793940953,290.00338875207865,697.0188054435669,694.6694457678838,718.0396141346706
32,26,21,225.48007225570672,28.834131308117886,249.98945,67.28307226605853,225.48007225570672,518.243216777472,612.5347665508432,644.9670106292259
32,27,21,54.09730481806501,11.202152166024842,54.71141666666667,26.139688609583132,54.09730481806501,134.33429824571317,300.02985720967865,301.7280188072254
32,28,21,28.3754995111867,3.2667693860480056,26.1045,7.622850791975626,28.3754995111867,64.37384981434903,217.2943422793485,208.41758083232807
32,29,21,128.11283139467463,20.221544911066683,137.29228333333333,47.186012057855784,128.11283139467463,303.41167484720506,461.7139281424577,477.9689942524166
32,30,21,90.91920998422317,18.090077203529262,93.61756666666668,42.21233366725227,90.91920998422317,224.0507536356986,388.9595935489281,394.689284036612
32,31,21,61.28403983575208,13.814803350979227,94.75141666666667,32.236185729778974,61.28403983575208,154.80426540128315,319.33781844105386,397.0722318839903
32,32,21,190.03223699467466,39.42636309078418,220.99345833333334,91.99954070675446,190.03223699467466,472.06401469610375,562.3287671452872,606.4100219048714
32,33,21,128.1907205218237,27.359859663010486,167.187175,63.842929590089106,128.1907205218237,320.2243706337365,461.85426158942676,527.4461671109194
32,34,21,411.14424946595204,45.37506722253881,489.78990833333336,105.8805585085137,411.14424946595204,928.1690574404178,827.1299965007581,902.7792684076583
32,35,21,82.20408117867107,14.39717780301096,90.44076666666666,33.59512877970972,82.20408117867107,198.00329113705186,369.84806486084074,387.93483439017604
32,36,21,59.67539652892188,25.339253940610234,65.09305,59.12794236232436,59.67539652892188,178.4787354201681,315.1188027143509,329.112192420761
32,37,21,112.4372294194393,14.465215967404582,120.68906666666668,33.75389259620303,112.4372294194393,258.62835143508164,432.5454308554733,448.136817203556
32,38,21,2625.647534159637,294.5845078363189,2463.5806666666667,687.3989203077571,2625.647534159637,5938.693988627031,2090.23383783768,2024.6970710042858
32,40,21,2477.162934274906,72.0498909470154,2312.8204833333334,168.12498935887325,2477.162934274906,5122.450857908685,2030.2707018113233,1961.7678976542222
32,41,21,68.39344754767401,60.35539076581873,113.01425,140.83643010252538,68.39344754767401,277.62332519787344,337.3524814186633,433.65390808800515
32,42,21,269.3438445403628,24.33422565039522,273.71368333333334,56.78275670864967,269.3438445403628,595.4704457893753,669.4685633509341,674.8774474426202
32,44,21,158.28073910455575,21.393038008445526,173.26205000000002,49.919635411646176,158.28073910455575,366.4811136207577,513.2047835610856,536.9432476528596
32,45,12,2.4768097864598366,3.9800784648752185,0.47759999999999997,9.287323558153778,2.4768097864598366,14.24094313107345,64.19822026091664,28.190892146223394
32,46,21,1056.1314577641083,64.2823551231772,1075.7303749999999,149.99981442019333,1056.1314577641083,2262.2627299484097,1325.6706777022248,1337.914550335708
32,49,21,196.6088725112623,53.41514741002051,187.08970833333333,124.64170274062502,196.6088725112623,517.8594477631495,571.9765413535248,557.9581298508577
32,52,21,97.28615614958429,16.86580227095435,102.904275,39.355546414612874,97.28615614958429,233.92785871378146,402.34831158202746,413.8027472117603
32,54,17,1.612486746965453,1.2104389469988233,1.3422933333333336,2.8245016391960673,1.612486746965453,6.049475133126974,51.799401028877874,47.26072477932038
32,55,21,302.4355117841407,68.76718121417912,408.13260833333334,160.4649425267797,302.4355117841407,765.3359660950612,709.4030530021773,824.0950553587047
32,56,21,292.2790398882292,146.90261279898343,231.238125,342.79025115780354,292.2790398882292,927.3483309342619,697.389648886484,620.3065693671155
32,58,21,62.253003005043624,55.58521853110079,69.07330833333333,129.70546035835582,62.253003005043624,254.21146636844307,321.85244600653976,339.0250507951686
32,59,21,20.219573707496735,11.015257581535366,26.2547,25.703578996986614,20.219573707496735,66.14272641198008,183.42674464012757,209.01631706639557
32,60,21,31.821210165532882,9.739960285766134,32.472,22.727733489624562,31.821210165532882,86.37015382069032,230.109742765157,232.4508722289508
32,67,21,394.6447290947984,155.79156649147896,390.3365166666667,363.532201288739,394.6447290947984,1152.8216594783357,810.3633933080545,805.9280139896698
32,71,21,192.5747789476259,31.603926127036985,206.14319166666667,73.74625657260363,192.5747789476259,458.8958144678554,566.0781149000989,585.6810317342822
32,72,21,1675.2347538354263,273.70058886964335,1828.8550833333331,638.6672899347711,1675.2347538354263,3989.1367976056235,1669.6079271440194,1744.4812577573502
32,74,21,590.3495053846561,80.5744718297854,574.7746833333333,188.0166928905068,590.3495053846561,1368.7157036598192,991.1314630058254,977.9698732919469
32,79,21,603.1503939554392,51.01856896908764,622.7412083333334,119.04940107876894,603.1503939554392,1325.3501889896474,1001.8194725307803,1017.9594150390607
32,80,21,658.6888237508967,45.59662988802167,660.6996916666667,106.397564437142,658.6888237508967,1423.7752119389354,1046.9279835411278,1048.5248146483389
32,81,21,697.1718341459285,41.43812493926924,700.3214333333334,96.69389117590181,697.1718341459285,1491.037559467759,1077.0765673891644,1079.5067693473102
32,82,21,718.7324065672715,125.53883980259401,804.6185166666668,292.9389042581294,718.7324065672715,1730.4037173926724,1093.6044643873486,1157.1020748980332
32,83,21,159.8176670861678,16.610635067641386,148.65607500000002,38.76012589727616,159.8176670861678,358.3954600696118,515.6904090938508,497.3567218807845
32,85,21,73.54910250778535,18.307228267647986,99.74265833333334,42.71904533418701,73.54910250778535,189.8172503497577,349.83668557336125,407.39634689902005
32,87,21,272.1631785811792,48.521633169566485,270.60840833333333,113.2229202998737,272.1631785811792,657.5492774622321,672.9632450283464,671.0382935918536
32,90,21,2597.7833251751326,131.84075706383203,2541.4364416666667,307.6441280767927,2597.7833251751326,5503.210778427058,2079.1131410030143,2056.4411586362817
32,91,21,2002.191418580918,114.90243883548806,1951.389175,268.11936912897215,2002.191418580918,4272.502206290808,1825.279847179234,1801.974358086152
32,92,21,4266.631160137264,201.13047555801938,4100.1214,469.3283864621572,4266.631160137264,9002.590706736684,2664.521392383331,2612.0111044174373
32,93,21,1271.2540929961863,93.90905160446677,1251.3369416666667,219.1322997742424,1271.2540929961863,2761.640485766615,1454.4300638895133,1442.9915699453456
32,94,21,1962.1717159457296,128.76949297273137,1983.93425,300.47747958020705,1962.1717159457296,4224.8209114716665,1806.9459691240615,1816.938796987945
32,95,21,3370.835511871807,131.09482824547138,3415.1976166666664,305.90353870183327,3370.835511871807,7047.574562445447,2368.34758676903,2383.8810444595033
32,96,21,81.65487811027967,11.382937759492235,89.3603,26.5615431825525,81.65487811027967,189.87129940311183,368.61052233421844,385.6106056632779
32,97,21,678.8398026590324,42.52852073768873,697.8294416666666,99.23827784459297,678.8398026590324,1456.9178831626577,1062.8214486096101,1077.5844240398676
32,98,21,309.764247981186,26.555727533399807,318.60435,61.96652556009073,309.764247981186,681.4950215224627,717.9468703467503,728.1192473764171
33,1,21,125.3765857838109,38.473494124535684,110.59813333333334,89.77606635161992,125.3765857838109,340.5292379192417,456.7566515599541,428.9933494433995
33,2,21,317.53279991487665,22.39949693103197,294.15709166666664,52.26815937782989,317.53279991487665,687.3337592075832,726.8937880174481,699.6266150835982
33,3,21,12.866283552855082,2.0441292161719233,12.328258333333332,4.76987818024314,12.866283552855082,30.502445285953304,146.31984086907303,143.22786693470886
33,4,21,254.35017928178382,24.74440876276072,236.54966666666667,57.73989946757978,254.35017928178382,566.4402580311474,650.5679813246946,627.390345266273
33,5,21,3.690487150731808,2.0078258319265676,3.474936170212766,4.685165961949431,3.690487150731808,12.066140263413047,78.36434532884026,76.04139522151104
33,7,21,18.976033854421768,16.994749526013777,16.147841666666668,39.656438693556986,18.976033854421768,77.60850640240052,177.69670884334866,163.9207385699971
33,8,21,170.86807478776885,17.978054649438416,145.174425,41.950934372028804,170.86807478776885,383.6870839475665,533.220851474178,491.49795849016505
33,9,18,3.3695482254208757,3.4508276522471073,0.988713043478261,8.052341990912945,3.3695482254208757,14.791438441754696,74.8794247246888,40.56129317893879
33,10,21,3.6674823770013054,1.294202873118149,2.875966666666667,3.0199607717827552,3.6674823770013054,10.354925525785365,78.11972014370104,69.17809287146714
33,11,21,7.000643253817081,1.9744285638407613,6.906133333333333,4.607235027318721,7.000643253817081,18.608521534952885,107.93085923104488,107.1998407959017
33,12,21,1.1710272719301862,0.570327484585832,0.8660222222222222,1.3308320250974364,1.1710272719301862,3.672886568957809,44.14282932132726,37.961308957644995
33,13,21,294.5301966373669,20.377465885648178,272.09576666666663,47.5498462267599,294.5301966373669,636.6102395014937,700.0701730573718,672.8798969603218
33,14,21,36.29121241112485,7.5615492738928225,37.040225,17.64451513389124,36.29121241112485,90.22693995614094,245.74087460597954,248.26384029898514
33,16,21,15.53726302312925,7.325957831307798,12.133833333333333,17.094773721974644,15.53726302312925,48.169299768233145,160.79180846823968,142.09397829136415
33,17,21,10.30655173431595,1.9651499111236321,9.755425,4.585583733072083,10.30655173431595,25.198687201703983,130.95839830229195,127.40889764847665
33,18,18,24.618404281657853,46.412007964226625,24.086800000000004,108.3002103479627,24.618404281657853,157.5370189112784,202.39818360024546,200.200987010554
33,20,21,1.8226151741908885,0.6981384581172048,2.5918697674418607,1.6290728452079268,1.8226151741908885,5.274303193589704,55.07115079470955,65.67245459873763
33,21,21,6.687657655363154,1.4184546582238216,7.368175,3.3098963951978457,6.687657655363154,16.685211705924154,105.49057938282587,110.72778874338637
33,25,5,0.5172232438095239,0.40626723370113255,0.8561103448275861,0.9480052425491033,0.5172232438095239,1.982451730168151,29.336998443928234,37.74344464662842
33,26,21,6.592788132611831,2.009159103444505,6.011341666666667,4.688277087543368,6.592788132611831,17.873853352767032,104.73967468283492,100.0143616353838
33,38,21,663.9351105029959,215.33736685052534,502.2106166666667,502.4794907314437,663.9351105029959,1830.3497117374357,1051.0889704858412,914.1545088951502
33,40,21,291.827993681028,23.53738588098817,243.94342500000002,54.923369053909084,291.827993681028,638.5793564159651,696.8513338476367,637.11997237569
33,42,21,2.434514081934996,1.064242986593776,2.059897142857143,2.4833603277472536,2.434514081934996,7.352388491617246,63.64771348870149,58.54629660118807
33,46,21,87.47663617938571,9.919655710173064,76.02845833333333,23.147044205007465,87.47663617938571,198.10031656377888,381.5247339328052,355.6843469519943
33,52,18,1.1880312643738977,0.6537744427995247,0.9512571428571429,1.5255515281710017,1.1880312643738977,3.901614056918797,44.462163959013125,39.78557383919812
33,55,14,1.1375045868480727,0.7158954453010612,1.255157894736842,1.6705079291767135,1.1375045868480727,3.945517102872859,43.506409096996194,45.70101461501818
33,59,5,8.704861476825396,11.459542763074767,1.373274074074074,26.740297310322397,8.704861476825396,44.15002026397319,120.35318648643027,47.80301307720319
33,60,21,5.24363634906892,2.149647494487486,4.209333333333333,5.01610005769215,5.24363634906892,15.50337275582999,93.4099078516336,83.6918793352537
33,67,21,26.174929515357658,10.643946430213816,24.582925,24.837142107988765,26.174929515357658,77.18700113870408,208.69854506813206,202.25228601921907
33,74,21,14.095939044224556,2.4426661344968226,14.164958333333333,5.699845099995534,14.095939044224556,33.891723188444644,153.1523508457825,153.52684021586148
33,79,21,451.2439167213908,37.87543403880207,429.1136333333333,88.38052162242842,451.2439167213908,990.86835506521,866.527482209534,845.0118850446227
33,80,21,306.82795476909223,22.871907015258984,327.62935,53.37050581222073,306.82795476909223,667.0264153504052,714.5360150025815,738.3598298932574
33,81,21,363.17131821288393,23.25803508051508,344.02785833333337,54.27151726427251,363.17131821288393,780.6141536900403,777.3783335713948,756.612421432973
33,82,21,139.11385641050643,13.588764477562423,124.34813333333334,31.708734783103164,139.11385641050643,309.93644760411604,481.12935585669965,454.8794278340873
33,83,21,79.74232411942555,16.120691486349852,93.9344,37.61686588246694,79.74232411942555,197.10151412131802,364.26807070442516,395.3566005519574
33,87,21,14.826965174238989,4.688973022441605,15.638731914893617,10.941495249198494,14.826965174238989,40.595425597676474,157.0734543133679,161.31599395714915
33,90,21,989.4157829425548,59.19848993722867,961.7751166666667,138.13685711303935,989.4157829425548,2116.968422998149,1283.1164650242827,1265.0667152894875
33,91,21,405.6281321952381,49.924253972707334,386.27323333333334,116.49586914827661,405.6281321952381,927.7521335387528,821.5626646658648,801.7223086996312
33,92,21,1373.6814211672577,95.36363660334301,1297.928025,222.52650459875056,1373.6814211672577,2969.889346933266,1511.888185290935,1469.6095514115304
33,93,21,918.5784362753591,118.20473002003203,960.7777,275.82510834611605,918.5784362753591,2112.981980896834,1236.3310713406008,1264.4105712939922
33,94,21,1020.0562010046107,88.96212619201815,1062.0590166666668,207.58888490719303,1020.0562010046107,2247.7012869164146,1302.8328820196673,1329.3856489872808
33,95,21,1100.7193979424653,113.25659366194533,1053.08945,264.278867795088,1100.7193979424653,2465.7176636800186,1353.365094191609,1323.7601160331126
33,96,21,382.6305415693122,48.297725089914614,372.29245,112.70044145897553,382.6305415693122,877.9615245975999,797.9330931671749,787.0798160288447
33,97,21,214.77028273022742,20.4896605228447,210.0087,47.811647069715505,214.77028273022742,477.35221253017033,597.8107982155378,591.146747263317
33,98,21,285.20732325062875,30.591462624703034,284.53136666666666,71.38372120552971,285.20732325062875,641.7983677067872,688.9012889297321,688.0844382293014
34,1,21,900.2725461359788,267.39017002488026,817.5466166666666,623.9422280758153,900.2725461359788,2424.4873203477728,1223.9499649782538,1166.3608233018344
34,2,21,1421.0589981132273,46.355615853103295,1412.9997666666668,108.16862204216629,1421.0589981132273,2950.2866182686207,1537.7393058839361,1533.3726265110297
34,3,21,261.6390772135848,28.936697121490994,331.46226666666666,67.52240470716686,261.6390772135848,590.8005591343365,659.823782902227,742.6662855774007
34,4,21,784.4833693859205,50.33952933530325,784.1596416666666,117.4648944306158,784.4833693859205,1686.4316332024569,1142.5324182088539,1142.2966531218294
34,5,21,863.032926731265,168.95954962271486,922.141275,394.25906283867397,863.032926731265,2120.3249163012038,1198.3683866327685,1238.7263949718679
34,6,21,109.49642268651084,35.75154930165002,135.96621666666667,83.42453773210231,109.49642268651084,302.417383105124,426.8513176158111,475.65511090845365
34,7,21,582.8616782072013,142.00931955925446,768.8938083333333,331.37198441171967,582.8616782072013,1497.0953408261223,984.8257879121479,1131.1230247266062
34,8,21,1098.9304073543462,50.12596591036889,1069.6442333333332,116.96655434886692,1098.9304073543462,2314.8273690575593,1352.2648401247561,1334.1244335768183
34,9,21,633.7700689923383,112.78953915880663,696.7231833333334,263.1890183541228,633.7700689923383,1530.7291563387994,1026.9339778209946,1076.7299462105932
34,10,21,658.8088850349619,88.01394545466104,671.8591333333333,205.3763503109133,658.8088850349619,1522.994120380837,1047.0233926222359,1057.3427059693875
34,11,21,588.7571851818732,99.55094218576335,652.1095,232.2973827671086,588.7571851818732,1409.8117531308549,989.7938957897431,1041.6862329895698
34,12,21,204.66992546719575,24.16762473767436,217.46078333333332,56.39400141269828,204.66992546719575,465.7338523470898,583.5844034734082,601.5436338842484
34,13,21,930.9646652702219,53.778531124016446,910.9718416666666,125.48964133214466,930.9646652702219,1987.4189718725884,1244.6385832881967,1231.2015044391933
34,14,21,400.0624722774754,51.42743729141211,406.84904166666666,120.00347583775135,400.0624722774754,920.1284203927022,815.9068291598735,822.7981558883888
34,16,21,730.9351810625852,154.03212612276016,642.6862333333333,359.42663097655134,730.9351810625852,1821.296993101722,1102.8491017760052,1034.1324345878852
34,17,21,277.14219804055523,42.05644881920668,270.926075,98.13672050386384,277.14219804055523,652.4211165849742,679.0910230149445,671.4320433223306
34,18,20,195.1152603834343,294.5945630566904,252.09698285714285,687.4223836856434,195.1152603834343,1077.6529044525118,569.7997835012178,647.679997741389
34,19,6,0.8490876632275136,0.8451455610663302,0.5274153846153846,1.972106919155048,0.8490876632275136,3.670282245610075,37.58832094694551,29.624638394417577
34,20,21,126.22936421460182,17.139657711636627,118.94953333333332,39.99457504387805,126.22936421460182,292.4533034730817,458.3073881720623,444.89551971970525
34,21,21,177.9696492910946,25.444926488873627,178.4093333333333,59.37452422134998,177.9696492910946,415.3138228035392,544.1888426092374,544.8606525219697
34,22,21,249.69584393674845,25.49694793562824,246.57264166666667,59.49591378998213,249.69584393674845,558.887601663479,644.5881509233236,640.5442027942595
34,23,21,499.28680394329007,77.22461152377716,576.7599916666667,180.19995339376678,499.28680394329007,1178.773561280347,911.4895730405448,979.6574024286925
34,24,21,105.89103822693605,16.173582167924266,129.80341666666666,37.740283769156335,105.89103822693605,249.52236022302844,419.7650385747026,464.75034731921755
34,25,21,227.40155205495086,37.89651661204514,238.70744166666668,88.42971680309503,227.40155205495086,543.2328209129968,615.1391571176706,630.2453355109686
34,26,21,174.98599020529787,18.8936822292307,175.8855583333333,44.08750772538021,174.98599020529787,394.0594881359759,539.6079018153974,540.9931321806837
34,27,21,33.86873011658764,8.558258954387902,30.345091666666665,19.970289707933986,33.86873011658764,87.70774994110927,237.39748716867632,224.70921773112318
34,28,21,11.621560696969695,2.5991733343565047,10.419833333333333,6.065047197669022,11.621560696969695,29.308168591608414,139.06213359415128,131.67612793010989
34,29,21,85.6854202572047,17.973526782712522,87.93554166666667,41.940368810650384,85.6854202572047,213.3112093250598,377.59838361411005,382.52417091385655
34,30,21,81.61524201425823,11.041290665994833,75.33523333333333,25.764325959823037,81.61524201425823,188.99480998833948,368.5210478544281,354.0590745435946
34,31,21,30.804703137167593,10.859632307923192,39.85998333333333,25.340434832212523,30.804703137167593,86.94984110654771,226.40456271958584,257.54031192546665
34,32,21,193.27764586443342,75.34050238287192,215.496175,175.80347443866893,193.27764586443342,562.3587661675358,567.110220960985,598.8202027320053
34,33,21,117.27675590718066,22.522940884256904,137.95307499999998,52.55620996402191,117.27675590718066,287.10972177838323,441.75617916396897,479.11785272519325
34,34,21,315.93366877072083,41.68432930732666,320.9818166666667,97.26839734399861,315.93366877072083,729.1357348854402,725.0611179993583,730.830857950958
34,35,21,67.08221708289014,18.0181334531839,70.15809166666666,42.044456351932716,67.08221708289014,176.208890517713,334.102991943995,341.67684225497834
34,36,21,34.586583080801205,12.345359927520693,42.07255,28.807309479097206,34.586583080801205,97.98047564069961,239.90013390253287,264.5916158913581
34,37,21,87.00450620234317,12.531277859452569,81.99788333333333,29.241140119460795,87.00450620234317,203.25015252414713,380.4937559549421,369.383916632366
34,38,21,2054.533938895226,203.90284910780915,1948.7293,475.79758811438444,2054.533938895226,4584.865465904837,1848.984714464037,1800.7458330369668
34,40,21,1606.4568884252453,85.13184223452377,1536.59795,198.65109969848578,1606.4568884252453,3411.5648765489764,1634.9753093975482,1599.0306403568381
34,41,21,10.390331667559952,4.459180092667652,19.804153191489362,10.40528439078927,10.390331667559952,31.185947725909173,131.48958854152582,181.53267174434
34,42,21,170.64941919639935,19.771323830357908,158.62764166666668,46.13544260648817,170.64941919639935,387.4342809992869,532.8795675786496,513.7668690498964
34,44,21,128.9477566272246,23.707142885107586,132.80514166666669,55.31948893883936,128.9477566272246,313.21500219328857,463.2160047188587,470.0933478930896
34,46,21,716.4416684740742,57.59799551538878,714.4301916666667,134.40217959855642,716.4416684740742,1567.2855165467047,1091.860309902718,1090.3264827258547
34,48,18,66.18182585590829,46.87088410057253,35.754285714285714,109.37097595948778,66.18182585590829,241.73462767130434,331.85321789042723,243.9162385503914
34,49,21,173.44482826066104,51.10457805680956,161.24296666666666,119.250099189036,173.44482826066104,466.1397557103581,537.2263901054564,517.9848419918611
34,52,21,52.464490152607716,10.710319725040758,51.36685,24.992021030632785,52.464490152607716,129.92100133584822,295.46727672271805,292.36011766313135
34,54,14,2.5194540608843536,2.9859610511797663,0.9533529411764706,6.967597915238811,2.5194540608843536,12.006506037007519,64.74852552229714,39.82937727504219
34,55,21,403.23880751291824,67.15317637919404,458.67080000000004,156.6987391066165,403.23880751291824,963.176354132453,819.1394116397379,873.6293328408794
34,56,21,268.3247227752835,59.00050875884905,160.9813,137.6748774615669,268.3247227752835,674.3243230121338,668.2008221321429,517.5643758992692
34,59,21,15.577465236336149,10.850395124440606,17.372891666666668,25.318880304449838,15.577465236336149,56.47381077712214,160.9996961278603,170.02497385188252
34,60,21,3.436042994743352,1.12200700329093,3.712,2.6181499098671845,3.436042994743352,9.49023589935389,75.61465164406259,78.59241693700481
34,65,21,1775.5559281732428,114.88664712438829,1637.0312333333334,268.0825199231551,1775.5559281732428,3819.1943762696405,1718.8731961608676,1650.4605333865657
34,67,21,279.6611870624339,111.2062863737236,264.96524166666666,259.49457337792927,279.6611870624339,818.8169475027971,682.170224556811,664.0046401444295
34,71,21,97.01222219236583,26.757254017805977,99.60464166666667,62.436778014341286,97.01222219236583,256.46122239907294,401.78145518191445,407.114386546746
34,72,21,1440.1326885263932,270.96652247633597,1522.3189583333333,632.2874762079289,1440.1326885263932,3512.552853260715,1548.0248039705043,1591.583722795212
34,74,21,313.27249737265856,35.191031096410036,298.952,82.11659519322006,313.27249737265856,708.6615899385372,722.0009942016035,705.3056982613992
34,79,21,604.0105551736206,36.96265812148204,595.604175,86.2506024876539,604.0105551736206,1294.271712834895,1002.5335724098743,995.5326951938847
34,80,21,501.1213814194049,31.63501502682087,489.774975,73.81880103973111,501.1213814194049,1076.061563878541,913.1626244442388,902.7655057654783
34,81,21,651.6091151631141,31.397991795856594,621.7269166666666,73.26571861781629,651.6091151631141,1376.4839489440444,1041.2864964222968,1017.1300749330605
34,82,21,679.4042631836597,114.28440858871109,685.3138749999999,266.6772249800067,679.4042631836597,1625.4857513473262,1063.2632289031772,1067.8774686264337
34,83,21,129.17256843159487,22.93255193623505,109.87359166666666,53.51201784728083,129.17256843159487,311.8571547104706,463.6196219641419,427.5858469750061
34,85,21,68.44357442060057,16.72904177416964,71.35653333333333,39.03642230818567,68.44357442060057,175.92357114938682,337.476084835473,344.58274981006616
34,87,21,277.94198318227166,59.52242549623056,241.00526666666667,138.89274531348374,277.94198318227166,694.776711678027,680.0701875654453,633.2714771196736
34,90,21,1852.0527247907785,71.28752164541316,1838.512525,166.34603689919965,1852.0527247907785,3870.4514864807566,1755.5101065080357,1749.0811420857522
34,91,21,1410.8410772491238,63.57247358077245,1360.6743,148.34333964703058,1410.8410772491238,2970.025494145278,1532.200885178749,1504.713273417896
34,92,21,2831.733537577134,95.6206330112666,2728.3628916666667,223.12619347793563,2831.733537577134,5886.593268632204,2170.7152292570186,2130.726601827023
34,93,21,1218.961018905346,69.74032585312973,1187.5144583333333,162.73572919859484,1218.961018905346,2600.657767009287,1424.201929312868,1405.711228761678
34,94,21,1541.5471152829175,160.28405321205486,1511.3943499999998,374.0152051096211,1541.5471152829175,3457.109435675456,1601.6036962466012,1585.8626038847121
34,95,21,2795.221566437037,104.39092647824035,2823.400908333333,243.5912556234632,2795.221566437037,5834.034388497537,2156.675378111233,2167.519114440901
34,96,21,739.0392190181404,73.85003442834793,779.70655,172.3255384459779,739.0392190181404,1650.4039764822587,1108.9460133145283,1139.0485938712184
34,97,21,703.9649380239471,26.094675438788773,702.5221083333334,60.89068245357764,703.9649380239471,1468.8205585014719,1082.3112569274367,1081.2015484019005
34,98,21,318.286151975452,36.57027322161414,326.17915,85.33499100999894,318.286151975452,721.907294960903,727.7555612203538,736.7239005217626
35,1,21,648.4582372948945,238.0691513232777,662.8167416666666,555.5230272636528,648.4582372948945,1852.439501853442,1038.7658575726796,1050.2033413264944
35,2,21,1635.7613653873773,126.01027882276233,1676.8473416666666,294.0389847607834,1635.7613653873773,3565.561715535538,1649.8202665759065,1670.4113195657328
35,3,21,301.8022311852402,35.20534925091741,516.3387333333334,82.15000592490266,301.8022311852402,685.754468295383,708.6599415038497,926.9237575262955
35,4,21,677.682148664021,67.3875117228924,719.699025,157.2455494715991,677.682148664021,1512.6098467996412,1061.91482491626,1094.3396079828235
35,5,21,799.931607689418,192.26978407417585,989.9320250000001,448.65238484920593,799.931607689418,2048.515600228042,1153.727088697839,1283.4511636988764
35,6,21,184.552094201443,58.41385616958262,269.4482083333333,136.30595158213282,184.552094201443,505.4101399850188,554.1612443605211,669.5982516902703
35,7,21,795.2272601390985,301.3453612175829,1243.5512166666667,703.1750497070063,795.2272601390985,2293.6295699852035,1150.32958793185,1438.4954725453026
35,8,21,659.374181707861,50.314354673031545,646.8471083333334,117.40615055507467,659.374181707861,1436.1545139707966,1047.4725000504218,1037.4746205409879
35,9,21,492.67132661857346,70.62972360119183,586.0971000000001,164.81109648872314,492.67132661857346,1150.15374972587,905.4308849897413,987.5553525752367
35,10,21,522.6117670122037,56.9228832042217,569.2295333333333,132.82683717070347,522.6117670122037,1178.050371195111,932.5373881557281,973.2409483096499
35,11,21,525.2769306765272,255.5051675975174,643.3503666666667,596.2091409001526,525.2769306765272,1646.763002253207,934.912195152968,1034.6666178694147
35,12,21,66.22886005645572,11.31454235306574,78.12991666666666,26.401945758788095,66.22886005645572,158.85966587169952,331.9711179213371,360.566472835916
35,13,21,1139.2880933030578,87.24186651825657,1200.2545166666666,203.57474088082176,1139.2880933030578,2482.1509274869377,1376.8715943239908,1413.231586023088
35,14,21,996.7997607329829,150.82147593352775,1089.0571083333334,351.9347316578318,996.7997607329829,2345.5342531237975,1287.895493376572,1346.1764476719488
35,16,21,211.0257063110355,83.90213755774181,274.76238333333333,195.781642396315,211.0257063110355,617.833055018386,592.5763877354236,676.1690660379744
35,17,21,597.3986194768089,74.54944241789184,632.8413666666667,173.95757368231233,597.3986194768089,1368.7548126359302,997.0312446505426,1026.1812871677855
35,18,21,147.98419500707072,230.38682911073775,388.86429714285714,537.5966942288876,147.98419500707072,833.5650842430291,496.23149889115837,804.4067319743876
35,20,21,404.42000171719235,60.66571965397135,449.1388083333334,141.56056778452103,404.42000171719235,950.4005712189057,820.338273432008,864.5038907180618
35,21,21,141.63969780751736,24.916944434743,149.03945000000002,58.1425032416421,141.63969780751736,341.4218988566768,485.4775557651547,497.9976353357514
35,22,21,775.650895748375,99.23572306900147,822.2002083333333,231.56183396953614,775.650895748375,1782.863625466286,1136.0823431975766,1169.675658747615
35,23,21,1253.7736342321925,134.52634342282684,1530.0589833333333,313.91081595228684,1253.7736342321925,2821.458084416672,1444.3958347220364,1595.624689037703
35,24,21,301.80353897627293,33.306548679288944,405.1106833333333,77.7192452158487,301.80353897627293,681.3263231683945,708.6614769101803,821.0384747785372
35,25,21,505.9003638216587,89.6024116925595,573.7304833333334,209.08296063097615,505.9003638216587,1220.8836882742935,917.5065151808133,977.0811247110788
35,26,21,423.5556087903113,49.93123237817748,498.91159166666665,116.51215292511498,423.5556087903113,963.6233705057375,839.5216096248375,911.1470180675198
35,27,21,64.98982035207862,9.274192699743296,65.22999166666666,21.640887008463555,64.98982035207862,151.6205277126208,328.85112295058207,329.45820088948057
35,28,21,31.990189182903876,7.8268114544858705,26.786716666666667,18.263491799967163,31.990189182903876,82.24387016577492,230.71990551391974,211.12341540751308
35,29,21,299.6479619672301,36.84773086408637,309.0074333333333,85.98242520559664,299.6479619672301,685.2783491400569,706.1261988578748,717.0692916773571
35,30,21,209.2654726187865,25.74528120900155,214.34468333333334,60.075387657250666,209.2654726187865,478.60633289482365,590.099776679894,597.2181787811442
35,31,21,124.3439101420257,22.21637262078573,178.81755833333332,51.84084752063165,124.3439101420257,300.52866780468304,454.87170331460584,545.4836542616714
35,32,21,266.9450681452003,99.55758911005593,312.199375,232.31289304840493,266.9450681452003,766.2030293388055,666.480752455473,720.763317601555
35,33,21,294.77773474860163,33.94541546490642,395.05312499999997,79.21001043591909,294.77773474860163,668.7654799331224,700.3642985059083,810.7825849141062
35,34,21,841.7969697867725,140.6775106107749,916.5292,328.2642716539607,841.7969697867725,2011.8582112275058,1183.5329136636587,1234.9512495641275
35,35,21,106.79287478362536,18.387195166287185,126.84047500000001,42.905644283971185,106.79287478362536,256.4913938512219,421.54874408536983,459.4154442332125
35,36,21,120.89066244406652,34.389907133494006,140.410525,80.24721057694848,120.89066244406652,322.0285354650815,448.5109388932746,483.3664382225973
35,38,21,1458.6389737367347,198.888733057415,1373.744675,464.0973870934474,1458.6389737367347,3381.3753345669165,1557.9394251054584,1511.9229938062322
35,40,21,1336.8787828328798,92.01585936340555,1284.636925,214.71462583748675,1336.8787828328798,2888.4721915032464,1491.498003563502,1462.065608377408
35,41,21,81.27330523859527,70.10561807568783,83.57991666666668,163.58812120395712,81.27330523859527,326.1347316811476,367.748256171287,372.9302633647923
35,42,21,293.7664306446918,41.66642046249484,305.50014166666665,97.22660790744008,293.7664306446918,684.7594691968237,699.1618843964302,712.9882437553464
35,44,21,60.844963131086374,10.618597026572207,63.729375000000005,24.777990481782506,60.844963131086374,146.46791674395524,318.1917953846826,325.64655686802524
35,46,21,559.5732245856043,76.64069628903631,605.5806083333333,178.83741500075962,559.5732245856043,1297.9838641719682,964.9506959997726,1003.8357097985041
35,52,21,55.778515926138944,12.5683638808283,56.780566666666665,29.327678584227424,55.778515926138944,140.88471043650532,304.6562825564167,307.3806482739818
35,54,19,3.1773634748538004,2.646125742249123,3.362859574468085,6.174608405514917,3.1773634748538004,12.529335355222518,72.71267305055373,74.80506889185314
35,55,21,378.22127851555905,115.0864497889593,493.9704916666667,268.54874992591215,378.22127851555905,1024.9913069570302,793.3222595199824,906.623901148284
35,56,21,51.75793955086923,23.351679739653655,34.004038095238094,54.49003261681852,51.75793955086923,158.00591171855697,293.4709720102593,237.87122438512017
35,58,20,72.86422255611834,45.99923907026664,59.98478260869565,107.33703379082219,72.86422255611834,253.06547890305887,348.20405846770495,315.93461073593943
35,59,17,20.938709818326114,49.345028504900746,31.691175,115.14427410307404,20.938709818326114,157.02169373972626,186.66015412426577,229.63909771639496
35,60,21,3.3981102467876036,1.7001616114230906,3.4920000000000004,3.9672461550160407,3.3981102467876036,10.763466648591248,75.19611326827054,76.22786891944442
35,67,21,200.0198760257816,64.79667091487886,203.6595583333333,151.19994582733912,200.0198760257816,551.2396978789023,576.9168689741189,582.1421691190792
35,71,21,473.00330232562357,81.57967924462719,470.949725,190.3622965229678,473.00330232562357,1136.368901174215,887.173880966881,885.2459219900422
35,72,21,3110.895204596296,786.2990239408728,3655.4209166666665,1834.7913271675502,3110.895204596296,8056.581736360142,2275.198808994114,2466.2969012941917
35,74,21,763.3135157447467,65.58905768039247,829.9498916666666,153.0489426095557,763.3135157447467,1679.6759740990492,1127.0109538949737,1175.1751442799211
35,79,21,882.5229563696737,72.70104335672467,903.775375,169.64442249769482,882.5229563696737,1934.6903352370423,1211.8243269546692,1226.3287585309251
35,80,21,5.651576630055659,3.7036325474601077,3.32905641025641,8.642250174796425,5.651576630055659,19.945403434907742,96.97537580444128,74.42815237977271
35,81,21,258.6483111469388,26.1190190654879,260.77735,60.94748714718582,258.6483111469388,578.2441094410634,656.0417591499082,658.7362980738196
35,82,21,384.26501639192816,73.9199094949032,434.62968333333333,172.4885885861883,384.26501639192816,941.0186213700447,799.6355340254512,850.4256540501742
35,83,21,72.15890868987837,29.070285204837322,61.357825,67.83412613791253,72.15890868987837,212.15194351766928,346.5146808721928,319.52999984352016
35,85,21,60.801198465141205,16.637478940693704,74.65700833333334,38.822764796682556,60.801198465141205,160.42516172696497,318.07734003854307,352.4617168809496
35,87,21,427.38782368427815,73.74522669369334,407.5152166666667,172.0809745883242,427.38782368427815,1026.8566219568804,843.3109382728525,823.4715055989087
35,90,21,486.77853786578027,33.23168906741378,441.917225,77.54456387650878,486.77853786578027,1051.1016396080693,899.9997150047651,857.525662822985
35,91,21,285.05372741361924,25.366158169479203,275.6414833333333,59.19072209915464,285.05372741361924,629.2981769263931,688.7157631536122,677.2499008982331
35,92,21,1215.1682336817084,98.09141169031008,1175.4921583333332,228.89163786185281,1215.1682336817084,2659.2281052252697,1421.98450794879,1398.5774742454087
35,93,21,48.07450500766165,7.916193338893837,50.101375,18.472060170681512,48.07450500766165,114.62107018600481,282.83559947918326,288.7363641801981
35,94,19,26.699733268337514,64.22477676035915,4.483466666666667,149.86545805255906,26.699733268337514,203.26492458923408,210.78035050382096,86.37411958065525
35,95,21,1472.72738009161,109.78943180543504,1551.0818333333334,256.18841071639577,1472.72738009161,3201.643170899616,1565.4450997950835,1606.5491497824355
35,97,21,120.53170822025913,10.476304665466309,125.05599166666667,24.445958033400725,120.53170822025913,265.50937447391897,447.8445740192809,456.1723031194828
35,98,17,8.313547348535778,8.149483347959947,2.837274074074074,19.01643129708078,8.313547348535778,35.643525994152334,117.61693240330465,68.71116400745412
36,1,21,107.49437048396207,41.73039950071041,96.78799166666666,97.37589994630098,107.49437048396207,312.3646409142251,422.9310020385274,401.31685503269523
36,2,21,526.6369006223254,23.522913813150698,508.7676333333333,54.889599172800374,526.6369006223254,1108.1634004174512,936.1216815326677,920.1028974341222
36,3,21,15.634055141194256,3.4392913950253097,15.738349999999999,8.025422684066495,15.634055141194256,39.293532966455004,161.29187132322335,161.8289665047639
36,4,21,365.4877278184017,25.552414025432686,372.79518333333334,59.625341269130004,365.4877278184017,790.6007969059334,779.8535625935298,787.6110620519919
36,5,21,7.30886581164021,3.2441710671429207,5.2128,7.57011869098966,7.30886581164021,22.18785031427008,110.28124369342824,93.13484417767606
36,7,21,17.1420812133031,3.8850231339646855,16.78535,9.065516470207038,17.1420812133031,43.34967889681324,168.89174976574893,167.12516985780448
36,8,21,140.74392340845185,12.127727423308825,132.41065,28.29947439463229,140.74392340845185,309.787321211536,483.9399637885508,469.3946331180194
36,9,14,5.744139965635951,2.809887948621002,0.36119999999999997,6.556739715386083,5.744139965635951,18.045019646657984,97.7662973770523,24.5160518844287
36,10,21,8.19274476098399,1.714260148901667,7.433141666666667,4.000144420820557,8.19274476098399,20.385633942788537,116.75927064810467,111.21487190719294
36,11,21,10.491243165230536,2.747780160273534,10.94459574468085,6.411814148979606,10.491243165230536,27.394300479440677,132.1265629120186,134.95112937337328
36,12,21,2.0294781789871505,0.7400736165457804,1.543235294117647,1.7269265403613545,2.0294781789871505,5.785882898335656,58.11240564487602,50.67488065513095
36,13,21,461.0492949530612,20.712876766561422,471.94962499999997,48.332511544405676,461.0492949530612,970.431101450528,875.8915610975447,886.1851815506734
36,14,21,63.970346929547176,11.23122180315421,64.3584,26.2075212234678,63.970346929547176,154.14821508256216,326.26163931845633,327.2497174941485
36,16,21,22.881954349804165,8.376991830352203,22.136750000000003,19.547311506314962,22.881954349804165,65.31122020592329,195.12962880627364,191.9259023685964
36,17,21,14.589244001511716,3.5836618534565803,19.307975,8.362304273593708,14.589244001511716,37.54079227661714,155.80918464107145,179.24416420067908
36,18,21,17.489552574603177,28.585892486842628,13.798080000000002,66.7038187982628,17.489552574603177,101.68292394746916,170.59488703985147,151.52559229384323
36,20,21,1.8830007203119634,0.8898750179830568,2.5948086956521736,2.0764809767602572,1.8830007203119634,5.8424824173841845,55.97600556130374,65.70967713788599
36,21,21,8.329680441723355,1.3635507240532811,9.401316666666666,3.181780679450677,8.329680441723355,19.841141562897384,117.73099954993869,125.0751411485645
36,25,12,0.5738707050264552,0.4074898642388011,0.40257297297297295,0.9508581926845384,0.5738707050264552,2.098599602737449,30.90179368845798,25.882067672947368
36,26,21,7.847892146395931,2.0690129211818875,6.989933333333334,4.827943120869992,7.847892146395931,20.523727413661852,114.27551151319705,107.84826872354822
36,38,21,766.1055007301588,150.183652464874,736.1893916666667,350.4464009682113,766.1055007301588,1882.657402428529,1129.0702162465293,1106.805831089326
36,40,21,442.35684949448216,34.625481979231616,413.98835833333334,80.796913260912,442.35684949448216,965.5106122498763,857.9520951421579,829.9859205231536
36,42,21,4.181624058578987,1.416498256652765,3.7792114285714287,3.305331225299706,4.181624058578987,11.66857934245768,83.41596030422136,79.30074285366346
36,46,21,91.96623153265307,8.40607368727634,88.893525,19.615172634508788,91.96623153265307,203.54763569981492,391.19280319343136,384.602165360519
36,55,21,2.103880473503745,1.6419089703529266,4.2479249999999995,3.8313163911910024,2.103880473503745,8.039077338198492,59.16804127153637,84.0746525416549
36,59,4,4.921064247619048,3.4920482430217326,1.2942736842105262,8.14852827647508,4.921064247619048,17.990656771713176,90.49116480650527,46.40766542852933
36,60,21,7.758155288208616,5.070588262236251,7.171333333333333,11.831976237946146,7.758155288208616,27.348286814363377,113.62029043960034,109.23872329291783
36,67,21,24.951025241043084,9.234116483143742,25.272991666666666,21.547371065541466,24.951025241043084,71.44942154762764,203.76090400539476,205.07134888456096
36,74,21,23.04236343140246,3.6689251577367963,22.333550000000002,8.56126213371532,23.04236343140246,54.645988996520245,195.81239171680042,192.77714387343747
36,79,21,727.0619488958429,89.60866201261845,692.8606333333333,209.09754545518044,727.0619488958429,1663.221443246866,1099.92321684865,1073.7411670727106
36,80,21,812.6989675421769,115.5625678612161,837.7755166666667,269.6597487737884,812.6989675421769,1895.0576838581421,1162.89770916886,1180.7025280456267
36,81,21,453.00268947262424,36.8905845622096,469.99985,86.08242226938476,453.00268947262424,992.0878012146333,868.2145329827454,884.3527296277205
36,82,21,213.18871484227995,31.717355279072816,218.07991666666666,74.01093809714659,213.18871484227995,500.3883677817065,595.6055922315991,602.3993536959791
36,83,21,104.17885187015736,23.046781009714206,127.586875,53.778565950417864,104.17885187015736,262.1362696907326,416.3575500839895,460.7651896573785
36,87,21,13.862418959718587,5.942302077051259,14.752512,13.866078911988112,13.862418959718587,41.59091683142529,151.87845518364915,156.67858809677855
36,90,21,1227.5261537074075,68.01437747245717,1399.4160666666667,158.70831084555485,1227.5261537074075,2613.76061826037,1429.1968093195303,1525.984382270452
36,91,21,407.91229116198036,42.29166735619868,444.27200833333336,98.68559175833767,407.91229116198036,914.5101740822984,823.8725948188442,859.8073167091954
36,92,21,1526.5664872649281,98.79864660311587,1702.4947750000001,230.5419368508844,1526.5664872649281,3283.6749113807405,1593.8025708376933,1683.1373400884434
36,93,21,879.4615119959185,203.8135514021649,932.1865083333333,475.5892161708065,879.4615119959185,2234.5122401626436,1209.7206107036486,1245.4550774181566
36,94,21,1494.5904038408164,96.45798519511281,1768.3442166666666,225.0801149224844,1494.5904038408164,3214.2609226041172,1577.0220137940746,1715.3789017395932
36,95,21,1418.3095737887377,89.07372266301489,1569.4731250000002,207.84928995780737,1418.3095737887377,3044.4684375352826,1536.2509986276525,1616.0455686644484
36,96,21,574.9587441770219,72.72006915395595,634.782725,169.68881828948588,574.9587441770219,1319.6063066435297,978.1264490394708,1027.754082648179
36,97,21,239.44449217007488,26.054598244016695,249.2879833333333,60.79716422813656,239.44449217007488,539.6861485682863,631.2175813227992,644.0614910601834
36,98,21,341.4597887170068,47.93946966679038,357.274875,111.86446948998511,341.4597887170068,794.7840469239987,753.7831839628019,771.0417576240602
37,1,21,443.9180845748299,100.27032172282803,459.11445000000003,233.976020658496,443.9180845748299,1121.8121898081558,859.4647710828624,874.0517403449295
37,2,21,689.3407797173847,37.37895158590312,667.3577,87.22200346211797,689.3407797173847,1465.9035628968875,1071.0102975460732,1053.7946729795137
37,3,21,49.216088287377175,5.406812013343866,53.46686666666667,12.616538349479914,49.216088287377175,111.04871492423426,286.1740220743239,298.2764927602129
37,4,21,733.120467256765,44.17539784593744,711.0638916666667,103.08118714897068,733.120467256765,1569.3221216625006,1104.4964723869682,1087.7547130365988
37,5,21,46.70103451454683,14.405446811254016,46.859375,33.61442411665748,46.70103451454683,127.01649314575116,278.76606937036996,279.23824952896405
37,6,20,1.9651249813492064,1.1934086327518632,1.7126260869565217,2.784762211919848,1.9651249813492064,6.715012174618261,57.18363375097003,53.38360992566587
37,7,21,32.484367448560434,13.750478727205202,34.10046666666667,32.086087283474946,32.484367448560434,97.0548221805958,232.4951342166209,238.208262940926
37,8,21,674.5992092922146,30.876084335292116,636.4331000000001,72.04787241291021,674.5992092922146,1421.2462909973394,1059.4966183345018,1029.0892470529463
37,9,21,4.6308878802446225,2.8895390531872214,6.3594723404255316,6.742601774739733,4.6308878802446225,16.00437753522898,87.78267159711564,102.86963582354166
37,10,21,15.854435972713532,3.946071695906772,14.727808333333334,9.207970382239129,15.854435972713532,40.91684232766619,162.42469473142106,156.547350877192
37,11,21,70.72481379440666,13.1387613341644,71.56811666666667,30.658673878071546,70.72481379440666,172.10830146688485,343.0540630190709,345.09324266541836
37,12,21,9.11099929622071,1.881094563608366,6.976483333333333,4.389444582536063,9.11099929622071,22.61144317497748,123.12880584538803,107.744458171484
37,13,21,683.2780163712018,32.654311061100906,661.2381333333334,76.19727979472181,683.2780163712018,1442.7533125371256,1066.2901196399034,1048.9519788182236
37,14,21,59.04404389289495,10.396879735951764,55.5896,24.26062374275923,59.04404389289495,142.34871152854913,313.44742627397216,304.1399256921064
37,16,21,83.35076459750567,12.44673366427363,89.98616666666668,29.043860266181536,83.35076459750567,195.74538946119287,372.4186787612155,386.95863000239876
37,17,21,12.545288259259259,3.5853970468032315,12.207508333333331,8.366353264634595,12.545288259259259,33.456929783153114,144.4830774291834,142.52471317868583
37,18,16,23.555277046230156,22.300136819444504,31.867644444444448,52.03630728917616,23.555277046230156,99.14686138163647,197.97974897682585,230.27757241111337
37,21,21,73.5518801494812,7.0068344848763875,77.43066666666667,16.350114590395883,73.5518801494812,163.4538748893583,349.843291444522,358.94934090109894
37,25,21,2.779264118243661,1.3897112642822955,2.1608666666666667,3.2428250542556265,2.779264118243661,8.801353290742949,68.00511372505343,59.96400698196655
37,28,21,5.519717951473923,1.5352562781736774,5.398208333333334,3.582447413014232,5.519717951473923,14.621883315962076,95.8374179078955,94.77667786257686
37,31,21,7.3933105652305375,5.142516589491605,2.7005617021276596,11.999817564219645,7.3933105652305375,26.78643869468072,110.91649462791193,67.035324063813
37,38,21,2847.847020822147,298.23471185914434,2664.2121166666666,695.9164975646962,2847.847020822147,6391.61053920899,2176.882505476134,2105.528190771459
37,40,21,1150.6708590841272,49.39085323078775,1087.9775916666665,115.2512039186624,1150.6708590841272,2416.5929220869166,1383.732744974978,1345.5090904684862
37,42,21,5.212622020899735,1.5192704393768355,4.636299999999999,3.5451452194607658,5.212622020899735,13.970389261260236,93.13325422628138,87.83395243298573
37,46,21,355.7138892904007,20.651683165035255,345.92395000000005,48.18971918941122,355.7138892904007,759.6174977702126,769.3555171565528,758.6945714844677
37,52,21,1.551104997505669,0.8773163606796088,1.2094500000000001,2.0471759480120997,1.551104997505669,5.149385943023438,50.8039242170271,44.861172521457796
37,56,21,23.860022412169315,9.570517088552918,8.562518518518518,22.33234585816576,23.860022412169315,70.05239068250438,199.25631054962787,119.36511556905901
37,59,21,5.831010719858448,2.383996924225906,5.004291666666666,5.562943291778433,5.831010719858448,17.22496473149533,98.50280116750213,91.25317163437846
37,60,21,29.276591564735792,9.828254466895542,31.122666666666664,22.93376375653709,29.276591564735792,81.48694688600867,220.71757601903923,227.57002731760025
37,67,21,99.08070642443747,39.17280651026293,94.55672499999999,91.40787850100101,99.08070642443747,289.5692913498759,406.04223362879867,396.664077526564
37,72,21,11.215186337188209,4.747581699753949,8.444183333333333,11.078255806639472,11.215186337188209,33.50862848101589,136.6091873377526,118.53742475128547
37,74,21,27.908074855857897,5.91021576327886,26.946566666666666,13.791207026817357,27.908074855857897,69.60735673853316,215.49718457591862,211.75241895509325
37,79,21,309.05865291990654,32.44606229787268,296.51389166666667,75.71134122296893,309.05865291990654,693.828647062782,717.128718194108,702.4237437141012
37,80,21,435.52049696386996,20.966440646483424,426.3095166666667,48.92419078296318,435.52049696386996,919.965184710703,851.2967208605232,842.2464222146232
37,81,21,442.7495900949356,17.27633811094851,424.58801666666665,40.31351224666683,442.7495900949356,925.8126924365381,858.3328712789537,840.5441450235278
37,82,21,248.71934687556518,32.02525210701399,243.98490833333335,74.7294006824586,248.71934687556518,572.168094433589,643.3265059057807,637.1741421830195
37,83,21,101.48420058715729,13.772953258143733,90.38938333333334,32.138530531136,101.48420058715729,235.10693170545056,410.9375983978951,387.8246174067173
37,85,21,5.846602776753934,2.0562246389923655,5.3659,4.798102273385395,5.846602776753934,16.491307826893262,98.63441093512216,94.49263251703806
37,87,21,44.097242016141,12.264903780974263,44.09184166666666,28.619568892620514,44.097242016141,116.81405292490251,270.88338951448947,270.8668021986698
37,90,21,1869.3043045195013,63.544601937665945,1826.1145999999999,148.27830249514727,1869.3043045195013,3886.88691153415,1763.6673049984372,1743.1737418857592
37,91,21,1262.3987012725624,58.079843493950506,1247.2412666666667,135.5265489099251,1262.3987012725624,2660.32395145505,1449.3555253689633,1440.6281504029182
37,92,21,2509.6373272250808,98.29201139424826,2410.3293166666667,229.35972771801653,2509.6373272250808,5248.6343821681785,2043.5352975915378,2002.6951797348825
37,93,21,893.086844461678,51.50775493641998,871.2978166666667,120.19089323748354,893.086844461678,1906.3645821608395,1219.0555808429049,1204.0928398314363
37,94,21,1359.0106170733181,121.37026768972223,1349.1946916666668,283.21173974883607,1359.0106170733181,3001.2329738954722,1503.79309308495,1498.3524174683785
37,95,21,2102.3939724771735,85.15213069556434,2052.098525,198.69844185614517,2102.3939724771735,4403.486386810492,1870.3966344607277,1847.8885100568161
37,96,21,808.9653980491927,56.24231135934344,814.377575,131.2387551809299,808.9653980491927,1749.1695512793153,1160.2234363922566,1164.0980563509243
37,97,21,579.7248677485879,33.28831120069248,574.2210583333333,77.67668892805061,579.7248677485879,1237.1264244252266,982.1721742819078,977.49876780826
37,98,21,219.16977528157082,25.61711869824755,219.18662500000002,59.77632654177209,219.16977528157082,498.11587710491375,603.9027289792073,603.9259424797051
38,1,21,315.26452198018967,55.12464015798822,274.9623583333333,128.63072265839978,315.26452198018967,759.1597666187791,724.2928721001164,676.4150828202064
38,2,21,458.6474582279805,38.98416137304338,435.87125833333334,90.96768405697382,458.6474582279805,1008.2626005129348,873.6071030453907,851.6394623704721
38,3,21,20.39958316724387,4.115918925695323,22.417241666666666,9.6043008044716,20.39958316724387,50.403467138959336,184.24143505274213,193.13800799773546
38,4,21,454.9263293164983,25.797252116340957,426.08261666666664,60.19665929456423,454.9263293164983,970.0493179275609,870.0559820969299,842.0222527542448
38,5,21,17.863783957335258,6.363199509533614,16.979666666666667,14.848223026672635,17.863783957335258,50.57579094134315,172.4103723823073,168.0897538023461
38,6,20,1.8524247094444444,1.2283632644216194,1.7304355555555557,2.8663271803088053,1.8524247094444444,6.571176599197694,55.51967864204147,53.660458108782905
38,7,21,15.600007135731465,5.972398949971531,17.69760833333333,13.936308531671743,15.600007135731465,45.136322803134675,161.11614405098317,171.60658573221093
38,8,21,404.32033261171574,25.279059439455033,375.7948083333333,58.98748136046631,404.32033261171574,867.6281465838978,820.2371812261957,790.7733942582203
38,9,21,2.655271364605236,1.8311382043690037,2.9414083333333334,4.272873797276966,2.655271364605236,9.583416526487438,66.47083233045238,69.96072803127957
38,10,21,15.537626612217412,2.9194409941111283,14.678016666666666,6.812376529892916,15.537626612217412,37.88762975432774,160.79368981004748,156.28249976671518
38,11,21,32.33305292749948,7.451060076444511,30.641433333333335,17.386693853371487,32.33305292749948,82.05279970837044,231.95301263695444,225.803775581071
38,12,21,3.1316818473854187,0.613508219903,2.4168,1.4315922146034263,3.1316818473854187,7.694955909374263,72.18807792183787,63.415733063649114
38,13,21,416.68343959550606,23.095585595409485,396.1181833333333,53.892449126961694,416.68343959550606,887.2593283179738,832.6831591229176,811.8747791788255
38,14,21,42.3232591448636,8.499413430480814,39.545741666666665,19.832976480243303,42.3232591448636,104.4794947699705,265.37879195039875,256.5231259230507
38,16,21,31.3864091808768,6.612915956046882,35.20733333333333,15.430924462593657,31.3864091808768,78.20374282434726,228.53224034472467,242.04339004952533
38,17,21,18.67444006729884,3.854623311967264,16.776125,8.994579933278944,18.67444006729884,46.34346006787662,176.27895016701586,167.07923868631914
38,18,19,17.965184233166248,18.46514553316252,22.783199999999997,43.08753775291583,17.965184233166248,79.01790621924832,172.89900683343626,194.70810152636176
38,21,21,42.83361885827664,4.841272017928156,40.945375,11.296877702370743,42.83361885827664,96.96411541892402,266.9740470161329,261.0231867095335
38,23,21,1.4352877291761148,0.8849026065410107,1.0720727272727273,2.06487809145684,1.4352877291761148,4.93545354980907,48.8704284956563,42.23658388390115
38,25,21,2.3058708454270596,1.2715148668917635,1.6213166666666667,2.9670193897036317,2.3058708454270596,7.578761080557751,61.94327313591546,51.94103323320911
38,28,21,3.3578263765615333,0.9240127528575552,3.2781249999999997,2.156139755379808,3.3578263765615333,8.871792508502875,74.74906748982485,73.85661784836887
38,31,15,1.3788685426455025,0.980703739076442,1.1001290322580646,2.2884254719786505,1.3788685426455025,5.046162557269655,47.90028449771584,42.78568346628834
38,32,21,2.131981949852264,0.9407726016259982,1.183177142857143,2.1952480643420373,2.131981949852264,6.459211964046565,59.56188348729553,44.371238045768855
38,38,21,2509.239165641041,652.1733126115768,2141.9996666666666,1521.8153671265825,2509.239165641041,6540.293698408665,2043.373184620639,1887.932055274589
38,40,21,717.039341032653,52.88021837604558,648.5849,123.39347131428013,717.039341032653,1557.4721533795862,1092.31564278753,1038.8673031720652
38,42,21,4.39595247285783,1.2439358733758745,3.967083333333333,2.902665121703462,4.39595247285783,11.694570067419122,85.526983548091,81.2479333070489
38,46,21,214.75928133537417,16.370465214130554,195.633725,38.199700981497664,214.75928133537417,467.718263652246,597.7954868866631,570.5563236000456
38,52,21,1.2654998742252457,0.7516628534288441,0.9699583333333334,1.7539694727243667,1.2654998742252457,4.284969221174858,45.88890705509131,40.17475160678242
38,59,19,3.8681427159413686,4.424345310183922,2.4017250000000003,10.323999084768435,3.8681427159413686,18.060284516651173,80.22835832376502,63.21764310696817
38,60,21,16.967747967772965,5.53621350819131,16.038,12.918490575337518,16.967747967772965,46.853986510883445,168.03074902640353,163.3622722662733
38,67,21,37.07513486848073,16.75215389998075,30.83425,39.09035335311829,37.07513486848073,113.24062309007975,248.38080525908586,226.51311661800074
38,72,21,8.9213392707483,3.6835463147654663,6.033550000000001,8.595379907351747,8.9213392707483,26.438058448848345,121.84050453984985,100.1989381181258
38,74,21,15.397955735071807,3.924171157969971,14.995975,9.156866519912871,15.397955735071807,39.95277799005649,160.0693547908515,157.9661432079672
38,79,21,359.46779124346665,29.450385130391606,347.9194166666667,68.72107121304272,359.46779124346665,787.656653699976,773.4044250126376,760.8796943888918
38,80,21,462.14987439620694,29.466694173249962,452.9311416666667,68.75912758788208,462.14987439620694,993.0588763802959,876.9363665599052,868.1459668358389
38,81,21,430.5560686519333,21.070496817602134,409.7811583333333,49.16700090289692,430.5560686519333,910.2791382067635,846.4309175808838,825.7577413906978
38,82,21,242.37100204142104,24.65364860939132,233.556275,57.528114971879965,242.37100204142104,542.270119054722,635.0632625155738,623.408085927669
38,83,21,99.98484982148697,16.943944102083137,93.08829166666668,39.53788665627502,99.98484982148697,239.50758629924897,407.89065949461786,393.57199764888423
38,85,21,3.4754868430839005,1.9099843040425264,3.3630833333333334,4.456857416049519,3.4754868430839005,11.407831102217319,76.04742011989369,74.80755755046857
38,87,21,29.775446965258023,7.580529428258668,28.149441666666664,17.688804420229424,29.775446965258023,77.23969835074547,222.59008008037858,216.4270568420994
38,90,21,1480.0470995961452,101.59728743337398,1428.362475,237.07243195118193,1480.0470995961452,3197.1666311434724,1569.3305495426978,1541.6858170197972
38,91,21,1047.247600875359,101.31075566344956,1023.7126833333333,236.4038237113034,1047.247600875359,2330.899025462021,1320.083333678824,1305.1658534709934
38,92,21,2011.2500868780799,161.23179476951807,1817.6696166666668,376.22671490053307,2011.2500868780799,4398.726888656693,1829.404314132096,1739.138361986571
38,93,21,808.2356063548409,86.21586107846348,770.2144083333334,201.18060604758222,808.2356063548409,1817.651818757264,1159.6999823120009,1132.0939781955678
38,94,21,859.8949462765847,75.03368170742422,836.9165166666667,175.08752300395182,859.8949462765847,1894.8774155571214,1196.187773973734,1180.0970653862898
38,95,21,1739.7733939315742,100.6435948480033,1671.2294666666667,234.8470357200482,1739.7733939315742,3714.3938235831965,1701.4649357251353,1667.6108156681323
38,96,21,494.10556451251284,52.155846119020055,471.3732916666667,121.70318314862782,494.10556451251284,1109.9143121736536,906.7478477221887,885.6439224278193
38,97,21,404.02496791390774,38.70845307206874,397.84075,90.32433186645348,404.02496791390774,898.374267694269,819.9375260400896,813.6381308665419
38,98,21,212.83588882902495,24.94851807195482,197.3584666666667,58.216178820473466,212.83588882902495,483.8879564785234,595.1125263439659,573.0658675347306
39,1,21,1001.1120480687714,459.63492969920856,915.860925,1072.536219679691,1001.1120480687714,3074.7603158172337,1290.6782898873118,1234.5009433775253
39,2,21,2755.5374875892326,143.05643279813515,2737.7580249999996,333.8153732889327,2755.5374875892326,5844.890348467397,2141.3113690793507,2134.3920337182667
39,3,21,559.7365131079366,48.559308499504084,824.08065,113.31083388810535,559.7365131079366,1232.7838601039787,965.0914763956869,1171.012468592884
39,4,21,1843.3209749388784,118.52900866546273,1794.1278750000001,276.58179712240354,1843.3209749388784,3963.2237470001605,1751.3669239477756,1727.8393397535547
39,5,21,802.1508342794064,190.21690877850256,958.6834833333334,443.86209810895286,802.1508342794064,2048.1637666677657,1155.3263557285154,1263.0317954298168
39,6,21,140.48360486386997,51.717066606749725,208.572975,120.67931205233997,140.48360486386997,401.6465217800799,483.49221140932525,589.122593693367
39,7,21,1286.0991881617022,360.83171324536147,1822.2715833333334,841.9836192997511,1286.0991881617022,3414.1819956231557,1462.8974841392928,1741.3385410846065
39,8,21,1467.309814311338,66.12247853454241,1451.3016333333333,154.29365477010165,1467.309814311338,3088.9132833927774,1562.5631286492287,1554.0160610066637
39,9,21,760.5434368443415,114.89489327893615,807.011875,268.10176193209344,760.5434368443415,1789.1886356207765,1124.9641233874902,1158.8217119125788
39,10,21,599.8253256580499,88.46630529558246,596.530075,206.43191045738493,599.8253256580499,1406.0825617734847,999.0542237010937,996.3062003219693
39,11,21,790.4772465043749,77.8662454778853,834.0293583333333,181.69717566973182,790.4772465043749,1762.6516686784817,1146.888895309079,1178.059782976512
39,12,21,176.5670047294647,25.723671942223014,185.15459166666668,60.02496346230127,176.5670047294647,413.1589729212307,542.0401238560013,555.0650777461444
39,13,21,2250.833779478403,88.34039992137161,2192.732216666667,206.13811626254028,2250.833779478403,4707.805675219346,1935.3003407874608,1910.158739092993
39,14,21,833.2857002235005,186.56391721147813,871.7215833333333,435.33801625037404,833.2857002235005,2101.909416697375,1177.5344602906127,1204.3856170955657
39,16,21,1311.3310061618017,269.99134786326016,1096.2786916666666,630.0119526881642,1311.3310061618017,3252.673965011768,1477.1779832685154,1350.6323492843394
39,17,21,438.669817060235,42.34175778905149,465.7245666666667,98.80247539798887,438.669817060235,976.1421095184589,854.3691096875115,880.3213498111546
39,18,21,367.1907630795918,610.8645233993185,608.0407818181818,1425.4232747104236,367.1907630795918,2159.8048008696073,781.6683630315613,1005.872686250827
39,20,21,303.4651147245178,37.40353421637005,314.07100833333334,87.27936585963646,303.4651147245178,694.209595308672,710.6095629117283,722.9205750749294
39,21,21,268.79877236051675,43.11076298141335,288.3147166666667,100.5969123927351,268.79877236051675,638.1944571137686,668.7908172275543,692.6439839725264
39,22,21,498.0573295303854,69.89986054285576,533.08325,163.10799579969608,498.0573295303854,1159.222654860467,910.3666274301587,941.8335988910144
39,23,21,694.9284658542008,92.43464032062676,738.3936333333332,215.69183125794035,694.9284658542008,1605.5487629663419,1075.342255833644,1108.4615491151087
39,24,21,216.36264613674842,41.77634509236929,259.3888583333333,97.48311179641212,216.36264613674842,530.208404069909,600.0228688738033,656.9802586582542
39,25,21,297.98307165420874,49.848270445239,302.4105333333333,116.31856520542321,297.98307165420874,712.2847085138407,704.161793363289,709.373757244139
39,26,21,367.23533269983506,57.148587863789416,383.40958333333333,133.35350824527842,367.23533269983506,867.8241736449486,781.7158010508202,798.7449822481933
39,27,21,63.58366897533155,8.535421397357881,59.082924999999996,19.9169993561765,63.58366897533155,147.0843373068396,325.2740770103755,313.55061345817836
39,28,21,30.462388244203947,4.522489435834409,25.013350000000003,10.553013728146013,30.462388244203947,71.4777902165539,225.1430968036892,204.015230803977
39,29,21,223.236756385034,27.918974129764027,222.71789166666667,65.14759657206218,223.236756385034,511.6211093421302,609.4800756585047,608.7713624451575
39,30,21,152.3759805109462,21.120189622702135,147.988875,49.28295669712282,152.3759805109462,354.0349177190152,503.5410922359907,496.2393454775629
39,31,21,71.37437193857625,19.83266301721094,96.12203333333333,46.27857467790979,71.37437193857625,189.02731855506227,344.6258186871536,399.9338238592313
39,32,21,218.03523056326534,41.19552139850644,254.45093333333332,96.12778736681813,218.03523056326534,532.1982484933488,602.3376326092149,650.6968211591836
39,33,21,240.3503114421769,41.496378008685156,292.8813916666667,96.82982193925127,240.3503114421769,577.5304448236051,632.4104033298174,698.107896913746
39,34,21,653.1741631135236,83.17742808260151,644.30095,194.09056734825086,653.1741631135236,1500.4388935752982,1042.53623794135,1035.4307223566432
39,35,21,85.47460979901739,18.246924132366924,84.09548333333333,42.57832850631727,85.47460979901739,213.52754810435204,377.13359795378204,374.0787139983598
39,36,21,77.29902152758882,24.13427343029503,84.577225,56.31617772518739,77.29902152758882,210.91422078036504,358.6440740091878,375.1486404080388
39,38,21,1927.4582428012845,194.6770414158816,1712.1461083333334,454.269605217464,1927.4582428012845,4309.186090820033,1790.8909838461238,1687.9013964881558
39,40,21,2476.96779480301,159.96680901387842,2336.531175,373.27493088100636,2476.96779480301,5327.210520487026,2030.1907325550003,1971.7981324669117
39,41,21,44.546768407785336,38.78084199447632,62.88900833333333,90.49324796958018,44.546768407785336,179.58678478515085,272.26057854664674,323.49236446424305
39,42,21,163.15327613927025,22.76908591821064,146.41662499999998,53.13057767881337,163.15327613927025,379.4371299573539,521.0441934190858,493.59625606359697
39,44,21,164.72842971882085,19.680188661954947,177.750075,45.92278303106654,164.72842971882085,375.37964246870825,523.5533469018395,543.8530360308748
39,45,5,1.0878357511111112,0.7576884453333648,0.7845333333333333,1.7680299044823191,1.0878357511111112,3.9437014067045415,42.54595973590076,36.13119796888371
39,46,21,1369.9354344080875,111.2963242796083,1409.4222833333333,259.7046725435185,1369.9354344080875,2999.5755413596935,1509.8253418376105,1531.4302724795102
39,49,21,322.4487196780389,90.41493156751602,305.465975,210.97893706529715,322.4487196780389,855.876376421375,732.4989211898245,712.9483728854425
39,52,21,73.26656486180168,15.442646300235397,81.40628333333333,36.034679730593936,73.26656486180168,182.5678094541973,349.1640931281995,368.04898514554645
39,54,19,2.3045824016328704,1.7777410415436572,1.5975466666666667,4.148274060708215,2.3045824016328704,8.757438863973956,61.925964799243104,51.558875601911
39,55,21,363.707757704542,119.77999444587847,490.0419083333333,279.5009128664533,363.707757704542,1006.9164282755373,777.9522535608197,903.0114813592719
39,56,21,250.85279390284475,72.72022538027772,181.02944166666666,169.68918283616793,250.85279390284475,671.3947706418575,646.0797544067866,548.8469649486397
39,58,21,100.4711829654298,89.44611284479872,63.67830833333333,208.7182447130033,100.4711829654298,409.6606106438629,408.88146015009676,325.5160596140637
39,59,21,18.55643747467876,10.063342890399134,25.772858333333332,23.482331397381977,18.55643747467876,60.595206346739495,175.72111984011897,207.08944025871205
39,67,21,476.86802778870333,157.38811762285934,481.61467500000003,367.2576773227223,476.86802778870333,1320.993732900129,890.7908835638151,895.2132814028174
39,71,21,248.58245427803888,41.10771955557373,264.481875,95.92290594764142,248.58245427803888,593.0878145037192,643.1494413576495,663.398703646608
39,72,21,1982.5894594080874,386.3301011712244,2325.9035916666667,901.4828932383706,1982.5894594080874,4866.661812054545,1816.3228954277533,1967.3087140897164
39,74,21,906.8383702566136,67.0393152989862,871.6260583333333,156.43304969825346,906.8383702566136,1970.1097902114807,1228.40508306788,1204.3196257915365
39,79,21,1614.4033891759225,123.64337168515625,1594.93865,288.51591967223106,1614.4033891759225,3517.322698024076,1639.0141059761308,1629.1034078903647
39,80,21,499.36329737775714,29.302003636063688,472.9866833333333,68.37483006226456,499.36329737775714,1067.101424817779,911.5593929287262,887.1582953828853
39,81,21,801.1767072990517,31.995168080689567,774.6972083333334,74.6592010396946,801.1767072990517,1677.012615637798,1154.6246320539078,1135.3837037172352
39,82,21,914.9520418328799,243.03158516108238,1025.6709833333332,567.102630302727,914.9520418328799,2397.006713968487,1233.888243565807,1306.4136084206511
39,83,21,249.14915460379302,25.471589630471613,214.69768333333332,59.43674139251449,249.14915460379302,557.7350506001005,643.882126837445,597.7097498507671
39,85,21,63.38553149439291,13.975775008404398,74.36905,32.611805426574755,63.38553149439291,159.38286841536058,324.76687701591396,351.78132298346935
39,87,21,271.78815055018896,42.69547445509834,273.9030833333333,99.62785639348428,271.78815055018896,643.2041574938622,672.4994293793226,675.1109024942988
39,90,21,3335.066500330976,144.8158603767499,3257.823283333333,337.92091375602155,3335.066500330976,7008.053914417974,2355.7484281116995,2328.307957179777
39,91,21,2471.6953462328042,77.80186017571016,2420.074175,181.54693563326842,2471.6953462328042,5124.937628098877,2028.0288597875983,2006.7395015796146
39,92,21,4499.412834657721,350.8662667803458,4414.479016666667,818.7297245489697,4499.412834657721,9817.555393864412,2736.242488682326,2710.2939109501267
39,93,21,1606.655543784807,103.71977062834019,1574.9477,242.0251454095617,1606.655543784807,3455.3362329791757,1635.076397254244,1618.861628676151
39,94,21,2444.1653319981237,168.89428203699785,2434.1716083333336,394.1067640355818,2444.1653319981237,5282.43742803183,2016.7030303058698,2012.5758510592009
39,95,21,4096.3727688013605,288.26006986840514,4122.739666666666,672.641145492549,4096.3727688013605,8865.38668309527,2610.8167854687667,2619.2057584949935
39,96,21,1127.426271344946,165.87103533838203,1110.2471,387.05216183767124,1127.426271344946,2641.904704527563,1369.6851154619408,1359.2097610008545
39,97,21,978.274701760771,49.060850868230055,971.5718666666667,114.4811591210344,978.274701760771,2071.0305626425766,1275.8718994201272,1271.4934471452589
39,98,21,400.92805407346947,39.20727938103668,387.03287500000005,91.48831930328157,400.92805407346947,893.3444274502206,816.7890070135942,802.5102516479151
40,1,21,780.1195364861678,346.6696784340309,771.7257,808.9371854931283,780.1195364861678,2369.176258465464,1139.3502133729485,1133.204114358927
40,2,21,1029.3003827390023,80.34756191619243,1086.604975,187.4872094130607,1029.3003827390023,2246.087974891065,1308.722979426013,1344.6600605357473
40,3,21,214.51537725427062,20.917090973607248,262.87914166666667,48.8090356714409,214.51537725427062,477.8397901799821,597.4559295471979,661.3855847637845
40,4,21,941.4071240888271,66.04500540401963,979.1902666666666,154.11287490945872,941.4071240888271,2036.927123087113,1251.599558358746,1276.468802491206
40,5,21,704.1541509942555,147.44452381607542,759.97595,344.05477470925547,704.1541509942555,1752.3630766977665,1082.4566999443632,1124.544343634345
40,6,21,113.93904337994913,30.57040863836823,162.30660833333334,71.33459273105215,113.93904337994913,299.2126794909504,435.4245838078453,519.6904812161434
40,7,21,573.9589470988064,169.7949294702,826.1000583333333,396.208381930251,573.9589470988064,1544.126276127864,977.2756458504498,1172.446372789249
40,8,21,1382.2152909672711,84.16948855103807,1356.4787,196.40549320736025,1382.2152909672711,2960.8360751419027,1516.5771474506462,1502.391612330154
40,9,21,521.9871594235965,113.5327510785277,761.3673416666667,264.9232679754911,521.9871594235965,1308.8975868226842,931.9799532612622,1125.5733012706605
40,10,21,713.2805611081634,124.10394775645973,821.3313833333333,289.5906520010252,713.2805611081634,1716.1517742173519,1089.4488761222271,1169.057492968873
40,11,21,430.646092892785,73.12585589564124,513.1327416666667,170.63570232679805,430.646092892785,1031.927888112368,846.5194023609821,924.041601949465
40,12,21,145.35605852086167,21.75428519557536,173.07784166666667,50.76258851946961,145.35605852086167,341.47470556119293,491.8053287416819,536.6577387249096
40,13,21,812.9017399252457,62.971654496139145,842.0946916666667,146.9413569252959,812.9017399252457,1772.7448367757872,1163.0427744651565,1183.7421876968538
40,14,21,424.84716561927434,64.13639224951972,506.9896833333333,149.65921700556987,424.84716561927434,999.3535482441185,840.8006205935343,918.4937849907677
40,16,21,445.19995763980626,211.424249135198,500.02029999999996,493.3484168935495,445.19995763980626,1383.748332173162,860.7047865050116,912.1588563402759
40,17,21,275.2699508869168,31.812058542827042,316.645225,74.23192365315026,275.2699508869168,624.7718254269838,676.793320206272,725.8771620598075
40,18,21,174.42609079467462,233.6229873475633,258.039725,545.1481153619194,174.42609079467462,894.0002969512686,538.7439234760227,655.2694883786364
40,20,21,128.08415640748882,23.00603717303613,145.81558333333334,53.683492147836,128.08415640748882,309.8518049628136,461.66225345165634,492.5821055079718
40,21,21,238.470803795994,31.530641334168074,268.916325,73.57524999841861,238.470803795994,550.5168575904066,629.9328674680612,668.9370409836788
40,22,21,221.48720835829724,37.97472757695126,254.20251666666664,88.6122183651343,221.48720835829724,531.5866350817288,607.0870734155081,650.3791107756563
40,23,21,444.72726159589513,64.8324191585803,583.5464083333333,151.28336265161053,444.72726159589513,1040.7378858434008,860.2477336765087,985.4040914602833
40,24,21,86.23642439773242,18.441601564651553,123.97213333333333,43.03259902360834,86.23642439773242,215.5054478190732,378.81052017839573,454.1911820661721
40,25,21,226.93419712286126,56.72769485175021,280.53972500000003,132.37137444548745,226.93419712286126,586.23976869121,614.5067160027147,683.2408816808315
40,26,21,152.19388191844294,38.30780742617475,173.161425,89.38944433134061,152.19388191844294,393.7772081682265,503.24012112736904,536.787305364052
40,27,21,41.55202959710712,8.958846974626859,40.81330833333333,20.905042776325082,41.55202959710712,104.00910197053932,262.9497618359565,260.60188999058823
40,28,21,12.587506426022127,3.3459922423529727,11.459091666666666,7.807713554405718,12.587506426022127,32.98272640644997,144.72598485724953,138.0866703680458
40,29,21,124.82080718261527,16.19507597473504,133.4292,37.7904385437694,124.82080718261527,287.43205290899994,455.74315480528264,471.1965500722602
40,30,21,99.18896896522367,15.948014987500354,104.81193333333333,37.21393349561644,99.18896896522367,235.59187142606376,406.26400819926465,417.62070957588617
40,31,21,41.61429486908541,8.768027735288197,53.59995833333334,20.459775168538236,41.61429486908541,103.68836490670907,263.14670178848553,298.6475023613402
40,32,21,161.84862155275889,40.375693163882225,191.853925,94.2147572232519,161.84862155275889,417.91200032876964,518.9567479701857,565.017637954781
40,33,21,97.7599744531368,23.773809047359762,126.77839166666666,55.47505125367321,97.7599744531368,250.9950001599468,403.32691143788014,459.3029977404168
40,34,21,256.3003197758125,53.41591299619398,302.8394083333333,124.643489199502,256.3003197758125,637.244128751127,653.0572196270033,709.876591716241
40,35,21,77.21855809274378,17.93760004178474,85.78561666666667,41.856535471601696,77.21855809274378,196.29365165708924,358.4573624105462,377.8190918062947
40,36,21,30.613199973620556,15.112860462080983,37.03621666666667,35.265140182349626,30.613199973620556,96.49154012959073,225.69972254326015,248.25040691473868
40,37,21,84.77687140480315,15.070015707862567,82.15799166666666,35.165163988737454,84.77687140480315,204.71890679834374,375.59115274137173,369.744368629643
40,38,21,1492.9344759528346,203.31168081721336,1496.6717166666667,474.41812506094533,1492.9344759528346,3460.2870769666147,1576.1481427789447,1578.119683843191
40,40,21,1377.6267976166976,83.25600019920702,1327.126,194.27391164058187,1377.6267976166976,2949.527506873977,1514.0577899255316,1486.047665453568
40,41,21,11.961292708616778,8.020448923257408,10.885191666666666,18.715335611925667,11.961292708616778,42.63792102915922,141.08008742249316,134.58439334979866
40,42,21,177.30001621141344,22.532913053202755,183.87629166666667,52.57947954536158,177.30001621141344,407.1795119681884,543.1640884445436,553.1456854512502
40,44,21,125.02527209656427,13.825406077425676,135.06656666666666,32.26092668701783,125.02527209656427,282.3114708801464,456.116271107141,474.078861512864
40,46,21,363.6280023661444,41.8669444864596,385.86769166666664,97.69452116798986,363.6280023661444,824.9505259002786,777.8669525936067,801.3013409032418
40,48,20,31.746609079761903,23.336943816070782,29.234444444444446,54.45564704089328,31.746609079761903,117.94886520041709,229.83985187239355,220.558644254891
40,52,21,38.03468994793513,7.168382612737526,38.55095,16.727079453501272,38.03468994793513,92.79645934937153,251.5744901085244,253.27609599012695
40,54,16,2.3371989101190476,1.8335212824095586,2.183381818181818,4.2784345963974575,2.3371989101190476,8.952832416635552,62.36264095143899,60.275594940693416
40,55,21,334.64160336606193,90.93853546107705,385.1735833333333,212.200741815813,334.64160336606193,881.4839485479368,746.2195575037732,800.5803161873683
40,56,21,179.1479601919879,89.82376269863204,152.44306666666668,209.5994726624501,179.1479601919879,567.8953930464259,545.9873677654712,503.65192636714227
40,58,21,113.94023232297806,62.2783794392589,161.23333333333332,145.32363259526912,113.94023232297806,373.2040972412252,435.4268556088789,517.969368463683
40,59,21,9.311285022050436,7.595638809118794,9.543516666666667,17.724061440926317,9.311285022050436,36.34663148502719,124.47480980781583,126.01750566224256
40,60,21,5.6085782486566345,1.9768280378394185,5.0365,4.612834085626635,5.6085782486566345,15.829990582939903,96.60576693844234,91.54635984024706
40,67,21,278.00006065018897,70.13425981202606,287.3803833333333,163.6549553317232,278.00006065018897,719.6550766321011,680.1412360105174,691.5207573650025
40,71,21,100.7620196990174,28.360994185040038,91.86458333333333,66.17902932113238,100.7620196990174,267.70306871916716,409.4728327730241,390.9765551368351
40,72,21,1626.292267082615,405.08188590903393,1681.9998916666666,945.2392899249738,1626.292267082615,4197.823824090204,1645.0380945210575,1672.9757379392368
40,74,21,340.7319893281179,46.841379814242025,388.19095833333336,109.30212911239117,340.7319893281179,790.766107768627,752.9794354708422,803.7099941313824
40,79,21,542.9425004560229,71.04440617038456,524.44565,165.77873851588606,542.9425004560229,1251.663739427932,950.5031934500915,934.1721263236235
40,80,21,623.9719186901739,56.55919713848338,660.3726416666667,131.97819305579162,623.9719186901739,1379.9220304361393,1018.96480444638,1048.2652697353535
40,81,21,808.6829281077854,61.06251431820921,826.2568583333333,142.48646923733105,808.6829281077854,1759.8523254529018,1160.0208585932216,1172.557637076603
40,82,21,520.2577488977118,108.16602837562297,579.7880833333334,252.40027612278442,520.2577488977118,1292.915773918208,930.4347877018531,982.2257228695788
40,83,21,134.58759665230536,24.618415232957695,135.37658333333334,57.44589956585893,134.58759665230536,326.6210928704697,473.2375310871234,474.62262342482865
40,85,21,61.22437309062736,15.942535558973171,83.73931666666667,37.20114751009007,61.22437309062736,159.6498936913448,319.18232536091955,373.28571220090026
40,87,21,870.8419681707003,92.84176266795721,845.4100666666667,216.64183186742116,870.8419681707003,1958.3257682088217,1203.7778179697636,1186.0701290114903
40,90,21,2521.2708351414212,195.73286697580704,2509.7384916666665,456.73332388093615,2521.2708351414212,5499.2749941637785,2048.2662594680714,2043.576485021623
40,91,21,1828.8657429228242,212.9234199693858,1715.0391833333333,496.8466606414867,1828.8657429228242,4154.578146487135,1744.4863416557837,1689.3268485011024
40,92,21,3891.900732394297,347.91486646104676,3887.8295999999996,811.8427724557204,3891.900732394297,8595.644237244314,2544.822747993288,2543.49139066756
40,93,21,1061.8392755681784,138.96969759074838,1106.0975333333333,324.2791713013446,1061.8392755681784,2447.9577224377017,1329.2481162467182,1356.6673488614174
40,94,21,1571.943772444664,101.19062612444627,1530.6557999999998,236.12350715285828,1571.943772444664,3380.0110520421863,1617.3170491118683,1595.9358543500425
40,95,21,2540.4458810240503,197.76051694540755,2650.6083583333334,461.4647485240809,2540.4458810240503,5542.356510572182,2056.0403561272865,2100.145782622403
40,96,21,514.8375060214663,52.874714070306915,632.3117166666667,123.38062727896546,514.8375060214663,1153.055639321898,925.5752859814916,1025.751771401509
40,97,21,639.6913165599395,82.35832007649587,697.0096833333333,192.17921782363396,639.6913165599395,1471.561850943513,1031.7200932208984,1076.95130487254
40,98,21,288.43770493393805,40.96874649893244,337.13280000000003,95.5986189381556,288.43770493393805,672.4740288060317,692.7917010256928,748.9919753909251
41,1,21,1034.3127377049884,396.9040970762773,986.5272,926.1568091270861,1034.3127377049884,2994.782284537063,1311.905635151058,1281.242077360871
41,2,21,1969.0994247965984,89.75088029700213,1977.18725,209.42940504905857,1969.0994247965984,4147.628254642255,1810.1329903798614,1813.8466263717007
41,3,21,490.7798197857898,26.763566991509414,656.7350833333334,62.45150903784129,490.7798197857898,1044.0111486094208,903.6911087996575,1045.3741811746963
41,4,21,1232.233326828118,77.66531893615421,1249.6263083333333,181.22832315314304,1232.233326828118,2645.694976809379,1431.9344453717106,1442.004915756762
41,5,21,967.850036428269,209.16515034492662,1090.1250583333333,488.0769174494444,967.850036428269,2423.7769903059825,1269.0557358196054,1346.836328982355
41,6,21,160.75750020174533,52.48835179909367,221.37741666666668,122.47906931846605,160.75750020174533,443.9940697219567,517.2044859972739,606.9365875718264
41,7,21,1113.9582868410314,308.6465457728218,1476.9345583333334,720.2120161690293,1113.9582868410314,2948.1285898510923,1361.4795589003443,1567.6795288153337
41,8,21,1410.8946493729402,71.9746123538812,1377.182425,167.94933034671809,1410.8946493729402,2989.7386290925983,1532.2299750874777,1513.8135800685632
41,9,21,1076.4429274075037,209.70920281396297,1327.47305,489.34643797702813,1076.4429274075037,2642.2322927920354,1338.357587196369,1486.241957152334
41,10,21,554.149094611867,69.61727615205676,615.880425,162.44859858102433,554.149094611867,1270.7467878047582,960.2625127714539,1012.3364199711477
41,11,21,496.8917630284958,58.54967687173556,534.2398833333333,136.62288272254173,496.8917630284958,1130.4064087795334,909.3007718458272,942.8547957488823
41,12,21,159.22651265404383,21.965511045395118,168.27893333333333,51.25547398100876,159.22651265404383,369.70849928909644,514.73577402035,529.1655176470465
41,13,21,1295.472494532729,77.6439166341763,1310.0323416666668,181.17838190069986,1295.472494532729,2772.123370966158,1468.2187272005697,1476.4463473263543
41,14,21,627.83217867226,76.93233911782494,712.5402833333334,179.51794965309847,627.83217867226,1435.1823069976185,1022.1119044951197,1088.883387450955
41,16,21,777.2592073834536,250.9119675244392,724.4767916666666,585.4911272673862,777.2592073834536,2140.009542034293,1137.2595662759081,1097.9660201178056
41,17,21,445.08962875354223,48.48660129107934,486.6423,113.14117507971501,445.08962875354223,1003.3204325867995,860.5981305149892,899.8737618132889
41,18,20,368.9372104492063,397.25159943323064,724.9217142857143,926.9676893282501,368.9372104492063,1664.8421102266627,783.5250590679786,1098.3031150695278
41,20,21,203.36659333460452,25.43947758162369,229.89875833333335,59.36180945577057,203.36659333460452,466.0949961249796,581.7233116428995,618.5075051013258
41,21,21,186.59053422782242,28.517659833022954,201.46391666666668,66.5446011499558,186.59053422782242,439.7256696056006,557.2132885665026,578.9956453491972
41,22,21,370.4354578424861,60.40142255461201,410.8289,140.94384308954477,370.4354578424861,881.8147587745169,785.114387748624,826.8127294617567
41,23,21,696.518822548526,90.32255890049844,793.072675,210.76338984579053,696.518822548526,1603.8010349428425,1076.572023006704,1148.7701820642803
41,24,21,169.95511328710916,28.832863202135595,216.20224166666665,67.2801132011387,169.95511328710916,407.190339775357,531.7944231653333,599.8004085804988
41,25,21,271.52113181300075,50.19303164904893,316.378275,117.12304905626655,271.52113181300075,660.165312682268,672.1689990893907,725.5711196016556
41,26,21,246.9900802799904,33.673967601071574,262.4637916666667,78.57659977257357,246.9900802799904,572.5567603325544,641.0861826509007,660.8628823994683
41,27,21,58.99257264126984,10.687141053819023,56.67655833333333,24.937934705153502,58.99257264126984,142.92307998769317,313.3107736339001,307.098995548124
41,28,21,21.79941142176871,4.827735331879702,19.379966666666665,11.265290490121883,21.79941142176871,54.864113333659304,190.45792345246005,179.5780179569129
41,29,21,166.8899915418333,26.193859580300433,173.45100833333333,61.12212392443955,166.8899915418333,394.90210700810616,526.9771778033756,537.2359610698699
41,30,21,113.59296569750566,17.556305142469697,112.967775,40.96680198210791,113.59296569750566,268.15273337711926,434.76280305547,433.56473288310707
41,31,21,61.58884524368172,17.349909014516747,86.901425,40.48518644654353,61.58884524368172,163.66287693390697,320.13097083144953,380.2682884490896
41,32,21,198.6763532452003,41.06978238003126,226.39218333333335,95.83438135516043,198.6763532452003,493.187087845561,574.9760445444778,613.7724277504379
41,33,21,193.76538402596714,36.137029013056924,237.11895,84.32403628132295,193.76538402596714,471.8548043332572,567.8253243905289,628.1448342540118
41,34,21,502.18347213605443,60.078663464452255,516.6848249999999,140.1907001231176,502.18347213605443,1144.5576443952264,914.1298034931334,927.234354842399
41,35,21,92.27187730649351,13.334965619836947,93.51219166666668,31.11650723503139,92.27187730649351,215.6602618480184,391.84232012125136,394.4670923325967
41,36,21,58.03446575824916,21.44480108270887,70.23901666666667,50.04042208037419,58.03446575824916,166.10935359687252,310.7560957112935,341.8738418383795
41,38,21,2101.648164806205,206.13957884218175,1956.7186000000002,481.01689043181074,2101.648164806205,4684.3132200442205,1870.0648508106678,1804.4333599221668
41,40,21,2330.427926012767,74.74505837760563,2186.2216166666667,174.4140342086647,2330.427926012767,4835.269886234199,1969.2211833324473,1907.3208356575285
41,41,21,54.550836665532884,30.271952602809886,94.97145,70.63815978517526,54.550836665532884,179.73983311624102,301.28490206355633,397.5330084408086
41,42,21,213.57948318843535,25.074344640274298,206.58354999999997,58.50978912552351,213.57948318843535,485.6687555023942,596.1512056731551,586.3062571728192
41,44,21,173.2533106891981,21.073973435919548,186.75061666666667,49.1751134261768,173.2533106891981,395.68173480457295,536.9297058152264,557.4522635466944
41,45,10,1.2210014113708516,0.8068114926155705,0.89595,1.8826561959734431,1.2210014113708516,4.324659018715146,45.07489709939555,38.61166663069596
41,46,21,1171.572293612245,82.01201358835416,1162.8868583333333,191.3711281253921,1171.572293612245,2534.515715349882,1396.2436379696687,1391.0584934741842
41,49,21,261.75513940685084,63.619779089359064,236.25635,148.45372479853052,261.75513940685084,671.9640036122322,659.9701144544348,627.0012491215628
41,51,5,0.9338199269841269,0.7127072212535923,0.16424,1.6630683601918197,0.9338199269841269,3.5307082141600734,39.41923843127346,16.53164722585139
41,52,21,83.36666723204837,20.874411247658447,82.37973333333333,48.70944456343689,83.36666723204837,215.44277902753362,372.4542042642672,370.2429962425578
41,54,21,2.684000083700955,2.8159493966118254,2.3267906976744186,6.5708838156138825,2.684000083700955,11.938883983015792,66.82945562608144,62.22362670987792
41,55,21,321.70333498043703,95.46991964698084,425.8013583333333,222.77451101965934,321.70333498043703,866.1811809805334,731.6517951918435,841.7442962483717
41,56,21,416.5323607807257,338.7428792310597,307.32885833333336,790.4403770436955,416.5323607807257,1623.505098605147,832.5321905723091,715.119025244516
41,58,21,188.8875914694496,99.42896976392396,206.61958333333334,232.01276592932732,188.8875914694496,609.7879488682265,560.6326356939668,586.3573881743682
41,59,21,24.293260304006047,12.651225229470654,28.419875,29.521031595254218,24.293260304006047,78.10755220326631,201.0571688497231,217.46418555707052
41,60,21,20.323661113303096,5.839015325472986,18.964000000000002,13.62506419591061,20.323661113303096,54.2723864225168,183.89826560502507,177.64035577536993
41,67,21,402.6046988619047,141.84105764168032,396.678625,330.9793532400436,402.6046988619047,1136.188750963853,818.4950940025294,812.4489103937552
41,71,21,213.30053706054423,37.90538411471882,222.41853333333333,88.4504086982951,213.30053706054423,515.0514828193835,595.7617759379546,608.3620956853465
41,72,21,2203.0434910511717,394.5125406267385,2341.057925,920.5762260429904,2203.0434910511717,5326.663208145334,1914.6447109344201,1973.7072698857853
41,74,21,734.6955543337868,53.758291563036146,738.1702583333334,125.4424132804472,734.6955543337868,1594.833521948021,1105.6823243642007,1108.2938734228692
41,79,21,895.1179232994783,78.84144233986797,856.9680166666667,183.97275110626111,895.1179232994783,1974.2085977052177,1220.440995857781,1194.1502333179578
41,80,21,694.0915012278435,32.345333433129525,706.7409583333333,75.47629521400927,694.0915012278435,1463.6592976696963,1074.6944952139336,1084.4431541886677
41,81,21,806.3574605634165,27.556394792876187,807.6018166666667,64.30153495621819,806.3574605634165,1677.016456083051,1158.351766251308,1159.2451953462362
41,82,21,763.0298607480144,164.64306821892077,823.8269916666667,384.1867590427621,763.0298607480144,1910.2464805387908,1126.8015301217406,1170.8322314205966
41,83,21,169.2547221287226,21.395807720263928,151.325275,49.92609840227496,169.2547221287226,388.4355426597201,530.6975198945199,501.80201035866725
41,85,21,86.30635366003573,19.775398077037746,106.46295833333333,46.144949667091446,86.30635366003573,218.7576569871629,378.96407810015376,420.8970927277434
41,87,21,442.72738527953004,82.19272729199406,407.19786666666664,191.79281494687254,442.72738527953004,1077.2475855059326,858.311347417205,823.1508064342361
41,90,21,2998.8572465099014,159.55408978570367,2936.7155416666665,372.3118702166105,2998.8572465099014,6370.026363236413,2233.8528282302923,2210.5869495076035
41,91,21,2211.600227219955,115.91375360086923,2114.368875,270.479223973072,2211.600227219955,4693.679678412982,1918.35939753061,1875.7158121634525
41,92,21,4904.183136268406,312.5105976034155,4718.207733333334,729.2285971015173,4904.183136268406,10537.59486963833,2856.669518644155,2801.9810256792725
41,93,21,1455.5707592726378,123.63960951101025,1435.332583333333,288.50714081802397,1455.5707592726378,3199.6486593632994,1556.3000171656072,1545.4427904864892
41,94,21,1897.8472597098398,117.34062708722205,1868.274075,273.80876530278675,1897.8472597098398,4069.5032847224666,1777.0812699922235,1763.181233112467
41,95,21,3494.0815862256236,165.29134076079583,3579.9710250000003,385.6994721471379,3494.0815862256236,7373.8626445983855,2411.2552248734346,2440.7113277895037
41,96,21,96.87201147030642,13.914056030807586,111.45508333333333,32.467787131538955,96.87201147030642,226.2118100721518,401.4910049883931,430.65213184967126
41,97,21,783.884668468625,41.76715925524717,813.0720666666666,97.46167708293636,783.884668468625,1665.2310140201864,1142.096356850766,1163.164613858818
41,98,21,364.838060449811,39.42399184488715,386.311525,91.9940075173774,364.838060449811,821.6701284169994,779.160145662293,801.762045497291
42,1,21,434.166146569161,98.60033118698718,420.48886666666664,230.07917727154162,434.166146569161,1098.4114704098636,849.9720394760548,836.4768222331885
42,2,21,674.6445084852057,38.358647745492526,648.3407166666667,89.50807779534667,674.6445084852057,1438.7970947657582,1059.5321902232995,1038.6717251053547
42,3,21,32.401288665374835,4.742056956975023,33.403875,11.065364082464614,32.401288665374835,75.86794141321428,232.19764068393056,235.76269424995974
42,4,21,628.5755133913955,38.53323134141388,601.8758750000001,89.91546030239441,628.5755133913955,1347.0664870851854,1022.7168006262937,1000.7604388663653
42,5,21,41.444847648223735,15.685380657805695,46.52462500000001,36.60108879446816,41.444847648223735,119.49078409091564,262.610408184147,278.2390626781222
42,7,21,27.404411977681576,12.925892947075226,28.186166666666665,30.161955634035255,27.404411977681576,84.9707795893984,213.54376959036324,216.56819095456592
42,8,21,754.0697398438124,43.79696596514812,728.979225,102.19813437686378,754.0697398438124,1610.3376140644887,1120.1660801417368,1101.3725211752833
42,9,21,5.404164278801622,2.674272941749089,5.0729,6.240288555119776,5.404164278801622,17.048617112723022,94.82894790055356,91.87657808168521
42,10,21,17.325667379440667,2.4970214778265163,16.41735,5.826680705140627,17.325667379440667,40.47801546402196,169.793729328822,165.2830009408106
42,11,21,37.445184171730915,7.545499332850204,38.95350833333333,17.607063360799934,37.445184171730915,92.49743170426177,249.61727997428432,254.59504682272723
42,12,21,4.604167394530338,0.9389835392540764,3.3486583333333333,2.1910733724960374,4.604167394530338,11.399408161556712,87.52904971778501,74.64695215925876
42,13,21,630.361976777551,37.02347725451294,601.9037333333333,86.3925210382476,630.361976777551,1347.1164745933497,1024.1690921707436,1000.7835991195433
42,14,21,59.43406310136055,12.520773657008892,58.9467,29.216629063290487,59.43406310136055,148.0847552660116,314.48097080851164,313.18893467043176
42,16,21,41.65034820068714,7.287497320774412,44.05036666666667,17.005027952214665,41.65034820068714,100.30572435358894,263.2606681711938,270.73937676912334
42,17,21,25.568152894337935,5.713461443007165,19.416533333333334,13.332090190314204,25.568152894337935,64.46839597899007,206.26537861739746,179.7473545470605
42,18,21,19.163757645124715,18.853908138584398,23.813733333333335,43.99469677898218,19.163757645124715,82.32221206923161,178.5734938939358,199.06293544170063
42,21,21,50.06584878994708,7.643230691603464,49.406816666666664,17.83511483227965,50.06584878994708,117.96681241217382,288.6339764935375,286.72799468020787
42,25,21,3.6496540700405418,1.7016427566492967,2.4172083333333334,3.9707023368661694,3.6496540700405418,11.270010476947252,77.929611654027,63.42109007788077
42,28,21,2.690785269525184,0.7760763659437274,2.1252999999999997,1.8109372415554934,2.690785269525184,7.192507780605862,66.91387515672595,59.46847231937272
42,31,17,2.348649158076564,2.2711328770365844,1.6096000000000001,5.299580412483332,2.348649158076564,9.99687872863646,62.515215740165225,51.75301343883272
42,32,21,2.684826473929774,1.638946387376831,1.368695652173913,3.82440334490066,2.684826473929774,9.194056292760207,66.83974306218676,47.72326021152988
42,38,21,1848.7716601774202,300.9031429510356,1421.601625,702.1431544413738,1848.7716601774202,4399.6864747962145,1753.954401498291,1538.032868309387
42,40,21,858.3688482046631,50.31488237809044,787.4669083333333,117.40738192969921,858.3688482046631,1834.1450783390253,1195.1258358066566,1144.7029900662733
42,42,21,7.101009301587301,1.2123198813329745,7.1482,2.828890709890796,7.101009301587301,17.030909313065397,108.70179151164561,109.06238948418469
42,46,21,269.25794520476194,19.24603221036813,239.6663166666667,44.90969962672388,269.25794520476194,583.4255900362477,669.3618011365182,631.509897731883
42,52,21,1.3913951430083145,0.5337702005903019,1.36,1.2455273438279304,1.3913951430083145,4.028317629844559,48.11737230944594,47.57141999141922
42,59,21,6.699322759142445,5.641018845635979,3.4322916666666665,13.163048839216028,6.699322759142445,26.56169435750092,105.5825415076424,75.5733639143669
42,60,21,14.118952333120323,3.530164586982541,13.867333333333335,8.237470949927877,14.118952333120323,36.47537561616852,153.27731953003425,151.90537405459582
42,67,21,53.853936007139424,24.302540072041815,47.4998,56.7088199204953,53.853936007139424,164.41669193477415,299.3542208085264,281.13994237745726
42,74,21,12.828525061327563,2.6397003867586393,12.243683720930232,6.159615144466694,12.828525061327563,31.81666526712182,146.1049817838155,142.73573382873647
42,79,21,560.028645015873,46.83727078738767,551.46,109.29254089390695,560.028645015873,1229.3498309256531,965.3432888389564,957.9297677804985
42,80,21,613.9168582804233,33.368373068751055,610.9391833333333,77.86350948445224,613.9168582804233,1305.6972260452987,1010.7213523907686,1008.2672270120985
42,81,21,673.6315460756065,41.545752663564016,648.644625,96.9450353450871,673.6315460756065,1444.2081274963,1058.736460442262,1038.9151341664053
42,82,21,325.77868938000415,29.082331178621253,311.15023333333335,67.86223484408295,325.77868938000415,719.4196136040913,736.2715118272109,719.5512408902279
42,83,21,171.47416269259259,28.827615487466076,147.800125,67.26786790886449,171.47416269259259,410.2161932940497,534.1657109179454,495.9227843122354
42,85,21,2.5939733105613967,1.6031440479016517,2.431416666666667,3.7408602907173605,2.5939733105613967,8.928806911840153,65.6990988429382,63.60721133121097
42,87,21,45.5312690761355,12.384590640140683,43.949251063829784,28.898852478747642,45.5312690761355,119.96139063101865,275.2526689111106,270.42846331370663
42,90,21,2298.2084253793655,127.32614136410628,2207.0336083333336,297.10948733689247,2298.2084253793655,4893.526338095624,1955.560998749787,1916.3778135499972
42,91,21,1792.0361919108084,102.03665027266882,1727.0913333333335,238.0976642133022,1792.0361919108084,3822.170048034919,1726.8318457046087,1695.2521873357566
42,92,21,3541.5719933517007,191.22097133151414,3399.117175,446.20503026085373,3541.5719933517007,7529.3490169642555,2427.5864138969864,2378.2621762959607
42,93,21,1397.62062857226,125.06446038355568,1341.4755333333333,291.8319624747402,1397.62062857226,3087.0732196192603,1525.0051560385757,1494.060001294013
42,94,21,1487.7936970183123,79.72642486224737,1443.7802083333333,186.03781567752108,1487.7936970183123,3161.6252097141455,1573.4321440209844,1549.9839569062212
42,95,21,2517.0789516085138,154.36354206042634,2471.3937499999997,360.1999742843776,2517.0789516085138,5394.357877501405,2046.5628198217046,2027.9051259859275
42,96,21,629.0257446006048,43.59245169754334,615.500525,101.72091007280373,629.0257446006048,1359.7723992740132,1023.0830069038418,1012.0241467474973
42,97,21,715.6755353906275,56.154093700396125,707.7905166666666,131.03290347488513,715.6755353906275,1562.3839742561402,1091.2763586232427,1085.248091329044
42,98,21,277.08124795548,36.66803548116496,265.08093333333335,85.5631145870182,277.08124795548,639.7256104979782,679.0163448680147,664.1495863633935
43,1,21,313.5136110491519,590.6469150171046,276.59608333333335,1378.24644835518,313.5136110491519,2005.2736704534839,722.2787888245015,678.4216112909927
43,2,21,806.6120472406103,38.204360565430996,797.8436750000001,89.1480560081502,806.6120472406103,1702.3721504893708,1158.5346117438078,1152.2204108589642
43,3,21,37.339593698563874,6.534211757119175,37.90884166666667,15.247271962453857,37.339593698563874,89.9264593595816,249.2650876364564,251.15794340082763
43,4,21,712.0921889110286,44.00639438360518,695.4051083333334,102.68682561791553,712.0921889110286,1526.8712034399728,1088.5409511579946,1075.7109743172962
43,6,7,2.2724403761904766,1.6150138216366663,1.2511897435897434,3.768557842464651,2.2724403761904766,8.313438594845604,61.49260757181268,45.62871610437152
43,7,21,18.638547083288667,13.229357843488957,13.459158333333333,30.870076518185794,18.638547083288667,68.14717068476313,176.1094612637048,149.65306367283853
43,8,21,529.7645659044596,25.642847598966917,497.27659166666666,59.83636370633686,529.7645659044596,1119.365495515256,938.8973520385605,909.6528175811545
43,9,21,6.978189560922148,3.630275377191945,5.612258333333333,8.471074711397021,6.978189560922148,22.427453833241316,107.75763281259688,96.63745581640002
43,10,21,20.226924836782793,4.017302625946022,20.988733333333332,9.374184365320357,20.226924836782793,49.828034038885946,183.46008538209767,186.88299084364704
43,11,21,23.66282744131107,6.757394129492277,23.633049999999997,15.768057399976716,23.66282744131107,63.09371228259886,198.4312093959557,198.30631659127755
43,12,21,3.4282988936920216,1.0086085221148726,3.4875749999999996,2.3535399543148956,3.4282988936920216,9.210137741698938,75.52939400725737,76.17955631270111
43,13,21,689.740879398241,39.912691537642445,674.7319416666667,93.13436497752387,689.740879398241,1472.6161237740057,1071.3210645360582,1059.6008450984423
43,14,21,62.91755967859548,10.2856153075529,62.57229166666667,24.00099349773448,62.91755967859548,149.83611285492543,323.565788218073,322.6767629274431
43,16,21,93.4482327985089,33.12613829754953,99.46696666666666,77.29826618157821,93.4482327985089,264.194731778596,394.33216883322973,406.8329295095633
43,17,21,24.88001605379647,6.356615124136201,25.492874999999998,14.832858676909927,24.88001605379647,64.59289078450287,203.47075149396125,205.96151096746206
43,18,20,37.58918148740981,53.00216808294709,26.487066666666664,123.67803514783557,37.58918148740981,198.8563981226552,250.09677725842437,209.9392267617782
43,21,21,61.16267239079228,5.551695358764877,60.0123,12.95461673637294,61.16267239079228,135.2799615179575,319.0214520346216,316.00706827537897
43,25,21,2.7630771169312167,1.7802860708376773,3.9363166666666665,4.154212765366211,2.7630771169312167,9.680366999228644,67.80678669995758,80.93226138773915
43,28,14,0.7983338900226756,0.9141461191914636,2.294883720930233,2.1331164355896446,0.7983338900226756,3.7297842156349956,36.44760064802253,61.795521776483994
43,31,12,1.1813446654761905,0.6731257783370098,1.68888,1.5707069480967892,1.1813446654761905,3.9333962790491706,44.33686415785831,53.01222802335325
43,38,21,2577.2134566295535,412.0906477321463,2245.5958666666666,961.5939018673594,2577.2134566295535,6116.020815126467,2070.8653244070647,1933.0472115634768
43,40,21,748.3037390582766,41.92366144449096,672.5401083333333,97.82686748857628,748.3037390582766,1594.4343456051295,1115.875181995268,1057.8784146898292
43,42,21,6.675478560846561,2.0495898461161706,7.407891666666667,4.782620300171461,6.675478560846561,18.133577421864583,105.39447957672488,111.02581561660934
43,46,21,292.34967768866215,30.646491856774517,285.01414166666666,71.51212929796178,292.34967768866215,656.2114846752861,697.4739161244196,688.6679401085354
43,52,21,1.1736740339380196,0.7989688905503491,1.880375,1.8643558575353065,1.1736740339380196,4.211703925411346,44.19268709269515,55.936964522576666
43,56,17,8.208922362278244,7.57189107396854,8.053555555555555,17.668647231869844,8.208922362278244,34.08649195642633,116.87449170298453,115.76319123298408
43,59,6,7.357698239947091,5.650995656970633,3.7407162790697672,13.186329253348893,7.357698239947091,27.901725733243076,110.64903917916305,78.89582934713401
43,60,14,13.540701340280354,5.653788795250821,17.286054054054055,13.192846908510644,13.540701340280354,40.27424958907135,150.1057195120376,169.59951045314355
43,67,21,51.12752575913557,22.083538467986482,44.21134166666667,51.530885350913834,51.12752575913557,153.78593686918498,291.67825229729004,271.2336124696446
43,72,21,6.793933450944822,2.9977001001110484,3.2771909090909093,6.994990426881979,6.793933450944822,20.582857328771624,106.32546854997717,73.84609449881066
43,74,21,26.40040825548684,5.975968291938865,21.402600000000003,13.944637421173011,26.40040825548684,66.74545393214669,209.59551363788805,188.71652391881324
43,79,21,500.3324328959184,65.27936092667669,539.4755916666667,152.32627998316488,500.3324328959184,1152.9911457750015,912.443515149737,947.4636586874102
43,80,21,693.9331309057719,41.48302468341565,647.7126583333334,96.79866259064806,693.9331309057719,1484.664924402192,1074.571882112688,1038.1685140027446
43,81,21,770.8757534003023,39.937334662970784,747.0353583333334,93.19186853692057,770.8757534003023,1634.9433753375251,1132.579910495548,1114.929072303107
43,82,21,328.8666387893493,22.623810745590472,334.67805,52.79158498181074,328.8666387893493,710.5248625605093,739.7527201338818,746.2601926942104
43,83,21,223.28480836834328,39.39363636160478,185.59071666666668,91.92317444272939,223.28480836834328,538.4927911794159,609.5456677927613,555.7184111880165
43,87,20,3.291579100367965,2.162322490430211,2.818890322580645,5.045676557114773,3.291579100367965,11.628834757850704,74.00802404477703,68.48819968997721
43,90,21,2619.501566740699,121.79431262647266,2568.1337,284.2012284148394,2619.501566740699,5523.204361896238,2087.7860539472244,2067.214182613887
43,91,21,1331.5435884198032,86.32860401252213,1315.9505583333332,201.4436863151546,1331.5435884198032,2864.530863154761,1488.5189051975633,1479.7775944602847
43,92,21,3422.478771509751,145.62284368906896,3297.48515,339.8039708850907,3422.478771509751,7184.761513904593,2386.4208924228406,2342.4378945022218
43,93,21,1429.7175868725074,74.11322330124257,1431.1059833333331,172.93967714727484,1429.7175868725074,3032.3748508922895,1542.4169554811865,1543.1656930694987
43,94,21,1967.2589580979588,165.97363376292742,2005.02955,387.291570375397,1967.2589580979588,4321.809486571315,1809.286850191258,1826.5730675776429
43,95,21,2839.687584308239,243.09503983705326,2878.1019250000004,567.2506987672612,2839.687584308239,6246.625867383739,2173.7617487408575,2188.415317804187
43,96,21,909.5912311020272,122.03865724320082,997.142225,284.77139494177464,909.5912311020272,2103.9538571458293,1230.2681856220509,1288.1167114823097
43,97,21,748.9400991423281,39.8959005893537,751.2342583333334,93.09518409931205,748.9400991423281,1590.9753823839683,1116.3495532192567,1118.0580512060485
43,98,21,376.0480407851096,51.56612044454205,380.164375,120.32708637119924,376.0480407851096,872.4231679414185,791.0397839972541,795.3574793764122
44,1,21,326.3632448970987,78.64939231399168,340.64035,183.52461151670133,326.3632448970987,836.2511013108988,736.9317739850632,752.8781723492853
44,2,21,387.2415871303855,23.09842000232035,375.5378166666667,53.89906308050784,387.2415871303855,828.3822373412788,802.7266041342851,790.502958206567
44,3,21,21.184669334996222,3.5351922064456858,22.878583333333335,8.249202660519407,21.184669334996222,50.61854133051185,187.75326834288057,195.11525482818269
44,4,21,305.3988032535147,23.359288091631715,292.13985833333334,54.50778634383374,305.3988032535147,665.3053928508632,712.8699801603715,697.2235826954411
44,5,21,35.106582464021166,13.16262451864236,29.56850833333333,30.714357482636288,35.106582464021166,100.92752241067862,241.69682087303346,221.81523362173903
44,6,17,1.580125571521942,1.6011596386497253,1.20832,3.7362297662296955,1.580125571521942,6.8964809092735795,51.27698266291135,44.840210525821576
44,7,21,17.125256578231294,9.296045062877837,20.40373333333333,21.691878457182927,17.125256578231294,55.94239161364551,168.80884735752707,184.26017547659794
44,8,21,205.180823815873,12.81580087986893,196.92976666666667,29.90506103802308,205.180823815873,440.26670866976906,584.3123230170768,572.4431253262924
44,9,21,2.81130374858792,1.8253479160627792,4.3070916666666665,4.25936243525999,2.81130374858792,9.88196993243583,68.39597530301252,84.65813920311109
44,10,21,5.94712661924689,1.7934487557029732,7.127666666666666,4.184927263664889,5.94712661924689,16.07918050215867,99.47873488553634,108.90563499348109
44,11,21,26.820409519954648,6.857343918866194,25.726983333333333,16.001285473663447,26.820409519954648,69.64210451357275,211.25615125057195,206.90505133192536
44,12,21,3.179003487610802,1.3381242024892894,2.67365,3.122449102245058,3.179003487610802,9.480456077466663,72.7314361427325,66.70047675991529
44,13,21,288.1804708702329,22.540534610348796,280.64506666666665,52.59726408600744,288.1804708702329,628.9582058264732,692.4827099127223,683.3691468989022
44,14,21,28.410720811791386,5.62923224241003,26.51055,13.13554536189089,28.410720811791386,69.95698698547366,217.42915956886017,210.03227180602508
44,16,21,28.205764411337867,4.8145045794859165,32.488733333333336,11.234417159486991,28.205764411337867,67.64594598216273,216.64346743086028,232.51075731386422
44,17,21,9.949122853535354,2.364395850684431,10.553433333333333,5.517205120113379,9.949122853535354,25.415450827184088,128.6675577924864,132.5175953097047
44,18,16,21.21571779077381,20.08202844024044,22.95195,46.860457017247896,21.21571779077381,89.29189259879551,187.89080446857324,195.42785062523714
44,21,21,30.961222839380195,5.333418931812752,28.6909,12.445279088858582,30.961222839380195,74.36772476761897,226.97901842401347,218.49864438938747
44,23,13,1.143087026739927,0.7743013977160454,0.5907272727272728,1.8067954377238844,1.143087026739927,4.092969491203738,43.61303489205078,31.352355283426185
44,25,21,2.1047404785198927,1.2915918462493372,1.1854916666666666,3.013868064926925,2.1047404785198927,7.22334902196671,59.18013312131953,44.41461621283396
44,28,21,3.120271367800453,1.2978486454785871,2.71205,3.0284680079665587,3.120271367800453,9.269010743567465,72.0564470121859,67.17775822398363
44,31,10,0.9306095455555556,0.7291084193760526,0.4784,1.7013397749513395,0.9306095455555556,3.5625588660624508,39.3514203530755,28.214492729801115
44,32,19,1.2277900047619048,0.6385613132238379,1.28329,1.4900524147870773,1.2277900047619048,3.9456324243108867,45.20002840622791,46.21032958116616
44,38,21,1990.5893187082252,215.2267540803438,1821.48595,502.22138109983575,1990.5893187082252,4483.400018516286,1819.9836884792364,1740.9631302241874
44,40,21,641.0645406181405,32.39790462388481,587.3745250000001,75.59896758408705,641.0645406181405,1357.728048820368,1032.8268952678304,988.6309774632798
44,42,13,2.4024705247863247,1.4116029110525319,2.388925,3.2939081694681236,2.4024705247863247,8.098849219040773,63.22745411009718,63.04895875428872
44,46,21,244.9461039204219,27.631580487976372,242.91129166666667,64.47697719523495,244.9461039204219,554.3691850360788,638.4280044950896,635.7707049977479
44,52,21,1.1827404094482237,0.5955771847459451,1.2674416666666666,1.3897509979777083,1.1827404094482237,3.7552318168741556,44.3630481518329,45.92409970084697
44,56,21,32.56393932418745,28.693488241294453,4.576826666666666,66.95488836734205,32.56393932418745,132.08276701571697,232.77971353932008,87.26877776921901
44,59,14,3.348378474036281,2.212702254671364,3.1559166666666667,5.163235337782119,3.348378474036281,11.85999228585468,74.64383283832879,72.46685679214556
44,60,21,15.710176547557207,3.9285904424745173,15.517333333333333,9.167178709848688,15.710176547557207,40.587531804963106,161.68405541405494,160.6886513312831
44,67,21,48.97537109826153,27.344755743233492,42.016016666666665,63.80768531256963,48.97537109826153,161.7584275090927,285.4733218840373,264.4137888487159
44,72,21,5.888024885865457,3.4208622987791144,3.1959166666666667,7.982419265607973,5.888024885865457,19.758469037338887,98.98319761494938,72.92465518144967
44,74,21,12.323780310959938,4.489966637504912,16.3376,10.477123327047579,12.323780310959938,35.12468394896746,143.20185207404734,164.8810674395335
44,79,21,187.27198306230173,19.29423711529945,169.017125,45.02218347676306,187.27198306230173,419.56614960136653,558.2298628841618,530.3248966435575
44,80,21,203.9877150831444,13.647714923661884,198.93056666666666,31.846292841733135,203.9877150831444,439.82172300802193,582.6109833313755,575.3437780434697
44,81,21,307.3191495207449,24.077211724447693,291.94983333333334,56.183026951989994,307.3191495207449,670.8213259934797,715.1077295083024,696.9967881322458
44,82,21,161.8680628526077,28.383632733626335,158.83441666666667,66.23185529616363,161.8680628526077,389.96798100137903,518.9879156461537,514.1016138209774
44,83,21,40.974341025774756,7.570733203866116,33.507583333333336,17.665945397126027,40.974341025774756,99.61462744867553,261.11549832763507,236.12839445239675
44,85,21,6.400466618978904,2.8395744335273303,6.660818604651164,6.62601171418271,6.400466618978904,19.42694495214052,103.20066111213094,105.2786880528986
44,87,21,10.462705992668178,3.2225946255289495,8.325541666666666,7.519771091998582,10.462705992668178,28.44518307733494,131.94674217956216,117.70174736737485
44,90,21,1341.7298597600975,55.07015772012279,1266.21585,128.50359048420805,1341.7298597600975,2811.963310004403,1494.2016218170834,1451.5450989893493
44,91,21,748.8076614718409,40.710712058043114,717.0376166666666,94.99650785847828,748.8076614718409,1592.61183080216,1116.250844877236,1092.314329363729
44,92,21,1689.936890042177,105.81730398531668,1567.18595,246.91963960915584,1689.936890042177,3626.79341969351,1676.9183000463029,1614.8676171129323
44,93,21,467.4421949068784,31.260850065676852,438.59919999999994,72.9457049214169,467.4421949068784,1007.8300947351737,881.9432024371217,854.3003387568098
44,94,21,970.9333406435884,62.30202077801473,925.847175,145.378798533406,970.9333406435884,2087.2454798205827,1271.0755598432893,1241.2129950979404
44,95,21,1278.4747790198035,80.4675395356566,1217.5628,187.767171474496,1278.4747790198035,2744.716729514103,1458.554775210363,1423.384873883378
44,96,21,98.37475061020409,11.98387419566372,111.16406666666666,27.96379973851299,98.37475061020409,224.71330095892117,404.5931104398338,430.08953362449233
44,97,21,262.5619303984745,16.778249766214152,264.22405833333335,39.15124681423439,262.5619303984745,564.2751076111833,660.9864235996542,663.0752846145501
44,98,21,135.4786214138322,9.618816573879098,130.07028333333332,22.445050407052232,135.4786214138322,293.40229323471664,474.80145959402523,465.22784898011713
45,1,21,837.5005640801207,549.414822920116,739.8719583333333,1282.0333250050267,837.5005640801207,2957.034453165268,1180.508762622845,1109.5706100409593
45,2,21,1400.4475003861128,86.52724483646546,1433.1294083333332,201.90720521813623,1400.4475003861128,3002.802205990362,1526.546638869082,1544.2562402226731
45,3,21,300.7946950452759,28.92362887067656,373.1150916666666,67.49191056622871,300.7946950452759,669.0813006567805,707.4760579378916,787.9489276173509
45,4,21,990.7074019368239,61.71409179462415,989.9309583333334,144.00689424906778,990.7074019368239,2125.4216981227155,1283.9537050933243,1283.4504722297106
45,5,21,569.768270273545,154.1820202093336,652.0979916666666,359.7764016893016,569.768270273545,1499.3129422363916,973.7013924890828,1041.6770411856705
45,6,21,108.42725683582768,37.40702999984679,146.417425,87.28752310390293,108.42725683582768,304.14203677555827,424.76223393189895,493.59760453227483
45,7,21,646.8325503710506,286.5354566251555,1081.511775,668.6168426191034,646.8325503710506,1962.2819433612046,1037.4629457563428,1341.5049733787794
45,8,21,1375.480083951721,68.56900148999574,1364.9301166666667,160.00249957812935,1375.480083951721,2910.9626674815718,1512.8776750602356,1507.064601844703
45,9,21,590.4928996224696,107.84641185242067,632.40445,251.6544661866969,590.4928996224696,1432.6402654316362,991.2518272224215,1025.8269858021868
45,10,21,550.6075394837284,65.71034641864908,559.9952916666667,153.33196410425498,550.6075394837284,1254.5470430717116,957.1890856570211,965.3145421743803
45,11,21,516.0645239054766,156.84518406067644,564.739125,365.9907677109965,516.0645239054766,1398.1198155219497,926.6775964588294,969.3946069583841
45,12,21,139.3276026558785,20.724519997564347,143.8202,48.359680469476075,139.3276026558785,327.0148857812331,481.4988378172701,489.20017661484957
45,13,21,1073.1154637874047,55.21668993909379,1065.33815,128.84551643900716,1073.1154637874047,2275.0764440138164,1336.2874435323567,1331.4363227732672
45,14,21,477.08336485079366,68.43260555984413,514.56725,159.68422617057908,477.08336485079366,1113.8509558721664,890.9919859974727,925.332320844787
45,16,21,603.7441119709752,270.47063588248903,642.991025,631.1303484563404,603.7441119709752,1838.6185723982908,1002.3124274993813,1034.3776223410869
45,17,21,424.2573050100529,46.27247717352834,425.4504166666666,107.97462189261533,424.2573050100529,956.4892319127212,840.2167312882599,841.3973456894984
45,18,20,175.25084480293648,248.3986733617856,373.75218181818184,579.6264750271407,175.25084480293648,930.1281646330137,540.0161161966246,788.6213480152909
45,19,21,57.25231689153439,9.999907587171373,55.581050000000005,23.33430813822136,57.25231689153439,137.83894192129014,308.65491298133134,304.1165355583284
45,20,21,185.1082279884354,23.6934189966549,197.30799166666668,55.28746489869519,185.1082279884354,425.503920875566,554.9955777956762,572.9925812201527
45,21,21,153.29141364928194,19.519320372784954,159.83660833333332,45.5474045391716,153.29141364928194,352.1302318377355,505.0513957137482,515.7209674491301
45,22,21,333.34046883716076,60.43706720520909,331.1763916666667,141.0270181842405,333.34046883716076,807.707955858562,744.7674403094132,742.3459542109282
45,23,21,783.7804524714493,113.19820429570564,941.5109083333333,264.14261898959097,783.7804524714493,1831.7035239324896,1142.0204345424347,1251.6685469670742
45,24,21,175.31653986463957,42.60738702063108,225.56095833333333,99.42230856006215,175.31653986463957,450.0553882893413,540.1173227501228,612.6446234699744
45,25,21,321.7418727218443,61.314521381748975,345.4539833333333,143.07451571899946,321.7418727218443,786.558261162688,731.6956171859641,758.1790212520172
45,26,21,275.4234233806982,51.76088680431641,303.6358,120.78156439655268,275.4234233806982,671.628411157949,676.9819617282885,710.8093775408425
45,27,21,57.41771374610733,11.717783013521101,54.52650833333333,27.34288863679992,57.41771374610733,142.17831612901458,309.1004297530539,301.21771174130294
45,28,21,30.667621932646192,5.349767524179236,25.57525,12.483427750591728,30.667621932646192,73.81867161588411,225.90024988017004,206.29400379070643
45,29,21,182.18213360648664,32.20649090137951,200.44354166666668,75.15231277814138,182.18213360648664,439.51657999111467,550.5915639756877,577.5275346971201
45,30,21,120.2742116180925,20.382784274422157,122.052825,47.56225643369122,120.2742116180925,288.1106796698762,447.36594431461356,450.66162561283164
45,31,21,85.15136842645504,16.313051179248983,107.99638333333333,38.06572806527753,85.15136842645504,208.3684649181876,376.4198149162995,423.9174234053923
45,32,21,184.37723865778878,60.52185415736377,208.00744166666667,141.22486449936204,184.37723865778878,509.97934181493963,553.898659617949,588.3233659590051
45,33,21,170.35240150083143,43.30915601023615,216.504775,101.05985307760353,170.35240150083143,441.7646560792664,532.4156234535042,600.2199143647268
45,34,21,537.6801968743696,130.26492011505368,547.7887166666667,303.9669876014586,537.6801968743696,1379.3273813501978,945.885747645534,954.7357878142692
45,35,21,97.31244767571636,28.705315315890505,107.56783333333334,66.98248628268199,97.31244767571636,261.6073816341147,402.40267510590934,423.07549523302185
45,36,21,66.16953253602694,28.187670872249868,76.45361666666666,65.77458762475393,66.16953253602694,198.1136526968078,331.82239547678034,356.6774707397894
45,38,21,2312.866239410823,179.3028485646934,2174.2355166666666,418.39465835032576,2312.866239410823,5044.127137171971,1961.787303042715,1902.0851452375452
45,40,21,1668.9242354422524,94.23470395538095,1534.61185,219.89219402685694,1668.9242354422524,3557.740664911362,1666.460298889808,1597.9969081321779
45,41,21,102.02640412631072,29.27811609280285,114.41740833333334,68.31908961764002,102.02640412631072,272.3718978702615,412.0339020835313,436.3376759651482
45,42,21,188.90304254345497,17.489914882962506,180.13648333333333,40.81188347319042,188.90304254345497,418.6179685601004,560.6555652022987,547.4916513214304
45,44,21,99.78390962161754,17.383628868627316,103.58355833333333,40.5638701203008,99.78390962161754,240.13168936353588,407.48058310841213,415.1662812255671
45,46,21,569.4995997065553,61.46203887106517,586.0009666666666,143.4187407552285,569.4995997065553,1282.417940168339,973.4717941017644,987.4743584181481
45,52,21,59.723214251095996,13.76151935705472,60.36386666666667,32.11185006745099,59.723214251095996,151.558278569643,315.2450293245299,316.93133977777165
45,54,11,1.9428218163977435,1.4303028644047535,1.1914736842105265,3.337543620084776,1.9428218163977435,7.223187252880264,56.85820523447645,44.526533780728045
45,55,21,208.41339997624544,49.89258433959095,261.11881666666665,116.42196956757347,208.41339997624544,533.2487695200643,588.897187597693,659.1674377070923
45,56,21,227.37977202363774,135.7291364628452,145.10953333333333,316.71747623165805,227.37977202363774,771.4770202789335,615.1096980598934,491.38809862131035
45,58,21,61.93539723902553,61.5090840303939,54.41589333333334,143.52851839413353,61.93539723902553,267.39931287218457,321.03037396130986,300.9120245298726
45,59,21,16.499269362131518,18.70783340038311,20.227883333333335,43.65383833377298,16.499269362131518,76.65237705803602,165.6948527220651,183.46443215693517
45,60,21,8.454610637717309,2.673153345801656,6.915333333333334,6.237676031293934,8.454610637717309,23.14689730672855,118.61059017289139,107.27122012295128
45,67,21,263.2345048839071,99.48571254299686,276.8032,232.14517250208456,263.2345048839071,758.6141822698987,661.8324683232316,678.6755666737974
45,71,21,192.2836506386587,40.87579776964825,179.80665833333333,95.38172750478316,192.2836506386587,479.9490287821006,565.650063787434,546.990200521606
45,72,21,1456.1751930217756,340.553156075839,1597.9674750000001,794.6645718518314,1456.1751930217756,3707.0149578953824,1556.6231146903333,1630.6495265384283
45,74,21,434.8518636159623,51.04829448181262,423.5015833333334,119.11876414712182,434.8518636159623,988.8224913790465,850.6429927160755,839.4680664960798
45,79,21,607.7687747174602,44.897391626383815,600.8679333333333,104.76592525279356,607.7687747174602,1320.303474687714,1005.6476724628034,999.9221175004915
45,80,21,36.32789166191851,5.284184468701752,33.967954285714285,12.330392813836822,36.32789166191851,84.98617613767384,245.86502745496847,237.7449808753669
45,81,21,574.9440344284958,31.238359861712052,595.9677583333333,72.89322510149543,574.9440344284958,1222.781293958487,978.1139367624904,995.8365075988461
45,82,21,535.0716237348312,134.95220343771865,563.9932749999999,314.9045400166953,535.0716237348312,1385.0477874863577,943.588460026276,968.7542565583905
45,83,21,29.448365195884012,6.005173293005368,28.011916666666664,14.01278590035867,29.448365195884012,72.9095162921267,221.3641336936745,215.89772887488493
45,85,21,69.57293575661376,17.513334844968306,80.58540833333333,40.86653283922355,69.57293575661376,180.01240435245109,340.2489751623145,366.18863918295807
45,87,21,257.4955993237065,45.183008029580535,232.16174166666667,105.43239752800466,257.4955993237065,620.4235961754176,654.5782438140208,621.5441562216906
45,90,21,1018.3517255314437,44.80142091966276,981.5641666666667,104.54198217898508,1018.3517255314437,2141.2454332418724,1301.743934606312,1278.0151694457047
45,91,21,706.2019680081564,56.23930741652076,698.5002333333333,131.2317456234072,706.2019680081564,1543.6356816397201,1084.02955437828,1078.1022160568386
45,92,21,2066.312508933409,108.76224407625986,1956.0003916666667,253.79151706718622,2066.312508933409,4386.416534934004,1854.2772216864425,1804.1021733076354
45,93,21,81.89381535211297,17.656219661622465,103.54478333333333,41.19994775441323,81.89381535211297,204.98757845863918,369.14943958499515,415.0885682196833
45,94,21,151.76169737615615,60.4177926242907,185.50506666666666,140.98204186756314,151.76169737615615,444.50543661987547,502.5250883626844,555.5901645397742
45,95,21,2090.3172303347696,94.62909840423961,2201.0535833333333,220.81249469138288,2090.3172303347696,4401.446955360922,1865.0168554940883,1913.7798103926864
45,97,21,261.5003670514808,17.585838252817915,265.3064083333333,41.035716088677205,261.5003670514808,564.0364501916388,659.6488541441303,664.4319855836764
45,98,21,32.366708245165945,5.771926775945571,34.71534,13.468516260484954,32.366708245165945,78.20193275081684,232.0737006210659,240.34626221349896
