Store,Dept,total_demand_units,A_naive_orders,A_naive_ordering_cost,A_naive_holding_cost,A_naive_stockout_cost,A_naive_lost_units,A_naive_end_on_hand,A_naive_end_inventory_position,A_naive_total_cost,B_static_orders,B_static_ordering_cost,B_static_holding_cost,B_static_stockout_cost,B_static_lost_units,B_static_end_on_hand,B_static_end_inventory_position,B_static_total_cost,C_forecast_orders,C_forecast_ordering_cost,C_forecast_holding_cost,C_forecast_stockout_cost,C_forecast_lost_units,C_forecast_end_on_hand,C_forecast_end_inventory_position,C_forecast_total_cost,C_final_reorder_point,Reorder_Alert
1,1,16221.734399999998,22,2200.0,9575.092055288465,0.0,0.0,4907.6796250000025,6745.019975000003,11775.092055288465,13,1300.0,2735.524598216209,61.63413093460349,6.163413093460349,140.76040619065407,2613.546018571962,4097.158729150813,12,1200.0,4245.759825006568,0.0,0.0,2174.34902963733,2174.34902963733,5445.759825006568,2030.4899243885006,Stock OK
1,2,40692.922000000006,22,2200.0,4431.130240384616,0.0,0.0,1916.755333333333,5621.944666666666,6631.130240384616,22,2200.0,3253.3390950154853,0.0,0.0,1735.967606856971,5247.501474176683,5453.339095015485,20,2000.0,3593.51167409202,0.0,0.0,406.80558404145177,2183.9027632435245,5593.51167409202,2007.6818589753116,Stock OK
1,3,15489.938000000002,22,2200.0,1557.7555088141019,41909.28641666666,4190.928641666666,438.8016333333331,1459.4808499999997,45667.041925480764,13,1300.0,1292.604685191858,35398.47194706283,3539.8471947062835,639.2070716383689,1560.7303259660425,37991.07663225469,14,1400.0,1504.747965965154,6678.149816371995,667.8149816371995,269.1794333467279,1116.6971600160734,9582.89778233715,480.4745353423722,Stock OK
1,4,33589.5524,22,2200.0,1190.427266626602,1292.6866666666774,129.26866666666774,217.95290833333274,3146.495224999999,4683.11393329328,21,2100.0,2754.3540424289413,0.0,0.0,461.2033821707141,3583.092046083421,4854.354042428941,20,2000.0,2930.5683094465962,0.0,0.0,596.4264468801841,2164.487782242299,4930.568309446597,1625.8384128787577,Stock OK
1,5,17948.5916,22,2200.0,9669.424507211541,0.0,0.0,5533.099125000002,7574.985275000002,11869.424507211541,13,1300.0,3012.771549839254,0.0,0.0,755.0271146389434,2058.426238775522,4312.771549839254,13,1300.0,3378.348219370042,0.0,0.0,1834.3311445005063,1834.3311445005063,4678.348219370042,1440.1856195601795,Stock OK
1,6,2936.3376000000003,22,2200.0,2328.281069711539,0.0,0.0,1555.129808333334,1945.6921916666674,4528.281069711539,5,500.0,1167.615297025507,0.0,0.0,499.7160678411108,499.7160678411108,1667.615297025507,6,600.0,997.4941628972972,0.0,0.0,230.27349097461325,746.4269941695359,1597.4941628972972,306.20734317342055,Stock OK
1,7,18397.153199999997,22,2200.0,7533.549098557699,0.0,0.0,5491.905475000006,7569.214925000007,9733.549098557698,14,1400.0,2965.091790014912,0.0,0.0,494.68783131451687,3124.0006407002693,4365.0917900149125,14,1400.0,3646.4937808077743,0.0,0.0,974.3152755530598,2135.422725592564,5046.493780807774,1727.699395569985,Stock OK
1,8,33596.3564,22,2200.0,727.7824439102577,16412.479416666614,1641.2479416666615,0.0,2778.7050833333337,19340.261860576873,22,2200.0,2796.010793024589,0.0,0.0,981.4538009966273,4022.42905859629,4996.010793024589,20,2000.0,2282.4782296602125,0.0,0.0,203.21811259745664,1762.7716329973227,4282.4782296602125,1698.7166090835865,Stock OK
1,9,27560.303200000006,22,2200.0,2543.2552123397404,15153.581166666685,1515.3581166666686,0.0,2264.777833333333,19896.836379006425,19,1900.0,1699.4812279133523,8272.991933397368,827.2991933397368,0.0,2745.392618430619,11872.473161310721,18,1800.0,3009.472459646894,0.0,0.0,1433.7419682471493,2780.9460955233153,4809.472459646894,2021.5448819135977,Stock OK
1,10,27418.514400000004,22,2200.0,1934.2038100961595,0.0,0.0,1394.4456083333366,3899.92039166667,4134.20381009616,18,1800.0,2456.793184403578,3585.4177840220405,358.54177840220405,1242.8194174563741,2686.6182329889725,7842.2109684256175,18,1800.0,3058.747007675455,0.0,0.0,1373.9025215708984,2846.5028007809515,4858.747007675454,1611.2841903010774,Stock OK
1,11,22524.2272,22,2200.0,2185.234858774039,13209.943583333326,1320.9943583333327,2501.4471000000003,4562.723616666667,17595.178442107364,15,1500.0,2436.298099391461,11112.899153744835,1111.2899153744834,1322.5760385020637,2632.1492750439024,15049.197253136295,15,1500.0,2432.0895951174325,0.0,0.0,792.933114484382,2057.010960702156,3932.0895951174325,1190.405241911717,Stock OK
1,12,9538.1528,22,2200.0,753.9331009615378,0.0,0.0,361.9223499999994,1222.7984499999993,2953.933100961538,11,1100.0,1078.770701971701,0.0,0.0,216.31038094586853,1062.6252840404554,2178.770701971701,11,1100.0,1554.0540444404146,0.0,0.0,192.204545629935,1036.1088651929285,2654.0540444404146,521.6925770861559,Stock OK
1,13,35653.1428,22,2200.0,1255.341097756411,9615.727333333323,961.5727333333323,0.0,3016.658266666667,13071.068431089734,22,2200.0,2443.75848985877,0.0,0.0,556.9179176785688,3725.425249446426,4643.75848985877,21,2100.0,2979.2649847267794,0.0,0.0,981.2430640882667,2586.71298729268,5079.264984726779,1804.3597913237318,Stock OK
1,14,11637.062000000002,22,2200.0,4038.3249158653857,0.0,0.0,2781.4998083333353,4035.287791666669,6238.324915865385,11,1100.0,1718.677618001822,0.0,0.0,457.0993142522875,1478.4472481775163,2818.6776180018223,11,1100.0,2019.7263321872365,0.0,0.0,498.35194230337584,1523.8251390337134,3119.7263321872365,789.8887902720119,Stock OK
1,16,20301.5812,22,2200.0,2261.018018830128,29514.845916666673,2951.4845916666673,3749.5994999999994,5584.355683333332,33975.8639354968,15,1500.0,2122.196104944816,15022.512262493774,1502.2512262493774,1250.1266468765557,2485.6496715642115,18644.70836743859,12,1200.0,3136.839485735516,4596.261250000002,459.62612500000023,1182.5980046100772,1182.5980046100772,8933.10073573552,807.386467492742,Stock OK
1,17,6968.2015999999985,22,2200.0,2498.348461538463,0.0,0.0,1402.616966666668,2130.5142333333347,4698.348461538463,9,900.0,1262.6058900214014,0.0,0.0,349.32286988028784,1127.5326911153238,2162.605890021401,8,800.0,1370.9349532253389,0.0,0.0,434.15089866680626,434.15089866680626,2170.934953225339,433.0674689207217,Stock OK
1,19,1001.6664000000001,22,2200.0,138.903425480769,0.0,0.0,27.619441666666503,117.12255833333316,2338.903425480769,4,400.0,386.9047729943325,0.0,0.0,224.13098560122347,224.13098560122347,786.9047729943325,4,400.0,458.5313060926241,0.0,0.0,228.69111288096667,228.69111288096667,858.5313060926242,82.45650542609133,Stock OK
1,20,3628.3948,22,2200.0,121.19489583333335,1734.638666666666,173.4638666666666,136.52328333333332,448.82364999999993,4055.833562499999,7,700.0,639.8231256031703,190.92282426996292,19.09228242699629,427.3214234306715,427.3214234306715,1530.7459498731332,7,700.0,944.0899618211171,0.0,0.0,564.290771221036,564.290771221036,1644.089961821117,231.52510002108775,Stock OK
1,21,6325.4292000000005,22,2200.0,1929.2533533653857,0.0,0.0,971.606958333334,1606.1318416666675,4129.253353365386,9,900.0,1169.8040441016497,0.0,0.0,439.0322933783836,1165.6165644256816,2069.8040441016497,9,900.0,1278.552525115783,0.0,0.0,387.4199470200767,1107.5526747725862,2178.5525251157833,407.6618111676918,Stock OK
1,22,6063.7548,22,2200.0,2830.9148677884605,0.0,0.0,1497.8101083333322,2155.3374916666653,5030.9148677884605,8,800.0,1111.2943516280848,0.0,0.0,99.99475998404967,839.6316864103425,1911.2943516280848,8,800.0,1223.3784175791418,0.0,0.0,188.20794918661136,940.4467597846987,2023.3784175791418,435.4269018559628,Stock OK
1,23,18211.664000000004,22,2200.0,2519.854314903846,0.0,0.0,1872.482058333333,3618.9295416666664,4719.854314903846,15,1500.0,2088.858994804633,3018.597797781814,301.8597797781814,380.3643720136364,2791.210120819091,6607.456792586447,15,1500.0,2211.744335530312,0.0,0.0,953.034349853404,2134.8220016286473,3711.744335530312,1065.54926462525,Stock OK
1,24,5853.270799999999,22,2200.0,931.7593699919873,4400.893749999999,440.0893749999999,5.524466666666854,476.71628333333354,7532.653119991986,8,800.0,832.2927645468499,8912.471029922282,891.2471029922283,127.63386200129526,753.7581240025905,10544.763794469132,9,900.0,926.4265344361241,3239.6789188920093,323.9678918892009,475.3751064886393,475.3751064886393,5066.105453328133,341.2372066502602,Stock OK
1,25,8415.326,22,2200.0,1395.1082211538471,0.0,0.0,771.3961000000008,1570.241500000001,3595.108221153847,10,1000.0,1308.2282973840427,0.0,0.0,120.22969125605022,935.4838680622779,2308.228297384043,10,1000.0,1472.8930299708288,0.0,0.0,168.70355130306433,989.3437125589603,2472.893029970829,556.238107992538,Stock OK
1,26,5325.9472000000005,22,2200.0,1822.8745552884602,0.0,0.0,604.7777916666655,1120.493008333332,4022.87455528846,8,800.0,920.7226147783009,454.93498023909694,45.493498023909694,78.38661282934834,733.4248256586967,2175.657595017398,8,800.0,1114.7173969207684,0.0,0.0,809.6512019311988,809.6512019311988,1914.7173969207684,413.98257908618484,Stock OK
1,27,1063.3048000000001,22,2200.0,503.0330769230768,0.0,0.0,219.6865666666667,331.2510333333334,2703.033076923077,4,400.0,449.95484060233855,0.0,0.0,18.04120328201003,322.7076377093467,849.9548406023385,4,400.0,448.15259604375,0.0,0.0,68.9844770643429,390.63200275245725,848.15259604375,89.79101690180504,Stock OK
1,28,364.4972,22,2200.0,288.3969110576923,0.0,0.0,148.2818583333333,192.87134166666664,2488.3969110576923,2,200.0,281.2736128764198,0.0,0.0,87.60618409431775,87.60618409431775,481.2736128764198,2,200.0,302.087158231551,0.0,0.0,119.41299078143514,119.41299078143514,502.087158231551,40.645236607369256,Stock OK
1,29,3334.5080000000003,22,2200.0,1539.774747596153,0.0,0.0,921.0380583333331,1291.0855416666664,3739.7747475961532,6,600.0,937.8537976824405,0.0,0.0,549.7766787755314,549.7766787755314,1537.8537976824405,6,600.0,965.0046410348382,0.0,0.0,627.8530713409853,627.8530713409853,1565.0046410348382,235.06340229021393,Stock OK
1,30,2546.0663999999997,22,2200.0,769.0128485576921,0.0,0.0,576.7929083333331,848.3458916666664,2969.012848557692,6,600.0,769.7730428324953,0.0,0.0,237.87874719719662,713.201881636636,1369.7730428324953,5,500.0,805.0592794349409,0.0,0.0,262.3438712415591,262.3438712415591,1305.059279434941,163.49926082579424,Stock OK
1,31,2218.7372,22,2200.0,526.9078816105767,3013.6162500000023,301.36162500000023,305.0322,498.28504999999996,5740.5241316105785,5,500.0,608.2591739296589,2579.3344744162346,257.93344744162346,333.9843183722511,333.9843183722511,3687.5936483458936,6,600.0,591.3778393830918,94.8371139071412,9.48371139071412,257.718306804643,257.718306804643,1286.2149532902329,114.61682375721614,Stock OK
1,32,5259.6212,22,2200.0,3814.4286057692316,0.0,0.0,2566.472266666667,3247.002133333334,6014.428605769232,7,700.0,1466.3906203756478,0.0,0.0,275.9527270891647,1028.4159149373588,2166.390620375648,7,700.0,1673.0301482446644,0.0,0.0,294.0638112728684,1049.5455131516796,2373.0301482446644,419.3101440852684,Stock OK
1,33,5736.2272,22,2200.0,609.7825841346154,5515.941499999999,551.5941499999999,40.49506666666679,494.85403333333346,8325.724084134614,9,900.0,774.7820260920464,4036.0871480610263,403.6087148061026,267.6297811163385,882.4685081551179,5710.869174153073,10,1000.0,825.9219619637923,480.95940250499666,48.095940250499666,709.5845398330002,709.5845398330002,2306.881364468789,341.0105178625379,Stock OK
1,34,9856.9036,22,2200.0,544.7647155448719,2312.490999999999,231.24909999999988,562.8724666666668,1448.8313333333335,5057.255715544871,11,1100.0,1162.0534000827718,467.97665770821595,46.797665770821595,962.944342291784,962.944342291784,2730.030057790988,11,1100.0,1560.8584910221866,0.0,0.0,414.1346021444572,1308.344592358903,2660.8584910221866,622.9184126749145,Stock OK
1,35,1802.6843999999999,22,2200.0,748.7969471153846,0.0,0.0,635.84575,847.89185,2948.7969471153847,5,500.0,697.9007150830354,0.0,0.0,195.49119996083505,615.5178124510438,1197.9007150830353,4,400.0,696.9470993553454,0.0,0.0,227.81218267737046,227.81218267737046,1096.9470993553455,123.73790745712394,Stock OK
1,36,1291.0580000000004,22,2200.0,402.80931490384614,3394.7209999999995,339.47209999999995,433.69719999999984,554.1565999999998,5997.5303149038455,4,400.0,421.36729409806566,1029.319670306693,102.9319670306693,258.8787989079922,258.8787989079922,1850.6869644047588,3,300.0,578.0994125246217,920.309,92.0309,221.36152081365685,221.36152081365685,1798.4084125246218,107.71695037324824,Stock OK
1,37,2480.3044,22,2200.0,144.05671875000013,0.0,0.0,99.17262500000012,323.47497500000014,2344.05671875,6,600.0,636.3552768744157,0.0,0.0,448.1182581495443,448.1182581495443,1236.3552768744157,6,600.0,677.203096885816,0.0,0.0,439.612935715999,439.612935715999,1277.203096885816,133.980086874662,Stock OK
1,38,65708.2956,22,2200.0,10824.655024038462,0.0,0.0,4654.195650000002,10772.673150000002,13024.655024038462,21,2100.0,3844.2946770835,0.0,0.0,2131.3975795239503,6643.857343333485,5944.294677083501,21,2100.0,5364.02652278932,0.0,0.0,2941.4529013784913,5228.838757200741,7464.02652278932,3649.193851252559,Stock OK
1,40,50594.6848,22,2200.0,7003.91917067307,0.0,0.0,2366.1971583333298,6971.491241666663,9203.91917067307,22,2200.0,3466.9210992775893,0.0,0.0,1334.5721021886202,5249.469126291979,5666.92109927759,21,2100.0,3952.0471215616953,0.0,0.0,1111.5437589140129,3147.82955136465,6052.047121561695,2515.2044830875175,Stock OK
1,41,733.1836000000001,22,2200.0,785.9565625000002,0.0,0.0,318.84521666666683,410.3259833333335,2985.9565625000005,3,300.0,437.0494898573851,116.22420258032783,11.622420258032783,243.3120594839345,243.3120594839345,853.273692437713,4,400.0,361.2321684376506,0.0,0.0,54.584715150134286,271.4337702001791,761.2321684376507,101.35299488922442,Stock OK
1,42,7005.630000000001,22,2200.0,352.7299759615378,0.0,0.0,225.83181666666633,854.654583333333,2552.729975961538,10,1000.0,988.7416641701798,270.88245578912336,27.088245578912336,474.5022154738071,1197.814417684351,2259.6241199593032,9,900.0,1247.235867648927,0.0,0.0,549.7853066955165,549.7853066955165,2147.235867648927,385.5396322590547,Stock OK
1,44,4549.823599999999,22,2200.0,845.6688701923083,0.0,0.0,27.152250000000436,425.15015000000045,3045.6688701923085,8,800.0,791.0694139604649,958.1665933140571,95.8166593314057,171.08851626743763,746.5311744011565,2549.236007274522,8,800.0,826.656902527165,0.0,0.0,487.87724242944114,487.87724242944114,1626.6569025271651,330.7063707107891,Stock OK
1,46,16616.6236,22,2200.0,2904.7303605769234,0.0,0.0,2045.5062499999997,3668.3001499999996,5104.730360576923,14,1400.0,2116.7277847119467,0.0,0.0,923.1226747832914,2085.0884766896984,3516.7277847119467,13,1300.0,2238.875389220616,0.0,0.0,1016.8211492773182,1016.8211492773182,3538.875389220616,920.3254084543723,Stock OK
1,49,9166.898800000003,22,2200.0,2806.2850961538434,0.0,0.0,1513.8388999999984,2442.598699999998,5006.285096153843,10,1000.0,1416.3707359999908,625.3480388528862,62.534803885288625,200.2218701433892,1079.271444172067,3041.718774852877,10,1000.0,1918.8183632533955,0.0,0.0,338.4859204041427,1239.8464782268252,2918.8183632533955,575.4513507280197,Stock OK
1,52,1686.7776,22,2200.0,830.3210456730776,0.0,0.0,484.26159166666685,673.0476083333335,3030.3210456730776,5,500.0,591.3657922070485,0.0,0.0,181.68356199223493,578.0040962402936,1091.3657922070483,5,500.0,646.6068477670805,0.0,0.0,120.90389361850907,502.02951077313634,1146.6068477670806,132.5836479752511,Stock OK
1,55,8324.9536,22,2200.0,6518.175649038458,0.0,0.0,4092.7176499999987,5172.515149999999,8718.175649038458,9,900.0,2118.64580758738,0.0,0.0,877.4240543582223,1825.2592299030002,3018.64580758738,8,800.0,2127.496020024596,0.0,0.0,701.8060703956278,701.8060703956278,2927.496020024596,679.2760569851994,Stock OK
1,56,1713.5392000000002,22,2200.0,2386.394399038461,0.0,0.0,1876.524283333333,2188.7037166666664,4586.394399038461,4,400.0,1080.5884666089712,0.0,0.0,283.65100643162634,793.2913585755018,1480.5884666089712,3,300.0,1163.4221835333542,0.0,0.0,809.6128288179552,809.6128288179552,1463.4221835333542,141.30572946062136,Stock OK
1,58,3251.1187999999997,22,2200.0,277.1068118990383,3204.22191666667,320.422191666667,0.0,254.84318333333331,5681.328728565708,7,700.0,560.1814495384576,3547.2081424762664,354.72081424762666,248.66664215047467,709.1332843009493,4807.389592014724,8,800.0,740.0770122841222,0.0,0.0,1.5671470185361045,411.62731444975554,1540.0770122841222,257.94897453845886,Stock OK
1,59,150.8232,22,2200.0,697.4907091346154,0.0,0.0,471.20585833333325,525.2953416666666,2897.4907091346154,1,100.0,422.8283532153983,0.0,0.0,142.4488342970071,142.4488342970071,522.8283532153982,1,100.0,434.2807840077666,0.0,0.0,104.7854836472309,104.7854836472309,534.2807840077667,72.03688890294978,Stock OK
1,60,824.712,22,2200.0,229.91322115384642,0.0,0.0,123.88850000000016,206.3755000000002,2429.9132211538463,3,300.0,353.9299009139683,0.0,0.0,84.93367099493645,84.93367099493645,653.9299009139684,3,300.0,399.0467170694031,0.0,0.0,93.88631731716583,93.88631731716583,699.046717069403,60.87954001180988,Stock OK
1,67,5721.2068,22,2200.0,1360.7181810897434,306.52466666666726,30.652466666666726,923.2351999999996,1498.3473333333327,3867.242847756411,8,800.0,1099.6673919608295,0.0,0.0,675.318181281327,675.318181281327,1899.6673919608295,8,800.0,1772.8311028754733,0.0,0.0,930.0412090718148,930.0412090718148,2572.8311028754733,540.8118020054613,Stock OK
1,71,2124.4304,22,2200.0,572.8123798076923,0.0,0.0,462.06334999999996,686.9758499999999,2772.812379807692,5,500.0,607.3741316943613,92.7961930986551,9.27961930986551,385.12804603520186,385.12804603520186,1200.1703247930163,5,500.0,920.0758151166788,0.0,0.0,497.8559604974799,497.8559604974799,1420.0758151166788,211.59810130221513,Stock OK
1,72,36738.4728,22,2200.0,14854.506201923072,0.0,0.0,8140.739499999998,12043.279699999997,17054.50620192307,20,2000.0,4154.377399331579,0.0,0.0,1549.8863119320072,5153.725068813341,6154.377399331579,18,1800.0,4819.618628613453,0.0,0.0,3365.3522591779815,3365.3522591779815,6619.618628613453,2703.496102228979,Stock OK
1,74,10440.8936,22,2200.0,306.44481370192307,7220.180000000002,722.0180000000003,462.66204999999985,1348.0131499999998,9726.624813701925,12,1200.0,979.6129824842257,801.3785033393663,80.13785033393663,408.14299666063147,1266.4040963266946,2980.9914858235916,11,1100.0,1436.3943156574273,0.0,0.0,637.9402567888103,637.9402567888103,2536.3943156574273,566.7745190397839,Stock OK
1,79,30569.225999999995,22,2200.0,1913.1027644230817,0.0,0.0,573.6591166666701,3281.736083333337,4113.102764423082,19,1900.0,2349.2640181702304,5877.343284367691,587.7343284367691,1099.3375107816155,4101.416814375487,10126.607302537921,19,1900.0,3299.9091958651943,0.0,0.0,1377.4632624228875,2926.606252001937,5199.909195865194,1553.784089273281,Stock OK
1,80,17333.61,22,2200.0,256.6831009615384,17653.25533333333,1765.3255333333332,0.0,1353.7638666666667,20109.93843429487,15,1500.0,1052.980123648077,7894.91976249365,789.4919762493649,344.5552787500487,1405.8429575000976,10447.899886141728,15,1500.0,1824.4731649482346,0.0,0.0,231.72016550432488,1341.3404773260622,3324.4731649482346,886.488767847805,Stock OK
1,81,27502.488400000002,22,2200.0,641.6332181490399,6001.537499999966,600.1537499999965,5.608575000000201,2345.4297250000004,8843.170718149006,19,1900.0,1929.2426590088426,2895.6703909435873,289.56703909435873,16.112965039440496,2806.6191533859205,6724.91304995243,18,1800.0,2355.5246479445323,289.766214165777,28.9766214165777,342.92727414612,1772.7335875419753,4445.290862110309,1324.1707502367708,Stock OK
1,82,17644.4196,22,2200.0,4197.912848557688,0.0,0.0,2237.48630833333,3966.3476916666627,6397.912848557688,14,1400.0,1839.768962839891,0.0,0.0,540.2720718204642,1739.6105023451155,3239.768962839891,14,1400.0,2519.265466663524,0.0,0.0,508.39595660233465,1705.2823782640526,3919.265466663524,1129.18861300505,Stock OK
1,83,5277.7708,22,2200.0,175.46942708333333,2291.017166666666,229.10171666666662,24.071958333333328,465.179875,4666.48659375,9,900.0,715.3066780089664,1017.460295841646,101.7460295841646,332.09089541583535,937.8976192697942,2632.7669738506124,8,800.0,1073.565288799474,0.0,0.0,630.9085576175646,630.9085576175646,1873.565288799474,312.2436081252556,Stock OK
1,85,2652.2155999999995,22,2200.0,898.1939783653842,0.0,0.0,565.7628916666664,845.587108333333,3098.1939783653843,6,600.0,846.3818941968259,0.0,0.0,180.0595758097993,662.5673459717591,1446.381894196826,6,600.0,766.495431278529,0.0,0.0,124.67162818644692,596.1018088237363,1366.495431278529,182.40826894248337,Stock OK
1,87,46207.07519999999,22,2200.0,1762.5415745192327,7223.174333333313,722.3174333333313,218.33542500000067,4192.517441666668,11185.715907852546,22,2200.0,2462.8869792049527,5550.629689195434,555.0629689195434,313.7031463316903,5768.854376206074,10213.516668400387,21,2100.0,3750.952444438849,0.0,0.0,706.3055600216462,2567.7650025226303,5850.952444438849,2463.7911256500565,Stock OK
1,90,77605.7744,22,2200.0,5116.441899038468,0.0,0.0,235.66748333333953,7004.488516666674,7316.441899038468,22,2200.0,3805.36927995136,4293.4190175932645,429.34190175932645,1797.0381015892453,8916.373175709581,10298.788297544625,21,2100.0,4719.497412347588,0.0,0.0,2327.3390573170964,4733.5418817073405,6819.497412347588,3782.9459001618166,Stock OK
1,91,58617.5736,22,2200.0,3223.391225961548,0.0,0.0,752.4479166666733,5915.0584833333405,5423.391225961548,21,2100.0,3198.982471086282,16263.119222742702,1626.3119222742703,492.8611188160198,6710.386987133739,21562.101693828983,21,2100.0,4213.984639506178,0.0,0.0,2041.3275096818634,4157.926920069138,6313.984639506178,2726.500135184183,Stock OK
1,92,124959.586,22,2200.0,8566.266947115393,0.0,0.0,184.54138333333685,11066.63941666667,10766.266947115393,21,2100.0,5552.654315135824,42166.09463960086,4216.609463960086,894.150191747086,12930.033583494172,49818.748954736686,21,2100.0,6629.867037949479,0.0,0.0,3408.8554356515224,6437.106635263726,8729.86703794948,6257.485910875752,Stock OK
1,93,68019.098,22,2200.0,2725.0267157451885,7136.56450000004,713.656450000004,273.290125,6149.701574999999,12061.59121574523,22,2200.0,3759.4892234341078,6106.411873161387,610.6411873161387,1107.14933189352,7740.592550735451,12065.901096595495,21,2100.0,4463.126162055857,0.0,0.0,929.3398988393974,3156.5184441667825,6563.126162055857,3027.5949296847302,Stock OK
1,94,55340.736000000004,22,2200.0,10296.712848557696,0.0,0.0,4751.041041666669,9976.412958333336,12496.712848557696,21,2100.0,3745.8852279871394,0.0,0.0,453.8906736397407,6709.095299549272,5845.885227987139,21,2100.0,5204.502985371194,0.0,0.0,816.1098390275156,5017.743575029908,7304.502985371194,3003.825825320852,Stock OK
1,95,113688.49399999999,22,2200.0,3182.4057752403864,21064.49649999995,2106.449649999995,163.48612500000036,9880.488775000002,26446.902275240336,22,2200.0,4597.001496330882,18034.389955982922,1803.4389955982924,2207.126471809116,10737.127400484329,24831.391452313805,21,2100.0,7181.598410783048,0.0,0.0,2526.730450257204,5350.056019014349,9281.598410783048,5155.143381454751,Stock OK
1,96,32669.3044,22,2200.0,487.484326923077,17588.15244444444,1758.815244444444,0.0,2687.8686222222223,20275.636771367517,21,2100.0,1718.370546312016,2243.5809213506923,224.35809213506923,0.0,2990.8571973191156,6061.951467662708,20,2000.0,3408.486379334808,0.0,0.0,380.17741142638647,3434.6699249098656,5408.486379334809,1937.521132915111,Stock OK
1,97,32785.2264,22,2200.0,2182.0840745192336,0.0,0.0,306.38182500000244,3183.912975000003,4382.084074519234,21,2100.0,2197.487790579457,2142.344892403994,214.2344892403994,1143.8121907178686,4238.391914557602,6439.8326829834505,20,2000.0,2780.1074027559685,0.0,0.0,1151.4265279323024,2710.3926438761077,4780.107402755968,1564.2214189684416,Stock OK
1,98,10236.400800000001,22,2200.0,1999.5008894230778,0.0,0.0,817.2569833333336,1778.444616666667,4199.500889423078,11,1100.0,1513.8022947743286,189.48539670462708,18.948539670462708,166.96924131814865,1061.2332464829174,2803.2876914789554,11,1100.0,1923.3560686357087,0.0,0.0,322.76034009537204,1234.4983091049094,3023.3560686357087,656.5734442730118,Stock OK
2,1,23213.04,22,2200.0,11133.517524038458,0.0,0.0,5094.985483333333,7556.5529166666665,13333.517524038458,16,1600.0,3288.9057082427835,0.0,0.0,514.5981329342183,3376.781987639107,4888.9057082427835,15,1500.0,5461.835504739172,0.0,0.0,1457.0884932058082,4453.9138279494955,6961.835504739172,3065.1260820856514,Stock OK
2,2,58574.324400000005,22,2200.0,4059.2951442307603,0.0,0.0,1058.1520333333278,6243.584766666661,6259.29514423076,22,2200.0,3228.923032464834,4027.091562102396,402.7091562102396,1533.646440421317,5687.815447158204,9456.01459456723,21,2100.0,4268.211294606807,0.0,0.0,1322.9677697641837,3407.733492554751,6368.211294606807,2899.577023928653,Stock OK
2,3,20171.4976,22,2200.0,2357.1988661858973,58520.865333333335,5852.086533333333,1384.7846166666668,2750.3668500000003,63078.064199519235,14,1400.0,1787.6294638987588,52642.09961602988,5264.209961602988,997.9174802481326,2063.827616297759,55829.72907992864,15,1500.0,1660.7655005926722,8478.930039433493,847.8930039433493,306.70761228177355,1232.0728153522168,11639.695540026165,555.7287231132102,Stock OK
2,4,40442.145599999996,22,2200.0,2814.3621394230763,0.0,0.0,693.4207166666665,4270.426483333334,5014.362139423076,22,2200.0,3065.137307613738,1771.1256279858617,177.11256279858617,1328.1768904010605,4778.43415493463,7036.2629355996,21,2100.0,3530.966321109318,0.0,0.0,1343.8303142010004,3078.138279162953,5630.9663211093175,1980.1259175842856,Stock OK
2,5,20987.524799999996,22,2200.0,14389.51770432692,0.0,0.0,8069.252841666664,10595.92915833333,16589.51770432692,14,1400.0,4111.384516264638,0.0,0.0,1651.1210187837357,3101.0157375363306,5511.384516264638,14,1400.0,4031.487731516417,0.0,0.0,2242.1087003258317,2242.1087003258317,5431.487731516418,1825.8609648838515,Stock OK
2,6,4235.4704,22,2200.0,3108.4048918269227,0.0,0.0,1889.0502916666665,2421.6173083333333,5308.404891826923,6,600.0,1267.7054477034544,0.0,0.0,557.3064241697779,557.3064241697779,1867.7054477034544,7,700.0,1085.3597387360412,0.0,0.0,63.78022138362971,647.1802374475681,1785.3597387360412,314.13402358012377,Stock OK
2,7,30890.231599999992,22,2200.0,13059.843725961533,0.0,0.0,8977.008149999994,12443.724649999993,15259.843725961533,18,1800.0,4418.820147171428,0.0,0.0,1483.0446685550041,4879.69485837438,6218.820147171428,18,1800.0,4228.145092017667,0.0,0.0,1501.885009340655,2933.0451072006895,6028.145092017667,2450.472570663039,Stock OK
2,8,52988.593599999986,22,2200.0,2104.2158994391048,8458.442583333293,845.8442583333294,0.0,4534.152116666667,12762.658482772398,22,2200.0,2670.1322836647023,4616.691773580133,461.66917735801326,888.7949238209935,4773.335854776242,9486.824057244834,21,2100.0,3899.386774341,0.0,0.0,1906.77714207484,3910.699749036292,5999.386774341,2628.545033178848,Stock OK
2,9,31186.607200000002,22,2200.0,2511.5721875000013,0.0,0.0,228.7129166666664,2960.479883333333,4711.572187500002,20,2000.0,1955.6619419381705,7223.719996919845,722.3719996919845,770.050222923282,3785.2318866156484,11179.381938858016,19,1900.0,3367.101239238607,0.0,0.0,836.6289049941938,2306.39657104652,5267.101239238607,1881.026223752281,Stock OK
2,10,33970.9652,22,2200.0,3411.2641586538443,0.0,0.0,1859.047749999998,4974.701049999998,5611.264158653845,20,2000.0,2146.0492447212564,4262.013467752336,426.20134677523356,1719.445083865422,3329.483451607011,8408.062712473591,20,2000.0,3511.8266669120267,0.0,0.0,1100.6867246607467,2700.590512800786,5511.826666912027,1685.1245314546136,Stock OK
2,11,20645.998,22,2200.0,1799.0327313701932,10947.964999999984,1094.7964999999983,1832.9915750000014,3692.486625000002,14946.997731370177,16,1600.0,1973.9506194309204,7557.513326822026,755.7513326822026,312.54169231779633,2800.191090122881,11131.463946252947,15,1500.0,2908.1020638949685,0.0,0.0,1239.45429794972,1239.45429794972,4408.1020638949685,1056.3497156914318,Stock OK
2,12,7129.781200000001,22,2200.0,133.44634615384606,3673.516750000006,367.3516750000006,0.0,588.03735,6006.963096153852,10,1000.0,878.9642787566613,737.2920554633436,73.72920554633436,121.1619389073308,820.6239287252192,2616.2563342200046,10,1000.0,1051.2073340877448,0.0,0.0,79.18240794702234,782.1721393855803,2051.207334087745,396.14920607978,Stock OK
2,13,40994.0472,22,2200.0,1597.3057932692316,6685.065749999996,668.5065749999997,0.0,3506.56875,10482.371543269228,22,2200.0,2331.378748318474,817.6869218093498,81.76869218093498,216.8114811009707,3632.9292776647835,5349.065670127824,21,2100.0,2949.743004013661,0.0,0.0,711.9935645966677,2447.526309339366,5049.7430040136605,2026.3759141131095,Stock OK
2,14,16488.5776,22,2200.0,4961.990072115384,0.0,0.0,3305.949583333332,5027.212816666665,7161.990072115384,14,1400.0,2369.257761508059,0.0,0.0,453.7178523230418,2847.1179527102154,3769.257761508059,13,1300.0,2646.82841111707,0.0,0.0,446.2500927105798,1642.327829603128,3946.82841111707,1069.1936908739362,Stock OK
2,16,22932.1,22,2200.0,3151.0510606971156,49327.80791666666,4932.780791666666,5366.3139,7398.1080833333335,54678.85897736377,15,1500.0,2328.404124825725,30717.322169798157,3071.732216979816,2689.9353970555076,2689.9353970555076,34545.726294623884,12,1200.0,3548.5692431940147,7861.239250000003,786.1239250000003,697.889047791409,2111.901465490795,12609.808493194018,882.2456107935109,Stock OK
2,17,11713.136400000001,22,2200.0,1925.3513822115372,0.0,0.0,953.2903916666658,2054.718808333332,4125.351382211537,12,1200.0,1371.8303404064595,0.0,0.0,469.10601382757955,1426.387812811905,2571.8303404064595,12,1200.0,1964.5161644495872,0.0,0.0,482.2639284745969,1440.741901517742,3164.5161644495874,692.8317109918063,Stock OK
2,19,3073.5552,22,2200.0,1147.535036057693,0.0,0.0,565.9787916666672,882.4600083333339,3347.535036057693,6,600.0,792.3325999322785,0.0,0.0,480.00494514609056,480.00494514609056,1392.3325999322785,6,600.0,797.0502087554632,0.0,0.0,432.61602368454544,432.61602368454544,1397.0502087554632,184.6644852591555,Stock OK
2,20,5018.0088000000005,22,2200.0,209.05341646634622,3130.2357499999994,313.02357499999994,303.79780000000017,739.3441500000002,5539.289166466346,8,800.0,832.6815648689682,643.8017433187056,64.38017433187056,515.495302004388,515.495302004388,2276.4833081876736,8,800.0,972.0542511445448,0.0,0.0,589.174952784575,589.174952784575,1772.0542511445447,238.83878150612819,Stock OK
2,21,7175.4116,22,2200.0,3127.267151442308,0.0,0.0,1776.5872583333335,2555.021941666667,5327.267151442308,9,900.0,1525.0990734437403,0.0,0.0,430.41485709900394,1235.1866611113794,2425.09907344374,9,900.0,1332.8561783777147,0.0,0.0,279.87736185671406,1065.8319789638033,2232.856178377715,422.8285951203437,Stock OK
2,22,10443.9636,22,2200.0,2832.6421274038435,0.0,0.0,1159.163608333331,2168.131191666664,5032.642127403844,11,1100.0,1441.9177101275477,0.0,0.0,231.6983670641938,1147.9194262706133,2541.9177101275477,11,1100.0,1532.7637585333473,0.0,0.0,582.1485970997452,1533.4146793097198,2632.7637585333473,666.5683265293701,Stock OK
2,23,24733.154799999997,22,2200.0,2258.774891826924,0.0,0.0,2250.982825000001,4597.429575000001,4458.774891826924,17,1700.0,2527.9930971504164,2481.515658931737,248.1515658931737,1390.3012181941976,2787.528363650512,6709.508756082154,17,1700.0,3130.0658207837528,0.0,0.0,1843.4288958109846,1843.4288958109846,4830.065820783753,1475.883686745353,Stock OK
2,24,7234.568400000001,22,2200.0,1772.2626532451918,432.17574999999783,43.21757499999978,571.7588666666668,1246.8118833333335,4404.43840324519,8,800.0,1247.9343310769386,10958.189175549833,1095.8189175549833,119.83436808376263,869.2635574450169,13006.12350662677,10,1000.0,1197.5130849148527,2266.9383480544693,226.69383480544695,449.44136012970245,449.44136012970245,4464.451432969322,385.42804342327827,Stock OK
2,25,12221.032400000002,22,2200.0,3073.279651442305,0.0,0.0,1827.763391666665,3049.397808333332,5273.279651442304,12,1200.0,1954.5346532937742,0.0,0.0,701.2515048258157,1709.4180757190716,3154.534653293774,12,1200.0,1834.1848674066996,0.0,0.0,515.5015494963126,1506.781760814159,3034.1848674066996,780.568689361229,Stock OK
2,26,6741.5163999999995,22,2200.0,3737.58688701923,0.0,0.0,1867.1940416666666,2615.777558333333,5937.58688701923,9,900.0,1404.4150931084166,0.0,0.0,694.8820669639499,1484.0724659594437,2304.415093108417,9,900.0,1215.7174274999268,0.0,0.0,446.5499641367778,1204.698850278875,2115.717427499927,489.3845395045391,Stock OK
2,27,1297.7316,22,2200.0,854.1317788461539,0.0,0.0,415.0868333333334,564.0275666666668,3054.131778846154,4,400.0,499.8327499508414,182.5790185536357,18.25790185536357,0.0,352.02086604821216,1082.411768504477,4,400.0,576.7560486075961,0.0,0.0,328.9438078331789,328.9438078331789,976.7560486075961,108.72412218264974,Stock OK
2,28,436.77520000000004,22,2200.0,421.58211538461535,0.0,0.0,222.598,279.9348,2621.5821153846155,2,200.0,354.2695913368382,0.0,0.0,86.05590399379945,86.05590399379945,554.2695913368382,2,200.0,354.1040454515474,0.0,0.0,123.92099636146733,123.92099636146733,554.1040454515473,49.78341343644779,Stock OK
2,29,5299.4832,22,2200.0,2027.7722115384613,0.0,0.0,1196.1821666666665,1761.022633333333,4227.772211538461,8,800.0,996.6122390648466,0.0,0.0,346.4665027450902,1031.993503137246,1796.6122390648466,8,800.0,1071.8697175143732,0.0,0.0,340.9239233071613,1025.659126636756,1871.8697175143732,353.30414541124446,Stock OK
2,30,3837.1744,22,2200.0,806.759146634615,0.0,0.0,561.0855083333333,943.5428916666667,3006.759146634615,7,700.0,726.0752519012137,0.0,0.0,121.0889817844085,685.1851995818099,1426.0752519012137,7,700.0,891.1571409763253,0.0,0.0,94.88563907586516,654.6146330885093,1591.1571409763253,230.4027674683042,Stock OK
2,31,3578.407599999999,22,2200.0,782.1081099759617,1845.5137499999983,184.55137499999984,288.11046666666675,608.2814833333334,4827.6218599759595,7,700.0,656.4474951990646,1682.0480844246022,168.2048084424602,166.78786655753981,682.9102220767197,3038.495579623667,8,800.0,736.3076192312694,0.0,0.0,158.9824355870553,624.2872228137775,1536.3076192312694,177.0796706377511,Stock OK
2,32,8284.9936,22,2200.0,3684.2824038461554,0.0,0.0,2600.9301666666674,3547.532233333334,5884.282403846155,9,900.0,1764.4951305308564,0.0,0.0,1121.9869678101118,1121.9869678101118,2664.4951305308564,9,900.0,2101.0570778945685,0.0,0.0,1053.1446080892372,1053.1446080892372,3001.0570778945685,698.5463300977569,Stock OK
2,33,6119.7436,22,2200.0,1869.6673918269237,0.0,0.0,1023.016991666667,1644.1266083333337,4069.6673918269234,8,800.0,1182.3793409906075,1989.2783329581425,198.92783329581425,761.748141704186,761.748141704186,3971.65767394875,9,900.0,1152.9737527236432,0.0,0.0,425.4215413573304,425.4215413573304,2052.973752723643,385.83071542665687,Stock OK
2,34,15208.772400000002,22,2200.0,857.4597115384612,3112.0053333333353,311.2005333333335,613.7875999999999,1962.6014666666665,6169.465044871797,14,1400.0,1447.0732649506208,2971.7940879687976,297.1794087968798,883.1208347642037,1942.4664521463055,5818.867352919418,14,1400.0,1741.976839580308,0.0,0.0,557.3144614315488,1614.458004618591,3141.976839580308,786.5510061956459,Stock OK
2,35,2880.8079999999995,22,2200.0,887.745726161859,160.64008333333334,16.064008333333334,869.7002666666668,1194.4345500000002,3248.3858094951925,6,600.0,817.5524588899444,0.0,0.0,205.23034099725686,725.0177241967083,1417.5524588899443,6,600.0,922.1738853210683,0.0,0.0,192.6091097665141,709.872246719817,1522.1738853210682,199.0552641479361,Stock OK
2,36,2624.1712,22,2200.0,625.9608353365385,10557.530500000003,1055.7530500000003,749.7951666666667,951.3789333333333,13383.491335336541,5,500.0,621.9582541415142,6088.773347523667,608.8773347523668,334.7493228714498,334.7493228714498,7210.731601665182,4,400.0,778.6881008877591,3223.8435000000004,322.38435000000004,294.5929659182652,294.5929659182652,4402.53160088776,125.85699534794972,Stock OK
2,37,3946.3448000000008,22,2200.0,306.6388701923075,0.0,0.0,66.00558333333325,414.90561666666656,2506.6388701923074,8,800.0,760.2520768193671,0.0,0.0,348.4713520527992,887.2522237746277,1560.2520768193672,7,700.0,859.2510867777498,0.0,0.0,425.34738325248225,425.34738325248225,1559.2510867777498,242.4316362318223,Stock OK
2,38,61664.2732,22,2200.0,26100.717944711545,0.0,0.0,15972.064075000004,22723.049925000003,28300.717944711545,21,2100.0,6988.047421233151,0.0,0.0,2971.8184904188643,7711.78483089007,9088.04742123315,20,2000.0,7205.906435070977,0.0,0.0,1691.4644117341736,4110.976177040273,9205.906435070978,3604.4960569856294,Stock OK
2,40,68320.0564,22,2200.0,5497.30201923078,0.0,0.0,507.59540000000743,6492.608600000008,7697.30201923078,22,2200.0,3380.934129892467,1352.0440732086126,135.20440732086126,1042.7971529878369,7737.255969173057,6932.978203101079,21,2100.0,4207.110343230909,0.0,0.0,582.80583525265,5192.447561041316,6307.110343230909,3343.7876166979177,Stock OK
2,41,2290.0336,22,2200.0,656.2079807692309,0.0,0.0,291.51016666666675,515.9922333333334,2856.2079807692307,5,500.0,534.3994035001626,281.4656628786463,28.14656628786463,235.67548342803383,235.67548342803383,1315.865066378809,6,600.0,714.5256769250525,0.0,0.0,301.92264675154075,301.92264675154075,1314.5256769250525,208.08349591192774,Stock OK
2,42,7800.995199999999,22,2200.0,269.69805288461515,411.19900000000143,41.11990000000014,9.454933333333315,685.0488666666666,2880.8970528846166,10,1000.0,977.6861107037483,20.51155195986496,2.051155195986496,711.7407172060207,711.7407172060207,1998.1976626636133,10,1000.0,1245.3505846608898,0.0,0.0,156.70037552822743,928.2897839202526,2245.3505846608896,404.5297102658193,Stock OK
2,44,6583.0576,22,2200.0,2152.9200961538454,0.0,0.0,370.13679999999897,974.7623999999989,4352.920096153845,9,900.0,1020.7088554282901,2680.7576050913776,268.07576050913775,266.02951992726605,975.2886398545321,4601.466460519668,10,1000.0,1090.2025375416672,0.0,0.0,395.42279026074107,1070.0385669563789,2090.202537541667,470.5531861784082,Stock OK
2,46,25561.6328,22,2200.0,3552.6998918269255,0.0,0.0,2410.3532916666672,4842.699908333334,5752.6998918269255,18,1800.0,2305.50378439257,926.2282163719578,92.62282163719578,940.6692004420577,3785.8141071676655,5031.7320007645285,17,1700.0,3666.072992091227,0.0,0.0,872.6345867065786,2296.7438030632397,5366.072992091227,1528.5524978064127,Stock OK
2,49,13517.732,22,2200.0,1834.2928966346137,0.0,0.0,428.98250833333213,1641.7402916666656,4034.2928966346135,13,1300.0,1403.128546497366,1464.8934123902757,146.48934123902757,501.8595257964521,1506.3566515929042,4168.021958887642,12,1200.0,2288.82799898663,0.0,0.0,1198.5816554821736,1198.5816554821736,3488.82799898663,871.5126765484101,Stock OK
2,52,3039.768,22,2200.0,1753.0225721153843,0.0,0.0,944.6757166666664,1291.149083333333,3953.0225721153843,6,600.0,865.1751290910626,0.0,0.0,164.46175129978133,701.3656915597376,1465.1751290910624,6,600.0,909.942449939031,0.0,0.0,626.2217160885075,626.2217160885075,1509.9424499390311,243.2300094215468,Stock OK
2,55,7567.402000000001,22,2200.0,7606.395144230769,0.0,0.0,4780.607999999998,5854.347999999998,9806.39514423077,8,800.0,2348.5726256267585,0.0,0.0,659.4178152945535,1604.5906460509184,3148.5726256267585,8,800.0,2215.990900515869,0.0,0.0,1097.1858381602106,1097.1858381602106,3015.990900515869,793.7154718509616,Stock OK
2,56,1984.7500000000002,22,2200.0,3839.606850961539,0.0,0.0,2936.8992500000004,3364.8687500000005,6039.606850961539,3,300.0,1450.8204327140556,0.0,0.0,447.3538571557817,447.3538571557817,1750.8204327140556,3,300.0,1494.5996865659004,0.0,0.0,968.6895129298446,968.6895129298446,1794.5996865659004,302.5814740917703,Stock OK
2,58,18868.36,22,2200.0,3314.4674639423124,0.0,0.0,677.4407750000025,2377.0756250000027,5514.467463942312,15,1500.0,1783.7461268803831,4561.722862259236,456.1722862259236,785.4733014838394,1974.631068645119,7845.468989139619,16,1600.0,2791.961646828704,0.0,0.0,751.1325545700802,1889.1352398747522,4391.961646828704,1394.115266364619,Stock OK
2,59,294.0268,22,2200.0,1034.6112620192316,0.0,0.0,698.6836750000006,785.0063250000006,3234.6112620192316,1,100.0,524.9961607545386,0.0,0.0,103.4505420820979,103.4505420820979,624.9961607545386,2,200.0,756.5819805697416,0.0,0.0,335.5071474696482,335.5071474696482,956.5819805697416,183.70167333218455,Stock OK
2,60,262.8,22,2200.0,15.753665865384617,168.61000000000013,16.86100000000001,0.26449999999999996,21.673499999999997,2384.3636658653845,2,200.0,161.37443637243751,61.438160767399914,6.143816076739991,42.382683923259975,42.382683923259975,422.8125971398374,2,200.0,215.99140264500863,0.0,0.0,54.004319286176525,54.004319286176525,415.99140264500863,19.08136115197556,Stock OK
2,67,9269.8212,22,2200.0,2427.378448517628,1459.066416666667,145.9066416666667,1781.3558499999995,2729.640233333333,6086.444865184294,10,1000.0,1593.2212644991546,2059.4972505198857,205.9497250519886,352.7267995840921,1240.9680995321037,4652.71851501904,10,1000.0,2213.0420967746813,0.0,0.0,455.6262186375061,1378.1840901527844,3213.0420967746813,849.6202402662477,Stock OK
2,71,4227.5212,22,2200.0,193.0474228766025,1130.1845000000017,113.01845000000017,149.87760833333334,520.6932916666666,3523.231922876604,8,800.0,715.2839879119344,0.0,0.0,216.81417757488822,772.2587279427294,1515.2839879119344,7,700.0,1039.4703820772509,0.0,0.0,401.9068163849272,401.9068163849272,1739.4703820772509,252.3607701205337,Stock OK
2,72,55297.8228,22,2200.0,24686.277824519228,0.0,0.0,13836.495091666668,19848.174908333334,26886.277824519228,21,2100.0,6879.457404688834,0.0,0.0,2921.641215991869,7394.545242445674,8979.457404688834,18,1800.0,6537.192973562351,0.0,0.0,5332.771131406033,5332.771131406033,8337.19297356235,4148.90600456691,Stock OK
2,74,14613.715199999999,22,2200.0,710.4515144230777,1004.2973333333271,100.4297333333327,335.9294916666671,1627.1655750000004,3914.7488477564048,14,1400.0,1613.40227975279,0.0,0.0,797.4894921083576,1833.977997270539,3013.40227975279,13,1300.0,1946.2606387033516,0.0,0.0,279.7227865304603,1359.4381083246653,3246.2606387033516,727.1714164254811,Stock OK
2,79,28158.08399999999,22,2200.0,3698.4751201923063,0.0,0.0,1646.2586166666656,4237.940583333332,5898.475120192306,18,1800.0,2133.0955712414266,2352.7797478776984,235.27797478776984,927.9848503031853,3864.8399003638224,6285.8753191191245,18,1800.0,2957.744985747692,0.0,0.0,988.5643147159412,2474.3952185227613,4757.744985747692,1446.5437481955464,Stock OK
2,80,22597.378000000004,22,2200.0,2950.44603365385,0.0,0.0,1072.5334166666698,3130.786583333337,5150.4460336538505,17,1700.0,1861.010560380528,928.464582929762,92.8464582929762,212.0354762365995,2829.2604452957494,4489.47514331029,16,1600.0,2472.7068651252603,0.0,0.0,630.0453529596997,1972.7149264903464,4072.7068651252603,1223.593203057193,Stock OK
2,81,27584.002,22,2200.0,898.2549569310873,385.8155000000238,38.58155000000238,75.24945833333277,2477.046841666666,3484.070456931111,19,1900.0,2146.9266151008082,1613.2680027882611,161.3268002788261,211.404048698814,3038.62559851293,5660.194617889069,18,1800.0,2449.6817034506344,0.0,0.0,670.1674568910262,2120.2541264140277,4249.681703450635,1335.680756087808,Stock OK
2,82,22037.441999999995,22,2200.0,3461.887187499996,0.0,0.0,1608.50648333333,3664.6759166666625,5661.887187499996,17,1700.0,2193.8998627265937,0.0,0.0,666.0608083966814,3281.960629516239,3893.8998627265937,17,1700.0,3314.9375293133303,0.0,0.0,1371.088537586927,2641.35581181111,5014.937529313331,1543.3380366209103,Stock OK
2,83,5136.195600000001,22,2200.0,152.89883814102572,1669.9743333333317,166.99743333333316,38.12071666666665,473.53975,4022.8731714743576,9,900.0,825.7619041082012,0.0,0.0,332.0334356527487,933.9209963593423,1725.7619041082012,8,800.0,1078.7420730199103,0.0,0.0,700.0765121200616,700.0765121200616,1878.7420730199103,276.56284199062253,Stock OK
2,85,2538.6907999999994,22,2200.0,1219.964338942307,0.0,0.0,802.2997416666665,1092.820658333333,3419.964338942307,5,500.0,744.4903822971403,0.0,0.0,355.3084389548342,355.3084389548342,1244.4903822971403,5,500.0,907.5445161370143,0.0,0.0,261.9518736660983,261.9518736660983,1407.5445161370144,183.67418201703015,Stock OK
2,87,21652.106399999997,22,2200.0,1874.470388621794,1076.8863333333388,107.68863333333388,233.14392499999997,2126.8449416666667,5151.356721955133,16,1600.0,1753.8435723741054,11415.933280493036,1141.5933280493036,1158.2308867376742,2413.443715650232,14769.776852867142,15,1500.0,2733.771294008463,27.739725851251933,2.7739725851251933,911.9601388330576,2226.6762082495866,4261.511019859715,1280.1314842565857,Stock OK
2,90,87951.57920000002,22,2200.0,9123.42783653845,0.0,0.0,2065.5056999999924,9893.078299999992,11323.42783653845,21,2100.0,4059.3013391984127,7333.321802442847,733.3321802442847,1082.1502942682655,8738.054135670664,13492.62314164126,21,2100.0,5287.130783311987,0.0,0.0,986.2420632399753,6132.672887455974,7387.130783311987,4412.433840147006,Stock OK
2,91,71944.25120000001,22,2200.0,5077.55282451922,0.0,0.0,897.6712916666602,7231.7515083333265,7277.55282451922,21,2100.0,3308.785165056713,11126.085013067936,1112.6085013067936,651.7089967116513,7538.623593423303,16534.87017812465,21,2100.0,4693.482792094342,0.0,0.0,2583.966957443149,4906.363308601833,6793.482792094342,3372.9868774417146,Stock OK
2,92,150123.5576,22,2200.0,12837.908870192285,0.0,0.0,491.3133499999867,13588.258649999985,15037.908870192285,21,2100.0,2995.7963534305145,50398.08749982069,5039.8087499820695,0.0,13204.034831580835,55493.88385325121,21,2100.0,9901.711748308358,0.0,0.0,1219.9947534777411,7973.745235707369,12001.711748308358,7901.899331663678,Stock OK
2,93,68159.09199999999,22,2200.0,1653.1080528846126,28095.761000000093,2809.5761000000093,0.0,5682.566599999999,31948.869052884707,22,2200.0,2743.706658662825,15570.240732934912,1557.0240732934913,629.837253338314,7152.954506676628,20513.947391597736,21,2100.0,4175.624504699832,0.0,0.0,1905.062680051286,4102.93070791026,6275.624504699832,3158.7215535440205,Stock OK
2,94,64179.578400000006,22,2200.0,3324.8973557692234,0.0,0.0,152.16143333332866,5746.225766666661,5524.897355769223,22,2200.0,2957.9780372225173,4880.429782491128,488.0429782491128,791.2787478421205,7263.400017410544,10038.407819713646,21,2100.0,4788.855652390267,0.0,0.0,896.8966044547733,5257.310335566679,6888.855652390267,3278.4584222256185,Stock OK
2,95,133612.8452,22,2200.0,3098.1832391826924,47657.7003333334,4765.77003333334,84.98201666666682,11296.46525,52955.88357251609,22,2200.0,3674.7753684886848,498.21938217861316,49.821938217861316,2366.8294252897786,11529.339258910695,6372.994750667298,21,2100.0,8218.360128648636,0.0,0.0,1929.9484008307,8018.439106001505,10318.360128648636,6264.1447540878335,Stock OK
2,96,33921.8836,22,2200.0,323.9543189102564,36857.51633333331,3685.751633333331,0.0,2629.228866666667,39381.470652243566,22,2200.0,817.0335688785383,8023.005250663962,802.3005250663962,404.7836624004058,3362.8360061338067,11040.0388195425,21,2100.0,2614.1234380177393,0.0,0.0,1111.3978523600842,2591.8472881867547,4714.123438017739,1725.2506205828086,Stock OK
2,97,36878.528,22,2200.0,3172.0470312500033,0.0,0.0,619.790908333335,3880.514291666668,5372.047031250004,22,2200.0,3594.401525153119,0.0,0.0,954.4565644546631,4248.646513400129,5794.401525153119,21,2100.0,3804.891672134339,0.0,0.0,1121.2449475864476,2776.67934121577,5904.891672134339,1763.2599448802516,Stock OK
2,98,11571.980399999999,22,2200.0,2796.963064903849,0.0,0.0,1250.0590250000023,2365.0189750000027,4996.963064903849,12,1200.0,1603.726616947522,780.2180949963781,78.02180949963781,773.0671256667471,1736.2112885001206,3583.9447119439,12,1200.0,1527.7060481058538,0.0,0.0,561.319704220069,1512.3069932400754,2727.706048105854,736.0041325822301,Stock OK
3,1,6960.946,22,2200.0,1091.8473387419865,1357.0615833333386,135.70615833333386,0.0,593.4991166666666,4648.908922075325,10,1000.0,933.4378031690615,0.0,0.0,253.62813076206118,956.330959180068,1933.4378031690615,10,1000.0,1764.6583590771088,0.0,0.0,734.3927847521543,1490.5139080579493,2764.658359077109,736.4136713082834,Stock OK
3,2,17075.1084,22,2200.0,240.99522235576939,16279.791166666659,1627.979116666666,0.0,1343.2286333333334,18720.78638902243,15,1500.0,1095.4836535551851,5615.2683247490695,561.526832474907,301.3620475019302,1358.5120950038604,8210.751978304255,15,1500.0,1830.1338229954667,0.0,0.0,243.19290808072174,1336.297076515059,3330.1338229954667,888.8071379291773,Stock OK
3,3,6968.721199999999,22,2200.0,283.92460336538454,21033.635833333334,2103.3635833333333,75.57329999999999,505.2194666666667,23517.560436698717,9,900.0,574.3935716893795,16106.401567088724,1610.6401567088724,69.4624359746766,667.3467146329021,17580.795138778103,11,1100.0,851.3588847702506,1300.4457797287391,130.04457797287392,585.9976601356301,585.9976601356301,3251.80466449899,245.43560210951767,Stock OK
3,4,8263.602,22,2200.0,152.52912860576924,6138.353499999998,613.8353499999998,0.0,665.1971,8490.882628605767,11,1100.0,941.8929321875833,0.0,0.0,173.57525870915356,917.5134195800689,2041.8929321875833,10,1000.0,1267.116220542976,0.0,0.0,561.8839698997737,561.8839698997737,2267.116220542976,432.454801990528,Stock OK
3,5,12013.3732,22,2200.0,223.165592948718,10695.450166666666,1069.5450166666665,0.0,951.6372333333334,13118.615759615383,13,1300.0,1092.2738473503055,2018.5122024889222,201.85122024889222,293.65617658370275,1183.4663687782704,4410.786049839227,13,1300.0,1559.129330038935,0.0,0.0,381.4675919464129,1295.416337108614,2859.129330038935,788.7477752530662,Stock OK
3,6,1515.3727999999999,22,2200.0,690.5848076923077,0.0,0.0,419.24306666666666,587.4705333333334,2890.5848076923075,4,400.0,591.0036296011319,0.0,0.0,233.44560873612588,233.44560873612588,991.0036296011319,4,400.0,675.0314172218884,0.0,0.0,198.17504927384257,198.17504927384257,1075.0314172218884,148.29742329444332,Stock OK
3,7,8790.126,22,2200.0,1592.6731971153854,0.0,0.0,1152.4270833333344,2016.9969166666679,3792.6731971153854,10,1000.0,1193.2070557348184,58.25274530037859,5.825274530037859,145.71131414486695,993.839901879848,2251.459801035197,11,1100.0,1498.5080561339387,0.0,0.0,1040.8680930808457,1040.8680930808457,2598.5080561339387,613.8946535333133,Stock OK
3,8,7639.167200000001,22,2200.0,155.21703425480771,2189.4227500000025,218.94227500000022,0.0,645.23695,4544.63978425481,10,1000.0,1060.1189586095686,0.0,0.0,655.6053283934868,655.6053283934868,2060.118958609569,10,1000.0,1234.8770215041134,0.0,0.0,313.63426480423794,1089.739380338042,2234.877021504113,413.1176732741882,Stock OK
3,9,10139.3196,22,2200.0,129.5147866586539,18514.388416666665,1851.4388416666666,0.0,720.6852833333334,20843.903203325317,11,1100.0,680.4354919400454,13148.418253959277,1314.8418253959276,0.0,774.3449849604073,14928.853745899321,13,1300.0,1277.9652656162966,0.0,0.0,481.3988102820747,1276.3730173889144,2577.9652656162966,617.842991157743,Stock OK
3,10,11806.983199999999,22,2200.0,138.7795172275641,17527.963583333338,1752.796358333334,0.0,874.2771166666666,19866.743100560903,14,1400.0,835.696021712126,2610.4785900687734,261.04785900687733,0.0,1705.7532776655205,4846.1746117809,13,1300.0,1516.365381148104,0.0,0.0,263.0831702135313,1159.6373948146588,2816.365381148104,637.8726467576952,Stock OK
3,11,10572.861200000001,22,2200.0,761.2818479567304,28363.850083333342,2836.385008333334,715.1384999999996,1450.0615166666662,31325.131931290074,10,1000.0,839.7079778230692,26482.511211038007,2648.251121103801,215.38284237024828,997.339330844298,28322.219188861076,12,1200.0,1334.9949952071706,3306.8987500000003,330.68987500000003,152.2086136287358,926.5415647644638,5841.893745207171,519.9361327269772,Stock OK
3,12,2420.8603999999996,22,2200.0,28.92952624198716,2827.6794166666696,282.76794166666696,0.0,185.9210833333333,5056.608942908657,6,600.0,442.06968383513504,0.0,0.0,217.83229540373048,217.83229540373048,1042.069683835135,6,600.0,574.5134181826832,0.0,0.0,280.35847405411096,280.35847405411096,1174.5134181826832,143.91248964281198,Stock OK
3,13,10769.2684,22,2200.0,205.72430288461524,7773.5540000000055,777.3554000000006,0.0,868.862,10179.27830288462,13,1300.0,948.4152124554338,1134.3161426983124,113.43161426983124,0.0,1700.4625064963943,3382.7313551537463,12,1200.0,1453.765275025991,0.0,0.0,324.6555497531556,1214.7129088216243,2653.7652750259913,582.9609844335307,Stock OK
3,14,4233.5224,22,2200.0,114.22506410256425,1490.5398333333299,149.05398333333298,0.0,355.1711666666667,3804.7648974358945,8,800.0,582.8957926768593,468.0297843595352,46.80297843595352,151.24666862561853,694.8480029384278,1850.9255770363945,8,800.0,787.8938239965198,0.0,0.0,237.75747319945262,800.4036336565173,1587.8938239965198,266.39674569342696,Stock OK
3,16,6659.196799999999,22,2200.0,670.3825811298077,10657.710999999998,1065.7710999999997,1056.9623916666667,1635.2570083333333,13528.093581129804,9,900.0,923.4971024553633,6545.319729542824,654.5319729542823,411.92403674286237,1105.5674040914348,8368.816831998187,7,700.0,1856.7721588863578,2460.716749999999,246.0716749999999,1008.3651105334227,1008.3651105334227,5017.4889088863565,446.45531464896266,Stock OK
3,17,2183.7968,22,2200.0,600.0963822115378,0.0,0.0,211.9033249999996,420.22507499999955,2800.0963822115377,5,500.0,526.5465407947333,26.76923661228912,2.676923661228912,212.97087700815678,212.97087700815678,1053.3157774070226,5,500.0,715.8830902445892,0.0,0.0,324.56362892644074,324.56362892644074,1215.8830902445893,168.55559205354479,Stock OK
3,19,530.8463999999999,22,2200.0,82.51752403846157,0.0,0.0,30.302616666666694,79.09818333333337,2282.5175240384615,3,300.0,266.23179943112586,9.641817580024394,0.9641817580024394,147.7788341209988,147.7788341209988,575.8736170111503,3,300.0,392.1249958612703,0.0,0.0,183.96933879714743,183.96933879714743,692.1249958612702,60.97994017953624,Stock OK
3,20,1817.2592,22,2200.0,13.357235576923074,3712.7603333333345,371.27603333333343,0.0,125.73766666666666,5926.117568910257,6,600.0,309.3902221033238,398.94556806689775,39.89455680668978,28.44421478996543,351.88468638662056,1308.3357901702216,5,500.0,512.0700158199461,0.0,0.0,241.07784582947863,241.07784582947863,1012.0700158199461,115.97149405087445,Stock OK
3,21,1178.7308,22,2200.0,73.2177143429488,360.206333333333,36.0206333333333,0.7881166666666672,100.22275,2633.424047676282,4,400.0,394.0477876061802,0.0,0.0,120.93140155507999,120.93140155507999,794.0477876061802,4,400.0,475.66086601977776,0.0,0.0,179.97668958996096,179.97668958996096,875.6608660197778,87.08925656689341,Stock OK
3,22,3407.6027999999997,22,2200.0,43.232215544871806,6782.006583333332,678.2006583333332,0.0,237.3393166666667,9025.238798878203,7,700.0,435.3394651982849,1954.1052487150564,195.41052487150563,254.41941668808238,254.41941668808238,3089.4447139133413,7,700.0,799.6609876108176,0.0,0.0,285.75634563755284,285.75634563755284,1499.6609876108178,220.3679015627647,Stock OK
3,23,12420.747999999998,22,2200.0,115.72470552884614,19768.10058333334,1976.810058333334,0.0,908.1685166666666,22083.825288862186,14,1400.0,797.173741321658,6274.907841611412,627.4907841611412,0.0,1738.5007401398097,8472.08158293307,14,1400.0,1445.0906041760888,0.0,0.0,202.76945944382305,1069.0205890164248,2845.090604176089,672.3634456884149,Stock OK
3,24,2839.6456000000007,22,2200.0,513.8082512019234,1055.9334999999983,105.59334999999983,155.68040000000013,406.96150000000017,3769.741751201922,6,600.0,623.4374441674224,2415.682905030049,241.5682905030049,65.03043966466333,522.2676594969951,3639.120349197471,7,700.0,725.6105073114152,0.0,0.0,448.4608020830974,448.4608020830974,1425.6105073114152,198.73332482809607,Stock OK
3,25,4157.6704,22,2200.0,79.94529046474358,1125.041916666668,112.5041916666668,0.0,351.7535833333333,3404.9872071314117,8,800.0,600.4146469146651,283.057767597204,28.305776759720402,185.12329929611178,726.1029489441677,1683.4724145118691,7,700.0,913.6842022982837,0.0,0.0,311.3797223981506,311.3797223981506,1613.6842022982837,278.4795232416866,Stock OK
3,26,2033.8164000000002,22,2200.0,1202.5631490384612,0.0,0.0,570.4762833333332,796.9365166666664,3402.5631490384612,5,500.0,692.3142987203022,0.0,0.0,42.14542247581463,476.2132905947683,1192.3142987203023,5,500.0,796.14810847477,0.0,0.0,522.9338807076181,522.9338807076181,1296.14810847477,192.67028271794103,Stock OK
3,27,395.45679999999993,22,2200.0,54.847439903846094,0.0,0.0,10.175224999999955,45.44757499999995,2254.847439903846,3,300.0,192.51794876205415,52.37795349983845,5.237795349983845,5.306479650016161,176.61495930003233,544.8959022618926,2,200.0,322.2733977586157,0.0,0.0,66.31936081735738,66.31936081735738,522.2733977586157,39.06799040555799,Stock OK
3,28,89.0988,22,2200.0,100.49954326923077,0.0,0.0,58.922683333333325,71.79411666666665,2300.499543269231,1,100.0,174.38225418196322,0.0,0.0,33.69280551547022,33.69280551547022,274.3822541819632,1,100.0,220.27446841789455,0.0,0.0,47.609743861844144,47.609743861844144,320.2744684178946,13.572759242108653,Stock OK
3,29,1197.7716000000003,22,2200.0,253.38168269230758,0.0,0.0,153.1418333333333,270.6125666666666,2453.3816826923075,4,400.0,435.623807022607,105.65871197839144,10.565871197839144,239.5084288021609,239.5084288021609,941.2825190009985,4,400.0,500.8217764906019,0.0,0.0,230.01089829580945,230.01089829580945,900.8217764906019,83.82162164253154,Stock OK
3,30,1235.8112,22,2200.0,28.63713541666664,1607.2626666666674,160.72626666666673,22.531608333333303,117.97652499999995,3835.899802083334,5,500.0,327.4544093764513,0.0,0.0,34.54858566761366,316.3466883345171,827.4544093764513,4,400.0,458.5063858430139,157.89779984723182,15.789779984723182,198.49244501527684,198.49244501527684,1016.4041856902458,80.46400388218052,Stock OK
3,31,934.4228,22,2200.0,96.04094551282053,1257.6986666666662,125.76986666666663,21.579600000000028,93.77373333333337,3553.739612179487,4,400.0,306.19962467051016,430.5504449909012,43.05504449909012,197.25415550090995,197.25415550090995,1136.7500696614113,4,400.0,400.9007493569219,0.0,0.0,132.09224975741185,132.09224975741185,800.9007493569219,55.64237555424707,Stock OK
3,32,3452.712,22,2200.0,1248.6752764423068,0.0,0.0,752.7983249999992,1118.4948749999992,3448.6752764423068,6,600.0,878.9675199586056,99.72509624481432,9.972509624481432,415.3888530751037,415.3888530751037,1578.69261620342,6,600.0,1144.919045737866,0.0,0.0,508.09518050354995,508.09518050354995,1744.919045737866,366.4379605032482,Stock OK
3,33,3318.6916,22,2200.0,197.35886418269212,3153.6200000000017,315.3620000000002,15.653274999999951,278.1735249999999,5550.978864182694,7,700.0,543.5350990820918,295.7514182976365,29.575141829763652,376.1200990214187,376.1200990214187,1539.2865173797284,7,700.0,682.4538551591143,355.8399423858148,35.58399423858148,329.8013230710641,329.8013230710641,1738.293797544929,198.93634923767254,Stock OK
3,34,3747.92,22,2200.0,862.9031250000002,0.0,0.0,650.6145666666666,1033.0958333333333,3062.9031250000003,7,700.0,849.8681456881702,0.0,0.0,210.48488355990781,774.5987141532257,1549.8681456881702,6,600.0,1028.6258152935131,0.0,0.0,437.9189246297415,437.9189246297415,1628.6258152935131,280.34079550494994,Stock OK
3,35,799.1816,22,2200.0,842.6425721153847,0.0,0.0,657.1373833333333,783.7738166666667,3042.6425721153846,3,300.0,531.920107106359,0.0,0.0,364.55619464771877,364.55619464771877,831.920107106359,2,200.0,568.0604493994553,0.0,0.0,79.04193993771678,79.04193993771678,768.0604493994553,68.64531353202685,Stock OK
3,36,389.4936,22,2200.0,397.7229447115384,504.0975000000002,50.40975000000002,347.3521083333332,407.0421916666665,3101.8204447115386,2,200.0,445.29994131756325,146.6487500000001,14.66487500000001,160.4065204098258,160.4065204098258,791.9486913175633,2,200.0,370.3385655160182,146.6487500000001,14.66487500000001,78.51036432936604,78.51036432936604,716.9873155160183,41.150849221874125,Stock OK
3,38,76992.896,22,2200.0,35998.014459134596,0.0,0.0,21287.22812499999,29833.32587499999,38198.014459134596,21,2100.0,8909.544512508171,0.0,0.0,2489.365088697224,10488.938824340892,11009.544512508171,20,2000.0,8957.760249273571,0.0,0.0,3583.998946018835,6190.066189134945,10957.760249273571,4900.2611546357975,Stock OK
3,40,17150.248,22,2200.0,461.0538040865382,8897.714416666677,889.7714416666677,0.0,1413.9544833333332,11558.768220753214,16,1600.0,1296.6166461975783,1197.7842894539856,119.77842894539856,275.20401892727705,2444.452856781831,4094.4009356515635,14,1400.0,1784.8215867821002,0.0,0.0,1119.0285301294298,1119.0285301294298,3184.8215867821,922.7906265884972,Stock OK
3,41,356.624,22,2200.0,438.33131009615386,0.0,0.0,210.308175,259.606625,2638.331310096154,2,200.0,330.0127418867029,55.26286029566549,5.526286029566549,127.89963897043344,127.89963897043344,585.2756021823684,2,200.0,424.4904109014138,0.0,0.0,122.21815249598103,122.21815249598103,624.4904109014137,58.16240581138999,Stock OK
3,42,4539.526000000001,22,2200.0,85.97847756410258,5233.02608333333,523.302608333333,0.0,349.2368166666667,7519.004560897432,8,800.0,528.1929524982871,2423.848672179424,242.3848672179424,0.0,539.0408439688654,3752.041624677711,8,800.0,1051.9281109623685,0.0,0.0,564.9837292029339,564.9837292029339,1851.9281109623685,294.85564927900924,Stock OK
3,44,2089.7116,22,2200.0,434.6584495192305,0.0,0.0,100.1814583333331,290.60694166666644,2634.6584495192305,6,600.0,567.0288563582486,0.0,0.0,186.11507168873842,584.1527610264861,1167.0288563582485,6,600.0,660.0562945393347,0.0,0.0,148.60393040779158,539.1393914893499,1260.0562945393347,161.87451265574356,Stock OK
3,46,5413.9596,22,2200.0,1106.6012980769226,0.0,0.0,687.7111666666663,1218.291233333333,3306.601298076923,8,800.0,1038.7221976445005,0.0,0.0,697.2023442797343,697.2023442797343,1838.7221976445005,8,800.0,1145.0387235494884,0.0,0.0,655.3887475229875,655.3887475229875,1945.0387235494884,321.4658253190521,Stock OK
3,52,893.6851999999999,22,2200.0,176.68890625000006,0.0,0.0,37.5685083333334,118.54709166666674,2376.68890625,4,400.0,309.0407622770506,0.0,0.0,6.478785173923889,266.0441552318985,709.0407622770506,4,400.0,416.482444493423,0.0,0.0,277.56602381852787,277.56602381852787,816.4824444934229,72.94546316694817,Stock OK
3,55,6467.499199999999,22,2200.0,1270.4027884615368,0.0,0.0,693.3943999999992,1316.0807999999993,3470.402788461537,9,900.0,938.4670468515658,0.0,0.0,224.72503262574998,944.4993617039688,1838.4670468515658,9,900.0,1389.8421379722188,0.0,0.0,238.33973808077025,959.8159053408665,2289.8421379722186,422.19940765178865,Stock OK
3,56,589.1360000000001,22,2200.0,1205.138353365384,0.0,0.0,863.1370916666662,989.4217083333327,3405.1383533653843,2,200.0,585.3901258596482,0.0,0.0,248.57728477218183,248.57728477218183,785.3901258596482,2,200.0,904.7523208347757,0.0,0.0,536.0016171169855,536.0016171169855,1104.7523208347757,107.80596046505741,Stock OK
3,60,121.68000000000002,22,2200.0,18.62211538461539,0.0,0.0,7.181333333333341,18.386666666666674,2218.6221153846154,2,200.0,132.52193551178084,0.0,0.0,88.23768213254694,88.23768213254694,332.52193551178084,2,200.0,165.20798142535148,0.0,0.0,103.48925264860215,103.48925264860215,365.2079814253515,11.225903906154926,Stock OK
3,67,1510.3111999999999,22,2200.0,723.432836538461,0.0,0.0,435.359233333333,604.5479666666664,2923.432836538461,4,400.0,617.4932304799721,0.0,0.0,244.21852023052153,244.21852023052153,1017.4932304799721,4,400.0,676.7725964315027,0.0,0.0,254.480926287835,254.480926287835,1076.7725964315027,175.4918617712296,Stock OK
3,71,1247.1512,22,2200.0,10.094471153846163,3350.9149999999995,335.09149999999994,14.008275000000012,94.53592500000002,5561.009471153846,5,500.0,267.07854914087704,1397.4914587827193,139.74914587827192,48.756059707242706,307.59771941448537,2164.570007923596,4,400.0,487.5480919299559,976.9012499999998,97.69012499999998,184.53949794752927,184.53949794752927,1864.4493419299556,87.78411842015296,Stock OK
3,72,23314.3464,22,2200.0,1164.3238882211538,10914.071499999998,1091.4071499999998,6.737275000000068,1939.752625,14278.395388221152,18,1800.0,1428.111111318649,4630.19383268545,463.01938326854497,339.00194167592235,2875.3526833518445,7858.304944004099,17,1700.0,3215.894738690621,0.0,0.0,1959.5333693883126,1959.5333693883126,4915.894738690621,1862.4730671584573,Stock OK
3,74,3296.3020000000006,22,2200.0,32.70036057692307,4398.779500000002,439.8779500000002,0.0,248.38469999999998,6631.479860576926,7,700.0,538.5041898979067,0.0,0.0,258.43586454096214,258.43586454096214,1238.5041898979066,7,700.0,783.1250976368042,0.0,0.0,487.7632656100983,487.7632656100983,1483.1250976368042,187.70657669882195,Stock OK
3,79,6516.1332,22,2200.0,345.63064903846276,0.0,0.0,50.67155000000082,621.6980500000009,2545.6306490384627,10,1000.0,938.4005818384792,89.25994728308183,8.925994728308183,552.7685190896145,1242.0391829075375,2027.660529121561,9,900.0,1168.5990237081564,0.0,0.0,149.5264958479878,875.6664890789863,2068.5990237081564,379.8119470110677,Stock OK
3,81,1698.3835999999997,22,2200.0,13.755554887820512,3866.627416666669,386.6627416666669,0.0,114.06268333333333,6080.382971554489,6,600.0,341.04340928099185,0.0,0.0,13.003842934820995,321.06252652178523,941.0434092809919,5,500.0,417.63936648792304,0.0,0.0,121.05519906719996,121.05519906719996,917.6393664879231,87.61762953820163,Stock OK
3,82,6999.3248,22,2200.0,80.68686598557694,9109.010749999994,910.9010749999993,0.0,529.4281500000001,11389.697615985571,11,1100.0,756.4743779988476,873.7141639588111,87.37141639588111,519.0873700762767,1182.7772229443162,2730.188541957659,10,1000.0,1104.9391130630456,0.0,0.0,128.2381185549595,831.951528949955,2104.9391130630456,397.6459955007581,Stock OK
3,85,582.1043999999999,22,2200.0,201.00603565705129,40.658833333333746,4.065883333333375,204.9002666666667,272.98190000000005,2441.664868990385,3,300.0,344.84518143290103,161.21950000000027,16.121950000000027,250.13948907544736,250.13948907544736,806.0646814329012,3,300.0,390.4135721218063,0.0,0.0,252.81490167111903,252.81490167111903,690.4135721218063,55.09233454001919,Stock OK
3,87,1172.1832,22,2200.0,0.0,5516.913083333335,551.6913083333335,0.0,53.955816666666664,7716.913083333335,5,500.0,179.81149661396705,2077.1336204294867,207.71336204294866,175.84152823926286,175.84152823926286,2756.9451170434536,4,400.0,399.009715074361,640.23875,64.023875,107.42230037605816,107.42230037605816,1439.2484650743609,92.58915160312505,Stock OK
3,90,1569.428,22,2200.0,49.58066706730768,362.46850000000023,36.24685000000002,0.0,133.3201,2612.049167067308,5,500.0,424.451271910145,11.933878471729429,1.1933878471729429,296.9956932292406,296.9956932292406,936.3851503818744,5,500.0,504.84611669047905,0.0,0.0,361.3804183523833,361.3804183523833,1004.846116690479,86.72473066925501,Stock OK
3,91,453.2136000000001,22,2200.0,1.2939573317307687,1864.9237500000004,186.49237500000004,0.0,23.19315,4066.217707331731,3,300.0,143.1749880426546,304.2994438723486,30.42994438723486,28.743765306382556,28.743765306382556,747.4744319150032,4,400.0,211.6501831112444,151.73475000000002,15.173475000000003,23.510759899036856,165.76447986538247,763.3849331112444,25.287167949517013,Stock OK
3,92,8199.0248,22,2200.0,93.01713942307698,13516.319333333326,1351.6319333333327,0.0,595.4254666666667,15809.336472756402,11,1100.0,587.6103166231394,2674.635644993155,267.4635644993155,0.0,703.8423035500684,4362.245961616294,11,1100.0,1241.2901726014863,0.0,0.0,364.49518312333623,1131.5333614356698,2341.290172601486,459.80242487871885,Stock OK
3,95,17607.608799999998,22,2200.0,138.17529447115385,33728.518749999996,3372.851875,0.0,1237.80495,36066.69404447115,16,1600.0,850.091181108399,11984.864546783538,1198.4864546783538,669.8413723571762,1684.6584585357643,14434.955727891936,17,1700.0,1777.069993320482,0.0,0.0,763.5705356156809,1795.725030029161,3477.069993320482,891.4435985692597,Stock OK
3,96,3723.1204,22,2200.0,58.534530248397445,2461.3699166666656,246.13699166666657,0.0,302.34638333333334,4719.904446915063,7,700.0,584.6168824632912,741.2609047728743,74.12609047728742,315.3737890871188,315.3737890871188,2025.8777872361654,8,800.0,791.1287881802473,0.0,0.0,192.73900377996983,687.3589793199656,1591.1287881802473,237.90371848658438,Stock OK
3,97,473.0447999999999,22,2200.0,3.383743589743591,1207.7700444444442,120.77700444444443,0.0,30.631982222222224,3411.1537880341875,3,300.0,195.85856989616104,0.0,0.0,51.83143819144334,51.83143819144334,495.85856989616104,3,300.0,238.23388604985442,0.0,0.0,79.66533006502719,79.66533006502719,538.2338860498544,35.44167489171352,Stock OK
4,1,29677.493599999994,22,2200.0,14090.175745192315,0.0,0.0,5606.19881666667,8674.345983333336,16290.175745192315,17,1700.0,3403.5527350275133,11095.233395006444,1109.5233395006444,0.0,3195.4332680665807,16198.786130033957,17,1700.0,6090.595592049289,0.0,0.0,2425.879527464883,4043.594373198111,7790.595592049289,3900.0293633683004,Stock OK
4,2,87667.85200000001,22,2200.0,4848.804266826921,0.0,0.0,754.9206249999988,8443.857375,7048.804266826921,22,2200.0,3884.06573904262,8806.58396526891,880.658396526891,624.2441686639677,8212.047433377676,14890.64970431153,21,2100.0,5872.352817214045,0.0,0.0,2901.436760518268,5450.981393922083,7972.352817214045,4289.482432306118,Stock OK
4,3,24109.2032,22,2200.0,2521.0468970352576,85044.16133333331,8504.41613333333,1553.3789166666677,3045.393350000001,89765.20823036856,14,1400.0,1929.1443305543542,85417.66145962861,8541.766145962862,1154.6850320318329,2268.8466040371386,88746.80579018296,14,1400.0,1731.4069975951388,6256.984176099818,625.6984176099818,158.31047565143984,1131.2101851078698,9388.391173694956,600.0623129831985,Stock OK
4,4,52032.93919999999,22,2200.0,2865.6034375000036,0.0,0.0,141.91565000000355,4678.859550000004,5065.603437500004,22,2200.0,2530.8072473476227,6074.246402612475,607.4246402612475,65.87274461367815,5894.477716920517,10805.053649960097,21,2100.0,3784.4774405048565,0.0,0.0,1994.3440846341864,3961.9218944106105,5884.4774405048565,2574.75202320641,Stock OK
4,5,32343.245199999998,22,2200.0,22091.001923076925,0.0,0.0,12503.883633333335,16403.633966666668,24291.001923076925,16,1600.0,5566.815302427117,0.0,0.0,525.5080135291673,4128.058375333057,7166.815302427117,17,1700.0,5145.2290822172445,0.0,0.0,1767.9545067418394,3534.3028946632044,6845.2290822172445,2648.077555577958,Stock OK
4,6,5746.638000000001,22,2200.0,2628.2942307692306,0.0,0.0,1678.0602333333325,2323.686166666666,4828.29423076923,8,800.0,1263.3353130852777,0.0,0.0,352.1886095335917,1085.101139466962,2063.3353130852774,9,900.0,1269.1531292053721,0.0,0.0,415.60954689551227,1064.8356277574512,2169.1531292053724,491.88494334277686,Stock OK
4,7,42761.494000000006,22,2200.0,14283.078100961538,0.0,0.0,10020.529416666666,14610.270583333333,16483.07810096154,20,2000.0,4508.553673026584,0.0,0.0,1251.7850960099634,5160.06586927417,6508.553673026584,20,2000.0,4023.615820913243,0.0,0.0,2286.1897817571453,3945.4537831378907,6023.615820913243,3065.2151110287873,Stock OK
4,8,53749.258400000006,22,2200.0,8079.061790865382,0.0,0.0,3628.1307083333327,8617.468891666666,10279.061790865382,22,2200.0,3639.8492062820415,0.0,0.0,595.6860823813035,6707.982239865822,5839.849206282041,21,2100.0,3869.219759763611,0.0,0.0,1176.3368145711588,3239.0145510742527,5969.219759763611,2689.7945510563936,Stock OK
4,9,35663.804000000004,22,2200.0,620.090486778846,28140.679000000004,2814.0679000000005,455.5639749999996,3351.6770249999995,30960.76948677885,22,2200.0,909.3273342073725,10423.079267374236,1042.3079267374237,768.2274996933957,3872.7828994889933,13532.40660158161,21,2100.0,3167.5811705847414,0.0,0.0,1778.3870639236602,3282.842586147463,5267.581170584741,1980.3388524861775,Stock OK
4,10,35662.6784,22,2200.0,1134.6391746794877,2011.463499999993,201.1463499999993,354.57893333333436,3469.023366666668,5346.102674679481,22,2200.0,2216.30631834878,0.0,0.0,1203.5080851106538,4422.960068621719,4416.30631834878,18,1800.0,3204.2979907216886,0.0,0.0,1070.335378037449,2673.4027344393216,5004.297990721689,1929.3952167668383,Stock OK
4,11,23961.1192,22,2200.0,3523.724711538462,5912.080000000004,591.2080000000003,3680.2968000000005,6032.488800000001,11635.804711538465,17,1700.0,3014.733848041855,0.0,0.0,1950.1551616095671,3349.091809210165,4714.733848041855,16,1600.0,3542.3878335112718,0.0,0.0,1796.4045582326612,1796.4045582326612,5142.387833511271,1469.571735071855,Stock OK
4,12,7224.860000000001,22,2200.0,373.3428956330123,87.2409166666705,8.72409166666705,246.3426999999997,895.2538833333329,2660.583812299683,10,1000.0,1090.070549628398,0.0,0.0,361.4805740710343,1096.2554406344825,2090.070549628398,10,1000.0,1222.7637355238076,0.0,0.0,204.18696039069266,921.4847587674363,2222.7637355238076,395.92699753707245,Stock OK
4,13,65444.134,22,2200.0,3456.388635817307,14489.343833333347,1448.9343833333346,0.0,5564.7999666666665,20145.732469150655,22,2200.0,3084.986623366315,8029.969412058867,802.9969412058867,1802.5945792713887,6106.041370979945,13314.956035425183,21,2100.0,4239.755542213979,0.0,0.0,2056.557301113779,4247.42735115503,6339.755542213979,3284.470891630852,Stock OK
4,14,24194.490800000007,22,2200.0,6942.130661057693,0.0,0.0,3962.034258333332,6410.4277416666655,9142.130661057694,17,1700.0,2632.462937589241,0.0,0.0,886.9588079750777,3741.473392371755,4332.462937589241,16,1600.0,2946.22857651042,0.0,0.0,332.33020822049866,1722.6122604351986,4546.228576510421,1396.4180666683558,Stock OK
4,16,19069.493599999998,22,2200.0,2938.5846394230757,45883.71,4588.371,4698.811999999999,6366.6323999999995,51022.294639423075,14,1400.0,2218.3355693828466,23498.685004994004,2349.8685004994004,2273.7642487514986,2273.7642487514986,27117.02057437685,11,1100.0,3223.8599839341196,7898.934000000001,789.8934000000002,1679.5105761665618,1679.5105761665618,12222.79398393412,755.9245848429218,Stock OK
4,17,13462.498,22,2200.0,2963.52056490385,0.0,0.0,1304.3961250000025,2588.473875000003,5163.52056490385,13,1300.0,1790.3024302881224,0.0,0.0,866.9563641732738,1900.5678424377134,3090.302430288122,12,1200.0,1847.5649370220433,0.0,0.0,812.1510439531211,812.1510439531211,3047.5649370220435,728.1683384066451,Stock OK
4,19,1998.3891999999998,22,2200.0,1356.93890625,0.0,0.0,752.305575,991.4964249999999,3556.93890625,5,500.0,697.4964220563935,0.0,0.0,144.80414604629027,590.9059138078628,1197.4964220563934,4,400.0,801.9195082878946,0.0,0.0,182.3773291293585,182.3773291293585,1201.9195082878946,180.8927737701708,Stock OK
4,20,8640.195600000001,22,2200.0,172.32035456730742,5799.364000000007,579.9364000000007,138.65544999999975,851.6045499999997,8171.684354567315,11,1100.0,748.0030231651197,1895.1509948741345,189.51509948741347,320.5199003417244,1090.6975754271555,3743.154018039254,11,1100.0,1232.0519802027518,0.0,0.0,132.05718349888957,902.3400968487786,2332.051980202752,407.0991337661476,Stock OK
4,21,6838.3128,22,2200.0,1919.9205288461528,0.0,0.0,1041.556966666666,1726.7630333333327,4119.920528846153,9,900.0,1167.7800623360254,0.0,0.0,229.84832929983747,984.8923329623171,2067.7800623360254,9,900.0,1149.6147879321823,0.0,0.0,215.95085039960975,969.257669199561,2049.6147879321825,397.1078854718671,Stock OK
4,22,15965.0748,22,2200.0,1808.393822115384,0.0,0.0,205.6222166666663,1611.7697833333327,4008.393822115384,14,1400.0,1244.3731076946015,1214.8800759236565,121.48800759236565,326.77238686730277,1408.3983737346057,3859.253183618258,14,1400.0,1864.794919520115,0.0,0.0,731.2054226916342,1853.2868744371444,3264.794919520115,903.661091735077,Stock OK
4,23,42171.932799999995,22,2200.0,6249.4528004807635,0.0,0.0,3995.499341666662,8010.058658333328,8449.452800480763,21,2100.0,3629.4959865513415,4481.500293188494,448.1500293188494,850.0101956811504,4505.20559481738,10210.996279739835,20,2000.0,5175.032778027844,0.0,0.0,2475.311198788155,4231.011427142162,7175.032778027844,2769.7842897549926,Stock OK
4,24,10105.0388,22,2200.0,1720.4899128605762,741.9725000000068,74.19725000000068,655.2764249999998,1584.5040749999996,4662.462412860583,11,1100.0,1431.494881549582,2777.9512207462776,277.7951220746278,359.3073043880585,1238.5782551194015,5309.446102295859,11,1100.0,1656.7509990309422,0.0,0.0,752.9254616391067,752.9254616391067,2756.7509990309422,622.0832820113008,Stock OK
4,25,13710.7664,22,2200.0,2870.5963701923074,0.0,0.0,1775.1048499999995,3121.7023499999996,5070.596370192307,13,1300.0,1778.8446103865463,0.0,0.0,1010.8286844079419,2069.3035872752703,3078.8446103865463,13,1300.0,1966.438421165171,0.0,0.0,666.3738528394667,1696.1441864094222,3266.438421165171,900.5497973542303,Stock OK
4,26,15953.562799999998,22,2200.0,5122.237151442313,0.0,0.0,1617.1562916666705,3145.0449083333374,7322.237151442313,14,1400.0,1783.3048418312646,2764.5602858099583,276.45602858099585,144.44453149263677,2399.3975944779104,5947.865127641223,14,1400.0,2079.5394429802504,0.0,0.0,735.5633840388839,1843.0474808880288,3479.5394429802504,1146.4500681102588,Stock OK
4,27,2039.8651999999997,22,2200.0,888.0305408653841,0.0,0.0,386.5050416666662,597.4937583333328,3088.030540865384,5,500.0,592.135520441743,0.0,0.0,371.5081601143939,371.5081601143939,1092.135520441743,5,500.0,655.5729992645216,0.0,0.0,427.6570775405129,427.6570775405129,1155.5729992645215,148.79168706223055,Stock OK
4,28,583.8127999999999,22,2200.0,531.1217427884617,0.0,0.0,298.4148750000001,375.13032500000014,2731.1217427884617,3,300.0,382.82522457641124,0.0,0.0,36.54150229449932,289.182065941749,682.8252245764113,2,200.0,389.67791257514114,0.0,0.0,60.36111212501343,60.36111212501343,589.6779125751411,55.33348429695961,Stock OK
4,29,8547.9088,22,2200.0,1542.6176081730769,0.0,0.0,722.1482416666665,1528.2401583333333,3742.617608173077,10,1000.0,1212.6536511949605,0.0,0.0,850.664187794207,850.664187794207,2212.6536511949607,10,1000.0,1252.1260122012543,0.0,0.0,644.0214217489745,644.0214217489745,2252.1260122012545,499.6122262696658,Stock OK
4,30,6212.706800000001,22,2200.0,1412.920673076924,0.0,0.0,1172.6859666666671,1814.8940333333337,3612.920673076924,9,900.0,1151.7350009804288,101.22699999999838,10.122699999999838,608.4878389354758,1339.4578188024102,2152.962000980427,8,800.0,1425.9811392541976,0.0,0.0,560.5416508468752,560.5416508468752,2225.981139254198,313.9998526848014,Stock OK
4,31,4114.6624,22,2200.0,750.8688521634617,6255.662749999998,625.5662749999998,425.55313333333334,765.9574166666666,9206.531602163459,7,700.0,839.1920094519675,6650.772881813889,665.0772881813889,254.105886818611,786.2866490914813,8189.964891265857,9,900.0,768.9158568465923,0.0,0.0,211.08242906606756,211.08242906606756,1668.9158568465923,174.48732547067706,Stock OK
4,32,10316.343200000001,22,2200.0,5011.840769230768,0.0,0.0,3695.3273333333327,4913.733466666667,7211.840769230768,10,1000.0,2099.727433628834,0.0,0.0,572.7684216517196,1579.6020240574662,3099.727433628834,10,1000.0,2719.0867345078195,0.0,0.0,1230.6347884915222,1230.6347884915222,3719.0867345078195,845.6730141161834,Stock OK
4,33,11716.15,22,2200.0,1525.5352313701924,3695.1848333333305,369.51848333333305,602.3999749999999,1641.4461916666664,7420.720064703522,12,1200.0,1312.5961798839319,9034.420953739651,903.4420953739651,43.637779626034785,1903.1930514764485,11547.017133623584,13,1300.0,1550.3101910889616,0.0,0.0,758.4003451346822,758.4003451346822,2850.310191088962,734.2180723723561,Stock OK
4,34,23983.701999999997,22,2200.0,1032.896604567307,1666.4356666666777,166.64356666666777,258.17124999999965,2351.669483333333,4899.332271233985,18,1800.0,1793.7335049126054,1442.5352993690012,144.25352993690012,417.1048001051661,3056.6430401261996,5036.268804281606,17,1700.0,3150.7133774567915,0.0,0.0,778.8940054070515,2130.290796369992,4850.713377456792,1382.3281437144356,Stock OK
4,35,3572.1332000000007,22,2200.0,632.9807331730773,0.0,0.0,506.3822416666671,861.0357583333338,2832.980733173077,7,700.0,792.7090106618642,0.0,0.0,219.07737235549672,762.2824219147462,1492.7090106618643,6,600.0,923.6059376963788,0.0,0.0,264.565487636156,264.565487636156,1523.6059376963788,185.3242361128811,Stock OK
4,36,3840.5036,22,2200.0,625.5349949919872,14680.579166666665,1468.0579166666664,525.6281083333332,777.6345249999998,17506.114161658654,6,600.0,534.7478369060598,9763.904361855673,976.3904361855673,261.27633881443285,261.27633881443285,10898.652198761733,6,600.0,786.62610221213,5629.9037499999995,562.990375,516.5710131080709,516.5710131080709,7016.529852212129,211.60438323551423,Stock OK
4,37,2863.6612,22,2200.0,457.2549519230773,0.0,0.0,343.42890000000034,622.3063000000004,2657.2549519230774,6,600.0,639.4663302072383,265.65131145125605,26.565131145125605,471.3646442743719,471.3646442743719,1505.1176416584944,6,600.0,781.844708838939,0.0,0.0,92.96551726507721,600.6276407180926,1381.844708838939,209.12365225931268,Stock OK
4,38,66209.4376,22,2200.0,16701.52146634614,0.0,0.0,8890.633516666658,15421.074483333323,18901.52146634614,21,2100.0,5447.307887301106,0.0,0.0,1859.9683896009083,8852.817734353019,7547.307887301106,21,2100.0,6907.162486634492,0.0,0.0,1359.0271764190256,6173.427453620611,9007.162486634492,3774.727284496927,Stock OK
4,40,70967.04839999999,22,2200.0,5878.703737980759,0.0,0.0,680.2433583333254,6910.442641666657,8078.703737980759,22,2200.0,3414.992664343544,4869.891982138415,486.9891982138415,337.10573459826946,7167.31306919654,10484.88464648196,21,2100.0,4521.091748266151,0.0,0.0,2193.107182648927,4556.62039219148,6621.091748266151,3582.432964932039,Stock OK
4,41,1483.5524,22,2200.0,237.31137319711542,5105.168916666666,510.5168916666666,0.0,84.61178333333334,7542.480289863781,5,500.0,273.2434620500952,2953.373775363717,295.3373775363717,0.0,265.32433686590707,3726.6172374138123,8,800.0,332.0010451103702,42.25964252766801,4.225964252766801,106.77050186808295,315.22468224169955,1174.2606876380382,118.82065189925541,Stock OK
4,42,8988.423199999997,22,2200.0,304.7257572115387,4380.7985833333205,438.0798583333321,0.0,743.5081166666668,6885.524340544859,11,1100.0,939.6102635630458,655.9127665951331,65.59127665951331,57.53516556032412,844.0456569504051,2695.523030158179,11,1100.0,1360.3499167565294,0.0,0.0,145.16016592162157,946.9922850137837,2460.3499167565296,562.4424542938616,Stock OK
4,44,4775.9844,22,2200.0,1467.7611538461538,0.0,0.0,513.8155000000002,973.7981000000002,3667.761153846154,8,800.0,867.5286301906671,0.0,0.0,244.4133403186351,863.0453175070115,1667.5286301906672,8,800.0,920.7941612616058,0.0,0.0,580.3796463142999,580.3796463142999,1720.794161261606,334.6890179020496,Stock OK
4,46,34770.6408,22,2200.0,3548.5572115384643,0.0,0.0,3102.8297666666695,6396.175033333337,5748.557211538464,21,2100.0,2970.8357907896357,0.0,0.0,1620.3363466409005,4930.963635760995,5070.835790789635,20,2000.0,2826.312184920416,0.0,0.0,1509.4320184088315,3158.9085930619276,4826.312184920416,1779.9211918412916,Stock OK
4,48,2707.2799999999997,22,2200.0,285.84830894648854,3358.257999999996,335.8257999999996,0.0,206.2134086956522,5844.106308946484,6,600.0,509.9521530310813,2450.0166414883874,245.00166414883873,332.2991114038415,332.2991114038415,3559.9687945194687,7,700.0,820.2535655312424,0.0,0.0,177.77062180625492,607.0590399333844,1520.2535655312424,217.57747692118312,Stock OK
4,49,5992.3892,22,2200.0,792.639735576924,0.0,0.0,289.3742500000004,835.6145500000005,2992.639735576924,9,900.0,948.33834673353,0.0,0.0,220.1339115929171,894.2792442920318,1848.33834673353,9,900.0,1213.7536316074077,0.0,0.0,359.5984422703301,1051.1768413041214,2113.7536316074074,398.4416871388038,Stock OK
4,52,2758.7852,22,2200.0,1582.4282451923068,0.0,0.0,962.2295499999991,1285.796049999999,3782.428245192307,6,600.0,866.5053921079515,0.0,0.0,320.82421317945887,839.6761458153507,1466.5053921079516,6,600.0,920.4073482891713,0.0,0.0,223.6232024356056,723.0349329227267,1520.4073482891713,223.770819126139,Stock OK
4,55,12016.3524,22,2200.0,10849.421286057684,0.0,0.0,7073.778891666662,8733.79030833333,13049.421286057684,10,1000.0,3318.675374299753,0.0,0.0,1050.5966710796374,2225.8113317551524,4318.6753742997535,10,1000.0,3163.273616450438,0.0,0.0,1734.1188208028207,1734.1188208028207,4163.273616450439,1094.2512378516744,Stock OK
4,56,2036.5996000000002,22,2200.0,4344.624819711538,0.0,0.0,3756.2906083333346,4260.020191666668,6544.624819711538,3,300.0,1722.3547976256382,0.0,0.0,661.1397541403318,661.1397541403318,2022.3547976256382,2,200.0,1835.6355258783235,0.0,0.0,449.63344123284605,449.63344123284605,2035.6355258783235,312.76410498982995,Stock OK
4,58,3011.4000000000005,22,2200.0,4358.35610576923,0.0,0.0,2959.9435666666654,3479.1908333333317,6558.35610576923,5,500.0,1439.341981372019,0.0,0.0,396.5809421752349,1053.8584527190437,1939.341981372019,5,500.0,1953.9122005250342,0.0,0.0,742.9872541696797,742.9872541696797,2453.912200525034,461.5476702891333,Stock OK
4,59,369.0692,22,2200.0,1256.0320673076926,0.0,0.0,860.7561333333339,967.6974666666673,3456.0320673076926,2,200.0,515.8927122915763,0.0,0.0,89.62989213328916,387.9169842665783,715.8927122915763,2,200.0,483.36105594944644,0.0,0.0,248.50634147613286,248.50634147613286,683.3610559494464,83.6815686260392,Stock OK
4,60,307.78400000000005,22,2200.0,120.72848557692308,0.0,0.0,74.66575,107.92225000000002,2320.728485576923,2,200.0,240.8343713793856,0.0,0.0,74.7832292501102,74.7832292501102,440.83437137938563,2,200.0,284.8297015708577,0.0,0.0,89.04750836210972,89.04750836210972,484.8297015708577,25.271002917441994,Stock OK
4,67,9999.908400000002,22,2200.0,2209.100372596156,0.0,0.0,1506.0487916666682,2506.566808333335,4409.100372596156,11,1100.0,1650.504062655219,2303.66575,230.366575,855.0008144087064,1767.3773758495772,5054.169812655219,10,1000.0,2111.864447648709,0.0,0.0,1064.6657676089228,1064.6657676089228,3111.864447648709,781.381096741678,Stock OK
4,71,6894.072800000001,22,2200.0,825.1638341346159,0.0,0.0,626.3730916666668,1280.3249083333335,3025.163834134616,9,900.0,1025.6138765202618,143.603249656029,14.3603249656029,739.8236002751769,739.8236002751769,2069.2171261762905,9,900.0,1307.9547990340604,0.0,0.0,761.7105801190858,761.7105801190858,2207.9547990340607,334.78985007745615,Stock OK
4,72,82007.92159999999,22,2200.0,37251.79472355769,0.0,0.0,19749.524608333333,28597.998191666666,39451.79472355769,21,2100.0,8415.898552467628,0.0,0.0,1810.2683922039237,9950.131424958221,10515.898552467628,20,2000.0,8107.773312793721,0.0,0.0,3119.4772983952757,5780.762058521026,10107.77331279372,5716.226753447642,Stock OK
4,74,17899.4812,22,2200.0,2762.1534014423105,0.0,0.0,1603.5943916666693,3299.5140083333363,4962.1534014423105,15,1500.0,2061.162808347128,0.0,0.0,1274.4013437329204,2462.2587093567004,3561.162808347128,14,1400.0,2762.2676547278847,0.0,0.0,609.5198414508139,1837.606119639338,4162.267654727884,972.7802958593692,Stock OK
4,79,48428.535200000006,22,2200.0,1734.7545913461581,9975.627916666614,997.5627916666613,0.0,4124.432383333334,13910.382508012772,22,2200.0,2647.784493625084,2944.6460674174955,294.46460674174955,658.6594257296988,4363.5360730329985,7792.43056104258,21,2100.0,3983.247605508931,0.0,0.0,1893.2586692865075,3812.17802990766,6083.247605508931,2479.4538739220507,Stock OK
4,80,17707.160799999998,22,2200.0,2080.8440985576926,0.0,0.0,936.8996749999997,2558.1223249999994,4280.844098557693,15,1500.0,1609.0554841498852,111.22424999999907,11.122424999999907,995.439506949501,2156.8426431601797,3220.2797341498845,14,1400.0,2154.3691209848266,0.0,0.0,255.5919419630685,1450.2780009602275,3554.3691209848266,886.2288887346855,Stock OK
4,81,29386.377599999996,22,2200.0,928.6013040865375,10240.385750000027,1024.0385750000028,0.0,2466.2903499999998,13368.987054086563,20,2000.0,1801.2684701095195,1175.903065362968,117.5903065362968,215.00312105796297,3079.931442115926,4977.171535472487,19,1900.0,2464.0202895772068,0.0,0.0,768.2169020745107,2237.947956356428,4364.020289577207,1431.1706061601778,Stock OK
4,82,27974.5652,22,2200.0,4476.627103365382,0.0,0.0,2212.8782583333323,4837.8733416666655,6676.627103365382,19,1900.0,2432.9514874640527,0.0,0.0,1086.120251496661,4041.789995790386,4332.951487464053,18,1800.0,3130.983868910883,0.0,0.0,798.7751856008583,2259.7074068126735,4930.983868910883,1619.9945658583677,Stock OK
4,83,8593.942799999999,22,2200.0,236.49762620192263,5756.446583333342,575.6446583333342,0.0,697.2433166666666,8192.944209535264,11,1100.0,1045.3236736229856,0.0,0.0,68.39405814029453,830.041246454324,2145.3236736229856,10,1000.0,1309.953866402216,0.0,0.0,719.5100517756189,719.5100517756189,2309.9538664022157,508.9684672997292,Stock OK
4,85,2172.4348,22,2200.0,519.7572235576921,0.0,0.0,413.2664083333332,638.1099916666665,2719.757223557692,5,500.0,697.3216948119224,0.0,0.0,327.4092517961374,327.4092517961374,1197.3216948119225,5,500.0,663.7935822779558,0.0,0.0,232.0771378793827,232.0771378793827,1163.793582277956,128.07920778522254,Stock OK
4,87,14921.1684,22,2200.0,125.46236578525632,25696.43808333334,2569.643808333334,0.0,1074.0456166666665,28021.9004491186,15,1500.0,793.5480036047194,10211.046512045416,1021.1046512045416,0.0,1890.6146651993013,12504.594515650135,15,1500.0,1708.2119738212896,0.0,0.0,759.803234467811,1764.7963208583687,3208.2119738212896,818.320652822307,Stock OK
4,90,82594.6992,22,2200.0,9679.075925480774,0.0,0.0,2487.1950083333372,9885.620591666671,11879.075925480774,21,2100.0,3112.5152028628986,7487.952296498538,748.7952296498538,1201.488829285196,8644.56687321299,12700.467499361435,21,2100.0,6272.065202552035,0.0,0.0,856.813688405849,5846.7360686407355,8372.065202552036,4269.223760109811,Stock OK
4,91,60765.1012,22,2200.0,3158.2370312500125,0.0,0.0,143.2410083333416,5439.6185916666755,5358.2370312500125,22,2200.0,3007.8621860135804,4605.90088243594,460.590088243594,119.73078942547727,6417.291852567303,9813.76306844952,21,2100.0,4529.941417552527,0.0,0.0,1127.3954738628336,3285.312685817347,6629.941417552527,2893.655758547622,Stock OK
4,92,150099.0288,22,2200.0,9874.060234374996,8584.770416666706,858.4770416666706,0.0,12977.439283333333,20658.830651041702,21,2100.0,2821.752164093252,57681.455750163324,5768.145575016332,0.0,13143.655189471965,62603.20791425658,21,2100.0,8546.563546493964,0.0,0.0,4027.8591555303246,10760.895607056842,10646.563546493964,7716.595971613356,Stock OK
4,93,66667.0028,22,2200.0,2101.708606770834,27291.7955833333,2729.17955833333,0.0,5559.810716666667,31593.504190104133,22,2200.0,2653.0884291416737,16653.383528689807,1665.3383528689806,1408.5335817704813,5710.050763540963,21506.47195783148,21,2100.0,4402.274519018207,0.0,0.0,2518.2957825721182,4691.352300699694,6502.274519018207,3314.2823321044875,Stock OK
4,94,66633.35599999999,22,2200.0,1027.0352794471155,38808.96025000004,3880.896025000004,0.0,5456.73565,42035.99552944716,22,2200.0,2296.6300750022847,21191.15720500637,2119.115720500637,1200.533456359949,5461.990512719898,25687.787280008655,22,2200.0,4528.581724083453,0.0,0.0,314.14708852091326,4666.917430263204,6728.581724083453,3424.494930570508,Stock OK
4,95,144136.25759999998,22,2200.0,2912.1151011618567,61997.47683333348,6199.747683333348,172.6053416666664,12182.093624999998,67109.59193449534,22,2200.0,2398.0426058525854,41074.822115838935,4107.482211583893,1264.2920281849383,13908.275104246584,45672.86472169152,21,2100.0,8947.93263518545,0.0,0.0,3990.376079421393,7163.849280748744,11047.93263518545,7082.4182032762465,Stock OK
4,96,40097.1884,22,2200.0,660.5122776442313,31848.650249999962,3184.8650249999964,0.0,3209.7672500000003,34709.16252764419,22,2200.0,685.1560569680177,25990.471850745525,2599.0471850745525,0.0,3268.3490339925447,28875.627907713544,21,2100.0,2914.5985808510077,0.0,0.0,575.4155933854581,2205.32255331207,5014.598580851008,2168.8877536361724,Stock OK
4,97,37018.4208,22,2200.0,1721.6408944310906,7556.569083333332,755.6569083333331,0.0,3153.2838166666666,11478.209977764422,22,2200.0,2443.5623100771313,0.0,0.0,106.14729355635563,3345.611530411991,4643.562310077132,21,2100.0,2601.313330023571,0.0,0.0,231.14619698058164,1857.1282605796107,4701.313330023571,1724.6025460772241,Stock OK
4,98,13162.355999999998,22,2200.0,3342.486033653845,0.0,0.0,1221.0363166666652,2471.7660833333316,5542.486033653845,13,1300.0,1420.6102677578456,651.4433475296039,65.14433475296039,0.0,2040.20309368128,3372.0536152874492,13,1300.0,1803.5686733699574,0.0,0.0,869.9266564039026,1882.9423236042278,3103.5686733699577,875.9730848849688,Stock OK
5,1,8666.459200000001,22,2200.0,1833.3759855769244,0.0,0.0,523.548450000001,1322.6795500000012,4033.3759855769244,10,1000.0,1074.1683627505101,1291.63017991184,129.163017991184,0.0,815.3999480009795,3365.79854266235,10,1000.0,1846.6018020450986,0.0,0.0,1105.5848268382874,1105.5848268382874,2846.6018020450983,750.8739995026007,Stock OK
5,2,11088.8856,22,2200.0,1074.7060336538455,0.0,0.0,420.8928499999995,1421.7431499999996,3274.706033653845,12,1200.0,1276.208537843577,0.0,0.0,450.19844558499335,1362.7264997290836,2476.208537843577,11,1100.0,1590.1192389437465,0.0,0.0,608.5992826112852,608.5992826112852,2690.1192389437465,556.3153095215666,Stock OK
5,3,4422.8099999999995,22,2200.0,565.7954306891023,8410.657333333336,841.0657333333336,159.06811666666664,484.35614999999996,11176.452764022439,7,700.0,560.6834989699521,8745.164474599997,874.5164474599997,61.020751270000176,581.2511269050003,10005.84797356995,9,900.0,765.7697074196647,340.15813551471837,34.01581355147184,481.2710682242642,481.2710682242642,2005.927842934383,164.70666516827174,Stock OK
5,4,8919.3928,22,2200.0,646.4690264423074,0.0,0.0,132.22902499999987,919.3265749999998,2846.4690264423075,11,1100.0,1412.1986789760945,0.0,0.0,353.6274758255554,1162.8648709081108,2512.1986789760945,10,1000.0,1531.5144632529748,0.0,0.0,518.9435052077756,518.9435052077756,2531.5144632529746,467.41290423698405,Stock OK
5,5,4791.2836,22,2200.0,2509.36969951923,0.0,0.0,1563.0998583333326,2115.6549416666658,4709.3696995192295,7,700.0,1159.1106472785118,0.0,0.0,105.73410633541025,783.7649532246453,1859.1106472785118,7,700.0,1294.254313826751,0.0,0.0,631.5170549626022,631.5170549626022,1994.254313826751,414.7862552020323,Stock OK
5,6,548.4820000000001,22,2200.0,808.4925240384614,0.0,0.0,544.6432166666666,639.6975833333333,3008.4925240384614,2,200.0,487.703663262746,0.0,0.0,156.5414867958498,156.5414867958498,687.703663262746,2,200.0,475.2760684058712,0.0,0.0,108.981520652632,108.981520652632,675.2760684058712,88.70334340532278,Stock OK
5,7,4924.2544,22,2200.0,1385.6189423076926,0.0,0.0,1074.5542333333333,1596.1897666666664,3585.6189423076926,8,800.0,1057.7907119185068,0.0,0.0,469.71030331814984,1128.497646649314,1857.7907119185068,8,800.0,1158.1450307139248,0.0,0.0,611.3807476889759,611.3807476889759,1958.1450307139248,356.65609241198655,Stock OK
5,8,12686.3352,22,2200.0,584.6025580929479,2889.5895833333384,288.95895833333384,0.0,1078.0327166666666,5674.192141426287,13,1300.0,1168.616806619409,966.3618494173295,96.63618494173295,392.0737133527558,1339.1340178036744,3434.9786560367384,12,1200.0,1614.0133594655208,0.0,0.0,697.5700318723011,697.5700318723011,2814.013359465521,657.420913106062,Stock OK
5,9,8316.822400000001,22,2200.0,363.19168269230795,11310.151999999998,1131.0151999999998,0.0,624.8528,13873.343682692306,10,1000.0,697.0080554863974,9138.79874959795,913.879874959795,23.564664297201375,744.5899964458021,10835.806805084349,12,1200.0,1237.237679583972,0.0,0.0,360.1685881350011,1063.7787506927284,2437.237679583972,483.88154352559394,Stock OK
5,10,9082.6992,22,2200.0,273.27700120192276,2451.1786666666703,245.11786666666706,116.32058333333322,894.9207499999998,4924.455667868593,11,1100.0,852.8554236377317,521.2716602194263,52.12716602194263,185.90162170488196,990.7589622731759,2474.127083857158,11,1100.0,1332.1734072572997,0.0,0.0,378.69419717685145,1208.0435118945366,2432.1734072573,506.1428781297465,Stock OK
5,11,6927.9544000000005,22,2200.0,500.14085837339775,4237.93508333333,423.79350833333297,568.7257000000004,1183.759316666667,6938.0759417067275,10,1000.0,869.1625317940088,1027.334532492307,102.7334532492307,535.3684261276921,1250.7060870030768,2896.497064286316,10,1000.0,1304.4929481502368,0.0,0.0,233.49631356185608,926.7074567353957,2304.4929481502368,349.7830235161701,Stock OK
5,12,2480.1328000000003,22,2200.0,29.68306490384617,2213.9709999999995,221.39709999999994,0.0,196.4118,4443.654064903845,6,600.0,442.3857561413114,692.9602175177503,69.29602175177503,309.25535649644974,309.25535649644974,1735.3459736590617,6,600.0,608.8836764441246,0.0,0.0,274.42909894251017,274.42909894251017,1208.8836764441246,140.1297211181049,Stock OK
5,13,10114.7176,22,2200.0,505.3998677884626,245.18699999998944,24.518699999998944,0.0,877.4086000000001,2950.586867788452,12,1200.0,1153.3618567380654,221.60565193929585,22.160565193929585,621.9854456717247,1476.3881348060697,2574.9675086773614,11,1100.0,1419.0721681702887,0.0,0.0,832.3836844819717,832.3836844819717,2519.072168170289,522.4406802474905,Stock OK
5,14,2795.8188,22,2200.0,930.0134855769239,0.0,0.0,625.1356500000006,922.6099500000007,3130.013485576924,6,600.0,763.5156792338519,0.0,0.0,137.85429593547076,635.3466251225649,1363.5156792338519,6,600.0,784.412159208431,0.0,0.0,152.34252205117883,652.7324964614146,1384.4121592084311,185.4819721258745,Stock OK
5,16,6361.754000000001,22,2200.0,657.5566586538462,5951.337000000002,595.1337000000002,982.8782416666667,1569.7911583333332,8808.893658653848,9,900.0,1049.0327945379047,2610.771826752196,261.0771826752196,370.03592697434146,1068.8288481367317,4559.804621290101,8,800.0,1538.2473544034451,580.2582500000005,58.025825000000054,229.24469995316133,1036.7594856607557,2918.5056044034454,370.050338081123,Stock OK
5,17,2049.8008000000004,22,2200.0,559.1193870192308,0.0,0.0,217.50450833333332,414.6614916666666,2759.119387019231,5,500.0,602.2844937253483,0.0,0.0,270.99399594181716,270.99399594181716,1102.2844937253483,5,500.0,693.799223395014,0.0,0.0,304.6157588345769,304.6157588345769,1193.799223395014,141.54170994680544,Stock OK
5,20,1029.1152,22,2200.0,50.01288862179482,102.59066666666705,10.259066666666705,52.88195833333333,146.076575,2352.603555288462,4,400.0,336.6199452610145,0.0,0.0,224.50199723378563,224.50199723378563,736.6199452610144,4,400.0,520.1897006494257,0.0,0.0,308.8835388611498,308.8835388611498,920.1897006494257,68.79824482596624,Stock OK
5,21,1010.7428000000001,22,2200.0,374.9861057692308,0.0,0.0,211.19506666666672,317.45053333333334,2574.9861057692306,4,400.0,392.0148192634607,0.0,0.0,40.62747075831528,337.9564943444204,792.0148192634607,4,400.0,450.5421984258802,0.0,0.0,55.213530069486424,357.4045734259819,850.5421984258802,66.08525858587768,Stock OK
5,22,1913.7808,22,2200.0,673.8941466346156,0.0,0.0,269.2333416666668,459.06065833333344,2873.8941466346155,5,500.0,570.9986592516102,0.0,0.0,358.0203619763954,358.0203619763954,1070.9986592516102,5,500.0,680.1194265001867,0.0,0.0,452.5916935918283,452.5916935918283,1180.1194265001868,165.74907208255044,Stock OK
5,23,5394.214,22,2200.0,498.49566105769276,0.0,0.0,429.5295583333337,935.942041666667,2698.495661057693,8,800.0,972.9891575153799,0.0,0.0,558.2316923207236,558.2316923207236,1772.98915751538,8,800.0,1034.4279084821972,0.0,0.0,488.2729070952783,488.2729070952783,1834.4279084821972,311.1393895350008,Stock OK
5,24,1300.6656,22,2200.0,469.763173076923,0.0,0.0,221.3287333333333,353.67606666666666,2669.763173076923,4,400.0,440.01972417006766,48.734778178293396,4.87347781782934,230.05992218217065,230.05992218217065,888.754502348361,4,400.0,508.43365392580387,0.0,0.0,134.22134788371199,134.22134788371199,908.4336539258038,91.13144158308276,Stock OK
5,25,2449.5039999999995,22,2200.0,81.63846153846158,300.40399999999966,30.040399999999963,11.298299999999983,222.66889999999998,2582.0424615384613,6,600.0,510.3488953382764,1.0773635304632023,0.10773635304632023,383.80196364695354,383.80196364695354,1111.4262588687395,6,600.0,812.849246324265,0.0,0.0,95.51361323577227,541.1059558829268,1412.849246324265,184.18553586385178,Stock OK
5,26,1248.8772,22,2200.0,937.1479687500004,0.0,0.0,523.098191666667,677.1830083333338,3137.1479687500005,4,400.0,541.8152958983084,0.0,0.0,56.394850989493825,414.44312631932513,941.8152958983084,4,400.0,593.3708195731565,0.0,0.0,422.10730811877414,422.10730811877414,993.3708195731565,123.19919763066375,Stock OK
5,27,312.53399999999993,22,2200.0,99.52111778846144,0.0,0.0,29.98257499999993,59.76662499999993,2299.5211177884617,2,200.0,215.5709650519382,0.0,0.0,46.977458017855824,46.977458017855824,415.5709650519382,2,200.0,291.36263046164163,0.0,0.0,95.48412388006605,95.48412388006605,491.36263046164163,40.30919811885514,Stock OK
5,28,129.33720000000002,22,2200.0,85.58528846153845,0.0,0.0,46.29386666666666,61.566133333333326,2285.5852884615383,2,200.0,150.26717665199936,0.0,0.0,6.294426828664978,119.01765365733,350.26717665199936,1,100.0,176.65311780122497,0.0,0.0,17.848691584536393,17.848691584536393,276.653117801225,14.319778869371742,Stock OK
5,29,872.0340000000001,22,2200.0,644.8454206730769,0.0,0.0,401.05145833333336,511.7545416666667,2844.8454206730767,3,300.0,487.9665991093974,0.0,0.0,204.48462099325175,204.48462099325175,787.9665991093974,3,300.0,526.4242164041603,0.0,0.0,180.56723587355125,180.56723587355125,826.4242164041603,82.0056356982131,Stock OK
5,30,755.4576,22,2200.0,14.62116586538461,557.5640000000004,55.75640000000004,6.6219,68.04129999999999,2772.185165865385,4,400.0,265.6930592659617,0.0,0.0,14.83701607996112,240.89218810661484,665.6930592659617,3,300.0,332.67069155809133,0.0,0.0,55.611691738779555,55.611691738779555,632.6706915580913,50.367675163747734,Stock OK
5,31,652.9175999999999,22,2200.0,112.77785356570509,325.23366666666703,32.5233666666667,18.115474999999993,73.63805833333332,2638.0115202323723,3,300.0,279.6597165276486,107.2479384738979,10.72479384738979,85.88026230522055,85.88026230522055,686.9076550015465,3,300.0,370.5663373959447,0.0,0.0,76.30785477375737,76.30785477375737,670.5663373959446,43.78683617062738,Stock OK
5,32,1919.9395999999997,22,2200.0,771.496274038461,0.0,0.0,489.5576499999997,699.0791499999997,2971.496274038461,5,500.0,586.2390815457084,0.0,0.0,64.41756089471788,481.9362886183973,1086.2390815457084,5,500.0,839.1895386568374,0.0,0.0,445.52132832953504,445.52132832953504,1339.1895386568374,199.377878655553,Stock OK
5,33,1487.4307999999996,22,2200.0,221.6321334134615,109.25950000000071,10.925950000000071,59.709999999999994,193.2939,2530.891633413462,5,500.0,432.34680743692934,542.3380862498063,54.23380862498064,100.6963413750194,434.07571206252913,1474.6848936867357,5,500.0,564.0031678173985,0.0,0.0,284.53487002229235,284.53487002229235,1064.0031678173987,110.17840820000731,Stock OK
5,34,3068.4579999999996,22,2200.0,461.46865785256404,1119.3051666666656,111.93051666666656,412.45693333333344,705.4121000000001,3780.7738245192295,6,600.0,684.2586774985729,349.29453984546456,34.929453984546456,368.09818007726733,368.09818007726733,1633.5532173440374,6,600.0,855.0778102663221,0.0,0.0,466.5612712642115,466.5612712642115,1455.077810266322,192.31101247655116,Stock OK
5,35,635.3883999999999,22,2200.0,719.5362980769231,0.0,0.0,552.4879999999999,655.7815999999999,2919.5362980769232,2,200.0,437.7680086641195,0.0,0.0,105.86343669555,105.86343669555,637.7680086641195,2,200.0,454.43863662438457,0.0,0.0,95.56636378099196,95.56636378099196,654.4386366243846,62.7043491155368,Stock OK
5,36,492.4736,22,2200.0,147.36763822115384,1094.9545,109.49545,178.69679999999997,227.53809999999996,3442.322138221154,3,300.0,239.77855155918664,484.18049999999994,48.418049999999994,32.37366851271046,233.95730276906568,1023.9590515591866,3,300.0,286.5465346329196,484.18049999999994,48.418049999999994,201.86307831891466,201.86307831891466,1070.7270346329196,35.56265538951675,Stock OK
5,38,52027.7816,22,2200.0,1244.3055949519237,20148.74041666664,2014.8740416666637,0.0,4348.948483333334,23593.046011618564,22,2200.0,2432.9536339859073,10528.172268996457,1052.8172268996457,1201.0078925857642,5005.3870209762745,15161.125902982365,21,2100.0,4728.055715579918,0.0,0.0,2129.580706297611,4114.328188851678,6828.055715579918,3021.61353163488,Stock OK
5,40,17162.956800000004,22,2200.0,1928.7135096153838,0.0,0.0,247.47893333333218,1761.4298666666655,4128.713509615383,15,1500.0,1561.1966279563442,1502.6392595863501,150.263925958635,970.7446747385543,2093.066899651406,4563.835887542694,14,1400.0,1929.979682853415,0.0,0.0,416.7101429438919,1594.3055693241913,3329.979682853415,906.1903512849781,Stock OK
5,41,756.0676,22,2200.0,186.99570012019223,1682.2114166666674,168.22114166666674,0.0,51.11708333333333,4069.20711678686,4,400.0,249.66313197914633,1097.4556149168782,109.74556149168782,49.033406754156076,255.26001350831217,1747.1187468960245,4,400.0,339.7028575023247,0.0,0.0,119.52864993548233,119.52864993548233,739.7028575023247,81.02201156137305,Stock OK
5,42,2597.8948,22,2200.0,108.72700821314092,356.98300000000063,35.69830000000006,58.177591666666615,286.03620833333326,2665.7100082131415,6,600.0,528.8460085383126,0.0,0.0,356.3290163473838,356.3290163473838,1128.8460085383126,6,600.0,750.263769402344,0.0,0.0,486.1865352856156,486.1865352856156,1350.263769402344,149.62745325866905,Stock OK
5,44,1172.7384,22,2200.0,305.31325721153837,0.0,0.0,100.1139916666666,210.79680833333327,2505.3132572115383,4,400.0,403.89176179628106,0.0,0.0,207.12669408732273,207.12669408732273,803.8917617962811,4,400.0,503.3100941419786,0.0,0.0,227.6141443731408,227.6141443731408,903.3100941419787,92.14031854860676,Stock OK
5,46,4077.6508,22,2200.0,866.5607692307692,0.0,0.0,579.0188999999998,983.9466999999997,3066.5607692307694,7,700.0,918.7796659442594,0.0,0.0,592.756596548563,592.756596548563,1618.7796659442592,7,700.0,953.7459908739809,0.0,0.0,565.7355707800086,565.7355707800086,1653.7459908739809,244.92677076963838,Stock OK
5,52,337.13640000000004,22,2200.0,249.81295673076934,0.0,0.0,170.57135000000005,214.71985000000006,2449.812956730769,2,200.0,291.57156214807424,0.0,0.0,112.39589592861364,112.39589592861364,491.57156214807424,2,200.0,336.02340857407523,0.0,0.0,125.59475439528194,125.59475439528194,536.0234085740752,40.471936185552366,Stock OK
5,55,2588.8032000000003,22,2200.0,1132.9461418269236,0.0,0.0,735.3655250000002,1024.4236750000002,3332.946141826924,5,500.0,785.7748967290877,0.0,0.0,296.80554203446513,296.80554203446513,1285.7748967290877,5,500.0,886.2672918351007,0.0,0.0,242.98213670068108,242.98213670068108,1386.2672918351007,194.45651980025156,Stock OK
5,56,491.3496,22,2200.0,981.8552524038464,0.0,0.0,631.7892750000003,729.4535250000004,3181.8552524038464,2,200.0,468.8047608260505,0.0,0.0,225.25783786407044,225.25783786407044,668.8047608260505,2,200.0,842.68546477055,0.0,0.0,521.5137861324737,521.5137861324737,1042.68546477055,151.8719311459913,Stock OK
5,60,209.88,22,2200.0,13.184695512820513,27.50666666666671,2.750666666666671,1.5113333333333339,19.654000000000003,2240.691362179487,2,200.0,167.59125080131733,11.255154385810524,1.1255154385810524,64.18048456141896,64.18048456141896,378.8464051871278,2,200.0,202.58942021657248,0.0,0.0,86.05984432322178,86.05984432322178,402.5894202165725,20.859849624202454,Stock OK
5,67,2442.8532000000005,22,2200.0,579.5390725160258,47.747833333333745,4.7747833333333745,395.88230000000004,642.3136666666667,2827.2869058493598,6,600.0,669.6093590974797,0.0,0.0,190.81072861788385,643.6141043414607,1269.6093590974797,5,500.0,1073.7225336014626,0.0,0.0,313.90661028287053,313.90661028287053,1573.7225336014626,300.4341300661254,Stock OK
5,71,386.38559999999995,22,2200.0,65.37451923076921,136.53466666666668,13.653466666666667,63.94739999999997,101.9195333333333,2401.909185897436,3,300.0,216.51557766491717,0.0,0.0,26.059955236910383,203.80363285536558,516.5155776649171,2,200.0,274.9414968316484,0.0,0.0,45.33245335245718,45.33245335245718,474.9414968316484,37.98547652569832,Stock OK
5,72,8836.522,22,2200.0,5082.610841346153,0.0,0.0,2873.945249999999,3892.2467499999984,7282.610841346153,10,1000.0,1966.9711479819625,0.0,0.0,974.9736279646517,1895.4228921829463,2966.9711479819625,10,1000.0,2051.0838938039606,0.0,0.0,513.2087571068145,1382.3508134520162,3051.0838938039606,797.4383823810243,Stock OK
5,74,3062.155999999999,22,2200.0,185.13395733173064,1017.636250000001,101.7636250000001,208.41364999999985,483.9619999999999,3402.7702073317314,7,700.0,632.6597430303368,0.0,0.0,224.00905100103353,702.8161386678725,1332.6597430303368,6,600.0,763.827466797659,0.0,0.0,356.69546362731177,356.69546362731177,1363.8274667976589,171.99816552015892,Stock OK
5,79,4517.6768,22,2200.0,343.2506009615382,0.0,0.0,22.701449999999852,417.51694999999984,2543.250600961538,8,800.0,802.6530351453702,0.0,0.0,86.5083521122323,659.645766699694,1602.6530351453703,8,800.0,986.2828503936618,0.0,0.0,221.8830412269222,814.3596971164825,1786.2828503936616,261.2862068112081,Stock OK
5,81,2702.714,22,2200.0,27.918818108974353,3712.450166666667,371.2450166666667,0.0,202.73643333333334,5940.368984775641,7,700.0,466.1786085743565,708.9932688818056,70.89932688818057,136.50621155590977,547.2089173338646,1875.1718774561623,6,600.0,635.2387574293233,0.0,0.0,290.21672310105635,290.21672310105635,1235.2387574293234,129.5524027654304,Stock OK
5,82,3443.205200000001,22,2200.0,558.1937139423076,0.0,0.0,174.39560833333323,488.96959166666653,2758.1937139423076,7,700.0,667.6056532352003,87.77825000000007,8.777825000000007,106.98078953789692,618.5719877942131,1455.3839032352005,7,700.0,760.1053405666041,0.0,0.0,91.31809707477757,601.7618174205738,1460.1053405666041,225.8527980046465,Stock OK
5,85,637.3348000000001,22,2200.0,296.09068509615395,0.0,0.0,240.69767500000006,317.04832500000003,2496.0906850961537,3,300.0,381.04860182170836,77.16825,7.716825,241.02549563146596,241.02549563146596,758.2168518217084,3,300.0,419.2492531768761,0.0,0.0,252.17667812270935,252.17667812270935,719.2492531768761,55.21489949511408,Stock OK
5,87,9914.0472,22,2200.0,191.13975360576904,5023.16300000001,502.316300000001,10.158149999999978,829.4528499999999,7414.302753605778,11,1100.0,673.4992981606433,4288.760446517242,428.87604465172416,0.0,825.6229105348276,6062.2597446778855,11,1100.0,1689.8537349471737,0.0,0.0,1074.5880648479774,1074.5880648479774,2789.8537349471735,621.8809658429936,Stock OK
5,90,2875.4132000000004,22,2200.0,302.99692307692317,0.0,0.0,91.68800000000002,349.69680000000005,2502.996923076923,6,600.0,610.8588106065597,0.0,0.0,291.50639727311653,291.50639727311653,1210.8588106065597,6,600.0,684.1907084682426,0.0,0.0,393.7386947100743,393.7386947100743,1284.1907084682425,153.34526098638835,Stock OK
5,91,1474.4004000000004,22,2200.0,31.64448717948718,909.293583333334,90.9293583333334,19.685166666666667,141.69875,3140.938070512821,5,500.0,391.6295205014858,0.0,0.0,301.693273167204,301.693273167204,891.6295205014858,5,500.0,465.1419029844846,0.0,0.0,328.82367711397336,328.82367711397336,965.1419029844847,79.29457137330466,Stock OK
5,92,7609.524,22,2200.0,210.21425380608983,4908.367416666662,490.8367416666663,0.0,619.0162833333334,7318.581670472752,10,1000.0,783.5641751503845,2221.4941677524084,222.14941677524087,0.0,717.6500175805288,4005.058342902793,10,1000.0,1081.753130048273,0.0,0.0,191.71732528586404,955.3525364287378,2081.7531300482733,438.36545796487627,Stock OK
5,95,18946.1856,22,2200.0,452.3992337740382,8516.199666666664,851.6199666666664,18.59082499999988,1593.6479083333334,11168.598900440702,16,1600.0,1335.241225611287,3227.9971595465677,322.7997159546568,910.4165295226719,2055.164315427206,6163.238385157854,16,1600.0,1918.5218552852539,0.0,0.0,516.9914194147216,1657.0308457090364,3518.521855285254,895.3188754059918,Stock OK
5,96,7140.6896,22,2200.0,43.21377403846154,16082.412333333326,1608.2412333333327,0.0,481.0824666666667,18325.626107371787,11,1100.0,463.11379616056485,924.5059427240489,92.45059427240489,0.0,632.6615305727595,2487.6197388846135,11,1100.0,1057.085485866954,0.0,0.0,270.4127055232795,939.3605660756075,2157.085485866954,365.0567522076989,Stock OK
5,97,597.2375999999999,22,2200.0,65.26265624999995,0.0,0.0,36.79247499999996,91.92552499999995,2265.26265625,3,300.0,296.1893588649777,0.0,0.0,127.98534297971787,127.98534297971787,596.1893588649777,3,300.0,328.6395980983033,0.0,0.0,150.48417551482362,150.48417551482362,628.6395980983033,34.284668926401885,Stock OK
6,1,17815.7032,22,2200.0,8170.417752403845,0.0,0.0,4275.559708333333,6196.5390916666665,10370.417752403846,14,1400.0,2769.0444530233817,0.0,0.0,236.41839749882615,2764.8604845819636,4169.044453023382,13,1300.0,4510.479680625547,0.0,0.0,2323.7345293136377,3651.270579645456,5810.479680625547,2353.9976898111095,Stock OK
6,2,46542.5584,22,2200.0,1279.921875,12944.095999999994,1294.4095999999995,655.2828250000005,4646.885575,16424.017874999994,21,2100.0,2317.5263970868687,7110.422034088015,711.0422034088015,247.9136715911975,5715.008091116069,11527.948431174884,21,2100.0,3530.820809131032,0.0,0.0,1433.3456104246536,3258.932561964856,5630.820809131032,2093.5543500930276,Stock OK
6,3,19594.0116,22,2200.0,2076.904188701924,56601.59199999999,5660.159199999999,1360.0194499999998,2689.9213499999996,60878.496188701916,14,1400.0,1565.3069997105706,49183.96661407554,4918.396661407554,993.8438053702782,2045.736566444334,52149.273613786114,15,1500.0,1592.4207999297837,3674.922182785456,367.4922182785456,421.90395512572127,1351.0392439071516,6767.3429827152395,557.8297239389942,Stock OK
6,4,31322.828799999996,22,2200.0,1072.9494711538468,7393.011999999985,739.3011999999985,638.6239500000001,3353.5936500000003,10665.961471153832,20,2000.0,2797.5323675194736,0.0,0.0,1305.6510219876989,2808.599720513367,4797.532367519474,19,1900.0,2861.029877947135,0.0,0.0,1494.8358833621712,1494.8358833621712,4761.029877947135,1471.3845044993875,Stock OK
6,5,25308.552799999998,22,2200.0,12433.182632211534,0.0,0.0,8155.528158333329,11065.448241666663,14633.182632211534,16,1600.0,3948.8543408747073,0.0,0.0,839.9562198681194,3951.903204849279,5548.854340874707,16,1600.0,4386.33533536863,0.0,0.0,2192.505675571346,2192.505675571346,5986.33533536863,1864.550356045389,Stock OK
6,6,4731.149199999999,22,2200.0,2854.5174158653836,0.0,0.0,1884.8818749999991,2460.1889249999995,5054.517415865384,7,700.0,1082.2594961020613,0.0,0.0,282.9072256881049,974.7565341361224,1782.2594961020613,8,800.0,1208.7943706954602,0.0,0.0,271.09962309245105,862.4265156770869,2008.7943706954602,356.9526929335993,Stock OK
6,7,26246.2084,22,2200.0,10429.431874999997,0.0,0.0,9290.702899999995,12380.869099999994,12629.431874999997,16,1600.0,4578.9686042457415,0.0,0.0,2440.633625638772,4044.073140681357,6178.9686042457415,17,1700.0,4406.364238447388,0.0,0.0,1478.3675360693012,2836.563220543966,6106.364238447388,1837.657206708322,Stock OK
6,8,43327.618,22,2200.0,3040.8678125000033,0.0,0.0,860.5343833333361,4702.982416666669,5240.867812500003,22,2200.0,2686.6911804683614,0.0,0.0,1771.8864887184325,5347.871255874654,4886.691180468361,21,2100.0,3303.966742536636,0.0,0.0,296.3498658044498,2099.2210951284715,5403.966742536636,2094.857065177477,Stock OK
6,9,48721.363999999994,22,2200.0,908.5697966746787,41451.32725000002,4145.132725000001,147.15621666666652,4036.1464333333333,44559.8970466747,22,2200.0,2050.532736924546,40062.12082354009,4006.2120823540095,691.6791386548512,4289.256023318564,44312.653560464634,21,2100.0,3987.2154051975836,0.0,0.0,1193.883225940156,2826.541074123125,6087.215405197583,2430.6117905777464,Stock OK
6,10,44612.704000000005,22,2200.0,1038.3979046474353,21022.48666666668,2102.2486666666678,686.8309833333321,4443.116749999998,24260.884571314113,22,2200.0,2532.793060780557,11455.93241788221,1145.593241788221,1059.6205082117792,4595.284382432103,16188.725478662767,21,2100.0,3866.3984994819675,0.0,0.0,1592.2333786990882,3356.16854081644,5966.3984994819675,2292.870025404265,Stock OK
6,11,19471.993200000004,22,2200.0,1892.546670673077,10358.002999999999,1035.8002999999999,2405.8468583333333,4218.198141666667,14450.549670673076,15,1500.0,2098.103384969833,8817.122692773635,881.7122692773635,1319.6318742968492,2547.5880085839553,12415.226077743468,14,1400.0,2690.8460304825594,0.0,0.0,766.2187597225327,1934.1977620373682,4090.8460304825594,935.3829941772108,Stock OK
6,12,5864.837199999999,22,2200.0,257.33231971153816,1335.6962500000054,133.56962500000054,281.3711499999997,804.2092999999998,3793.0285697115437,9,900.0,957.277168387573,445.9614625856119,44.59614625856119,240.38668622431703,899.9330005950366,2303.238630973185,9,900.0,1049.8494239139252,0.0,0.0,154.9740915537201,809.4183498729351,1949.8494239139252,308.42952812904844,Stock OK
6,13,33907.5216,22,2200.0,965.4506620592941,5058.4958333333525,505.8495833333352,36.05669166666644,2943.685275,8223.946495392647,21,2100.0,2928.9934208022323,0.0,0.0,1561.1357522451979,3116.496476107458,5028.993420802232,20,2000.0,3103.430055388475,0.0,0.0,1699.356018888773,1699.356018888773,5103.430055388475,1677.7053647556618,Stock OK
6,14,20990.435999999998,22,2200.0,3938.122403846156,0.0,0.0,3006.0267333333345,5092.675666666668,6138.122403846156,16,1600.0,2364.6459462145467,242.05393631350034,24.205393631350034,610.2604827924483,3245.477295529748,4206.699882528047,15,1500.0,3129.3957455265772,0.0,0.0,1563.5799795226635,1563.5799795226635,4629.395745526577,1352.7929596756521,Stock OK
6,16,24065.418800000003,22,2200.0,2908.36578125,40518.042333333346,4051.804233333334,4945.862,7116.251266666667,45626.40811458335,16,1600.0,2201.4726703577876,22457.6367733023,2245.76367733023,1592.7358340046567,2936.522971116285,26259.109443660087,12,1200.0,4072.696293800534,4741.529000000005,474.1529000000005,2111.6214077925706,2111.6214077925706,10014.22529380054,968.9154690523833,Stock OK
6,17,13704.176800000001,22,2200.0,2057.457139423076,0.0,0.0,1081.8788166666664,2367.6227833333332,4257.457139423076,13,1300.0,1639.6124762321806,246.93114535014388,24.693114535014388,660.5146677324929,1694.796534665616,3186.5436215823247,13,1300.0,1849.350386568221,0.0,0.0,621.8036445346606,1654.917352412549,3149.350386568221,709.9978023084316,Stock OK
6,19,2694.9687999999996,22,2200.0,43.11499999999998,2335.7952499999988,233.57952499999988,0.0,214.03385,4578.910249999999,7,700.0,477.6002809727937,236.11652051059323,23.611652051059323,181.63791458978815,603.6286291795763,1413.7168014833871,6,600.0,676.4367398750244,0.0,0.0,276.14311760539147,276.14311760539147,1276.4367398750244,179.44508989258497,Stock OK
6,20,8572.2856,22,2200.0,369.0002033253206,7904.859083333333,790.4859083333333,608.8163166666669,1338.4351000000001,10473.859286658653,10,1000.0,903.199022578488,5603.016967463981,560.3016967463981,873.7395923804028,873.7395923804028,7506.215990042469,11,1100.0,1206.4998267614812,0.0,0.0,251.51456769244197,1024.4517669616862,2306.499826761481,405.75756810635403,Stock OK
6,21,6975.426800000001,22,2200.0,1736.6071394230764,0.0,0.0,1002.8887166666666,1696.6552833333333,3936.6071394230767,9,900.0,1108.2288610692065,0.0,0.0,143.1899914917571,902.9358591782268,2008.2288610692065,9,900.0,1207.5768683749159,0.0,0.0,688.8318543431583,688.8318543431583,2107.5768683749156,390.7424246511489,Stock OK
6,22,15647.5732,22,2200.0,2486.671718749999,0.0,0.0,1461.6554916666664,2949.4145083333333,4686.671718749999,14,1400.0,1547.9880094832724,909.0593185916737,90.90593185916737,1138.4016872745833,2250.9732588449997,3857.047328074946,13,1300.0,2029.3751249701197,0.0,0.0,1152.6672232850601,1152.6672232850601,3329.37512497012,906.816502206454,Stock OK
6,23,26636.763600000002,22,2200.0,1646.034786658656,3617.673749999992,361.7673749999992,1733.1980000000021,4168.693150000003,7463.708536658649,18,1800.0,2504.354867795006,0.0,0.0,1215.85799775622,2639.3508726242326,4304.354867795006,17,1700.0,3251.2263470435137,0.0,0.0,1666.1021749165984,1666.1021749165984,4951.226347043514,1484.2588210672543,Stock OK
6,24,5862.156799999999,22,2200.0,1215.2052373798072,698.9027500000032,69.89027500000032,584.2107333333332,1138.6870166666665,4114.10798737981,8,800.0,1002.7870255573733,2065.809357183076,206.58093571830761,609.8070392816926,609.8070392816926,3868.5963827404494,10,1000.0,1053.074013133931,96.24645090711624,9.624645090711624,362.5972649546442,960.7544866061922,2149.3204640410468,371.38769361818186,Stock OK
6,25,10924.247600000002,22,2200.0,962.5420973557697,1021.729499999999,102.1729499999999,870.2456000000004,1886.9691000000005,4184.271597355769,12,1200.0,1234.5169596656142,724.1294445582071,72.4129444558207,790.3444554417913,1710.0802609859704,3158.6464042238213,11,1100.0,1764.5658471175825,0.0,0.0,741.4660422256095,741.4660422256095,2864.5658471175825,647.7335172258599,Stock OK
6,26,7177.0796,22,2200.0,2580.358593749999,0.0,0.0,1139.598691666666,1862.7881083333325,4780.358593749999,9,900.0,1191.813803152934,0.0,0.0,113.21740135975023,888.906510904719,2091.8138031529343,9,900.0,1331.3594741205147,0.0,0.0,610.9879871834562,610.9879871834562,2231.3594741205147,556.7083839406079,Stock OK
6,27,1275.4527999999998,22,2200.0,739.46265625,0.0,0.0,409.55690833333335,556.0794916666667,2939.46265625,4,400.0,568.9325913680085,0.0,0.0,340.93718601818307,340.93718601818307,968.9325913680085,4,400.0,578.6818162310739,0.0,0.0,349.04854110425333,349.04854110425333,978.6818162310739,97.33679651398893,Stock OK
6,28,347.7624,22,2200.0,349.5484134615385,0.0,0.0,176.03039999999996,221.57759999999996,2549.5484134615385,2,200.0,312.87614703955626,0.0,0.0,109.89255159731368,109.89255159731368,512.8761470395563,2,200.0,357.3419800500184,0.0,0.0,142.06261513183932,142.06261513183932,557.3419800500184,39.64250508316064,Stock OK
6,29,5364.1456,22,2200.0,1947.6573437499997,0.0,0.0,1291.388358333333,1870.1304416666662,4147.657343749999,8,800.0,1149.2429129233076,0.0,0.0,361.34925318786475,1055.260928643274,1949.2429129233076,8,800.0,1123.5820698933965,0.0,0.0,221.23361625739267,895.128772151306,1923.5820698933965,342.4525524483357,Stock OK
6,30,4049.6080000000006,22,2200.0,880.9055288461534,0.0,0.0,614.5389999999999,1020.1169999999998,3080.905528846153,7,700.0,859.2425563502543,0.0,0.0,44.13878647951648,625.0354175594359,1559.2425563502543,7,700.0,932.2121603558703,0.0,0.0,46.26396006709521,627.5147867449444,1632.2121603558703,218.36981302799296,Stock OK
6,31,3427.0687999999996,22,2200.0,315.4589813701923,4521.357750000001,452.1357750000001,161.24979999999994,433.9613499999999,7036.816731370193,7,700.0,580.2599215565617,1830.6097127490125,183.06097127490125,499.41167779382414,499.41167779382414,3110.8696343055744,8,800.0,664.9029548805661,0.0,0.0,286.1078917823919,286.1078917823919,1464.902954880566,164.52004212450572,Stock OK
6,32,8596.352400000002,22,2200.0,3064.9692067307665,0.0,0.0,2427.9520166666653,3386.587183333332,5264.969206730766,10,1000.0,1486.2119911978257,0.0,0.0,879.2829234785017,1772.358764976113,2486.2119911978257,10,1000.0,1893.6274737378187,0.0,0.0,488.33085031297077,1337.9675725699676,2893.627473737819,600.8713721889727,Stock OK
6,33,6318.4948,22,2200.0,1116.4796874999997,146.76999999999964,14.676999999999964,436.9194666666667,1023.0705333333335,3463.2496874999993,9,900.0,836.7672593681273,3357.2965906555064,335.72965906555066,483.17534093444954,1181.514576168062,5094.063850023634,10,1000.0,1207.6567613269315,0.0,0.0,236.78164129455183,867.4538458828354,2207.6567613269317,397.315679599443,Stock OK
6,34,15259.829599999997,22,2200.0,898.3965745192311,4618.0706666666665,461.8070666666666,817.96355,2175.8753833333335,7716.467241185897,14,1400.0,1602.3519886242366,688.2796735720683,68.82796735720683,663.7265545353645,1726.6388958567613,3690.631662196305,13,1300.0,1959.5468644010803,0.0,0.0,969.8296976275398,969.8296976275398,3259.5468644010803,884.8505809582373,Stock OK
6,35,2819.8904,22,2200.0,566.7467277644229,316.3940000000008,31.63940000000008,558.5497249999999,849.5758749999998,3083.1407277644234,6,600.0,792.8179697927899,0.0,0.0,569.0741407023295,569.0741407023295,1392.8179697927899,6,600.0,767.6732506186951,0.0,0.0,136.61384770365717,640.6068522443886,1367.673250618695,166.7888400470781,Stock OK
6,36,3524.108,22,2200.0,802.3928926282052,14599.033333333336,1459.9033333333336,1050.6132666666667,1321.467,17601.426225961543,6,600.0,640.5705306446519,8201.991185036499,820.1991185036499,550.6362814963505,550.6362814963505,9442.561715681151,6,600.0,907.1299364558082,3523.3940000000007,352.33940000000007,459.2202971621347,459.2202971621347,5030.523936455809,159.0883244542428,Stock OK
6,37,3463.0784,22,2200.0,289.21064903846195,0.0,0.0,20.96428333333361,323.92451666666693,2489.210649038462,7,700.0,575.9828713294032,81.11346053936387,8.111346053936387,11.825351973031786,513.8840279595477,1357.096331868767,7,700.0,816.8579314341116,0.0,0.0,560.4598264327133,560.4598264327133,1516.8579314341116,204.55183222524505,Stock OK
6,38,62055.71480000001,22,2200.0,13197.325913461544,0.0,0.0,6941.598800000002,12941.365200000002,15397.325913461544,21,2100.0,4613.582663061636,0.0,0.0,565.5727030405897,7268.277440920663,6713.582663061636,21,2100.0,6445.849220138569,0.0,0.0,1809.578074411434,4095.646544178577,8545.849220138569,3723.9122053967117,Stock OK
6,40,58694.36200000001,22,2200.0,3260.803870192314,0.0,0.0,648.4558833333363,5808.70091666667,5460.803870192314,22,2200.0,3130.492878363798,2015.4307294865293,201.54307294865293,1048.3924127300447,5192.4599159125555,7345.923607850327,21,2100.0,4007.8292704616647,0.0,0.0,626.3330634344493,4924.693689553987,6107.829270461665,2844.453731238432,Stock OK
6,41,2661.5704000000005,22,2200.0,548.7488822115386,4242.799,424.2799,0.0,194.547,6991.547882211538,6,600.0,502.0749484210459,1981.2160207656755,198.12160207656754,242.3045395846865,242.3045395846865,3083.2909691867217,8,800.0,568.2796364352307,202.2336498790409,20.22336498790409,225.29498001612802,593.12662502016,1570.5132863142717,232.35828297657295,Stock OK
6,42,8725.148,22,2200.0,175.50979567307706,4031.7459999999933,403.1745999999993,19.857500000000016,745.2341000000001,6407.255795673071,11,1100.0,832.5116232104044,0.0,0.0,131.52894591914213,908.3901505110564,1932.5116232104044,11,1100.0,1275.5714457112333,0.0,0.0,466.64328439249647,1277.0159228317461,2375.5714457112335,480.34687530083727,Stock OK
6,44,7878.6912,22,2200.0,93.81811598557694,8412.629416666667,841.2629416666666,0.0,611.9502833333333,10706.447532652244,11,1100.0,915.023321363428,0.0,0.0,174.65737806761103,888.1996933743721,2015.0233213634278,11,1100.0,1106.1710762318542,0.0,0.0,633.027708161546,633.027708161546,2206.1710762318544,469.4988599126692,Stock OK
6,46,23208.7664,22,2200.0,2392.620889423077,2601.9750000000045,260.19750000000045,2960.096200000001,5213.023600000001,7194.595889423081,17,1700.0,2567.214358117478,0.0,0.0,707.1290101302897,3445.3295848143284,4267.214358117478,16,1600.0,3200.3158230069425,0.0,0.0,1818.5508243643949,1818.5508243643949,4800.315823006942,1294.5919501204858,Stock OK
6,48,2343.84,22,2200.0,160.0272470735786,6400.8099999999995,640.0809999999999,0.0,148.15295652173913,8760.837247073578,6,600.0,351.26582706284347,3661.6717517253583,366.16717517253585,0.0,351.0886780089711,4612.937578788202,7,700.0,710.4819861988545,0.0,0.0,391.7703397779143,391.7703397779143,1410.4819861988544,252.34673486582824,Stock OK
6,49,10866.6652,22,2200.0,1727.4503485576922,0.0,0.0,832.7047416666662,1850.041258333333,3927.4503485576925,12,1200.0,1359.0318960054703,2255.658238148033,225.5658238148033,85.03573412346424,1925.0618011851964,4814.690134153503,11,1100.0,1896.3545642756396,0.0,0.0,834.3976140812526,834.3976140812526,2996.35456427564,594.5186179538613,Stock OK
6,52,3523.177599999999,22,2200.0,903.4296394230773,0.0,0.0,464.32281666666717,811.0619833333338,3103.4296394230773,7,700.0,724.2566526247787,15.844200161840831,1.5844200161840831,221.17464599676322,758.2844919935264,1440.1008527866197,7,700.0,812.9486990349283,0.0,0.0,142.94389199740618,667.2793489969738,1512.9486990349283,243.15629132527368,Stock OK
6,55,9033.0236,22,2200.0,9900.64129807692,0.0,0.0,6721.510266666666,8091.469733333333,12100.64129807692,8,800.0,2877.0384317186613,0.0,0.0,495.2353132911856,1562.8524151899264,3677.0384317186613,9,900.0,2856.5811477840684,0.0,0.0,770.930468142132,1739.5573266598985,3756.5811477840684,929.7215012287874,Stock OK
6,56,2038.6732,22,2200.0,5672.069627403845,0.0,0.0,4122.595741666667,4658.358258333334,7872.069627403845,3,300.0,1799.5069952746885,0.0,0.0,767.9158375571176,767.9158375571176,2099.5069952746885,2,200.0,1469.9730560911635,0.0,0.0,468.4602371342784,468.4602371342784,1669.9730560911635,263.64754814431006,Stock OK
6,58,2911.7976,22,2200.0,1118.0260937499997,0.0,0.0,155.0984916666666,421.78510833333326,3318.0260937499997,6,600.0,671.26001602337,654.2821404977855,65.42821404977855,379.9297304751108,379.9297304751108,1925.5421565211554,7,700.0,842.0672739113936,0.0,0.0,438.11464602622243,438.11464602622243,1542.0672739113936,233.2865345238589,Stock OK
6,59,203.8856,22,2200.0,773.4216346153846,0.0,0.0,539.3387,603.9669000000001,2973.4216346153844,1,100.0,459.47564376240683,0.0,0.0,124.94171978351254,124.94171978351254,559.4756437624069,1,100.0,451.43937895190413,0.0,0.0,98.41013164399212,98.41013164399212,551.4393789519041,95.47868099102294,Stock OK
6,67,9030.9928,22,2200.0,2731.644182692308,0.0,0.0,2006.192766666667,2965.948033333334,4931.644182692307,10,1000.0,1574.5090521681623,0.0,0.0,451.0170453563918,1344.614483729324,2574.5090521681623,10,1000.0,2073.973886504382,0.0,0.0,577.4246259185535,1485.067351020615,3073.973886504382,688.7648144594397,Stock OK
6,71,4688.872399999999,22,2200.0,872.301009615385,0.0,0.0,533.8050666666669,987.9509333333336,3072.301009615385,8,800.0,903.6540236778346,0.0,0.0,295.2080863973987,909.9026130255985,1703.6540236778346,8,800.0,1027.744237682013,32.256741013383134,3.2256741013383134,223.55195539197015,827.5490812906319,1860.000978695396,301.5526635684221,Stock OK
6,72,65133.008799999996,22,2200.0,18530.826274038474,0.0,0.0,10837.20445000001,17443.30995000001,20730.826274038474,21,2100.0,5605.654438739595,0.0,0.0,1042.0996417100905,8075.343415673851,7705.654438739595,20,2000.0,6137.077882994538,0.0,0.0,1776.640848312215,4056.6605042447036,8137.077882994538,3775.407331345091,Stock OK
6,74,19589.114400000002,22,2200.0,779.8617578125001,4647.4855000000025,464.74855000000025,777.600275,2508.206025,7627.347257812502,16,1600.0,1772.0012369433948,1193.2672434334836,119.32672434334836,1125.2708292682348,2325.2141545965605,4565.268480376879,15,1500.0,2231.1301774160243,0.0,0.0,429.2857490088104,1673.749429295154,3731.1301774160243,969.5918448227171,Stock OK
6,79,21590.551199999998,22,2200.0,1326.6034254807696,0.0,0.0,593.9161416666672,2523.000258333334,3526.6034254807696,17,1700.0,1921.2195944642253,525.6627429901152,52.566274299011525,358.9185098138397,2892.6888112158167,4146.882337454341,16,1600.0,2464.6131604166726,0.0,0.0,934.7484235802523,2243.5266534856023,4064.6131604166726,1104.8862376521138,Stock OK
6,80,12808.988,22,2200.0,309.31411057692316,3481.599333333336,348.1599333333336,0.0,1083.5502666666666,5990.913443910259,13,1300.0,1258.7744970894694,1595.9976598348612,159.59976598348612,369.70697008256707,1319.1877870908238,4154.77215692433,13,1300.0,1544.7199061818246,0.0,0.0,414.0907835847979,1380.5702322168645,2844.7199061818246,639.8886733352698,Stock OK
6,81,13775.5108,22,2200.0,397.5059475160255,2216.1973333333367,221.61973333333367,218.46101666666652,1416.05685,4813.703280849362,14,1400.0,1318.99773176705,353.7351948970979,35.37351948970979,1032.8336350343018,2031.031878537732,3072.732926664148,13,1300.0,1873.0973770332198,0.0,0.0,187.59199836688288,1201.4844190641231,3173.09737703322,680.2091244388105,Stock OK
6,82,17438.231200000002,22,2200.0,2177.254266826921,0.0,0.0,1478.6748249999994,3123.6231749999993,4377.254266826922,15,1500.0,1806.0581436946595,0.0,0.0,237.50804963458268,2577.2490841937492,3306.0581436946595,15,1500.0,3088.146946995951,0.0,0.0,1106.7381650387795,2255.1343678986923,4588.146946995951,1310.9610714134833,Stock OK
6,83,3340.4251999999997,22,2200.0,578.4506009615386,0.0,0.0,277.4997166666668,592.1018833333335,2778.450600961539,7,700.0,673.1948485552967,54.968050016609595,5.4968050016609595,206.659544998339,718.2736599977853,1428.1628985719062,6,600.0,921.6806609525876,0.0,0.0,394.10546810232063,394.10546810232063,1521.6806609525875,198.31215214462162,Stock OK
6,85,1825.3092000000001,22,2200.0,700.016947115384,0.0,0.0,548.8232499999998,755.2695499999999,2900.016947115384,5,500.0,585.2702986180516,0.0,0.0,142.13380076017523,556.5771884502191,1085.2702986180516,5,500.0,660.7782278469404,0.0,0.0,461.2487088598653,461.2487088598653,1160.7782278469404,119.61823956380934,Stock OK
6,87,41493.8404,22,2200.0,765.3356660657056,38109.53216666664,3810.9532166666645,32.276108333333696,3311.855525000001,41074.86783273235,22,2200.0,781.2814244054739,35817.98173180249,3581.798173180249,44.33690009577663,3348.0379002873296,38799.26315620796,21,2100.0,3271.8380430694624,0.0,0.0,1231.135332279633,2949.5719962468893,5371.838043069462,2203.0095871567755,Stock OK
6,90,47486.095199999996,22,2200.0,6389.422848557693,0.0,0.0,3058.7927750000017,7454.000425000002,8589.422848557693,21,2100.0,3587.593700217101,136.79325000000063,13.679325000000063,1190.5439021298607,5015.10283868712,5824.386950217102,21,2100.0,4194.253258621847,0.0,0.0,957.0417246057632,2859.3292450423887,6294.253258621847,2441.1341301631473,Stock OK
6,91,40135.3752,22,2200.0,3940.903665865389,0.0,0.0,1635.5057416666702,5267.756258333337,6140.9036658653895,20,2000.0,2102.8301324291506,1384.0302499999962,138.40302499999962,219.39134658473972,3696.190121243214,5486.860382429147,19,1900.0,3561.042920721277,0.0,0.0,2084.959463233433,2084.959463233433,5461.0429207212765,1963.3417792683156,Stock OK
6,92,88924.58200000001,22,2200.0,7616.119290865385,0.0,0.0,2192.4562416666668,10115.676958333333,9816.119290865385,21,2100.0,3975.0519310262976,7632.809735074302,763.2809735074302,748.9003666045646,8451.437398414279,13707.861666100598,21,2100.0,5652.404485744086,0.0,0.0,2971.6481579528954,5552.661031596537,7752.404485744086,4500.06367601171,Stock OK
6,93,39504.664000000004,22,2200.0,842.6206971153845,19831.746500000012,1983.174650000001,80.52122499999996,3350.261275,22874.367197115396,22,2200.0,859.2861691055508,17076.61735254049,1707.6617352540488,95.02190472347115,3393.7633141704137,20135.90352164604,21,2100.0,2276.1148057403198,667.1782351241791,66.71782351241791,308.1592313222204,1967.2780566941158,5043.293040864499,1902.1461750947124,Stock OK
6,94,39019.0428,22,2200.0,1413.4812319711552,5306.731999999979,530.6731999999979,439.40582500000096,3824.4297750000014,8920.213231971135,22,2200.0,3171.8574216814013,2849.6537510920234,284.96537510920234,1585.5626873225458,4941.953562295245,8221.511172773426,21,2100.0,3196.1591966375036,0.0,0.0,1195.3317164955754,2868.514506566793,5296.159196637504,1929.7744827488464,Stock OK
6,95,84958.9536,22,2200.0,1891.1202804487189,44918.813333333295,4491.881333333329,903.1549666666674,7978.826900000002,49009.933613782014,22,2200.0,2755.321375440564,54808.80141884567,5480.880141884567,1498.2979411519432,8777.214854869258,59764.12279428624,21,2100.0,5203.367480170198,0.0,0.0,1787.1064687371058,4166.24872401014,7303.367480170198,3790.922975520941,Stock OK
6,96,29485.581200000004,22,2200.0,773.1548737980767,18652.855999999996,1865.2855999999997,650.3136749999996,3108.627525,21626.010873798074,20,2000.0,1834.8719630434582,862.5346565630434,86.25346565630434,1460.913997538858,2891.0598373747816,4697.406619606501,19,1900.0,2929.8166140760422,0.0,0.0,676.0490520786275,2069.4258666617134,4829.816614076042,1457.2286414727587,Stock OK
6,97,19060.4912,22,2200.0,580.804182692308,2724.1639999999925,272.41639999999927,122.45160000000033,1766.8452000000004,5504.968182692301,16,1600.0,1634.1110324677104,548.7485630674087,54.87485630674087,1006.0725718466294,2175.7458062159553,3782.859595535119,16,1600.0,2134.0635342443275,0.0,0.0,830.397959714149,1992.0178770284256,3734.0635342443275,887.3824991051117,Stock OK
6,98,8786.4076,22,2200.0,1200.179483173076,0.0,0.0,468.1543416666661,1272.8988583333328,3400.179483173076,10,1000.0,1101.7318598785184,2149.6176749584747,214.96176749584748,0.0,818.258784167128,4251.349534836993,10,1000.0,1582.277532557614,0.0,0.0,770.9215579408901,770.9215579408901,2582.277532557614,559.550223275739,Stock OK
7,1,7624.489600000001,22,2200.0,2914.6040024038457,0.0,0.0,1569.5585749999998,2369.0410249999995,5114.604002403846,9,900.0,1353.2736401474506,0.0,0.0,99.36751279556705,914.9466925200129,2253.2736401474504,9,900.0,1756.690164088925,0.0,0.0,924.2541523294362,924.2541523294362,2656.690164088925,655.4647083384724,Stock OK
7,2,21747.2684,22,2200.0,907.1588701923075,12533.64000000001,1253.364000000001,564.3246250000001,2395.474975,15640.798870192317,17,1700.0,1676.0933933057188,2926.8931285025724,292.68931285025724,1041.079962149743,2275.388307418461,6302.9865218082905,16,1600.0,2072.1741587690235,0.0,0.0,1006.9699020996117,1006.9699020996117,3672.1741587690235,974.8521136058932,Stock OK
7,3,9638.6272,22,2200.0,518.6895622996794,21448.19466666667,2144.819466666667,380.5495083333333,1065.2762249999998,24166.884228966348,10,1000.0,730.4137991009084,20668.639999570256,2066.8639999570255,248.3455625214873,1003.1254166953164,22399.053798671164,12,1200.0,991.9286484511905,524.8821366297642,52.48821366297642,254.9023958718334,989.3983381392381,2716.8107850809547,333.2037289778182,Stock OK
7,4,14882.9932,22,2200.0,570.5500400641025,12863.025333333331,1286.302533333333,464.6351416666665,1687.359125,15633.575373397434,14,1400.0,1255.4685927558435,5846.069308411479,584.6069308411479,647.7084706541629,1656.3245294859332,8501.537901167323,14,1400.0,1811.1021603179606,0.0,0.0,1058.3049317132204,1058.3049317132204,3211.1021603179606,640.1987212081594,Stock OK
7,5,9406.17,22,2200.0,6466.455036057694,0.0,0.0,4065.371791666668,5236.810208333334,8666.455036057694,9,900.0,2361.922614890866,0.0,0.0,1236.1200255892004,1236.1200255892004,3261.922614890866,9,900.0,2119.800681863234,0.0,0.0,939.2494459661425,939.2494459661425,3019.800681863234,783.5673237671286,Stock OK
7,6,4462.4536,22,2200.0,2357.8431850961542,0.0,0.0,1627.1373750000002,2156.667025,4557.843185096154,7,700.0,1179.7633981823333,0.0,0.0,314.3616943806097,978.115164277378,1879.7633981823333,7,700.0,1319.875894839085,0.0,0.0,601.3613654601081,601.3613654601081,2019.875894839085,260.7606103612099,Stock OK
7,7,9245.5508,22,2200.0,1419.190865384615,4128.532000000002,412.8532000000002,2000.0539999999999,2942.0324,7747.722865384617,10,1000.0,1515.4328131883376,1918.5529068185106,191.85529068185105,1212.1023093181489,1212.1023093181489,4433.985720006848,11,1100.0,1768.4117100652013,0.0,0.0,672.6753791738649,672.6753791738649,2868.411710065201,496.9491834455554,Stock OK
7,8,13246.374,22,2200.0,401.9963191105774,7077.394249999983,707.7394249999983,0.0,1090.3160500000001,9679.390569110561,14,1400.0,1219.1875897552202,416.0087506538491,41.60087506538491,812.4277746403811,1764.8682996076886,3035.1963404090693,13,1300.0,1461.6467436774424,393.7554614066664,39.37554614066664,824.6670837263316,824.6670837263316,3155.4022050841086,630.4129315304493,Stock OK
7,9,40717.1576,22,2200.0,415.9168790064102,128823.79666666668,12882.379666666668,373.17723333333333,2826.0429,131439.7135456731,20,2000.0,548.3139139121283,98952.15368877076,9895.215368877076,0.0,2857.1203927497813,101500.4676026829,21,2100.0,2649.702817486138,0.0,0.0,693.076038894857,1836.4377097704587,4749.702817486138,1393.5541439992235,Stock OK
7,10,17526.9436,22,2200.0,5435.431598557698,0.0,0.0,3026.4327416666706,4813.682858333337,7635.431598557698,14,1400.0,2226.6040131395025,0.0,0.0,1006.4286781149132,2225.8515322006756,3626.6040131395025,14,1400.0,2770.8106098588614,0.0,0.0,1585.723197243689,1585.723197243689,4170.810609858861,1289.636536089344,Stock OK
7,11,12946.605600000003,22,2200.0,2429.3956370192327,0.0,0.0,2013.0795083333348,3313.9216916666683,4629.395637019233,12,1200.0,1888.4094265212584,3039.0188741688926,303.9018874168893,752.264569123998,1792.6013879155532,6127.428300690151,12,1200.0,1949.1939553493223,0.0,0.0,790.7155646450096,790.7155646450096,3149.193955349322,753.0406640716419,Stock OK
7,12,5476.262,22,2200.0,438.62911057692327,6001.310999999998,600.1310999999998,607.915691666667,1084.7893083333338,8639.940110576921,9,900.0,837.955324375523,0.0,0.0,278.1521489043482,908.0401143923917,1737.955324375523,10,1000.0,1058.8074249663302,0.0,0.0,641.2389271433226,641.2389271433226,2058.8074249663305,274.1289595136765,Stock OK
7,13,14628.715200000002,22,2200.0,495.1979006410254,9580.342666666671,958.034266666667,112.24405833333333,1310.759275,12275.540567307697,14,1400.0,1047.175001441425,7597.325845018362,759.7325845018362,910.3474190613524,1908.928742873623,10044.500846459787,14,1400.0,1515.9924593523294,97.0597500000008,9.70597500000008,131.042488722931,1127.3716340093104,3013.05220935233,639.9717468306452,Stock OK
7,14,9243.24,22,2200.0,719.2490624999997,0.0,0.0,328.6941499999997,1161.0362499999997,2919.2490624999996,11,1100.0,1091.698164849336,907.7478515876061,90.77478515876061,417.75825936495744,1249.929291785577,3099.446016436942,11,1100.0,1071.3664416304375,0.0,0.0,645.1071329392839,645.1071329392839,2171.3664416304373,477.55060981432996,Stock OK
7,16,17637.7528,22,2200.0,1478.1362620192313,77438.93,7743.893,2510.469150000001,3589.106450000001,81117.06626201923,12,1200.0,1231.6513319062346,45257.85954278492,4525.785954278492,821.2249314317817,1768.550764289727,47689.51087469116,13,1300.0,2378.3129014562196,18636.752500000002,1863.6752500000002,530.122590526641,1303.0828110806747,22315.06540145622,697.4769637564306,Stock OK
7,17,4631.948800000001,22,2200.0,1006.5531009615377,0.0,0.0,548.8759499999994,999.3824499999994,3206.553100961538,8,800.0,830.4027805706774,380.602528544332,38.0602528544332,367.45739286391677,979.6839914367001,2011.0053091150094,8,800.0,905.384466191774,0.0,0.0,10.033098914742936,576.6362630454205,1705.384466191774,247.80546756334155,Stock OK
7,20,3245.5364000000004,22,2200.0,80.22410456730768,3831.9955000000004,383.19955000000004,11.187700000000007,261.05940000000004,6112.219604567308,7,700.0,518.6000054146982,1405.6386775341834,140.56386775341835,461.5069096621089,461.5069096621089,2624.2386829488814,7,700.0,721.6201043121218,0.0,0.0,197.55355701387782,197.55355701387782,1421.6201043121218,192.62948342961084,Stock OK
7,21,1947.0807999999997,22,2200.0,59.2242067307692,3036.8830000000007,303.6883000000001,53.465849999999996,201.01875,5296.1072067307705,6,600.0,363.26093277503173,461.02975560475284,46.102975560475286,72.23631629301647,422.61327443952473,1424.2906883797846,6,600.0,550.2705114852322,0.0,0.0,371.3173166668059,371.3173166668059,1150.2705114852322,104.85441221361147,Stock OK
7,22,6596.17,22,2200.0,413.57125200320513,799.4386666666674,79.94386666666674,103.7622833333333,679.41345,3413.0099186698726,10,1000.0,937.1370047413426,515.6909801551319,51.56909801551319,547.3815615875894,1239.4377519844868,2452.8279848964744,10,1000.0,903.6427406668492,0.0,0.0,138.79258521133664,791.1799002348184,1903.6427406668492,387.36079912825784,Stock OK
7,23,12728.4572,22,2200.0,1365.8351802884606,0.0,0.0,376.68999166666583,1516.2680083333325,3565.835180288461,13,1300.0,1408.5339881779687,243.4950055802858,24.34950055802858,689.888674441971,1663.6077868489663,2952.0289937582547,12,1200.0,1733.33440312411,0.0,0.0,856.389046031541,856.389046031541,2933.33440312411,794.7213020665109,Stock OK
7,24,2080.0788,22,2200.0,890.6255889423074,0.0,0.0,482.63774166666667,705.4826583333333,3090.6255889423073,5,500.0,665.9547490713193,0.0,0.0,407.1340612273376,407.1340612273376,1165.9547490713194,5,500.0,765.9281505516137,0.0,0.0,404.30718678744495,404.30718678744495,1265.9281505516137,171.3339050117869,Stock OK
7,25,4698.5268,22,2200.0,192.58905649038476,3777.8561666666633,377.78561666666633,128.2348750000002,515.1023583333335,6170.4452231570485,8,800.0,716.9183616988577,1267.6323243470663,126.76323243470662,547.2511042754888,547.2511042754888,2784.5506860459236,8,800.0,1003.3365182008524,0.0,0.0,616.7018210836936,616.7018210836936,1803.3365182008524,307.870945881018,Stock OK
7,26,1780.6504,22,2200.0,380.2196033653846,0.0,0.0,62.08219166666669,222.31980833333336,2580.2196033653845,5,500.0,464.49175958132514,0.0,0.0,285.3408260121485,285.3408260121485,964.4917595813251,5,500.0,626.3830800569466,0.0,0.0,310.0030716739015,310.0030716739015,1126.3830800569467,144.99559266470717,Stock OK
7,27,689.2692000000001,22,2200.0,17.696394230769222,591.8580000000002,59.185800000000015,1.0963999999999956,55.98159999999999,2809.5543942307695,4,400.0,266.6056938174324,0.0,0.0,34.136112942077816,247.82861725610377,666.6056938174324,4,400.0,312.1127428847034,0.0,0.0,30.652801485766627,243.18420198102214,712.1127428847034,41.93175913568906,Stock OK
7,28,162.8508,22,2200.0,67.59516826923075,0.0,0.0,18.200216666666662,33.94378333333333,2267.5951682692307,2,200.0,158.01075223725866,6.32127299222665,0.632127299222665,90.29532270077733,90.29532270077733,364.3320252294853,2,200.0,190.22591365494807,0.0,0.0,115.37048348658743,115.37048348658743,390.22591365494804,21.703416398010834,Stock OK
7,29,1133.7636,22,2200.0,312.30492788461555,0.0,0.0,125.83561666666677,235.36598333333345,2512.3049278846156,4,400.0,381.33872023412016,0.0,0.0,238.036915234788,238.036915234788,781.3387202341202,4,400.0,449.00547288120146,0.0,0.0,206.1633020345672,206.1633020345672,849.0054728812015,83.11882195423556,Stock OK
7,30,1032.3644,22,2200.0,44.23866586538459,1290.6850000000004,129.06850000000003,42.216849999999965,124.43534999999997,3534.923665865385,4,400.0,307.6188338077617,57.80230978417087,5.780230978417087,142.92361902158288,142.92361902158288,765.4211435919326,4,400.0,398.98413772965836,0.0,0.0,161.19553607286068,161.19553607286068,798.9841377296584,51.20159362735317,Stock OK
7,31,1506.494,22,2200.0,440.2614302884615,0.0,0.0,165.8162583333333,311.23454166666664,2640.2614302884613,5,500.0,445.14915061270716,271.3486473007589,27.13486473007589,130.1015308097724,477.9348410796965,1216.497797913466,4,400.0,554.3250129591798,0.0,0.0,153.2270923618112,153.2270923618112,954.3250129591798,115.37712543020022,Stock OK
7,32,3575.5451999999996,22,2200.0,1980.261778846155,0.0,0.0,1453.0199333333342,1890.2864666666676,4180.261778846155,6,600.0,1101.5903869974914,0.0,0.0,699.3333518580433,699.3333518580433,1701.5903869974914,6,600.0,1160.7979881295084,0.0,0.0,689.1281933450008,689.1281933450008,1760.7979881295084,220.13967994495198,Stock OK
7,33,2178.6040000000003,22,2200.0,250.88955629006372,141.52008333333612,14.152008333333612,0.0,188.21321666666665,2592.4096396234,6,600.0,539.7402873401483,737.2370527062294,73.72370527062294,156.03370459406568,551.7525394587542,1876.9773400463778,6,600.0,569.040113796869,0.0,0.0,105.81871757053118,506.23929608463743,1169.040113796869,151.24145429562085,Stock OK
7,34,4002.2288000000003,22,2200.0,217.46854266826935,1138.3924999999977,113.83924999999977,271.6532250000002,633.3960750000002,3555.861042668267,7,700.0,678.1421395684472,918.8412499999998,91.88412499999998,472.5212205061364,472.5212205061364,2296.983389568447,8,800.0,894.7742052041071,0.0,0.0,570.0940738709485,570.0940738709485,1694.7742052041071,210.88820503748468,Stock OK
7,35,115.7516,22,2200.0,339.4027043269231,0.0,0.0,270.625975,304.224025,2539.402704326923,1,100.0,297.20032475296034,0.0,0.0,101.83870931287528,101.83870931287528,397.20032475296034,1,100.0,244.54964845413113,0.0,0.0,78.78325527044056,78.78325527044056,344.5496484541311,12.236944155281536,Stock OK
7,36,1180.7844,22,2200.0,1023.893449519231,0.0,0.0,689.542825,852.179975,3223.893449519231,3,300.0,651.4684937615662,0.0,0.0,166.7233080075971,166.7233080075971,951.4684937615662,3,300.0,783.0085731997364,0.0,0.0,285.28526383960593,285.28526383960593,1083.0085731997365,134.8625019227577,Stock OK
7,38,27448.586799999997,22,2200.0,3530.1214663461487,0.0,0.0,1628.957349999996,4157.439449999995,5730.121466346149,19,1900.0,2301.9990125704726,0.0,0.0,1001.1528763520887,3901.9783500405697,4201.999012570473,17,1700.0,3666.359888643267,0.0,0.0,1665.9805452497408,1665.9805452497408,5366.3598886432665,1577.6729929877138,Stock OK
7,40,28447.268399999997,22,2200.0,1698.0996033653867,6003.91999999998,600.391999999998,1175.1118250000009,3698.7629750000006,9902.019603365366,19,1900.0,1706.2138780833318,484.40187909597853,48.44018790959785,1469.1252588630014,2918.1517447493015,4090.6157571793105,18,1800.0,2464.328977141435,0.0,0.0,1009.7561324830681,2519.847179982072,4264.328977141435,1301.3405899878844,Stock OK
7,41,1999.0184000000002,22,2200.0,106.05172475961544,3476.364333333333,347.6364333333333,4.954216666666667,148.98345,5782.416058092948,6,600.0,335.32605452496995,789.3593097726923,78.93593097726924,26.801654755682677,372.9697095113654,1724.6853642976623,6,600.0,529.7163746379035,0.0,0.0,320.80110841813126,320.80110841813126,1129.7163746379035,128.80895535663706,Stock OK
7,42,6147.475999999998,22,2200.0,484.59676682692236,0.0,0.0,70.76969166666609,611.4867083333327,2684.5967668269222,9,900.0,787.3905114794964,627.4411778914362,62.744117789143615,92.17067163256948,762.8990502379977,2314.8316893709325,9,900.0,1105.4923111346868,0.0,0.0,410.7153920903646,410.7153920903646,2005.4923111346868,381.9145162324928,Stock OK
7,44,3075.5267999999996,22,2200.0,610.9325240384617,0.0,0.0,281.49991666666676,573.4152833333334,2810.9325240384615,6,600.0,671.7637685382413,84.1842544658573,8.41842544658573,327.6970491068289,327.6970491068289,1355.9480230040986,6,600.0,737.2044042604246,0.0,0.0,244.3185721315211,244.3185721315211,1337.2044042604246,203.80012563553134,Stock OK
7,46,14316.878,22,2200.0,770.9607932692304,13490.145000000002,1349.0145000000002,1094.4526499999993,2317.262749999999,16461.105793269235,14,1400.0,1255.6195563462095,3986.174130285048,398.61741302850476,1028.4250602612813,2037.0766369714947,6641.7936866312575,14,1400.0,1865.5970058791454,0.0,0.0,572.9021604803063,1577.1763920557146,3265.5970058791454,590.5994562068522,Stock OK
7,52,998.2756000000002,22,2200.0,147.86798076923074,0.0,0.0,109.91346666666664,206.2777333333333,2347.8679807692306,4,400.0,351.64565838697484,348.2837393155268,34.82837393155268,30.55525213689461,313.70727820534194,1099.9293977025018,4,400.0,391.1271231044662,0.0,0.0,225.57427237592512,225.57427237592512,791.1271231044661,64.3206397823945,Stock OK
7,55,3899.5339999999997,22,2200.0,4249.293713942308,0.0,0.0,2677.1065083333337,3248.988291666667,6449.293713942308,6,600.0,1426.10934074943,0.0,0.0,407.22200189011835,1097.0086672681418,2026.10934074943,6,600.0,1245.600083811124,0.0,0.0,204.29388308412544,853.4949247009505,1845.600083811124,333.10466027631355,Stock OK
7,56,10681.5784,22,2200.0,1949.0170763221154,72701.70325,7270.170325000001,2469.0113166666665,2980.3521333333333,76850.72032632212,6,600.0,1164.6778416764757,68474.30133492348,6847.430133492348,846.388241507651,846.388241507651,70238.97917659995,8,800.0,1836.0287521555385,27522.96375,2752.296375,715.9391998204468,715.9391998204468,30158.99250215554,375.29653380063155,Stock OK
7,60,87.83999999999997,22,2200.0,19.85610576923078,0.0,0.0,17.276900000000005,26.417500000000004,2219.856105769231,1,100.0,114.13106217656603,0.0,0.0,13.077431865451459,13.077431865451459,214.13106217656605,1,100.0,114.71351451136387,0.0,0.0,13.319732036727373,13.319732036727373,214.71351451136388,8.001310768734209,Stock OK
7,67,3511.3816,22,2200.0,469.98912259615383,0.0,0.0,345.4456583333332,680.8219416666665,2669.9891225961537,7,700.0,741.9002086280587,250.1517499999997,25.01517499999997,186.11284163875277,714.348648578545,1692.0519586280586,7,700.0,972.7108691685778,0.0,0.0,186.04671809318106,718.4407002753779,1672.7108691685778,240.29373401971696,Stock OK
7,71,1907.6344,22,2200.0,518.4298076923077,0.0,0.0,292.5348666666668,483.8539333333335,2718.429807692308,5,500.0,549.5588617624004,0.0,0.0,374.19672253560515,374.19672253560515,1049.5588617624003,5,500.0,694.9428853396969,0.0,0.0,452.1413928871422,452.1413928871422,1194.9428853396969,138.69828602005327,Stock OK
7,72,37142.522,22,2200.0,14692.86617788462,0.0,0.0,9368.536083333334,13412.975916666668,16892.86617788462,20,2000.0,5101.337948828752,0.0,0.0,1943.095289449968,5611.868349388854,7101.337948828752,19,1900.0,3992.8207932358278,0.0,0.0,1966.5952271747135,3705.6719364996984,5892.820793235827,2225.3423625694386,Stock OK
7,74,9642.8268,22,2200.0,275.46659254807696,6812.437999999997,681.2437999999997,67.42005000000017,852.5507500000002,9287.904592548075,11,1100.0,751.8938446952363,4618.7942209514285,461.87942209514284,79.00542624493897,887.2311016599185,6470.688065646665,12,1200.0,1208.0492220813294,0.0,0.0,185.63062020067161,972.0634720370963,2408.0492220813294,484.2237768782678,Stock OK
7,79,5395.006,22,2200.0,309.1031330128205,1164.6626666666684,116.46626666666685,232.55083333333323,711.7760999999998,3673.7657996794887,9,900.0,814.1147025616038,781.7139841796609,78.17139841796609,453.51663597005677,1084.9558031640681,2495.8286867412644,8,800.0,1049.0517295208444,0.0,0.0,359.14596866203715,359.14596866203715,1849.0517295208444,264.6018294124989,Stock OK
7,80,490.3832,22,2200.0,28.258329326923064,317.53970000000015,31.753970000000017,27.503139999999995,69.77552,2545.7980293269234,3,300.0,251.45759830595287,0.0,0.0,135.64031953475953,135.64031953475953,551.4575983059528,3,300.0,329.9644174061022,0.0,0.0,174.44352106823087,174.44352106823087,629.9644174061023,31.058295576429394,Stock OK
7,81,6149.160799999999,22,2200.0,302.1628245192312,1484.520333333329,148.4520333333329,172.59895000000034,709.4083166666671,3986.6831578525607,9,900.0,891.9558989795939,138.50750000000005,13.850750000000005,684.6073873999148,684.6073873999148,1930.4633989795939,9,900.0,1124.7759520133957,0.0,0.0,250.40277436571625,949.6964649114308,2024.7759520133957,309.6411977243143,Stock OK
7,82,8557.5612,22,2200.0,758.6902163461541,0.0,0.0,581.5589500000001,1376.26505,2958.690216346154,10,1000.0,908.4514659567651,2857.037631527911,285.7037631527911,238.45515855901095,1051.594430270813,4765.489097484676,10,1000.0,1354.8728436430142,0.0,0.0,457.8944065583965,457.8944065583965,2354.872843643014,432.7487034270431,Stock OK
7,83,575.2375999999999,22,2200.0,142.6820320512822,0.0,0.0,101.94107555555564,160.82617777777784,2342.682032051282,3,300.0,304.0644595637732,0.0,0.0,177.11689423662096,177.11689423662096,604.0644595637732,3,300.0,356.5050329494079,0.0,0.0,195.54231911668256,195.54231911668256,656.5050329494079,40.397475537803444,Stock OK
7,85,1739.6044000000004,22,2200.0,829.3277884615376,0.0,0.0,514.8494666666661,710.8889333333327,3029.3277884615377,5,500.0,636.7062369419853,0.0,0.0,169.90439075381425,573.7667884422679,1136.7062369419853,5,500.0,588.9652058919858,0.0,0.0,307.6932257567286,307.6932257567286,1088.9652058919858,112.50909533961266,Stock OK
7,87,12267.0832,22,2200.0,218.90501502403853,18165.02091666667,1816.502091666667,0.0,908.7461833333333,20583.92593169071,13,1300.0,881.5512802444175,5288.036874240695,528.8036874240695,59.161145858643636,928.6879278115248,7469.588154485113,13,1300.0,1433.0325934398813,0.0,0.0,242.33797894804286,1171.196470943713,2733.0325934398816,640.4366689627007,Stock OK
7,90,13676.890400000002,22,2200.0,962.5678365384616,2671.926000000002,267.1926000000002,618.4576,1838.2972,5834.493836538464,13,1300.0,1292.48625678077,3218.3638159811676,321.83638159811676,563.813818401883,1571.2395214688636,5810.850072761938,12,1200.0,2149.957197973087,0.0,0.0,1185.7311434279466,1185.7311434279466,3349.957197973087,748.6675732626593,Stock OK
7,91,9606.25,22,2200.0,1369.53782451923,0.0,0.0,929.4682916666663,1845.617708333333,3569.53782451923,11,1100.0,1269.8349908989087,1217.865530192289,121.7865530192289,620.3752879230847,1493.4367489134702,3587.7005210911975,10,1000.0,1344.767630451723,58.51752877230069,5.851752877230069,153.08562742969553,1084.1144884910807,2403.285159224024,528.5438438614175,Stock OK
7,92,25466.515199999998,22,2200.0,1244.075084134616,7156.536333333326,715.6536333333327,557.6825499999999,2758.4255166666667,10600.611417467942,19,1900.0,1699.5075060575473,0.0,0.0,838.169513093219,3544.471896986539,3599.5075060575473,17,1700.0,2442.007885293938,0.0,0.0,1686.6324016627782,1686.6324016627782,4142.007885293939,1277.1490503392454,Stock OK
7,93,1656.9764,22,2200.0,25.839786658653853,2904.637916666666,290.4637916666666,0.0,118.82718333333334,5130.477703325319,5,500.0,357.76573489790087,1353.7081235765115,135.37081235765115,228.76921896352317,228.76921896352317,2211.4738584744123,5,500.0,485.41066443643746,0.0,0.0,256.73355414751376,256.73355414751376,985.4106644364374,98.51214610306417,Stock OK
7,94,1308.8108,22,2200.0,1.0902953296703297,8337.468952380952,833.7468952380952,0.0,41.30990476190476,10538.559247710622,5,500.0,129.91986587328972,3615.509499577849,361.5509499577849,41.66024822483951,41.66024822483951,4245.429365451138,5,500.0,546.8034264411345,275.4914285714285,27.549142857142854,365.702012581479,365.702012581479,1322.294855012563,189.16567748080828,Stock OK
7,95,35241.4188,22,2200.0,1205.7112780448729,35798.97866666663,3579.897866666663,1089.4356333333349,3937.344900000002,39204.68994471151,20,2000.0,1379.9261012662766,36444.07663881018,3644.4076638810175,1921.6516325070834,3460.9568361189813,39824.00274007645,19,1900.0,3789.1244897683255,0.0,0.0,720.3438772422721,2304.838816104386,5689.1244897683255,1718.7464918943797,Stock OK
7,96,1093.8592,22,2200.0,72.94480869391019,1683.5666666666677,168.35666666666677,108.92150833333328,198.87142499999993,3956.5114753605776,4,400.0,355.7597724344717,164.7837195271994,16.47837195271994,151.80785914184037,151.80785914184037,920.5434919616711,4,400.0,517.3534180113966,0.0,0.0,79.43658085698799,425.56021614265063,917.3534180113966,81.54833375299089,Stock OK
7,97,4447.244,22,2200.0,329.4044841746794,1936.384416666669,193.6384416666669,316.1093833333333,713.4759,4465.788900841349,8,800.0,676.023721371655,759.0535252751317,75.90535252751317,249.61338118121705,824.5994174174605,2235.077246646787,7,700.0,1046.1449544307486,0.0,0.0,439.1183212932541,439.1183212932541,1746.1449544307486,243.52000198065488,Stock OK
7,98,248.87719999999996,22,2200.0,16.87577759197324,356.6620869565218,35.66620869565218,18.934608695652177,39.121182608695655,2573.537864548495,2,200.0,156.14501842724664,148.51729088905583,14.851729088905582,55.447210041529175,55.447210041529175,504.6623093163025,2,200.0,208.57776861780343,0.0,0.0,67.86288816402656,67.86288816402656,408.57776861780343,18.354089525685005,Stock OK
8,1,10345.5432,22,2200.0,7744.371310096155,0.0,0.0,3675.5855083333336,4894.814091666667,9944.371310096154,10,1000.0,2162.8858630387767,0.0,0.0,547.8599339425143,1555.0332960472383,3162.8858630387767,10,1000.0,3439.269420033541,0.0,0.0,912.9017400239948,1960.6353028044387,4439.269420033541,1667.2952523806102,Stock OK
8,2,31553.780799999997,22,2200.0,4028.3656249999976,0.0,0.0,1572.3785999999973,4452.9141999999965,6228.365624999998,20,2000.0,2284.3610532653975,0.0,0.0,632.77614482272,3728.9709831363552,4284.3610532653975,19,1900.0,2935.8434819877225,0.0,0.0,855.3000886302202,2415.759949109677,4835.843481987722,1596.0739924529805,Stock OK
8,3,12606.470400000002,22,2200.0,1652.3511618589744,36854.58933333333,3685.458933333333,738.1781666666666,1578.1077,40706.940495192306,10,1000.0,1265.1439308902613,35487.20311934135,3548.7203119341348,561.6978587105774,1397.6532233882217,37752.34705023161,13,1300.0,1157.8738811761052,2989.065297326815,298.9065297326815,223.52948009720694,974.9427501215087,5446.93917850292,356.9699697990992,Stock OK
8,4,19433.874799999998,22,2200.0,1044.4929196714756,1204.7484166666504,120.47484166666504,0.0,1679.4260833333335,4449.241336338126,16,1600.0,1588.061512521914,297.60536880505015,29.760536880505015,846.03055247798,2028.0975985178115,3485.666881326964,15,1500.0,2021.2509973096062,0.0,0.0,982.3510812208964,982.3510812208964,3521.250997309606,956.0917946406455,Stock OK
8,5,14687.7664,22,2200.0,7745.738762019227,0.0,0.0,4308.1549749999995,5959.974225,9945.738762019228,12,1200.0,2539.6720662719476,0.0,0.0,685.3859863081866,1857.6972146089308,3739.6720662719476,12,1200.0,2678.389457439986,0.0,0.0,799.7591001793471,1982.4678842865605,3878.389457439986,1245.6586407566053,Stock OK
8,6,2243.2752000000005,22,2200.0,1334.194711538461,0.0,0.0,839.3879666666662,1107.4456333333328,3534.194711538461,5,500.0,789.3211915102818,0.0,0.0,520.0820313365545,520.0820313365545,1289.3211915102818,5,500.0,951.311532106858,0.0,0.0,387.42442027938006,387.42442027938006,1451.311532106858,202.13103279189744,Stock OK
8,7,16931.6272,22,2200.0,4002.6347235576923,0.0,0.0,3524.9735750000004,5303.808425,6202.634723557692,14,1400.0,2554.9243046488523,1101.5564359097277,110.15564359097277,445.3644070451368,2878.4616884541642,5056.48074055858,14,1400.0,2692.749114820336,0.0,0.0,1534.1769599076524,1534.1769599076524,4092.749114820336,1144.5469898731376,Stock OK
8,8,24800.014399999996,22,2200.0,741.7869651442312,11127.68841666665,1112.768841666665,0.0,2059.7604833333335,14069.47538181088,18,1800.0,1545.046332579186,3950.8447437217114,395.08447437217114,939.267382160634,2248.3589458540728,7295.891076300897,17,1700.0,2505.716689769033,0.0,0.0,333.685609546824,1711.4393148310005,4205.716689769033,1330.0302068954995,Stock OK
8,9,11909.618399999998,22,2200.0,289.4312820512819,14122.88333333334,1412.288333333334,209.22666666666652,1140.2315999999998,16612.31461538462,12,1200.0,1161.187031610016,7466.388721826668,746.6388721826668,794.8648639086666,1674.9762798858333,9827.575753436684,14,1400.0,1482.382225960654,0.0,0.0,452.5277264781993,1296.0383977457532,2882.382225960654,577.7071369727885,Stock OK
8,10,18699.8544,22,2200.0,2009.3950480769233,0.0,0.0,837.0808333333338,2535.944766666667,4209.395048076924,15,1500.0,1780.4164698652687,1068.1675365821104,106.81675365821104,599.6909365865598,1788.5789853671563,4348.584006447379,15,1500.0,2378.4806710871603,0.0,0.0,561.0801537383712,1754.8400575768264,3878.4806710871603,1041.7986232178314,Stock OK
8,11,16773.0248,22,2200.0,1660.8362339743592,2076.9733333333343,207.6973333333334,1573.3342666666663,3150.6091999999994,5937.809567307693,14,1400.0,1753.4600775053664,1515.9786706707064,151.59786706707064,636.6805311311115,1782.233997597576,4669.438748176073,15,1500.0,2509.4826642836315,0.0,0.0,827.1564094799836,1915.3184672999823,4009.4826642836315,1030.4557887190683,Stock OK
8,12,7179.8976,22,2200.0,166.38610576923062,5169.735500000008,516.9735500000008,0.0,579.3847,7536.121605769238,10,1000.0,743.1779914359989,1404.6128112524912,140.46128112524912,78.312086093439,772.6089033121268,3147.79080268849,10,1000.0,1097.6640185002457,0.0,0.0,520.7886182497289,520.7886182497289,2097.6640185002457,405.27424380482313,Stock OK
8,13,22750.108800000005,22,2200.0,1936.1570793269261,0.0,0.0,214.07080833333555,2210.955991666669,4136.157079326926,17,1700.0,1832.5494435832572,0.0,0.0,868.5205770358222,2157.476927163061,3532.549443583257,17,1700.0,2080.218628932128,0.0,0.0,1072.0373792187956,2373.71352948247,3780.218628932128,1152.7292995394046,Stock OK
8,14,8238.7676,22,2200.0,4065.9968149038477,0.0,0.0,2178.379558333335,3084.2184416666687,6265.996814903848,9,900.0,1711.9873004226522,0.0,0.0,933.2035101223923,933.2035101223923,2611.987300422652,9,900.0,1420.396989084869,0.0,0.0,596.3001544622155,596.3001544622155,2320.396989084869,529.6884119313071,Stock OK
8,16,16128.697600000001,22,2200.0,1601.4745462740382,49058.02500000001,4905.802500000001,2939.474308333333,4170.984691666667,52859.49954627405,13,1300.0,1500.5314238095848,23597.936637043444,2359.7936637043445,1237.3970129152262,1237.3970129152262,26398.46806085303,10,1000.0,2750.8162019495235,9562.95225,956.2952250000001,1148.3832530901625,1148.3832530901625,13313.768451949523,692.0606974403047,Stock OK
8,17,5902.295599999999,22,2200.0,1837.0487620192312,0.0,0.0,972.4548083333336,1570.259191666667,4037.048762019231,8,800.0,1154.0301985914598,741.1006342900515,74.11006342900515,710.4965615709953,710.4965615709953,2695.130832881511,8,800.0,1338.6238371830145,0.0,0.0,784.2939256531045,784.2939256531045,2138.6238371830145,338.3998113077422,Stock OK
8,19,468.4544,22,2200.0,597.5156370192307,0.0,0.0,382.30390833333314,456.28289166666644,2797.515637019231,2,200.0,439.1796430333369,0.0,0.0,138.7015965413355,138.7015965413355,639.1796430333369,2,200.0,441.51221088164,0.0,0.0,104.64584246680323,104.64584246680323,641.5122108816399,64.63375457903578,Stock OK
8,20,3648.0859999999993,22,2200.0,109.83562600160266,3783.926666666664,378.3926666666664,113.8736583333335,408.0968750000002,6093.762292668267,7,700.0,590.7493536905248,1448.4027535305127,144.84027535305125,401.4533747352115,401.4533747352115,2739.1521072210376,7,700.0,800.5825447636612,0.0,0.0,373.83948125969926,373.83948125969926,1500.5825447636612,181.5263925602441,Stock OK
8,21,3218.1240000000003,22,2200.0,1693.490240384614,0.0,0.0,956.0677999999991,1319.040999999999,3893.490240384614,6,600.0,811.5224585794282,0.0,0.0,74.03348351614665,623.5730202193761,1411.522458579428,6,600.0,938.6415678311757,0.0,0.0,563.4725841717338,563.4725841717338,1538.6415678311757,235.73100698545167,Stock OK
8,22,6297.6903999999995,22,2200.0,1183.6623798076914,0.0,0.0,198.85011666666634,763.766683333333,3383.6623798076917,9,900.0,848.2628432409548,1029.0489851879947,102.90489851879948,137.17477878302867,822.7479575660573,2777.3118284289494,9,900.0,1097.0587224469919,0.0,0.0,681.7922829864045,681.7922829864045,1997.0587224469919,370.1197871755147,Stock OK
8,23,12941.960799999999,22,2200.0,2464.588581730769,0.0,0.0,1097.32085,2318.12795,4664.588581730769,13,1300.0,1593.707688179701,0.0,0.0,983.1514965655118,1990.9766337793044,2893.707688179701,13,1300.0,1903.4801212970156,0.0,0.0,1240.8821609191173,1240.8821609191173,3203.4801212970156,872.1965105884976,Stock OK
8,24,4211.4924,22,2200.0,816.1734284855763,1551.5902500000052,155.15902500000053,242.42699999999977,616.2322499999997,4567.763678485582,7,700.0,803.6192366746836,3177.0325344864586,317.70325344864585,570.6723620684725,570.6723620684725,4680.651771161142,8,800.0,867.8662329148442,181.63228827201792,18.16322882720179,360.623657703679,360.623657703679,1849.498521186862,269.83468002674454,Stock OK
8,25,5558.391999999999,22,2200.0,1776.3082572115386,0.0,0.0,951.2713583333336,1517.329041666667,3976.3082572115386,8,800.0,1066.2881494182213,0.0,0.0,94.55127079637444,780.8165201958565,1866.2881494182213,8,800.0,1223.9117309056464,0.0,0.0,576.4889973985522,576.4889973985522,2023.9117309056464,382.50014106317565,Stock OK
8,26,4149.634399999999,22,2200.0,3516.114435096154,0.0,0.0,1790.4351083333336,2306.9628916666666,5716.114435096154,6,600.0,1252.2324139840896,0.0,0.0,558.4815899275138,558.4815899275138,1852.2324139840896,6,600.0,1214.3891473369574,0.0,0.0,523.4975923159429,523.4975923159429,1814.3891473369574,360.3412765151225,Stock OK
8,27,658.6588,22,2200.0,361.38899038461534,0.0,0.0,148.65423333333337,218.85536666666673,2561.388990384615,3,300.0,320.92480658511124,129.24876736949977,12.924876736949976,184.596111631525,184.596111631525,750.173573954611,3,300.0,389.9608678615838,0.0,0.0,233.76397109741833,233.76397109741833,689.9608678615838,64.03111061609633,Stock OK
8,28,178.53,22,2200.0,145.3246995192308,0.0,0.0,75.046725,97.096875,2345.3246995192308,2,200.0,192.63985185354537,0.0,0.0,125.43800674214975,125.43800674214975,392.63985185354534,2,200.0,229.86136761157692,0.0,0.0,5.475766426415987,156.40630785283201,429.86136761157695,22.383905661762256,Stock OK
8,29,2172.2452,22,2200.0,847.4633293269228,0.0,0.0,487.6041749999998,718.8954249999998,3047.4633293269226,5,500.0,617.5066343202905,0.0,0.0,368.0584933867467,368.0584933867467,1117.5066343202905,5,500.0,790.1078322178205,0.0,0.0,379.1716300048394,379.1716300048394,1290.1078322178205,164.64306664466764,Stock OK
8,30,1908.1624,22,2200.0,191.49516826923093,0.0,0.0,173.3410500000001,354.34135000000015,2391.495168269231,5,500.0,522.5214878139589,207.87549999999996,20.787549999999996,324.4364616920124,324.4364616920124,1230.3969878139587,5,500.0,608.1150179229679,0.0,0.0,369.70489367134763,369.70489367134763,1108.115017922968,110.27194703665039,Stock OK
8,31,1516.2592,22,2200.0,257.1218489583333,1421.6755,142.16755,4.868366666666674,124.77793333333332,3878.7973489583337,4,400.0,430.28295428334695,2125.0125185114125,212.50125185114126,139.5287981488588,139.5287981488588,2955.2954727947595,6,600.0,438.40994404520006,0.0,0.0,194.01357344560662,194.01357344560662,1038.4099440452,101.77168801389344,Stock OK
8,32,3822.1967999999997,22,2200.0,2733.838954326923,0.0,0.0,1850.945441666667,2344.262158333334,4933.838954326923,6,600.0,1282.202850615046,0.0,0.0,761.7114556887595,761.7114556887595,1882.202850615046,6,600.0,1329.7237909511384,0.0,0.0,678.6548772543877,678.6548772543877,1929.7237909511384,392.0772768347226,Stock OK
8,33,5475.5244,22,2200.0,358.18176983173083,8731.962249999997,873.1962249999997,0.0,400.20245,11290.144019831729,9,900.0,571.2485103023212,4495.948274883468,449.5948274883468,190.64749751165309,767.6816718895664,5967.196785185789,10,1000.0,754.5411115691508,1059.3428905931269,105.93428905931268,87.84620449258588,627.5276089851718,2813.8840021622777,305.85340378633,Stock OK
8,34,6715.244800000001,22,2200.0,1426.49092548077,0.0,0.0,939.3980416666669,1605.0191583333337,3626.49092548077,9,900.0,1109.9855615812687,156.1789760616449,15.61789760616449,252.2065917568483,996.3818191506838,2166.1645376429137,9,900.0,1296.787977532326,0.0,0.0,266.75980744077845,1014.7064239958758,2196.7879775323263,398.7148269646177,Stock OK
8,35,1350.0059999999999,22,2200.0,728.9767187500001,0.0,0.0,546.0260250000002,710.8983750000003,2928.97671875,4,400.0,562.42684186354,0.0,0.0,378.7817598190374,378.7817598190374,962.42684186354,4,400.0,632.9704575228666,0.0,0.0,333.200321225239,333.200321225239,1032.9704575228666,90.0707720144282,Stock OK
8,36,770.1552,22,2200.0,496.8063341346155,618.8089999999997,61.880899999999976,411.6256000000002,509.0082000000002,3315.6153341346153,3,300.0,462.491787737323,152.06099999999992,15.206099999999992,245.05741373483104,245.05741373483104,914.5527877373229,3,300.0,404.49651856976783,152.06099999999992,15.206099999999992,112.09869310468383,112.09869310468383,856.5575185697678,58.066891520770184,Stock OK
8,37,1839.9192000000003,22,2200.0,282.43294471153837,0.0,0.0,146.30770833333327,319.0230916666666,2482.4329447115383,5,500.0,517.523528419505,0.0,0.0,314.53773409908325,314.53773409908325,1017.523528419505,5,500.0,548.9476997170224,0.0,0.0,376.1267607351564,376.1267607351564,1048.9476997170223,118.72114337822626,Stock OK
8,38,54215.10600000001,22,2200.0,5443.250468750008,0.0,0.0,1309.0400916666722,6137.226708333339,7643.250468750008,22,2200.0,3289.335361494488,0.0,0.0,1129.3727175541771,5137.889283600358,5489.335361494488,21,2100.0,4042.0879124014023,0.0,0.0,493.6081436130512,4621.124162622882,6142.087912401403,2825.5980793730214,Stock OK
8,40,33333.366799999996,22,2200.0,4291.876201923074,0.0,0.0,788.3015999999991,3755.403199999999,6491.876201923074,21,2100.0,2726.9553494067763,0.0,0.0,969.8382507064391,4112.212213938696,4826.955349406777,19,1900.0,2321.1305837787468,0.0,0.0,632.1920457039175,2271.9090704652463,4221.130583778747,1793.017415391336,Stock OK
8,41,1305.9808,22,2200.0,218.82108173076915,2357.3502500000013,235.73502500000012,0.0,93.06484999999999,4776.17133173077,5,500.0,334.8471123847482,1406.0236841456233,140.60236841456233,87.26838552847926,365.5307710569585,2240.8707965303715,7,700.0,317.36724462181894,0.0,0.0,110.15860866402198,322.915630941359,1017.3672446218189,115.29454175495997,Stock OK
8,42,4730.293999999999,22,2200.0,367.82758413461494,0.0,0.0,134.68075833333293,557.7220416666662,2567.827584134615,8,800.0,804.7996104442835,0.0,0.0,57.16414799105033,650.4350369897718,1604.7996104442836,8,800.0,1016.2776691734695,0.0,0.0,209.21948305756624,824.2125627800757,1816.2776691734693,274.75533041233496,Stock OK
8,44,3134.6888,22,2200.0,1214.5443749999997,0.0,0.0,438.46239999999943,749.1711999999993,3414.5443749999995,6,600.0,776.6322652058708,0.0,0.0,382.0054785802994,382.0054785802994,1376.6322652058707,6,600.0,765.2383695383529,0.0,0.0,268.95386114160306,268.95386114160306,1365.2383695383528,241.87888878576146,Stock OK
8,46,15645.794,22,2200.0,2929.7014302884636,0.0,0.0,1692.265525000002,3199.9228750000025,5129.701430288464,14,1400.0,1941.0281545226894,0.0,0.0,1175.5232283072692,2295.51024394629,3341.0281545226894,13,1300.0,2141.2422885469628,0.0,0.0,1228.0812248462184,1228.0812248462184,3441.2422885469628,855.9434411637537,Stock OK
8,49,2016.9656,22,2200.0,57.124975961538475,1509.8539999999998,150.98539999999997,15.304800000000014,178.89480000000003,3766.9789759615383,6,600.0,443.7839378239644,0.0,0.0,73.05269689128194,441.9793562695383,1043.7839378239644,5,500.0,732.8532668214596,0.0,0.0,239.94861147168405,239.94861147168405,1232.8532668214596,148.48642023771203,Stock OK
8,52,1182.8899999999999,22,2200.0,976.5683894230771,0.0,0.0,642.5636500000004,801.2987500000005,3176.568389423077,4,400.0,633.1110605939731,0.0,0.0,145.4458492743571,508.8569156991428,1033.111060593973,4,400.0,660.043817966584,0.0,0.0,82.06882552307164,424.35421736409546,1060.043817966584,118.65627608576003,Stock OK
8,55,4639.8592,22,2200.0,3309.389483173075,0.0,0.0,2112.2084416666653,2699.3447583333323,5509.389483173075,7,700.0,1359.9748596847587,0.0,0.0,434.4006826225102,1133.3265838929285,2059.9748596847585,6,600.0,1318.0174532101375,0.0,0.0,402.177394450001,402.177394450001,1918.0174532101375,369.72839804150317,Stock OK
8,56,2586.2207999999996,22,2200.0,2486.9012439903845,1644.3927500000004,164.43927500000004,2281.21765,2690.1740999999997,6331.2939939903845,4,400.0,1220.4651979030466,921.1532499999998,92.11532499999998,452.5733497622999,452.5733497622999,2541.618447903046,3,300.0,1602.2768626140535,921.1532499999998,92.11532499999998,385.1687850172808,385.1687850172808,2823.4301126140535,352.2429898063443,Stock OK
8,59,133.98239999999998,22,2200.0,474.0402884615383,0.0,0.0,317.6770333333332,356.9517666666665,2674.0402884615382,1,100.0,347.7405144029781,0.0,0.0,105.69633999016337,105.69633999016337,447.7405144029781,1,100.0,291.9788499230807,0.0,0.0,78.40592537411949,78.40592537411949,391.9788499230807,32.44619233167148,Stock OK
8,60,199.44,22,2200.0,31.141586538461546,0.0,0.0,13.551500000000004,32.072500000000005,2231.1415865384615,2,200.0,170.40449029143258,0.0,0.0,76.61128873797755,76.61128873797755,370.4044902914326,2,200.0,198.36791484800236,0.0,0.0,84.95904242579843,84.95904242579843,398.36791484800233,17.022151850175575,Stock OK
8,67,4213.0544,22,2200.0,1178.5759615384618,0.0,0.0,731.6918333333334,1161.6697666666669,3378.575961538462,7,700.0,856.278747839295,0.0,0.0,20.60293791743095,618.7180109036694,1556.278747839295,7,700.0,1160.4810333775085,0.0,0.0,234.48713642542586,868.2495758296635,1860.4810333775085,405.8061243177424,Stock OK
8,71,1684.3555999999999,22,2200.0,512.6166225961535,0.0,0.0,404.09825833333326,585.7029416666666,2712.6166225961533,5,500.0,556.7253497386339,0.0,0.0,142.88953378603472,531.5990609825434,1056.725349738634,4,400.0,697.871605796568,0.0,0.0,270.4851564471385,270.4851564471385,1097.871605796568,131.58389527436645,Stock OK
8,72,27473.289600000004,22,2200.0,17571.18294471155,0.0,0.0,8696.053275000007,11841.213525000008,19771.18294471155,17,1700.0,4515.348004289528,0.0,0.0,1509.1164186885617,4744.4051711803695,6215.348004289528,16,1600.0,4193.397549448802,0.0,0.0,1936.7799210241383,3582.9351974257474,5793.397549448802,2239.957976137209,Stock OK
8,74,8084.0856,22,2200.0,885.7481730769238,0.0,0.0,368.0165000000005,1102.9819000000007,3085.7481730769236,10,1000.0,1103.1178413040202,0.0,0.0,838.1528603613317,838.1528603613317,2103.11784130402,10,1000.0,1282.3779636977556,0.0,0.0,333.9376689059385,1146.7793543399316,2282.3779636977556,397.22305534418615,Stock OK
8,79,19409.8888,22,2200.0,793.5009375000009,1732.8179999999895,173.28179999999895,101.26055000000031,1782.8142500000004,4726.31893749999,16,1600.0,1520.0541139146478,0.0,0.0,854.6753365583747,2037.4909089955997,3120.054113914648,15,1500.0,2460.768529443067,0.0,0.0,1376.4377052515595,1376.4377052515595,3960.768529443067,1067.6848370614046,Stock OK
8,80,8279.1948,22,2200.0,1094.733545673077,0.0,0.0,283.71459166666676,1028.3154083333334,3294.733545673077,10,1000.0,989.848212930898,784.9951836622375,78.49951836622375,0.0,787.088228514864,2774.8433965931354,10,1000.0,1485.5271404263074,0.0,0.0,821.4798032693016,821.4798032693016,2485.5271404263076,450.0993183418636,Stock OK
8,81,11191.464,22,2200.0,1146.9272475961536,0.0,0.0,336.2281916666666,1338.6362083333333,3346.9272475961534,12,1200.0,1228.9891646445008,0.0,0.0,357.7649723988336,1271.0028767078184,2428.9891646445008,12,1200.0,1508.3079125550432,0.0,0.0,490.3943301883553,1415.689448841842,2708.307912555043,556.1430163077157,Stock OK
8,82,12426.064000000002,22,2200.0,3507.2101802884636,0.0,0.0,1871.6232250000012,3114.900375000001,5707.210180288464,12,1200.0,1752.4613323803621,0.0,0.0,626.4876345565854,1643.545444516275,2952.4613323803624,12,1200.0,1884.4740422711932,0.0,0.0,349.63390210728437,1341.5231909352192,3084.474042271193,756.6771941884037,Stock OK
8,83,2305.4624000000003,22,2200.0,86.30305288461535,19.592500000000115,1.9592500000000115,14.263008333333318,215.80789166666665,2305.8955528846154,6,600.0,519.3635993851884,308.4427500000003,30.844275000000025,75.16924210887865,484.6632505306544,1427.8063493851887,5,500.0,770.4238161371878,0.0,0.0,312.87673536736247,312.87673536736247,1270.4238161371877,154.02450540017304,Stock OK
8,85,1666.9756000000002,22,2200.0,486.04087740384625,0.0,0.0,344.41560833333347,519.3191916666668,2686.040877403846,5,500.0,571.2153129181826,0.0,0.0,121.26197927834237,502.732530347928,1071.2153129181825,5,500.0,626.2421483190786,0.0,0.0,97.79137684728731,473.39427730910916,1126.2421483190788,129.61261253797602,Stock OK
8,87,22351.389199999994,22,2200.0,192.22447716346161,40780.28924999999,4078.0289249999987,0.0,1588.9878500000002,43172.513727163445,18,1800.0,1039.2561723331871,11492.953069326075,1149.2953069326074,727.971996728727,1877.7710623049693,14332.209241659262,18,1800.0,2035.7698826661892,0.0,0.0,1109.077348520797,2348.899982257314,3835.769882666189,1201.5996506471486,Stock OK
8,90,35389.1376,22,2200.0,5866.831237980766,0.0,0.0,1909.962591666664,5153.36260833333,8066.831237980766,21,2100.0,2448.397458869486,0.0,0.0,687.5256957794124,3972.9534084930347,4548.3974588694855,20,2000.0,2896.922432023775,0.0,0.0,895.3333632425044,2548.984465255268,4896.922432023775,1877.675609705822,Stock OK
8,91,28011.7448,22,2200.0,2828.763293269229,0.0,0.0,672.6894833333317,3166.988116666665,5028.763293269229,19,1900.0,1907.6353633052631,1280.563611691648,128.0563611691648,347.5352918441115,3228.685383688223,5088.198974996911,18,1800.0,2906.040335124873,0.0,0.0,664.0781516763243,2130.806092951402,4706.040335124873,1468.5907189305767,Stock OK
8,92,55034.878,22,2200.0,6378.016262019229,0.0,0.0,642.534341666666,5484.048458333333,8578.016262019228,21,2100.0,3195.1007964895907,3638.1887769870946,363.81887769870946,759.7546210430419,6780.822442086083,8933.289573476686,21,2100.0,3711.3243221652374,0.0,0.0,1253.1516936972876,3295.891631976341,5811.324322165237,2853.6083087487636,Stock OK
8,93,26376.598399999995,22,2200.0,1728.8558493589715,538.9003333333585,53.89003333333585,63.425616666666656,2357.87205,4467.75618269233,17,1700.0,2179.9711598677354,7014.059473568932,701.4059473568932,1254.6669105326037,2636.3251289547043,10894.030633436667,18,1800.0,2780.025403055406,0.0,0.0,786.2811176433329,2181.6464039752937,4580.025403055406,1486.6371481677932,Stock OK
8,94,23250.1876,22,2200.0,2600.658437500002,0.0,0.0,997.6218166666681,3106.126983333335,4800.658437500002,17,1700.0,2147.5109261859116,865.4144999999994,86.54144999999994,1190.9669330912182,2515.457891409419,4712.925426185911,17,1700.0,3016.258574855483,0.0,0.0,1200.2232286080596,2530.701546021063,4716.258574855483,1352.9589939870427,Stock OK
8,95,57524.385599999994,22,2200.0,3209.4603485576963,0.0,0.0,590.4394750000029,5643.902525000003,5409.460348557696,22,2200.0,2883.4051044893986,5546.400354236143,554.6400354236143,1872.5284259135738,5973.49477915277,10629.805458725543,21,2100.0,4495.76804332676,0.0,0.0,1511.6740197223035,3569.9086215111956,6595.76804332676,2650.945905181753,Stock OK
8,97,15665.5156,22,2200.0,1154.0077804487164,391.664166666676,39.1664166666676,24.444908333333274,1385.3835249999997,3745.6719471153924,14,1400.0,1183.9060350489158,1989.2771225427805,198.92771225427805,408.0718968954768,1472.1681937909536,4573.183157591697,14,1400.0,1850.9622781103285,0.0,0.0,290.15230377995067,1360.4799944553315,3250.9622781103285,795.9442346805017,Stock OK
8,98,6044.400399999999,22,2200.0,1460.5328725961542,0.0,0.0,531.3557583333336,1103.1606416666668,3660.5328725961544,9,900.0,906.1194589610612,618.9255551185391,61.892555511853914,393.1217731627153,1082.862059744073,2425.0450140796006,9,900.0,1290.3709298135566,0.0,0.0,330.8377848634152,1020.529142346342,2190.3709298135564,423.3318409086935,Stock OK
9,1,9903.119999999999,22,2200.0,3844.607644230772,0.0,0.0,1221.5261333333347,2188.886666666668,6044.607644230772,11,1100.0,1446.263238608574,3779.0053821649926,377.9005382164993,0.0,1794.261924840778,6325.268620773567,11,1100.0,2356.662437013956,0.0,0.0,743.0910964903212,1662.6081261393533,3456.662437013956,1154.749587616757,Stock OK
9,2,23418.620400000003,22,2200.0,967.039347956729,1338.5650000000248,133.85650000000248,40.79362499999945,2069.1029749999993,4505.604347956754,18,1800.0,1664.3236720765178,39.33723822156253,3.933723822156253,412.7157676676628,3010.8330700233514,3503.6609102980806,17,1700.0,2287.6761653393073,0.0,0.0,781.6737939998153,2104.038179562304,3987.6761653393073,1145.3307868919583,Stock OK
9,3,8754.038799999998,22,2200.0,964.7724759615382,23025.56000000001,2302.556000000001,385.58689999999996,980.1146999999999,26190.332475961546,9,900.0,861.0441273329488,26504.28974041275,2650.428974041275,414.67423557523506,1117.98578076698,28265.3338677457,12,1200.0,1233.594340936695,4343.155282164152,434.31552821641515,576.3773858917925,576.3773858917925,6776.749623100846,294.89524082911737,Stock OK
9,4,16179.1644,22,2200.0,586.7378064903851,4413.701249999993,441.37012499999923,0.0,1368.50385,7200.439056490378,15,1500.0,1466.2974784512169,879.3826273974139,87.93826273974139,900.226362260258,1967.276128297438,3845.680105848631,14,1400.0,1793.7307095825443,0.0,0.0,1058.899785778991,1058.899785778991,3193.7307095825445,837.6100170232266,Stock OK
9,5,14959.9908,22,2200.0,6579.706610576927,0.0,0.0,3616.6028166666683,5231.958783333334,8779.706610576926,13,1300.0,2217.5800894213166,0.0,0.0,215.34160464207707,2533.9413236679093,3517.5800894213166,12,1200.0,2729.6443544839112,0.0,0.0,1221.0290029306143,1221.0290029306143,3929.6443544839112,1198.2468311104708,Stock OK
9,6,1736.022,22,2200.0,1438.7849519230772,0.0,0.0,907.1127000000002,1136.9505000000004,3638.784951923077,4,400.0,745.6757357404226,0.0,0.0,357.90615917717304,357.90615917717304,1145.6757357404226,4,400.0,779.4430501658136,0.0,0.0,195.73422147911225,195.73422147911225,1179.4430501658135,181.05536809081406,Stock OK
9,7,11980.1352,22,2200.0,2884.160588942311,0.0,0.0,2193.152308333336,3425.6120916666696,5084.160588942311,12,1200.0,1813.7195116206194,0.0,0.0,1007.4139905757901,2020.037582900862,3013.7195116206194,13,1300.0,1980.9246340294824,0.0,0.0,467.97657109785143,1351.2617457726724,3280.924634029482,786.0614947752063,Stock OK
9,8,20766.7816,22,2200.0,412.4561748798082,14108.201416666645,1410.8201416666645,0.0,1683.1270833333335,16720.657591546453,17,1700.0,1423.5614480002694,1910.2089821969946,191.02089821969946,882.8308349001367,2066.199641880164,5033.770430197264,17,1700.0,1868.6345591711,0.0,0.0,1079.3225005635386,2286.9108427862598,3568.6345591710997,1100.6695331379894,Stock OK
9,9,13937.6008,22,2200.0,274.69781249999994,18496.311,1849.6311,0.0,1051.1278,20971.0088125,14,1400.0,969.8004480474309,7003.412907484582,700.3412907484583,496.6102227754625,1431.7777637006166,9373.213355532014,15,1500.0,1560.956583389133,0.0,0.0,352.9828894843371,1261.1180315903612,3060.956583389133,659.8604895635606,Stock OK
9,10,12656.9452,22,2200.0,204.3674999999999,6962.4906666666675,696.2490666666667,0.0,1040.0605333333333,9366.858166666667,14,1400.0,1025.2910301855927,35.85752970457065,3.585752970457065,69.50754787824519,1929.9702470295433,2461.1485598901636,13,1300.0,1952.3007523857223,0.0,0.0,338.90731704551865,1291.8874601326452,3252.3007523857223,761.6133617025189,Stock OK
9,11,14713.9136,22,2200.0,603.0050560897432,12985.05691666667,1298.505691666667,527.5230999999994,1739.9518833333327,15788.061972756414,14,1400.0,1161.1529617792942,3364.9269441277556,336.49269441277556,497.9135182297339,1502.274383523346,5926.07990590705,14,1400.0,1806.4695122684377,0.0,0.0,954.6977780564225,954.6977780564225,3206.469512268438,857.046816676084,Stock OK
9,12,6590.4744,22,2200.0,87.39588842147428,8736.48258333334,873.648258333334,0.0,497.1153166666666,11023.878471754815,10,1000.0,635.6637277786975,1621.3340660018173,162.13340660018173,105.38825471985461,748.5056183998183,3256.997793780515,10,1000.0,985.419118990689,0.0,0.0,551.4063933488562,551.4063933488562,1985.419118990689,347.28573462033296,Stock OK
9,13,20811.34,22,2200.0,641.2818028846151,9362.756333333335,936.2756333333335,0.0,1728.2664666666667,12204.03813621795,17,1700.0,1342.3546352720036,3334.376264839524,333.4376264839524,101.47824491492611,2499.7423673723893,6376.730900111528,16,1600.0,2065.5907079996296,0.0,0.0,1218.4314551762852,1218.4314551762852,3665.5907079996296,1086.5439267885088,Stock OK
9,14,5908.7804,22,2200.0,2417.427115384617,0.0,0.0,1273.538466666668,1898.0879333333348,4617.427115384617,8,800.0,1206.8236498933522,0.0,0.0,73.99590610115371,794.846206972747,2006.8236498933522,8,800.0,1264.0776804386803,0.0,0.0,557.1131038271428,557.1131038271428,2064.0776804386805,423.5561011030644,Stock OK
9,16,9649.534799999998,22,2200.0,1797.5762019230772,20316.710999999992,2031.6710999999993,2597.9198,3486.2488,24314.28720192307,10,1000.0,1525.6208352522585,10212.43462866265,1021.243462866265,1301.2349533120478,1301.2349533120478,12738.055463914909,8,800.0,2603.922772814629,4030.6809999999987,403.06809999999984,1138.0663885919334,1138.0663885919334,7434.6037728146275,579.9988395422879,Stock OK
9,17,4512.9944000000005,22,2200.0,996.632776442309,0.0,0.0,378.5959583333343,803.9516416666677,3196.632776442309,8,800.0,848.1633892697474,0.0,0.0,289.27981186397375,884.1713385588271,1648.1633892697473,8,800.0,844.8597612635344,0.0,0.0,175.66801627984324,754.329286462678,1644.8597612635344,294.7293569797751,Stock OK
9,19,1179.5336,22,2200.0,358.24269230769255,0.0,0.0,124.85543333333351,238.28056666666686,2558.242692307693,4,400.0,440.62477437617497,0.0,0.0,219.39023881070986,219.39023881070986,840.624774376175,4,400.0,576.900968034884,0.0,0.0,238.68372309547604,238.68372309547604,976.900968034884,124.16933583901007,Stock OK
9,20,2474.0948000000003,22,2200.0,50.91482572115387,1249.835333333334,124.9835333333334,18.784350000000003,224.68831666666665,3500.7501590544875,6,600.0,514.7413873280407,206.17390583631888,20.617390583631888,338.7704970818404,338.7704970818404,1320.9152931643596,6,600.0,653.7269707571852,0.0,0.0,341.8987526895327,341.8987526895327,1253.7269707571852,140.28967769179673,Stock OK
9,21,2832.086,22,2200.0,850.6870793269235,0.0,0.0,405.8239083333335,687.3812916666668,3050.6870793269236,6,600.0,729.5884112591523,0.0,0.0,10.248747175944573,494.24848161113346,1329.5884112591523,6,600.0,791.9565132233495,0.0,0.0,96.70584569123002,597.996999829476,1391.9565132233495,198.37305902433997,Stock OK
9,22,4996.0916,22,2200.0,165.774328926282,5430.819166666666,543.0819166666666,0.0,387.21823333333333,7796.593495592948,9,900.0,671.9601563887477,886.7630437054845,88.67630437054845,214.18252737767105,781.7788365035614,2458.723200094232,9,900.0,826.6846953317447,0.0,0.0,225.79895613271677,805.9318568993064,1726.6846953317447,314.7487789694323,Stock OK
9,23,10683.6596,22,2200.0,643.9582972756405,1826.0403333333397,182.60403333333397,0.0,913.1352666666667,4669.99863060898,12,1200.0,1101.2168879064354,4586.499540270023,458.6499540270023,732.5581657717773,1604.1822486576662,6887.716428176459,12,1200.0,1380.6146374370926,437.0801800826098,43.70801800826098,780.8386273305794,780.8386273305794,3017.6948175197026,675.0548229606682,Stock OK
9,24,2391.4908,22,2200.0,650.6642548076925,0.0,0.0,121.6789500000003,340.2154500000003,2850.6642548076925,6,600.0,551.0552877392114,1202.7348433496034,120.27348433496033,188.61914141625996,615.0254828325199,2353.7901310888146,6,600.0,600.6219651648473,0.0,0.0,350.2404482326639,350.2404482326639,1200.6219651648473,189.14719781547603,Stock OK
9,25,4060.5012000000006,22,2200.0,1386.4918870192316,0.0,0.0,760.3898416666673,1179.597758333334,3586.4918870192314,7,700.0,922.8371845321312,0.0,0.0,111.77162723300012,702.3484526051668,1622.8371845321312,7,700.0,1052.8920444856087,0.0,0.0,634.3524203639698,634.3524203639698,1752.8920444856087,285.2044745718012,Stock OK
9,26,3363.3923999999997,22,2200.0,1259.3279086538462,0.0,0.0,377.57101666666654,702.8721833333332,3459.327908653846,7,700.0,718.1148701861277,0.0,0.0,246.00461525774566,766.2454928007032,1418.1148701861277,6,600.0,894.3543624306819,0.0,0.0,343.8741012506832,343.8741012506832,1494.354362430682,274.05341164119903,Stock OK
9,27,524.8592,22,2200.0,290.0954807692307,0.0,0.0,139.05726666666666,196.78913333333333,2490.0954807692306,3,300.0,272.73794913316675,0.0,0.0,0.06684716947757963,219.23097075421637,572.7379491331667,3,300.0,391.2773238030643,0.0,0.0,252.10649340414946,252.10649340414946,691.2773238030643,53.28646727896077,Stock OK
9,28,148.56439999999998,22,2200.0,138.0562139423077,0.0,0.0,64.46907500000002,82.99372500000003,2338.0562139423077,2,200.0,187.7806294233581,0.0,0.0,3.369700621175779,127.51682624235156,387.7806294233581,2,200.0,221.16890151217032,0.0,0.0,11.051865529062878,142.88115605812573,421.16890151217035,22.022480720935732,Stock OK
9,29,1711.9788,22,2200.0,163.8639903846156,0.0,0.0,40.94780000000016,193.37620000000015,2363.8639903846156,5,500.0,465.92926943721733,0.0,0.0,297.2566001651585,297.2566001651585,965.9292694372173,5,500.0,526.8053796690886,0.0,0.0,215.29365346846572,215.29365346846572,1026.8053796690886,124.0024970689301,Stock OK
9,30,1387.8839999999998,22,2200.0,237.41336538461547,0.0,0.0,138.8989333333334,271.6626666666667,2437.4133653846156,4,400.0,399.44569016378773,0.0,0.0,140.67907323154034,140.67907323154034,799.4456901637877,4,400.0,550.3372076597957,0.0,0.0,161.76922185546945,161.76922185546945,950.3372076597957,84.21796268940892,Stock OK
9,31,804.4644000000001,22,2200.0,677.2690745192311,0.0,0.0,320.6076250000002,418.43997500000023,2877.2690745192313,3,300.0,438.4819608328592,39.88784640922738,3.988784640922738,202.17514517953856,202.17514517953856,778.3698072420865,3,300.0,416.52888972865355,0.0,0.0,126.44913266539325,126.44913266539325,716.5288897286536,79.17641060674976,Stock OK
9,32,3092.4216,22,2200.0,1974.4579447115389,0.0,0.0,1279.622908333334,1659.8006916666673,4174.457944711539,6,600.0,962.0105298503172,0.0,0.0,289.9079998530929,852.3205848237114,1562.0105298503172,6,600.0,1134.8169592508357,0.0,0.0,177.25935786614394,717.1422144393728,1734.8169592508357,331.8315911607423,Stock OK
9,33,2788.4824,22,2200.0,78.37475160256412,4236.524916666667,423.6524916666667,0.0,205.63738333333333,6514.899668269231,7,700.0,470.3541947231424,1796.1954563118595,179.61954563118596,181.3770358737628,595.0076717475256,2966.549651035002,7,700.0,502.74653408939827,149.2175180781598,14.92175180781598,205.061829894138,205.061829894138,1351.964052167558,171.42180401542134,Stock OK
9,34,4576.778,22,2200.0,1619.7389903846156,0.0,0.0,985.2292,1468.8819999999998,3819.7389903846156,7,700.0,1081.7534587902935,0.0,0.0,589.1468252047496,589.1468252047496,1781.7534587902935,7,700.0,1108.4627470859664,0.0,0.0,672.4245276428708,672.4245276428708,1808.4627470859664,338.85710693855754,Stock OK
9,35,1007.3452,22,2200.0,474.649951923077,0.0,0.0,418.2362000000001,542.1998000000001,2674.649951923077,3,300.0,492.79863788875366,0.0,0.0,142.05203418788523,142.05203418788523,792.7986378887537,3,300.0,618.8920567354281,0.0,0.0,147.89149400264284,147.89149400264284,918.8920567354281,72.73892526540607,Stock OK
9,36,657.6664000000001,22,2200.0,322.3088000801281,1706.6698333333334,170.66698333333335,250.48906666666662,314.6184999999999,4228.9786334134615,3,300.0,354.512303150668,896.8585000000002,89.68585000000002,221.17910909839662,221.17910909839662,1551.370803150668,3,300.0,307.3749746317477,896.8585000000002,89.68585000000002,237.29116860314272,237.29116860314272,1504.2334746317479,61.39748418844616,Stock OK
9,38,61315.26119999999,22,2200.0,20997.738641826938,0.0,0.0,12770.433058333349,19212.66734166668,23197.738641826938,21,2100.0,6200.533314105431,0.0,0.0,1596.6365962854197,8542.099166453083,8300.53331410543,21,2100.0,6896.106714259085,0.0,0.0,2837.5288207229605,5206.634846623959,8996.106714259084,3734.9042506066044,Stock OK
9,40,25516.349199999997,22,2200.0,3832.8703485576916,0.0,0.0,985.5700416666655,3290.084758333332,6032.870348557692,18,1800.0,1915.7627247112928,1066.124454597409,106.61244545974091,202.0166685057511,2971.3893370115024,4781.887179308702,17,1700.0,2752.5619590404613,0.0,0.0,1094.299093555691,2541.4163572154216,4452.561959040461,1405.1045727373566,Stock OK
9,41,1049.3968000000002,22,2200.0,600.2574879807693,0.0,0.0,92.17235833333348,191.43924166666682,2800.2574879807694,4,400.0,328.18340867644207,604.3639266338494,60.436392663384936,22.094441168307526,309.47928233661503,1332.5473353102914,5,500.0,341.6872453767219,0.0,0.0,187.88751599135873,187.88751599135873,841.6872453767219,99.1660465218851,Stock OK
9,42,2893.4927999999995,22,2200.0,121.49623697916664,1100.740083333334,110.0740083333334,0.0,242.03641666666667,3422.2363203125005,7,700.0,528.0059702706611,0.0,0.0,162.04669069562735,610.7941683115653,1228.0059702706612,6,600.0,803.338898508073,0.0,0.0,244.17951939888414,244.17951939888414,1403.338898508073,238.97711408072848,Stock OK
9,44,3253.7192000000005,22,2200.0,725.6626923076923,0.0,0.0,122.04369999999983,415.5882999999998,2925.6626923076924,7,700.0,584.9826248640612,0.0,0.0,151.77018388689885,645.9655978680487,1284.982624864061,7,700.0,792.4744751351619,0.0,0.0,464.9021661473405,464.9021661473405,1492.4744751351618,237.17711229923265,Stock OK
9,46,6464.1412,22,2200.0,1613.4705408653838,0.0,0.0,1133.913974999999,1794.6144249999988,3813.4705408653836,9,900.0,1295.4659309306942,0.0,0.0,458.26493236385556,1199.6843645343374,2195.4659309306944,8,800.0,1270.8030456449776,0.0,0.0,375.04606311131545,375.04606311131545,2070.803045644978,363.4390359347282,Stock OK
9,52,1444.6288000000002,22,2200.0,548.3992307692307,0.0,0.0,278.4484,428.2812,2748.3992307692306,4,400.0,524.6960548259598,0.0,0.0,192.41436146836227,192.41436146836227,924.6960548259598,4,400.0,574.60719391676,0.0,0.0,167.11990029456015,167.11990029456015,974.60719391676,115.39962409969678,Stock OK
9,55,5857.333200000001,22,2200.0,4503.87105769231,0.0,0.0,2821.108066666667,3575.7551333333336,6703.87105769231,7,700.0,1646.7401722725251,0.0,0.0,821.2987033307404,821.2987033307404,2346.7401722725253,7,700.0,1490.7640667634305,0.0,0.0,615.2323696943968,615.2323696943968,2190.7640667634305,500.23699112312005,Stock OK
9,56,1076.576,22,2200.0,2324.94639423077,0.0,0.0,1838.2730000000004,2091.7381304347828,4524.94639423077,3,300.0,1057.982517647251,0.0,0.0,222.0616523651626,681.2816307216569,1357.982517647251,2,200.0,1245.9922550440197,0.0,0.0,519.9624030741336,519.9624030741336,1445.9922550440197,246.41178328603618,Stock OK
9,60,79.91999999999999,22,2200.0,35.6692307692308,0.0,0.0,19.93066666666669,28.613333333333358,2235.6692307692306,1,100.0,130.40478832819483,0.0,0.0,18.09799194452906,18.09799194452906,230.40478832819483,1,100.0,140.5215997973791,0.0,0.0,22.30658551570971,22.30658551570971,240.5215997973791,7.837282699055056,Stock OK
9,67,2796.3911999999996,22,2200.0,762.100528846154,0.0,0.0,519.942,808.3188,2962.100528846154,6,600.0,772.875432423569,0.0,0.0,85.30393530355599,575.1299223642673,1372.875432423569,6,600.0,1094.0544758398935,0.0,0.0,177.82175684522397,686.1513082142687,1694.0544758398935,298.66132554889555,Stock OK
9,71,997.3512000000001,22,2200.0,527.5720072115388,0.0,0.0,370.9956583333334,489.9823416666667,2727.5720072115387,3,300.0,462.98464677048094,0.0,0.0,125.0421074576632,125.0421074576632,762.9846467704809,3,300.0,539.17648591035,0.0,0.0,125.39015095805851,125.39015095805851,839.17648591035,89.85836545729694,Stock OK
9,72,25351.326399999998,22,2200.0,12176.814326923071,0.0,0.0,7018.055566666665,9832.784433333332,14376.814326923071,16,1600.0,3876.2885629960974,0.0,0.0,1825.4449382561686,3355.756807473246,5476.288562996097,15,1500.0,4435.457686926606,0.0,0.0,1384.2516813535083,2885.1506667770755,5935.457686926606,1884.3633373647242,Stock OK
9,74,7029.0364,22,2200.0,54.54741286057687,3724.308000000002,372.4308000000002,26.61882499999996,607.768775,5978.855412860579,10,1000.0,736.3442960323405,571.3980988760517,57.13980988760517,158.01157208991577,853.3652651123948,2307.7423949083923,10,1000.0,997.2023271511366,0.0,0.0,286.0583338065738,1001.9883125628598,1997.2023271511366,368.0804771557776,Stock OK
9,79,11460.1248,22,2200.0,455.43058293269183,3404.240500000008,340.4240500000008,0.0,966.9304999999999,6059.6710829327,13,1300.0,1160.9236280324806,551.8551466751273,55.185514667512734,808.634868094634,1705.566401713561,3012.7787747076077,12,1200.0,1454.6582140891592,0.0,0.0,118.82289920198241,1039.6003491294355,2654.658214089159,602.6405647334338,Stock OK
9,81,2291.5476,22,2200.0,50.99443910256419,897.6526666666645,89.76526666666645,0.0,191.45933333333335,3148.647105769229,6,600.0,443.39197481239864,87.74942687349466,8.774942687349466,0.0,399.1167314625301,1131.1414016858932,6,600.0,555.0486466094471,0.0,0.0,69.37159498255002,484.11763397906,1155.0486466094471,119.13643937349937,Stock OK
9,82,9198.5032,22,2200.0,864.071069711539,0.0,0.0,322.2860416666671,1150.1807583333339,3064.071069711539,11,1100.0,1388.7086840681427,0.0,0.0,342.787075131541,1172.731895144695,2488.7086840681427,11,1100.0,1258.6903184931925,0.0,0.0,244.44591135121493,1064.5566149863364,2358.6903184931925,556.707657340957,Stock OK
9,85,690.2704000000002,22,2200.0,251.51057692307702,0.0,0.0,158.2540333333334,232.03876666666676,2451.510576923077,3,300.0,362.6256116438495,0.0,0.0,163.71019333229955,163.71019333229955,662.6256116438494,3,300.0,373.7723376265057,0.0,0.0,150.79127075437725,150.79127075437725,673.7723376265058,51.56207454492268,Stock OK
9,87,14043.032000000003,22,2200.0,1483.0198677884607,0.0,0.0,515.648108333333,1781.6202916666662,3683.019867788461,14,1400.0,1418.7701892618463,0.0,0.0,1197.808329422956,2224.1069489939528,2818.770189261846,13,1300.0,2056.131547463912,0.0,0.0,566.2679757599773,1625.4631174899755,3356.131547463912,880.8736068447412,Stock OK
9,90,2864.9444000000003,22,2200.0,309.0024519230769,0.0,0.0,120.60433333333333,380.21726666666666,2509.002451923077,6,600.0,663.542053183896,0.0,0.0,313.0098445375397,313.0098445375397,1263.5420531838959,6,600.0,770.190806016668,0.0,0.0,351.4245550962436,351.4245550962436,1370.190806016668,149.8885981284803,Stock OK
9,91,969.3924000000001,22,2200.0,12.245945512820514,1342.3940833333331,134.2394083333333,9.881766666666671,83.36305000000002,3554.6400288461537,4,400.0,328.8582558525676,96.21058675958757,9.621058675958757,139.48184897212386,139.48184897212386,825.0688426121552,4,400.0,383.1296683071636,0.0,0.0,83.13382798634086,83.13382798634086,783.1296683071637,53.58829023350389,Stock OK
9,92,15255.83,22,2200.0,528.656697716346,15080.773749999993,1508.0773749999994,0.0,1195.45675,17809.43044771634,15,1500.0,1057.833561688477,4976.6193231935795,497.6619323193579,0.0,1994.6127604124065,7534.452884882056,15,1500.0,1456.3173294177072,0.0,0.0,811.8801339172069,1831.489063125579,2956.3173294177072,875.1781958089031,Stock OK
9,95,31822.9472,22,2200.0,453.0740234375001,39691.83791666667,3969.183791666667,0.0,2422.0663833333333,42344.91194010417,22,2200.0,978.2734196867098,3443.2047569845236,344.32047569845236,545.7336957777566,3384.859780285687,6621.478176671233,20,2000.0,3071.028486216347,0.0,0.0,1550.5003228298676,1550.5003228298676,5071.028486216347,1530.1692788124572,Stock OK
9,96,3560.794,22,2200.0,47.4672445913462,3122.592416666664,312.2592416666664,0.0,282.48128333333335,5370.05966125801,8,800.0,575.9467971626907,131.5211425984728,13.15211425984728,269.6323018503815,754.4254822204578,1507.4679397611635,7,700.0,787.9435845240138,0.0,0.0,258.37470416887106,258.37470416887106,1487.9435845240137,195.9893089998328,Stock OK
10,1,26470.910399999993,22,2200.0,22702.45681490384,0.0,0.0,11743.161991666659,15066.124808333325,24902.45681490384,15,1500.0,5147.554408659868,0.0,0.0,129.1567798414062,3454.637234432392,6647.554408659868,15,1500.0,8997.918308152788,0.0,0.0,3325.787561672309,4979.9378107837965,10497.918308152788,4974.190904396815,Stock OK
10,2,92858.6736,22,2200.0,15945.351490384599,0.0,0.0,8020.885033333321,16793.020566666655,18145.3514903846,21,2100.0,5898.333966152977,0.0,0.0,1346.2760095218819,9450.95064047407,7998.333966152977,21,2100.0,6163.450502784281,0.0,0.0,780.885749504655,6146.309486138299,8263.45050278428,4568.19103035838,Stock OK
10,3,35684.2992,22,2200.0,4621.8522475961545,100423.19766666667,10042.319766666667,3684.6723500000007,6234.815983333334,107245.04991426283,16,1600.0,2855.665506748642,124152.11046770262,12415.211046770262,948.700027422305,3861.92470322974,128607.77597445126,13,1300.0,3291.21201330997,21405.188998824386,2140.5188998824387,918.8169500839716,2195.374525092369,25996.401012134356,1013.5043199829411,Stock OK
10,4,41281.6552,22,2200.0,6161.675637019225,0.0,0.0,3045.229541666663,6899.741258333329,8361.675637019225,22,2200.0,2717.400532970395,0.0,0.0,316.0515544584457,3897.64547240429,4917.400532970395,21,2100.0,3283.1794340519223,0.0,0.0,764.363978934475,2577.576559131199,5383.179434051923,2030.611795584006,Stock OK
10,5,37785.51840000001,22,2200.0,27941.57602163461,0.0,0.0,16359.052041666664,21067.27555833333,30141.57602163461,18,1800.0,6346.588683750843,0.0,0.0,944.054570477434,4902.459282412114,8146.588683750843,18,1800.0,6438.034611169401,0.0,0.0,3482.672807944154,5382.998137552163,8238.034611169402,3530.9219148982784,Stock OK
10,6,6369.6204,22,2200.0,5066.86376201923,0.0,0.0,3449.141508333334,4302.946891666667,7266.86376201923,8,800.0,1788.0195148104842,0.0,0.0,810.9129154400354,1653.7450926457548,2588.019514810484,8,800.0,1860.2175425402977,0.0,0.0,352.9627481795919,1130.3734729195337,2660.2175425402975,618.3931162701967,Stock OK
10,7,41163.07280000001,22,2200.0,30268.346935096153,0.0,0.0,19133.897208333343,24377.11199166668,32468.346935096153,19,1900.0,7025.238209575181,0.0,0.0,2208.3756329667426,6385.62578096283,8925.238209575182,19,1900.0,4596.884769331418,0.0,0.0,1800.8105240455611,3555.7635814978394,6496.884769331418,3126.93895958301,Stock OK
10,8,75287.4788,22,2200.0,10461.474999999993,0.0,0.0,4155.799233333328,11063.91036666666,12661.474999999993,22,2200.0,4249.816695022105,0.0,0.0,2202.0146376240205,6996.82369031145,6449.816695022105,21,2100.0,5122.547300918652,0.0,0.0,2446.031134000031,4852.150535214318,7222.547300918652,3748.839132429071,Stock OK
10,9,56566.059199999996,22,2200.0,1756.70280148237,2334.726666666679,233.47266666666792,935.3850583333333,5915.208675,6291.429468149049,22,2200.0,3375.2213190134066,1559.1206567385325,155.91206567385325,1946.7996572506909,6017.776566576838,7134.341975751939,21,2100.0,4624.884181823117,0.0,0.0,2863.239467686396,4941.621997393851,6724.884181823117,2965.420317230884,Stock OK
10,10,43969.9288,22,2200.0,2511.1305168269223,0.0,0.0,863.2675916666676,4761.806408333335,4711.130516826923,22,2200.0,3251.6597973705984,852.5640046614149,85.25640046614149,1585.0337987569583,5187.024523601578,6304.223802032013,21,2100.0,3393.037974103747,0.0,0.0,557.4111021305912,2315.5716329092547,5493.037974103747,2273.632977722554,Stock OK
10,11,28284.1308,22,2200.0,2339.233389423074,537.7205000000231,53.77205000000231,2313.1956249999994,4969.156875,5076.953889423097,18,1800.0,2435.639896679847,4674.587117605465,467.4587117605465,1438.2129951174506,2924.7390661972686,8910.227014285312,18,1800.0,3322.9301995515702,0.0,0.0,1583.6319039242162,1583.6319039242162,5122.930199551571,1317.9165483977351,Stock OK
10,12,8134.771999999999,22,2200.0,248.43743990384604,677.1360000000004,67.71360000000004,115.21229999999997,826.7140999999999,3125.5734399038465,11,1100.0,1045.4582961148533,0.0,0.0,626.4361040818299,1395.8316444900129,2145.4582961148535,10,1000.0,1200.727398558506,0.0,0.0,747.1687145800723,747.1687145800723,2200.727398558506,456.4677816172649,Stock OK
10,13,54061.39319999999,22,2200.0,7240.384002403838,0.0,0.0,2619.211674999996,7547.959924999996,9440.384002403838,21,2100.0,3452.7610536700213,0.0,0.0,1932.2835066534608,5982.329700957916,5552.761053670021,21,2100.0,3678.8044646608587,0.0,0.0,1917.909207794526,3942.3333758276312,5778.804464660859,2599.5009343004413,Stock OK
10,14,31632.414000000004,22,2200.0,9829.782884615388,0.0,0.0,5811.563766666669,9067.561833333335,12029.782884615388,19,1900.0,3159.9502297256217,0.0,0.0,1231.9015959332883,4523.70377192544,5059.950229725622,17,1700.0,3914.4393108724794,0.0,0.0,1360.5681504508684,3014.0378593009195,5614.43931087248,1789.6796535354888,Stock OK
10,16,26669.4284,22,2200.0,1730.1998717948716,32063.445333333337,3206.344533333334,3658.2192416666667,6016.593425,35993.64520512821,18,1800.0,2128.000066403556,13410.274082546803,1341.0274082546803,2022.3153794222903,3423.0892086086205,17338.27414895036,15,1500.0,3189.0832608509163,2410.659250000001,241.0659250000001,1169.8626800217185,1169.8626800217185,7099.742510850918,891.305950438702,Stock OK
10,17,23005.6916,22,2200.0,3175.785468749996,0.0,0.0,1500.9197583333312,3631.9294416666644,5375.785468749997,17,1700.0,1939.5330790157468,1755.4601500901094,175.54601500901094,339.47617749211554,3002.5571424898626,5394.993229105856,16,1600.0,2372.6488605964996,0.0,0.0,669.4946391663095,2034.7394201107302,3972.6488605964996,1179.8127045506997,Stock OK
10,19,2439.19,22,2200.0,691.8243990384619,0.0,0.0,310.5278500000003,549.6337500000003,2891.8243990384617,6,600.0,676.3367673041514,0.0,0.0,149.5815646402266,595.604107568272,1276.3367673041514,6,600.0,702.7196654783563,0.0,0.0,129.71166726139688,571.7602307136763,1302.7196654783563,189.86135362386472,Stock OK
10,20,13668.673199999997,22,2200.0,727.4802473958339,526.5414166666642,52.65414166666642,460.78958333333344,1684.8599000000002,3454.021664062498,13,1300.0,1498.0276415784842,1179.785471254038,117.9785471254038,395.4651778745962,1404.6363741870289,3977.813112832522,13,1300.0,1709.1453598764394,0.0,0.0,460.6292192542073,1485.062297942058,3009.145359876439,638.7439415433914,Stock OK
10,21,7570.265600000001,22,2200.0,2011.757632211537,0.0,0.0,1178.9759916666658,1939.7796083333324,4211.7576322115365,10,1000.0,1207.8339555978064,0.0,0.0,731.3921385343888,1526.997951149321,2207.8339555978064,9,900.0,1415.327659242168,0.0,0.0,594.8850476463913,594.8850476463913,2315.327659242168,443.70981487262145,Stock OK
10,22,20917.960800000004,22,2200.0,4896.29140625,0.0,0.0,2631.441541666666,4679.215658333333,7096.29140625,16,1600.0,2114.973832042299,0.0,0.0,427.5784733420887,3038.1324873909584,3714.973832042299,15,1500.0,2659.6863775132665,0.0,0.0,859.1983188962267,2195.3053148888143,4159.686377513266,1153.1648414901367,Stock OK
10,23,55581.455200000004,22,2200.0,9569.218449519232,0.0,0.0,6824.008758333336,12250.57084166667,11769.218449519232,21,2100.0,5198.975836670324,8241.017649234585,824.1017649234586,2253.564126785731,6503.222773469407,15539.99348590491,21,2100.0,5065.959511734857,0.0,0.0,2269.382887269325,4340.674344030547,7165.959511734857,3041.235428257347,Stock OK
10,24,12933.6324,22,2200.0,3164.0294711538463,4833.632000000001,483.3632000000001,1983.0956000000003,3238.1708000000003,10197.661471153848,11,1100.0,1961.7433077144144,11100.304437597038,1110.0304437597038,277.7317343604451,1299.6038234205193,14162.047745311453,11,1100.0,1710.3184254732014,0.0,0.0,873.4530605779676,873.4530605779676,2810.3184254732014,726.4075953647533,Stock OK
10,25,17041.511599999998,22,2200.0,5287.283750000004,0.0,0.0,3367.5069666666695,5142.204233333336,7487.283750000004,14,1400.0,2314.864461796685,0.0,0.0,202.12989598331603,2632.395828647202,3714.864461796685,13,1300.0,2479.7667758093194,0.0,0.0,1199.9514549377645,1199.9514549377645,3779.7667758093194,984.6387744555536,Stock OK
10,26,12679.644800000002,22,2200.0,6865.798846153853,0.0,0.0,3544.05686666667,4954.813533333337,9065.798846153853,12,1200.0,2095.1024557901724,487.6677695648698,48.76677695648698,319.2292247826125,2486.023674347837,3782.7702253550424,11,1100.0,2064.4921422977563,0.0,0.0,989.9694277969962,989.9694277969962,3164.4921422977563,936.8364861203797,Stock OK
10,27,3293.4287999999997,22,2200.0,1451.568353365384,0.0,0.0,797.5284916666665,1153.2639083333331,3651.5683533653837,6,600.0,950.8222110501538,0.0,0.0,504.37211312497834,504.37211312497834,1550.8222110501538,6,600.0,803.7262708899997,48.87283603321066,4.887283603321066,0.0,550.9876782793358,1452.5991069232105,189.10213761741892,Stock OK
10,28,757.0288,22,2200.0,882.0193389423077,0.0,0.0,520.1288083333333,631.1859916666666,3082.0193389423075,3,300.0,503.442340448852,0.0,0.0,17.50294803817488,321.47593455726235,803.4423404488521,3,300.0,434.3847876465477,0.0,0.0,44.491757657542166,361.95914898631327,734.3847876465477,64.8358314343406,Stock OK
10,29,13498.1788,22,2200.0,1895.8983052884612,0.0,0.0,1034.438858333333,2298.144741666666,4095.8983052884614,13,1300.0,1615.130207411936,1817.2324610251462,181.72324610251462,883.658300456479,1909.0378862359762,4732.362668437082,13,1300.0,1894.1453597000047,0.0,0.0,644.2600166342187,1664.8333492704037,3194.1453597000045,690.0557797001777,Stock OK
10,30,8891.9168,22,2200.0,2166.251322115386,0.0,0.0,1501.7843500000004,2405.5844500000003,4366.251322115386,10,1000.0,1448.6417487140666,341.7572253494825,34.17572253494825,302.3742549301035,1169.5314974184541,2790.398974063549,10,1000.0,1349.2862858590538,321.15394151830856,32.115394151830856,306.4949116963383,1174.3389303123947,2670.440227377362,466.0613657545311,Stock OK
10,31,5690.5036,22,2200.0,979.3478365384613,4809.884000000004,480.98840000000035,865.8059999999997,1394.0947999999996,7989.231836538465,8,800.0,1086.5686028949583,4705.310998758795,470.5310998758795,876.2633001241205,876.2633001241205,6591.8796016537535,10,1000.0,1050.8797763183397,0.0,0.0,142.69728694339912,702.7825854926657,2050.8797763183397,238.68661866585433,Stock OK
10,32,15526.867999999999,22,2200.0,8067.417115384615,0.0,0.0,5248.506833333332,7055.0611666666655,10267.417115384615,12,1200.0,2656.2029357870847,0.0,0.0,668.8612396884239,1894.8519432964624,3856.2029357870847,12,1200.0,3434.0817759300994,0.0,0.0,590.4425704284092,1809.3043041037192,4634.081775930099,1264.3267524741248,Stock OK
10,33,12158.384400000003,22,2200.0,3537.737151442309,0.0,0.0,2366.961425000001,3630.034975000001,5737.7371514423085,11,1100.0,2057.9601141680077,6269.27219453495,626.927219453495,614.3832833197581,1639.5062972063843,9427.232308702958,11,1100.0,2069.98372966351,1215.939854843432,121.5939854843432,911.8006053219195,911.8006053219195,4385.923584506942,791.6312838895262,Stock OK
10,34,34744.79719999999,22,2200.0,7987.962536057684,0.0,0.0,5262.473258333326,8741.366341666659,10187.962536057683,19,1900.0,2815.205058168967,538.2827078815649,53.82827078815649,1150.8625066186112,4553.472707821995,5253.487766050532,19,1900.0,4768.791871194467,0.0,0.0,1091.6576447491623,2792.664045846338,6668.791871194467,1929.7238026811413,Stock OK
10,35,6930.5448,22,2200.0,1473.7376322115383,0.0,0.0,1304.675925,2020.782075,3673.7376322115383,9,900.0,1342.6598260571159,0.0,0.0,318.6626252329338,1090.5436502620505,2242.659826057116,8,800.0,1500.9254938446106,0.0,0.0,631.1282967236268,631.1282967236268,2300.9254938446106,429.6443605424887,Stock OK
10,36,3319.876,22,2200.0,780.8316286057693,11284.890833333337,1128.4890833333336,1142.0417999999997,1431.9051666666662,14265.722461939105,6,600.0,836.0150045936202,5105.287953788197,510.5287953788197,571.9691092423607,571.9691092423607,6541.302958381817,5,500.0,946.3860994967412,2526.825500000001,252.6825500000001,261.0712631314012,261.0712631314012,3973.211599496742,160.38860854770027,Stock OK
10,37,3274.1879999999996,22,2200.0,830.5227283653846,0.0,0.0,396.77472500000005,715.988875,3030.522728365385,7,700.0,766.2136442497479,0.0,0.0,296.73642845230336,812.0869623610206,1466.2136442497479,6,600.0,844.8294887106123,0.0,0.0,358.05678713177775,358.05678713177775,1444.8294887106122,192.98454623563572,Stock OK
10,38,73631.21999999999,22,2200.0,14896.34581730769,0.0,0.0,7264.089433333334,14298.464166666667,17096.34581730769,22,2200.0,5210.895355215863,0.0,0.0,2239.139074984161,7077.5684805385445,7410.895355215863,21,2100.0,7433.628974686114,0.0,0.0,3295.8444192607567,5848.74835461694,9533.628974686115,4539.7276640166965,Stock OK
10,40,83985.7476,22,2200.0,13876.425685096157,0.0,0.0,5956.837808333332,13777.932191666665,16076.425685096157,21,2100.0,4086.700229918487,0.0,0.0,1722.3334212921823,9375.068536425857,6186.700229918487,21,2100.0,5451.693898387186,0.0,0.0,1282.2295343296487,6534.824931424624,7551.693898387186,4157.753892469622,Stock OK
10,41,11660.015599999999,22,2200.0,4484.934567307691,0.0,0.0,521.9804,1581.2844,6684.934567307691,12,1200.0,1556.0492193274663,2279.8722763739624,227.98722763739624,483.7011938583563,1422.4987907875345,5035.921495701428,14,1400.0,1744.790395350695,0.0,0.0,332.34281050797483,1075.442982687116,3144.790395350695,859.959768684201,Stock OK
10,42,10408.141599999999,22,2200.0,962.2326322115382,0.0,0.0,222.29989166666655,1146.6861083333333,3162.232632211538,12,1200.0,1259.1443340141548,617.7338612524392,61.77338612524392,686.9623364998605,1563.9397206248257,3076.878195266594,11,1100.0,1535.578249967855,0.0,0.0,804.2155424303343,804.2155424303343,2635.5782499678553,553.6197480805719,Stock OK
10,44,7593.3571999999995,22,2200.0,1878.3900360576922,0.0,0.0,637.9174916666666,1353.6805083333334,4078.390036057692,10,1000.0,1100.2450591531797,0.0,0.0,425.55198656618126,1197.2480600735348,2100.2450591531797,10,1000.0,1075.8905537590658,0.0,0.0,179.2535153856398,923.5830920951553,2075.890553759066,461.16738000222176,Stock OK
10,46,46171.7732,22,2200.0,6923.380540865384,0.0,0.0,5493.454741666668,9986.083258333336,9123.380540865384,21,2100.0,3477.9611131623747,189.11270055629757,18.911270055629757,1186.5650085135806,5053.277785985767,5767.073813718673,20,2000.0,4276.873557978231,0.0,0.0,1273.411726723952,3211.8042101393785,6276.873557978231,2441.0617714071323,Stock OK
10,48,2672.84,22,2200.0,185.52675280448724,8304.46083333333,830.4460833333331,0.0,160.20816666666667,10689.987586137819,6,600.0,313.66457168295017,6070.607229993295,607.0607229993295,0.0,365.0934054001341,6984.271801676245,8,800.0,622.4149376925714,716.9447283748758,71.69447283748758,259.7722128604188,634.1444257208375,2139.359666067447,287.1129519880753,Stock OK
10,49,17553.202,22,2200.0,2176.8626923076936,0.0,0.0,531.750133333334,2104.3546666666675,4376.862692307694,15,1500.0,1742.6628278701728,227.2110570198788,22.72110570198788,842.4124942980119,1986.268679197728,3469.8738848900516,14,1400.0,2227.464640002287,0.0,0.0,400.4750511786034,1600.0727628077266,3627.464640002287,1029.024999917249,Stock OK
10,50,3830.6767999999997,22,2200.0,279.6868028846154,0.0,0.0,70.82278333333329,410.0836166666666,2479.6868028846156,7,700.0,758.4086053178196,145.08749999999964,14.508749999999964,411.726514509592,411.726514509592,1603.4961053178192,7,700.0,853.9155536721612,0.0,0.0,499.83330061981985,499.83330061981985,1553.9155536721612,209.4068776482206,Stock OK
10,52,3585.5044000000003,22,2200.0,2421.0230048076914,0.0,0.0,1478.7256833333327,1919.093516666666,4621.023004807692,6,600.0,1155.8760649952899,0.0,0.0,101.5388720983739,706.8371765180486,1755.8760649952899,6,600.0,982.7602664065688,0.0,0.0,560.363605915524,560.363605915524,1582.760266406569,254.66819932850706,Stock OK
10,55,11261.576000000001,22,2200.0,14455.316634615385,0.0,0.0,9002.894466666663,10765.022333333329,16655.316634615385,9,900.0,3713.913667358059,0.0,0.0,1068.1933506247133,2279.0155444528027,4613.913667358059,9,900.0,3294.3824436202153,0.0,0.0,1375.3517250395378,1375.3517250395378,4194.382443620216,1299.1409645367812,Stock OK
10,56,709.5664,22,2200.0,808.7107932692309,0.0,0.0,483.80661666666674,587.5781833333335,3008.7107932692306,3,300.0,487.9553625288793,0.0,0.0,33.757329731448266,327.5905195971724,787.9553625288793,2,200.0,736.889602441212,0.0,0.0,238.28034940852956,238.28034940852956,936.889602441212,138.53698041847406,Stock OK
10,58,3976.7999999999997,22,2200.0,607.9819711538465,0.0,0.0,181.7341666666669,543.3458333333335,2807.9819711538466,7,700.0,680.0215896650262,161.35153029738177,16.135153029738177,421.3078911617103,421.3078911617103,1541.3731199624078,8,800.0,1182.6208147934374,0.0,0.0,496.6722291109334,496.6722291109334,1982.6208147934374,347.00767097979656,Stock OK
10,59,234.56480000000005,22,2200.0,1651.1449639423079,0.0,0.0,1133.1959416666666,1252.1316583333335,3851.144963942308,1,100.0,679.4784853974274,0.0,0.0,258.4091427504711,258.4091427504711,779.4784853974274,2,200.0,770.1753185868658,0.0,0.0,435.1323750612118,435.1323750612118,970.1753185868658,204.76090166638483,Stock OK
10,60,439.56,22,2200.0,88.0550941080196,0.0,0.0,42.54153191489359,84.46340425531912,2288.0550941080196,3,300.0,232.40357056791586,0.0,0.0,183.60040049974003,183.60040049974003,532.4035705679158,3,300.0,275.08241768511067,0.0,0.0,199.89028540477486,199.89028540477486,575.0824176851106,31.888205602328085,Stock OK
10,67,9670.3708,22,2200.0,4002.8074519230768,0.0,0.0,2590.7950333333333,3656.983366666667,6202.807451923077,10,1000.0,1808.4134034684098,1166.8110000000024,116.68110000000024,522.1819819764382,1464.0252244182648,3975.224403468412,10,1000.0,2223.0967083772493,0.0,0.0,585.1813487454299,1546.9890874949222,3223.0967083772493,812.8386922840473,Stock OK
10,71,13437.2528,22,2200.0,1490.7158413461523,0.0,0.0,970.8070166666655,2223.681783333332,3690.715841346152,13,1300.0,1605.9330725719128,582.7310718347417,58.27310718347417,752.0433599431367,1773.019268506442,3488.6641444066545,12,1200.0,2060.082751634318,0.0,0.0,1219.1515243997678,1219.1515243997678,3260.082751634318,753.6113251216909,Stock OK
10,72,96682.89839999999,22,2200.0,68965.69762019228,0.0,0.0,42162.24694999999,54235.73785,71165.69762019228,21,2100.0,14497.092379418997,0.0,0.0,3831.9351146533727,13340.157864421071,16597.092379418995,20,2000.0,12619.690032268807,0.0,0.0,4391.87470749564,7464.635328143627,14619.690032268807,7040.435246091873,Stock OK
10,74,34555.71920000001,22,2200.0,4997.406706730769,0.0,0.0,3243.7109166666673,6530.617883333334,7197.406706730769,20,2000.0,2481.2847064808093,3067.5446503912644,306.75446503912644,2101.5975166231933,3755.2923482855126,7548.829356872074,18,1800.0,3228.162258985367,0.0,0.0,1189.626319977454,2901.5699349762017,5028.162258985367,1687.3281037903394,Stock OK
10,79,31413.954800000003,22,2200.0,5263.549362980766,0.0,0.0,2773.4056249999985,5746.219574999998,7463.549362980766,19,1900.0,2780.7827604520667,1056.1427500000036,105.61427500000036,1459.4570310070737,3032.1557327296887,5736.92551045207,19,1900.0,4010.3245593823403,0.0,0.0,1933.2204809207417,3538.1068340274496,5910.32455938234,1954.1888979720861,Stock OK
10,80,300.43879999999996,22,2200.0,371.2191586538462,0.0,0.0,248.24268333333333,295.95411666666666,2571.219158653846,2,200.0,367.7645642551351,0.0,0.0,169.60501196821787,169.60501196821787,567.7645642551352,2,200.0,294.185170670668,0.0,0.0,120.63056759839661,120.63056759839661,494.185170670668,22.90499549034387,Stock OK
10,81,8931.78,22,2200.0,1520.009879807692,0.0,0.0,722.4811166666664,1561.9820833333329,3720.009879807692,11,1100.0,970.3230171271377,0.0,0.0,684.8921302497783,1520.6341982747563,2070.323017127138,10,1000.0,1238.865334051623,0.0,0.0,823.3604479514356,823.3604479514356,2238.865334051623,468.2448561238849,Stock OK
10,82,19855.049199999998,22,2200.0,4543.761995192305,0.0,0.0,2749.297516666665,4714.892883333332,6743.761995192305,15,1500.0,2332.0702776455873,0.0,0.0,996.7951271439321,2275.613075511356,3832.0702776455873,15,1500.0,2883.578827430041,0.0,0.0,1492.2090930781478,1492.2090930781478,4383.578827430041,1295.4464847431082,Stock OK
10,83,223.9296,22,2200.0,4.877940705128206,133.27599999999998,13.327599999999999,3.925133333333334,22.579666666666668,2338.153940705128,2,200.0,161.17519547161353,0.0,0.0,53.21537330884462,53.21537330884462,361.1751954716135,2,200.0,223.59093897374458,0.0,0.0,80.43726291458998,80.43726291458998,423.5909389737446,17.353606504132863,Stock OK
10,85,2400.8268000000003,22,2200.0,623.7695552884617,0.0,0.0,354.83789166666674,594.4609083333335,2823.7695552884616,6,600.0,605.0003667282601,0.0,0.0,191.13068046242182,637.6352715549062,1205.0003667282601,6,600.0,682.979736439204,0.0,0.0,132.5946281503539,567.3920087804247,1282.9797364392039,141.19246582622193,Stock OK
10,87,26040.072799999998,22,2200.0,263.54972956730774,45060.47374999998,4506.047374999998,0.0,1872.52395,47524.02347956729,20,2000.0,1179.3867412207185,3369.157727511372,336.9157727511372,820.9470155921856,2069.121653373293,6548.5444687320905,19,1900.0,1956.952005561476,0.0,0.0,356.62300219428994,1667.062439816195,3856.9520055614757,1334.0681188950293,Stock OK
10,90,12508.698400000001,22,2200.0,920.0048076923104,0.0,0.0,64.50766666666846,1157.8299333333352,3120.0048076923104,13,1300.0,1252.969859402164,257.5307331180909,25.75307331180909,602.0699266881904,1555.8225811362222,2810.500592520255,12,1200.0,1535.4429443037059,0.0,0.0,310.20123951419566,1326.4663521973043,2735.442944303706,641.734975791298,Stock OK
10,91,10732.2748,22,2200.0,1658.4401442307685,0.0,0.0,882.7336333333328,1892.7343666666661,3858.4401442307685,12,1200.0,1582.6320179419833,0.0,0.0,866.3166241917422,1783.0066536637187,2782.6320179419836,11,1100.0,1702.5667475956602,0.0,0.0,874.0134874134035,874.0134874134035,2802.56674759566,549.72164121316,Stock OK
10,92,45374.3356,22,2200.0,4165.151622596151,0.0,0.0,516.2995916666655,4506.789608333333,6365.151622596151,21,2100.0,2803.3959920999487,1253.6333858369017,125.36333858369017,823.1999192036246,4467.421478805437,6157.02937793685,21,2100.0,3540.213735949509,0.0,0.0,1434.912015709409,3290.5262243780185,5640.213735949509,2250.073681005606,Stock OK
10,93,1094.7815999999998,22,2200.0,445.45887019230764,0.0,0.0,309.3703166666666,431.4704833333333,2645.4588701923076,4,400.0,436.8759366520448,0.0,0.0,44.55171197087599,363.27939929450133,836.8759366520449,4,400.0,465.6214102659778,0.0,0.0,325.34672937266043,325.34672937266043,865.6214102659778,63.4108100834831,Stock OK
10,95,63552.54719999999,22,2200.0,4663.7094591346195,0.0,0.0,1953.569758333335,7649.753841666668,6863.7094591346195,22,2200.0,3592.8456479456313,3780.058258475915,378.0058258475915,1971.1146488441918,6325.066948690084,9572.903906421547,21,2100.0,4812.238183965781,0.0,0.0,1862.9416303119615,4050.2959651316523,6912.238183965781,3001.070571175825,Stock OK
10,96,11265.578,22,2200.0,258.0907872596156,9850.552499999996,985.0552499999997,0.0,893.9585000000001,12308.643287259612,13,1300.0,1122.8458021550068,1512.024118859914,151.2024118859914,575.6384476228017,1438.0614714342025,3934.8699210149207,12,1200.0,1345.5116122118832,0.0,0.0,745.7579364730117,745.7579364730117,2545.5116122118834,657.0589003035124,Stock OK
10,97,4449.5163999999995,22,2200.0,670.6779086538461,0.0,0.0,320.1749166666665,734.9306833333331,2870.6779086538463,8,800.0,802.3492034401934,0.0,0.0,284.64389089943234,872.0762681707798,1602.3492034401934,7,700.0,882.0784560610955,0.0,0.0,291.5452549480285,291.5452549480285,1582.0784560610955,214.30491267437057,Stock OK
11,1,14435.016800000001,22,2200.0,7186.120516826923,0.0,0.0,3214.1483916666675,4748.858408333334,9386.120516826923,13,1300.0,2114.6557581791135,1003.1766349420491,100.31766349420491,397.26238033462084,2657.243560669242,4417.832393121163,12,1200.0,4074.1619373237017,0.0,0.0,1150.8305469095112,2358.4471216285574,5274.161937323702,2029.8450799613108,Stock OK
11,2,50158.048800000004,22,2200.0,7045.491201923068,0.0,0.0,3799.771033333328,8491.75536666666,9245.491201923069,21,2100.0,3422.40819052614,90.17100000001392,9.017100000001392,2332.0265689704365,6283.598896706996,5612.579190526154,20,2000.0,4573.973540497902,0.0,0.0,2695.0861190281803,2695.0861190281803,6573.973540497902,2485.117090546274,Stock OK
11,3,21080.391999999996,22,2200.0,1928.4831981169862,68912.58133333334,6891.258133333333,1242.538841666666,2584.4234249999995,73041.06453145032,13,1300.0,1697.2448828034035,64103.77389881227,6410.377389881227,1078.8854844492325,2135.506501339079,67101.01878161568,15,1500.0,1759.0016791088397,7050.631523761053,705.0631523761053,515.2078575412983,1459.093349049558,10309.633202869893,558.484653945331,Stock OK
11,4,26160.9716,22,2200.0,1725.1866346153804,0.0,0.0,540.4452333333302,2862.307566666663,3925.18663461538,18,1800.0,1813.2425332799712,1081.4326331620327,108.14326331620327,1058.066109548281,2447.9544005031094,4694.675166442004,17,1700.0,2747.6684022577097,0.0,0.0,1418.1369910973617,1418.1369910973617,4447.66840225771,1354.339817779792,Stock OK
11,5,27469.413999999997,22,2200.0,14219.664855769228,0.0,0.0,7145.537700000002,10155.533500000001,16419.664855769228,17,1700.0,4002.8276064477404,0.0,0.0,783.128304689576,3948.1347853148527,5702.82760644774,17,1700.0,4174.4539536580805,0.0,0.0,1516.464362572131,3045.8946539828894,5874.4539536580805,2252.673581906469,Stock OK
11,6,3132.0983999999994,22,2200.0,2830.9575120192308,0.0,0.0,2054.8729083333333,2505.9138916666666,5030.957512019231,5,500.0,1261.9332345450691,0.0,0.0,607.4114019120514,607.4114019120514,1761.9332345450691,5,500.0,1148.6417568714903,0.0,0.0,324.6660889309,324.6660889309,1648.6417568714903,272.4825423206295,Stock OK
11,7,27212.459600000002,22,2200.0,14210.54816105768,0.0,0.0,8906.717591666662,12047.51560833333,16410.548161057683,16,1600.0,4105.689892705201,0.0,0.0,1746.5700852605855,3363.0922626112915,5705.689892705201,17,1700.0,3979.833184441786,0.0,0.0,2664.2024341542965,2664.2024341542965,5679.833184441786,2147.9397736488545,Stock OK
11,8,31352.8876,22,2200.0,1793.354879807697,0.0,0.0,400.7487166666697,3161.9344833333366,3993.354879807697,20,2000.0,2272.5810332746164,865.068415707035,86.5068415707035,157.7607795025367,3189.134433717185,5137.649448981652,19,1900.0,3072.2275147353957,0.0,0.0,533.3272797783227,2074.6848480993403,4972.227514735396,1565.9501624206075,Stock OK
11,9,16823.540399999998,22,2200.0,920.5271965144227,1966.9006666666655,196.69006666666655,1123.8088749999997,2667.344458333333,5087.4278631810885,15,1500.0,1741.843573928442,622.7178960722335,62.271789607223354,1419.3250123566581,2552.5600300530464,3864.561470000676,14,1400.0,2298.9918990469705,0.0,0.0,1164.2183882974114,1164.2183882974114,3698.9918990469705,843.0257897473869,Stock OK
11,10,22585.726000000002,22,2200.0,787.6889242788463,5540.276,554.0276,203.13644999999997,2136.6003499999997,8527.964924278847,17,1700.0,1601.332990163725,2374.9754812252013,237.49754812252013,845.1274031291323,2113.4499034420455,5676.308471388927,17,1700.0,2476.227062138171,0.0,0.0,1417.5867198267936,1417.5867198267936,4176.22706213817,1115.754307548922,Stock OK
11,11,15308.7084,22,2200.0,1838.3657451923075,0.0,0.0,1912.12415,3409.5878500000003,4038.3657451923073,13,1300.0,2098.6817685686897,692.2476399405855,69.22476399405855,1517.2382976095064,1517.2382976095064,4090.929408509275,13,1300.0,2393.419301597312,0.0,0.0,964.6374377384346,964.6374377384346,3693.419301597312,843.8971617372309,Stock OK
11,12,3841.7603999999997,22,2200.0,311.5204567307694,0.0,0.0,203.25765000000004,554.9983500000001,2511.520456730769,7,700.0,749.0153118264668,0.0,0.0,472.63884814364565,472.63884814364565,1449.0153118264668,7,700.0,933.2862041315698,0.0,0.0,370.1137953577829,370.1137953577829,1633.2862041315698,224.8446848476878,Stock OK
11,13,37720.098399999995,22,2200.0,2235.449234775638,2195.650333333356,219.56503333333558,319.673225,3608.3868416666664,6631.099568108994,22,2200.0,2402.5797867746774,530.9358773654685,53.09358773654685,349.05053892884507,3657.349031548075,5133.515664140145,20,2000.0,3543.7858588667627,0.0,0.0,2253.3905414074816,2253.3905414074816,5543.785858866762,1869.73145819311,Stock OK
11,14,20374.8424,22,2200.0,4441.411923076919,0.0,0.0,2411.795033333331,4393.241766666664,6641.411923076919,16,1600.0,2274.9182242082434,0.0,0.0,572.8244024038934,3140.7525027473066,3874.9182242082434,15,1500.0,2824.9130004399926,0.0,0.0,882.1391328271836,2188.1970923148397,4324.913000439992,1314.051823936206,Stock OK
11,16,12890.737200000003,22,2200.0,1402.2775100160256,17473.232083333332,1747.3232083333332,2410.7277000000004,3589.3487166666673,21075.509593349358,12,1200.0,1683.2291693833827,5917.060813873062,591.7060813873062,1352.0071872253875,1352.0071872253875,8800.289983256445,9,900.0,2317.793871727636,4401.360750000002,440.1360750000001,567.5676672299949,567.5676672299949,7619.154621727637,561.4193789992223,Stock OK
11,17,11361.153600000001,22,2200.0,2162.0913581730765,0.0,0.0,1068.9087083333334,2149.7836916666665,4362.0913581730765,12,1200.0,1400.9046007694958,0.0,0.0,691.546429977206,1639.8543895205885,2600.904600769496,11,1100.0,1731.6398959743356,0.0,0.0,682.7079088756135,682.7079088756135,2831.6398959743356,594.1214730439917,Stock OK
11,20,8856.1084,22,2200.0,255.5694651442309,4528.939499999996,452.8939499999996,337.7785750000001,1097.864925,6984.508965144227,11,1100.0,822.0761516238616,2469.470473767647,246.94704737676471,483.2750276232351,1278.505713147882,4391.546625391509,10,1000.0,1623.9507323537523,0.0,0.0,607.7160432207879,607.7160432207879,2623.9507323537523,433.19715474608756,Stock OK
11,21,6143.418,22,2200.0,1210.346057692307,0.0,0.0,677.1100999999995,1270.1994999999995,3410.346057692307,9,900.0,1070.881320406693,0.0,0.0,365.89797455482176,1068.3582088741746,1970.881320406693,8,800.0,1231.3683637851288,0.0,0.0,423.4245169720248,423.4245169720248,2031.3683637851288,366.6001933626083,Stock OK
11,22,13563.068000000001,22,2200.0,1905.3219711538457,0.0,0.0,873.3343333333332,2128.6736666666666,4105.321971153846,13,1300.0,1539.7932437587294,0.0,0.0,583.6963321973933,1605.6759432138429,2839.7932437587297,12,1200.0,1641.4639712819621,0.0,0.0,863.3601717160573,863.3601717160573,2841.463971281962,698.7831044227527,Stock OK
11,23,29468.470800000006,22,2200.0,3832.467307692308,0.0,0.0,2650.0578333333324,5442.973366666665,6032.467307692308,18,1800.0,2365.797396527203,7086.665071174416,708.6665071174416,1343.869193673385,2868.2397928825585,11252.462467701618,18,1800.0,2961.4803474060604,0.0,0.0,721.7679082198565,2251.230579291613,4761.480347406061,1662.3215584854775,Stock OK
11,24,7976.089200000001,22,2200.0,1166.1003195112175,4095.738750000001,409.5738750000001,463.7692666666668,1162.0548833333335,7461.839069511218,9,900.0,1121.8221204377971,7882.062551293958,788.2062551293958,719.4918558964831,719.4918558964831,9903.884671731756,11,1100.0,1170.2849346549933,0.0,0.0,933.3725765706016,933.3725765706016,2270.2849346549933,476.70872039800395,Stock OK
11,25,10567.3284,22,2200.0,491.03139823717953,3497.1073333333284,349.7107333333328,549.8729666666666,1486.1764999999998,6188.138731570508,12,1200.0,1336.331443917969,963.2374676841243,96.32374676841243,642.1863681552777,1524.7987064631745,3499.568911602093,12,1200.0,1692.2934950634676,0.0,0.0,492.0506636016044,1369.7710057472048,2892.2934950634676,674.525574292893,Stock OK
11,26,8596.032000000001,22,2200.0,3913.7755649038477,0.0,0.0,2056.293225000001,2982.582375000001,6113.775564903848,10,1000.0,1614.607616811469,0.0,0.0,694.3180260881209,1572.1976150979121,2614.6076168114687,10,1000.0,1671.7681597648468,0.0,0.0,567.7064750350737,1431.5181139278598,2671.768159764847,636.0055895943316,Stock OK
11,27,1778.6968000000002,22,2200.0,706.864915865385,0.0,0.0,313.47654166666706,495.40465833333377,2906.8649158653852,5,500.0,561.9251802271394,0.0,0.0,50.417431477373995,439.4729455967175,1061.9251802271394,5,500.0,580.5224596598359,0.0,0.0,63.87215885824655,456.2913548228082,1080.522459659836,120.32068543689898,Stock OK
11,28,606.4667999999999,22,2200.0,490.0875240384614,0.0,0.0,248.94268333333315,323.32611666666645,2690.087524038461,3,300.0,358.66406617923985,0.0,0.0,2.6503744897241077,251.42138673458618,658.6640661792399,3,300.0,430.2919819263118,0.0,0.0,46.79439367606771,317.6374155141016,730.2919819263118,68.03912671803931,Stock OK
11,29,7090.8184,22,2200.0,2201.1221394230784,0.0,0.0,1374.0306833333343,2110.1045166666677,4401.122139423078,9,900.0,1282.9541605564498,0.0,0.0,273.84020760266657,1056.4086898029998,2182.95416055645,9,900.0,1429.607915040541,0.0,0.0,312.7371636122045,1100.1677653137301,2329.6079150405412,447.74621292612215,Stock OK
11,30,5219.054800000001,22,2200.0,1448.9749759615381,0.0,0.0,1161.1018833333333,1715.8981166666667,3648.974975961538,8,800.0,1125.6365738084348,265.8325000000002,26.58325000000002,395.5542562790525,1074.958750033203,2191.469073808435,7,700.0,1273.7356588227003,0.0,0.0,521.4024348127659,521.4024348127659,1973.7356588227003,268.87811452121065,Stock OK
11,31,2570.3048,22,2200.0,558.497932692308,0.0,0.0,315.9606000000001,566.9402000000001,2758.497932692308,6,600.0,647.7671898198704,112.30941754210193,11.230941754210193,559.1725164915794,559.1725164915794,1360.0766073619725,7,700.0,769.9771748263109,0.0,0.0,116.76996667574578,501.8708611217034,1469.977174826311,144.32596873919326,Stock OK
11,32,7889.031599999999,22,2200.0,3077.354783653846,0.0,0.0,2083.6790833333325,2950.8713166666657,5277.3547836538455,9,900.0,1525.7793490388415,0.0,0.0,1056.4816625655264,1056.4816625655264,2425.7793490388412,9,900.0,1854.3418011182584,0.0,0.0,994.2301704972413,994.2301704972413,2754.3418011182584,558.7498971410683,Stock OK
11,33,7413.1392,22,2200.0,1313.4226712740392,669.5512499999938,66.95512499999938,753.0495333333336,1457.330716666667,4182.973921274033,9,900.0,1076.9442236777584,4652.3466722236835,465.2346672223684,232.36933466657916,997.8508462221055,6629.290895901442,10,1000.0,1357.955137090733,233.65699635894146,23.365699635894146,782.1091502427371,782.1091502427371,2591.6121334496743,414.0014592609441,Stock OK
11,34,18981.9348,22,2200.0,1302.371268028845,4490.766500000008,449.07665000000077,1608.163074999999,3359.556224999999,7993.137768028853,15,1500.0,2052.350198424127,1037.613175435481,103.7613175435481,648.714577340325,1855.843029825809,4589.963373859608,14,1400.0,2549.5115056552086,0.0,0.0,1495.60981663746,1495.60981663746,3949.5115056552086,1099.8767561131713,Stock OK
11,35,3522.2647999999995,22,2200.0,414.10372596153854,1661.5670000000005,166.15670000000006,436.18365000000006,765.94815,4275.67072596154,7,700.0,747.1281082267607,0.0,0.0,115.16834172311562,638.9660736769682,1447.1281082267606,6,600.0,961.5004015340957,0.0,0.0,433.9712245833158,433.9712245833158,1561.5004015340955,209.2050902347272,Stock OK
11,36,2576.2911999999997,22,2200.0,939.0527644230768,9010.600666666667,901.0600666666667,1201.316,1451.4505333333334,12149.653431089744,5,500.0,866.834944375322,4029.395995535369,402.9395995535369,482.81453363097546,482.81453363097546,5396.230939910691,4,400.0,884.1273697079253,1937.982,193.7982,204.13796758447933,204.13796758447933,3222.109369707925,148.03474493763983,Stock OK
11,37,3707.5147999999995,22,2200.0,78.31667067307691,1810.9923333333354,181.09923333333353,5.487816666666674,312.60985,4089.309004006412,8,800.0,649.8795846992657,0.0,0.0,291.6355813361719,797.1309143841966,1449.8795846992657,7,700.0,769.9108476473498,0.0,0.0,430.1762140392322,430.1762140392322,1469.9108476473498,209.20900924378694,Stock OK
11,38,60544.1804,22,2200.0,10392.976610576927,0.0,0.0,5662.7337166666675,11419.856683333333,12592.976610576927,21,2100.0,4266.273041956298,2221.1676565817834,222.11676565817834,839.7814745298724,7405.551556888833,8587.440698538081,20,2000.0,5118.035990707208,0.0,0.0,1482.9712445413306,3707.6157109805526,7118.035990707208,3522.3364424962083,Stock OK
11,40,47896.99959999999,22,2200.0,4304.468233173076,0.0,0.0,1052.7456083333334,5309.245191666667,6504.468233173076,21,2100.0,3053.8440984079175,1529.1441926425023,152.91441926425023,1923.5089322586953,5687.234561649517,6682.988291050419,21,2100.0,3936.1529295898663,0.0,0.0,1317.125232597058,3263.9150261241966,6036.152929589866,2413.5084299437904,Stock OK
11,41,1001.6715999999999,22,2200.0,596.7842548076922,0.0,0.0,154.25051666666656,254.76548333333324,2796.7842548076924,4,400.0,443.03680984267623,23.273061786492377,2.3273061786492377,18.98568764270142,308.1715314640521,866.3098716291686,4,400.0,377.59767850044705,0.0,0.0,146.86532829985367,146.86532829985367,777.597678500447,92.4096889258713,Stock OK
11,42,6009.9796,22,2200.0,93.57419070512825,4440.445999999998,444.04459999999983,28.236933333333354,514.6866666666667,6734.020190705127,9,900.0,751.1069481430648,995.7634042069543,99.57634042069543,544.8997276634436,544.8997276634436,2646.870352350019,9,900.0,1039.2762196541735,0.0,0.0,637.2059237520868,637.2059237520868,1939.2762196541735,302.0211526795577,Stock OK
11,44,5487.9448,22,2200.0,370.97154447115366,3099.5135000000046,309.95135000000045,0.0,450.2603,5670.485044471158,9,900.0,728.9705232473708,444.01950000000056,44.401950000000056,128.3218881383536,740.3811741556478,2072.990023247371,9,900.0,1031.192182504832,0.0,0.0,668.3827173404754,668.3827173404754,1931.192182504832,403.25097775559897,Stock OK
11,46,24566.350800000007,22,2200.0,1675.0156971153879,0.0,0.0,1419.543316666668,3679.1862833333344,3875.015697115388,18,1800.0,2327.556869169051,0.0,0.0,761.3422648236386,3503.6208416765935,4127.556869169051,17,1700.0,3305.943943691638,0.0,0.0,1243.836287900731,2645.1314527695267,5005.943943691638,1413.4653030547229,Stock OK
11,49,7312.494000000001,22,2200.0,713.8486778846153,388.68200000000115,38.868200000000115,0.0,632.4892,3302.5306778846166,10,1000.0,1009.8963646773287,0.0,0.0,165.00018512671977,890.4180056963553,2009.8963646773286,9,900.0,1568.92072233958,0.0,0.0,679.771507327529,679.771507327529,2468.9207223395797,531.7738532503103,Stock OK
11,52,2464.6388,22,2200.0,266.479831730769,0.0,0.0,9.11508333333316,224.22411666666648,2466.479831730769,6,600.0,605.8113951572312,267.2871748107579,26.72871748107579,0.0,423.04930650378486,1473.0985699679893,6,600.0,746.8319112465908,0.0,0.0,472.7438780234396,472.7438780234396,1346.8319112465908,180.24422383722478,Stock OK
11,55,7593.200000000001,22,2200.0,7642.204002403845,0.0,0.0,4820.1566416666665,5899.5789583333335,9842.204002403845,8,800.0,2220.6814548286175,0.0,0.0,659.6269413780371,1607.2974365748996,3020.6814548286175,8,800.0,1971.9956500091644,0.0,0.0,1083.3425158614664,1083.3425158614664,2771.9956500091644,746.5681787066109,Stock OK
11,56,1158.784,22,2200.0,2806.7831730769244,0.0,0.0,2020.1801666666674,2296.611833333334,5006.783173076925,3,300.0,1047.3952716504218,0.0,0.0,215.0113440087673,694.585266013151,1347.3952716504218,2,200.0,1053.0512003987387,0.0,0.0,410.60549898540035,410.60549898540035,1253.0512003987387,161.9857142945231,Stock OK
11,58,2146.7200000000003,22,2200.0,285.35953525641025,491.2990833333338,49.129908333333375,286.25391666666667,493.54470000000003,2976.658618589744,5,500.0,626.0837370891315,0.0,0.0,240.66706373619465,240.66706373619465,1126.0837370891315,5,500.0,906.2203207855048,0.0,0.0,259.9311158284394,259.9311158284394,1406.2203207855048,229.7096151826056,Stock OK
11,59,279.812,22,2200.0,818.9962740384615,0.0,0.0,550.57885,622.78675,3018.9962740384617,1,100.0,437.99618891878504,0.0,0.0,73.60589398912735,73.60589398912735,537.996188918785,2,200.0,466.83398250597577,0.0,0.0,251.39432585906542,251.39432585906542,666.8339825059758,82.07497342433543,Stock OK
11,67,7599.595199999999,22,2200.0,2855.249290865382,0.0,0.0,1960.511008333332,2791.8245916666656,5055.249290865382,9,900.0,1460.1573854880028,0.0,0.0,300.62894179210423,1132.2856626411171,2360.1573854880025,9,900.0,1994.1744705946758,0.0,0.0,466.42060013597484,1318.8012782779717,2894.1744705946758,721.7758858638686,Stock OK
11,71,9869.297600000002,22,2200.0,147.70319411057696,13331.058499999992,1333.1058499999992,15.622825000000091,759.2588750000002,15678.76169411057,11,1100.0,573.3158492904402,9007.557318490442,900.7557318490442,12.693754794550728,799.2719095891014,10680.873167780883,12,1200.0,1178.9258692837723,0.0,0.0,966.5256509143351,966.5256509143351,2378.925869283772,544.3525086991773,Stock OK
11,72,59946.52440000001,22,2200.0,18139.260180288442,0.0,0.0,7380.839124999987,13235.392474999986,20339.260180288442,21,2100.0,4802.815091245001,6931.775890794047,693.1775890794047,2497.241091031736,6911.30424744443,13834.590982039048,20,2000.0,5614.027946944063,0.0,0.0,3377.8451088220745,5559.546688174958,7614.027946944063,4108.505779884725,Stock OK
11,74,19624.472400000002,22,2200.0,2627.130396634619,0.0,0.0,1420.29664166667,3250.276558333337,4827.130396634619,16,1600.0,2075.0880744866095,0.0,0.0,1629.2046259600584,2863.1184360240622,3675.0880744866095,14,1400.0,2770.1258164168166,0.0,0.0,1409.190610109668,1409.190610109668,4170.125816416817,1096.3126759768124,Stock OK
11,79,28099.076000000005,22,2200.0,1246.6219861778848,822.7949999999987,82.27949999999987,399.3751750000001,2870.346625,4269.416986177883,19,1900.0,2325.2958941831134,2957.8359627659233,295.78359627659233,1711.9778364603508,3145.8007845261154,7183.131856949036,18,1800.0,3108.7768537961097,0.0,0.0,910.708264464442,2399.139269727056,4908.776853796109,1572.4533104907755,Stock OK
11,80,12636.3516,22,2200.0,360.08178685897434,2752.854666666667,275.2854666666667,73.60940000000005,1154.8855333333333,5312.936453525641,13,1300.0,1114.2089584398652,1907.2245503550255,190.72245503550255,558.0920724822491,1506.5759906028113,4321.433508794891,12,1200.0,1701.9464619505184,0.0,0.0,779.7562524119361,779.7562524119361,2901.9464619505184,609.8268689002388,Stock OK
11,81,11710.830000000002,22,2200.0,309.13342548076923,2099.1544999999946,209.91544999999945,70.7983000000001,1077.0342,4608.287925480764,13,1300.0,1215.829604064061,512.5869382828637,51.25869382828637,829.5416808585699,1744.5216089444268,3028.4165423469244,12,1200.0,1598.4781527281614,0.0,0.0,988.5261867588949,988.5261867588949,2798.478152728161,562.7290906505349,Stock OK
11,82,20308.4144,22,2200.0,3619.0994471153845,0.0,0.0,2278.6263500000005,4242.716850000001,5819.0994471153845,16,1600.0,2339.619951538651,0.0,0.0,534.3178425177913,3090.974484306047,3939.619951538651,15,1500.0,3219.982629678977,0.0,0.0,1542.2726461735183,1542.2726461735183,4719.982629678977,1433.615821480736,Stock OK
11,83,2868.962,22,2200.0,301.6711418269228,0.0,0.0,98.69445833333316,356.75154166666647,2501.671141826923,6,600.0,589.6107561265303,233.17642592540324,23.317642592540324,321.60776620372985,321.60776620372985,1422.7871820519335,6,600.0,805.9088797540167,0.0,0.0,498.2428373384207,498.2428373384207,1405.9088797540167,178.51568100666367,Stock OK
11,85,1469.9988,22,2200.0,384.84706730769244,0.0,0.0,247.01943333333335,396.3253666666667,2584.8470673076927,4,400.0,491.59337537036004,0.0,0.0,163.76880494309742,163.76880494309742,891.59337537036,5,500.0,498.0023404049838,0.0,0.0,83.44608977355713,415.81758721694644,998.0023404049838,102.53306958655216,Stock OK
11,87,15697.220000000001,22,2200.0,194.14864182692298,22679.857500000006,2267.9857500000007,0.0,1167.7595,25074.00614182693,15,1500.0,1016.957539514448,8469.066532321429,846.9066532321428,700.922896767858,1686.6083963061233,10986.024071835876,15,1500.0,1764.628668058344,0.0,0.0,494.71280261571656,1526.1623420882677,3264.628668058344,831.6100619939857,Stock OK
11,90,43895.96919999999,22,2200.0,5460.559687500003,0.0,0.0,2438.3047500000034,6467.372050000004,7660.559687500003,21,2100.0,2873.8298473949912,340.1178850217093,34.01178850217093,630.481507647612,4292.275599947177,5313.9477324167,20,2000.0,4060.0870707037907,0.0,0.0,716.3943432739557,2553.002085810811,6060.08707070379,2225.7123439646402,Stock OK
11,91,37072.934799999995,22,2200.0,4101.935336538462,0.0,0.0,1718.4818666666663,5091.648533333333,6301.935336538462,17,1700.0,2423.787279909165,5502.474230262313,550.2474230262312,366.8812632049171,3717.388488486884,9626.261510171478,20,2000.0,4426.789972548781,0.0,0.0,1975.8904925338904,1975.8904925338904,6426.789972548781,1836.8398633448853,Stock OK
11,92,70328.5636,22,2200.0,6330.162451923076,0.0,0.0,1266.2212666666665,7491.854733333333,8530.162451923075,21,2100.0,3417.095946374745,7541.547467274004,754.1547467274004,1213.3783266362993,8041.082435515065,13058.643413648748,21,2100.0,4608.643109857591,0.0,0.0,1331.0013039653777,3639.190737445577,6708.643109857591,3529.2453866165015,Stock OK
11,93,30334.132400000002,22,2200.0,1201.2133653846154,0.0,0.0,408.7478333333331,3082.0417666666663,3401.2133653846154,19,1900.0,2461.779123445087,3957.7196276966515,395.77196276966515,916.2167803061707,3898.954148921338,8319.498751141738,19,1900.0,3427.996502126745,0.0,0.0,741.178231449755,2244.8098831969637,5327.996502126745,1564.1477327235993,Stock OK
11,94,35564.127199999995,22,2200.0,1129.2362530048088,7000.504499999952,700.0504499999952,34.433325000000195,3069.0863750000008,10329.74075300476,20,2000.0,988.2406452007509,13189.563484625922,1318.9563484625921,497.2726628193416,3675.21623538321,16177.804129826673,20,2000.0,3681.333163364149,0.0,0.0,966.7785380589598,2565.724846211908,5681.333163364149,1967.2115419161792,Stock OK
11,95,71293.6356,22,2200.0,2297.5820703125005,10428.590250000012,1042.859025000001,1068.5474499999991,7270.227799999999,14926.172320312513,22,2200.0,3498.843665305088,3786.0192008485865,378.60192008485865,1990.0156638417448,6533.053436610093,9484.862866153675,21,2100.0,5583.05197502593,0.0,0.0,3258.238024294954,5508.215717374091,7683.05197502593,3306.5473239976072,Stock OK
11,96,19404.9932,22,2200.0,2290.31611778846,0.0,0.0,1369.5212416666654,3176.0007583333318,4490.316117788459,16,1600.0,2036.9921048433757,0.0,0.0,468.2405094585389,2920.171142952616,3636.9921048433757,15,1500.0,2328.9102236477743,0.0,0.0,247.53073073562257,1457.7310632881672,3828.9102236477743,1005.8800886971744,Stock OK
11,97,15231.2248,22,2200.0,742.0554567307694,1280.2885000000026,128.02885000000026,135.4207,1460.5178,4222.343956730772,14,1400.0,1114.8102304711433,1740.272439534408,174.0272439534408,580.329157054319,1630.3200080620788,4255.082670005551,14,1400.0,1736.8679490702477,0.0,0.0,503.5788605102716,1561.0525536264463,3136.867949070248,755.0781894663647,Stock OK
11,98,7296.760399999999,22,2200.0,3092.8757692307695,0.0,0.0,1687.0825333333332,2468.286266666667,5292.87576923077,9,900.0,1470.3721196473996,0.0,0.0,324.6604127497752,1130.862314343497,2370.3721196474,9,900.0,1591.3248657592646,0.0,0.0,268.92919844754795,1068.1646982534915,2491.324865759265,550.1389061231266,Stock OK
12,1,12218.39,22,2200.0,8550.28004807692,0.0,0.0,4356.135266666664,5797.398333333331,10750.28004807692,11,1100.0,2625.752900690185,2010.603213847486,201.0603213847486,0.0,2190.0966841367226,5736.356114537671,11,1100.0,3763.8020387876527,0.0,0.0,1321.9867390523752,2459.8349529576126,4863.802038787653,1920.0519767676865,Stock OK
12,2,67851.7272,22,2200.0,4640.376947115387,0.0,0.0,1420.8109166666695,7444.509883333336,6840.376947115387,22,2200.0,3202.001976823369,1900.8712998275178,190.08712998275178,1818.4456588336766,6295.818790600411,7302.8732766508865,21,2100.0,4660.593762349128,0.0,0.0,1972.8891356729823,4224.336094401611,6760.593762349128,3438.829741867533,Stock OK
12,3,20561.574399999998,22,2200.0,2914.5340655048067,61679.75658333335,6167.975658333335,1194.93205,2550.4564666666665,66794.29064883816,13,1300.0,1696.3058340755927,64766.385317145265,6476.638531714527,692.0813452039094,1754.0588942446914,67762.69115122086,13,1300.0,1617.9258766017572,3274.687487824958,327.4687487824958,233.26953793482267,1203.4847255217874,6192.613364426716,572.8003845444522,Stock OK
12,4,23343.9844,22,2200.0,3524.6732692307664,0.0,0.0,1618.0612666666652,3788.6739333333317,5724.673269230767,17,1700.0,2168.524389257239,135.154,13.5154,1427.1507024715752,2771.006996376049,4003.678389257239,16,1600.0,2201.938261011612,0.0,0.0,375.06429166194494,1739.2729377727412,3801.938261011612,1108.0159665565259,Stock OK
12,5,18250.4568,22,2200.0,13625.900444711542,0.0,0.0,7999.9359749999985,10282.578824999999,15825.900444711542,13,1300.0,3701.125128010406,0.0,0.0,332.6044466273014,3088.803896014083,5001.125128010406,13,1300.0,3656.428665611034,0.0,0.0,1387.1103075397036,2738.2438769180126,4956.428665611034,1590.4769133347338,Stock OK
12,6,4028.4155999999994,22,2200.0,4095.8987740384637,0.0,0.0,3018.747216666667,3631.5439833333335,6295.898774038464,6,600.0,1597.4028806375243,0.0,0.0,460.95780138558996,1174.993451662708,2197.4028806375245,6,600.0,1363.4704128448202,0.0,0.0,617.0353590927377,617.0353590927377,1963.4704128448202,370.0341066949818,Stock OK
12,7,25379.232799999998,22,2200.0,13285.148942307687,0.0,0.0,8921.889266666665,11904.595533333333,15485.148942307687,16,1600.0,4043.901219008677,0.0,0.0,1149.211114600871,4299.837473829567,5643.901219008677,17,1700.0,3875.7159229632566,0.0,0.0,1333.6597625140157,2723.5868351711415,5575.715922963256,2068.4253759350013,Stock OK
12,8,36327.915199999996,22,2200.0,6000.714459134619,0.0,0.0,2849.7513916666694,6256.505008333336,8200.714459134619,20,2000.0,2306.1870206365315,210.261172371479,21.0261172371479,791.1337747352097,4158.28034657711,4516.44819300801,20,2000.0,3482.276515849811,0.0,0.0,1097.1586349774645,2797.9451302394364,5482.276515849811,1870.3719913318428,Stock OK
12,9,17491.864400000002,22,2200.0,1015.1140504807695,8530.641583333325,853.0641583333324,1244.6303000000005,2799.7112166666675,11745.755633814095,15,1500.0,1772.9664220819054,2542.7910658724877,254.27910658724875,1019.55036751342,2157.0156736510035,5815.757487954394,14,1400.0,2096.5462776086283,0.0,0.0,879.2984849132088,879.2984849132088,3496.5462776086283,728.4939052603274,Stock OK
12,10,16650.136400000003,22,2200.0,645.3321895032053,4790.593666666664,479.0593666666664,605.4683500000004,2064.2983833333337,7635.92585616987,15,1500.0,1640.3537736066523,2452.2383722788913,245.22383722788913,1207.155981930276,2308.8576601233035,5592.592145885544,15,1500.0,1964.9290820183865,0.0,0.0,691.2454859082387,1773.612402758827,3464.9290820183865,813.271003884338,Stock OK
12,11,15301.772400000003,22,2200.0,1139.947147435897,1376.7706666666743,137.67706666666743,1272.839333333333,2702.1379999999995,4716.7178141025715,14,1400.0,1620.6133472891897,0.0,0.0,1018.5935863132784,2109.087277568146,3020.6133472891897,13,1300.0,2226.0753601514716,0.0,0.0,982.1387307701568,982.1387307701568,3526.0753601514716,801.0567217345841,Stock OK
12,12,4042.7508000000003,22,2200.0,751.2805048076921,0.0,0.0,433.08484999999985,822.2879499999998,2951.280504807692,7,700.0,855.3827991493298,380.4575,38.04575,562.4439211452358,562.4439211452358,1935.84029914933,7,700.0,944.2728036611978,0.0,0.0,558.6774984490291,558.6774984490291,1644.272803661198,226.46253072484433,Stock OK
12,13,40140.776399999995,22,2200.0,7176.899507211537,0.0,0.0,3327.1430583333326,7106.962141666666,9376.899507211536,21,2100.0,4072.9397659003175,211.79775000000063,21.179775000000063,1017.3533590708753,4564.075494977963,6384.737515900318,21,2100.0,4710.139603366246,0.0,0.0,1372.529496429252,3164.7083600007145,6810.139603366246,2007.6685140885786,Stock OK
12,14,15568.475999999999,22,2200.0,4629.210408653847,0.0,0.0,2726.8743833333338,4317.774416666667,6829.210408653847,13,1300.0,2113.3226836066997,0.0,0.0,623.7623297739596,1774.2530197551228,3413.3226836066997,12,1200.0,2076.8379967903993,0.0,0.0,1043.1194191020604,1043.1194191020604,3276.8379967903993,824.8436410729975,Stock OK
12,16,7099.028,22,2200.0,407.7435697115388,10452.183999999996,1045.2183999999995,828.3079000000004,1426.7529000000004,13059.927569711534,9,900.0,969.2176678109905,7129.050677591929,712.9050677591929,862.1670128428246,862.1670128428246,8998.26834540292,9,900.0,1317.5080256565789,1390.8089999999997,139.08089999999999,268.96726391190754,972.4391376798972,3608.3170256565786,274.6935974503192,Stock OK
12,17,9631.542800000001,22,2200.0,2019.5770312500022,0.0,0.0,989.6415750000012,1913.2228250000014,4219.577031250003,11,1100.0,1021.5328824063728,68.08124999999905,6.8081249999999045,526.5917971902002,1403.1872569092202,2189.614132406372,10,1000.0,1463.3585536263429,0.0,0.0,807.5833412912916,807.5833412912916,2463.3585536263427,585.8892334785093,Stock OK
12,19,2462.4628,22,2200.0,558.411983173077,0.0,0.0,327.51750833333347,570.1244916666668,2758.411983173077,6,600.0,628.6379805767739,0.0,0.0,147.82815331023778,597.1042489722854,1228.6379805767738,6,600.0,729.9112386039573,0.0,0.0,106.4154664086004,547.4090246903205,1329.9112386039574,189.07620190840788,Stock OK
12,20,5824.967600000001,22,2200.0,271.2459755608979,2730.9909999999963,273.0990999999996,229.5343583333338,732.2650416666672,5202.236975560894,9,900.0,855.2415873596032,0.0,0.0,103.04410136479143,749.7835609103904,1755.2415873596033,9,900.0,907.1839904594331,0.0,0.0,309.3379424454333,981.8641321261125,1807.183990459433,315.1304134551924,Stock OK
12,21,3485.0548,22,2200.0,721.5630288461538,0.0,0.0,421.71523333333323,761.4343666666665,2921.563028846154,7,700.0,715.5174173295543,0.0,0.0,214.39340855360228,746.0383266458693,1415.5174173295543,6,600.0,775.3178673618896,0.0,0.0,258.9492065478438,258.9492065478438,1375.3178673618895,203.5938777080737,Stock OK
12,22,7914.0836,22,2200.0,2415.1436658653856,0.0,0.0,1367.9832750000007,2175.119525000001,4615.143665865386,10,1000.0,1290.4184518253815,0.0,0.0,671.8852556813538,1491.3590868681708,2290.4184518253815,9,900.0,1631.1446133971479,0.0,0.0,866.9208524320263,866.9208524320263,2531.1446133971476,569.4649981039915,Stock OK
12,23,33346.3696,22,2200.0,4440.332151442309,0.0,0.0,3291.0297916666686,6476.890608333336,6640.332151442309,19,1900.0,2988.64570609257,1797.3117004260052,179.73117004260052,917.5469849728895,4173.701894965144,6685.957406518575,19,1900.0,3258.3231137626663,0.0,0.0,364.3982092430533,1971.7302417010008,5158.323113762666,1713.9495331171547,Stock OK
12,24,10283.14,22,2200.0,2022.231631610578,4975.766749999989,497.5766749999989,662.0274000000002,1570.5135500000004,9197.998381610567,11,1100.0,1422.4574812562068,7320.793693602676,732.0793693602676,505.6922704264885,1375.0946380331106,9843.251174858884,11,1100.0,1476.1589887044688,0.0,0.0,773.7497100191028,773.7497100191028,2576.158988704469,512.1294764966367,Stock OK
12,25,16802.9572,22,2200.0,3892.5643750000013,0.0,0.0,2385.430666666667,4053.986133333334,6092.564375000002,14,1400.0,2169.185363556485,1488.1479999999988,148.81479999999988,1165.7481889721594,2343.983372739249,5057.333363556483,14,1400.0,2213.5803733755342,0.0,0.0,778.8637869373937,1938.7859243941161,3613.5803733755342,991.7540695862405,Stock OK
12,26,11187.782,22,2200.0,4777.33454326923,0.0,0.0,2028.9452833333335,3178.225916666667,6977.33454326923,11,1100.0,1697.3684114485307,657.1980799980599,65.719807999806,380.4143105000486,1358.2698657500728,3454.5664914465906,11,1100.0,1615.2288116174245,1002.9359303811361,100.29359303811361,148.06482855132072,1099.2280571026413,3718.1647419985607,740.5037960076622,Stock OK
12,27,1490.4280000000003,22,2200.0,871.1282692307693,0.0,0.0,422.68056666666666,589.0378333333333,3071.1282692307695,4,400.0,560.2922407164322,0.0,0.0,247.2436242760714,247.2436242760714,960.2922407164322,4,400.0,607.2711109865794,0.0,0.0,325.48958650341956,325.48958650341956,1007.2711109865794,118.74780052538051,Stock OK
12,28,550.4472,22,2200.0,504.7296394230767,0.0,0.0,305.1884499999999,379.59154999999987,2704.7296394230766,3,300.0,373.1647020481836,0.0,0.0,58.76524415117689,307.5691412267653,673.1647020481836,2,200.0,405.4109216544723,0.0,0.0,78.63846986408959,78.63846986408959,605.4109216544723,50.88801229466664,Stock OK
12,29,5849.199999999999,22,2200.0,1185.9640865384617,0.0,0.0,627.9097333333334,1191.1366666666668,3385.9640865384617,9,900.0,991.728852863646,20.829767431331447,2.0829767431331447,474.1006232568668,1158.6477790710835,1912.5586202949773,8,800.0,992.518003870731,0.0,0.0,540.638625754649,540.638625754649,1792.518003870731,340.87615554609954,Stock OK
12,30,4727.6792,22,2200.0,928.530937499999,0.0,0.0,651.3074166666661,1119.0453833333327,3128.530937499999,8,800.0,948.92891172136,0.0,0.0,340.70475656521535,964.530043217389,1748.92891172136,7,700.0,1049.6370301067493,0.0,0.0,530.2994945898323,530.2994945898323,1749.6370301067493,245.18664980887627,Stock OK
12,31,3553.5788,22,2200.0,652.5194310897436,4328.842666666667,432.8842666666667,290.36953333333327,586.9838,7181.3620977564115,7,700.0,704.3351911434032,3737.8638357943355,373.78638357943356,245.7649082102832,742.5375623154248,5142.199026937738,8,800.0,727.1464210658761,0.0,0.0,388.9668559285942,388.9668559285942,1527.146421065876,148.94966359569838,Stock OK
12,32,7115.052800000001,22,2200.0,2330.7825721153863,0.0,0.0,1712.0025833333345,2479.572616666668,4530.782572115386,9,900.0,1210.7461675588645,76.52549999999849,7.652549999999849,437.0424057608769,1236.1783564809864,2187.271667558863,8,800.0,1494.1396897627658,0.0,0.0,509.61958791878743,509.61958791878743,2294.1396897627656,413.0860977378587,Stock OK
12,33,9023.7152,22,2200.0,3049.76627403846,0.0,0.0,1492.8818499999988,2407.368549999999,5249.76627403846,10,1000.0,1548.6042844453405,5581.565351964951,558.1565351964952,756.5909718428038,1628.8598148035048,8130.169636410292,9,900.0,1534.5967054449743,127.94374105559427,12.794374105559427,526.1963758944407,526.1963758944407,2562.5404465005686,511.73863069754555,Stock OK
12,34,19866.154400000003,22,2200.0,1381.0668219150634,2408.317750000008,240.8317750000008,1098.1996666666669,2900.2450833333337,5989.384571915071,16,1600.0,1938.9394874739967,3727.169183030203,372.7169183030203,352.0677566969804,2800.987344324689,7266.1086705042,15,1500.0,2373.178522567489,0.0,0.0,311.3816588041333,1559.5579397901429,3873.178522567489,1114.6692616651242,Stock OK
12,35,2224.6952,22,2200.0,614.4899879807693,0.0,0.0,519.084625,757.6741749999999,2814.4899879807695,5,500.0,677.3920717371985,312.48474999999996,31.248475,392.14104525477603,392.14104525477603,1489.8768217371985,5,500.0,731.4298480884568,0.0,0.0,416.0700360610492,416.0700360610492,1231.4298480884568,154.68551271970796,Stock OK
12,36,1813.5384,22,2200.0,1357.6088431490384,3411.5052499999993,341.1505249999999,1295.2004,1535.86025,6969.114093149037,4,400.0,689.6453127297767,606.0067832670959,60.600678326709584,397.930240019871,397.930240019871,1695.6520959968727,4,400.0,705.3703522643403,492.5022499999997,49.25022499999997,290.3539703892874,290.3539703892874,1597.8726022643402,161.8275082829114,Stock OK
12,38,50449.1932,22,2200.0,687.879020432692,35662.749666666685,3566.274966666668,40.423283333333075,4120.71385,38550.62868709938,22,2200.0,2082.9818965417107,5611.960823085988,561.1960823085988,452.4094338457012,4137.4069923071265,9894.9427196277,22,2200.0,4123.894233558862,1266.2527555472207,126.62527555472207,805.6474850983327,4719.367446797777,7590.146989106082,3168.2405283803246,Stock OK
12,40,42791.44040000001,22,2200.0,4709.721081730765,0.0,0.0,1440.1835166666633,5286.411683333329,6909.721081730765,22,2200.0,2800.4980585659932,2247.060367646866,224.7060367646866,768.9128566176569,4346.656187079845,7247.55842621286,21,2100.0,3232.518238717613,0.0,0.0,269.67612106005254,3998.853548166058,5332.518238717613,2136.762884144936,Stock OK
12,41,833.9692,22,2200.0,351.2145913461539,366.12866666666685,36.61286666666668,0.0,69.33533333333334,2917.343258012821,4,400.0,356.7345905062273,388.4864788096334,38.84864788096334,29.42597605951832,269.60715211903664,1145.2210693158606,4,400.0,370.86093934611836,0.0,0.0,205.27732691996312,205.27732691996312,770.8609393461184,109.9211096783715,Stock OK
12,42,5863.400799999999,22,2200.0,130.3717908653846,2827.935,282.7935,0.0,485.2702,5158.306790865385,9,900.0,754.3036276664417,532.7967722690039,53.27967722690039,1.0574936638597023,636.4666582184796,2187.1003999354452,9,900.0,1005.4183880017374,0.0,0.0,133.59780885050185,792.2344724568145,1905.4183880017374,339.5750317985926,Stock OK
12,44,6057.1532,22,2200.0,1007.6264302884609,0.0,0.0,192.9566916666662,736.4445083333328,3207.626430288461,9,900.0,937.8107280341907,0.0,0.0,137.63605902328254,810.0807507761929,1837.8107280341906,9,900.0,986.6722079773983,0.0,0.0,112.60855985853686,781.924814215854,1886.6722079773983,402.07421599651553,Stock OK
12,46,30604.128000000004,22,2200.0,1496.4676322115326,0.0,0.0,960.8329916666632,3705.6122083333294,3696.467632211533,20,2000.0,2456.6718489843856,0.0,0.0,714.2291056321508,3736.583359035723,4456.671848984386,19,1900.0,3064.495058394651,0.0,0.0,899.2050009857728,2420.658566318316,4964.495058394651,1646.3956128728996,Stock OK
12,52,2775.7228,22,2200.0,1373.469855769231,0.0,0.0,879.4671,1197.3097,3573.469855769231,6,600.0,823.4807163502974,0.0,0.0,272.2521142887922,786.4943171465507,1423.4807163502974,5,500.0,760.2184696582741,0.0,0.0,271.15214250516715,271.15214250516715,1260.218469658274,177.63750697234525,Stock OK
12,55,8340.341999999999,22,2200.0,8095.7240144230755,0.0,0.0,5359.790083333334,6551.105916666668,10295.724014423075,8,800.0,2633.950712891177,0.0,0.0,1411.2526131254592,1411.2526131254592,3433.950712891177,8,800.0,2082.02546159796,0.0,0.0,1144.4974464610282,1144.4974464610282,2882.02546159796,684.0625162882018,Stock OK
12,56,356.3259999999999,22,2200.0,742.4689062499997,0.0,0.0,629.7152416666664,715.4579583333331,2942.4689062499997,2,200.0,495.0406851688351,0.0,0.0,306.47134043113147,306.47134043113147,695.0406851688351,1,100.0,454.9210241703353,0.0,0.0,102.8174185548595,102.8174185548595,554.9210241703353,70.55500928053125,Stock OK
12,58,3331.3999999999996,22,2200.0,37.47023255813953,17186.620372093024,1718.6620372093023,0.0,140.23808372093023,19424.090604651163,8,800.0,220.51404828272538,6283.706887381128,628.3706887381128,239.98174081149884,239.98174081149884,7304.220935663853,8,800.0,739.7066345899019,1085.902238012246,108.5902238012246,364.5842771608302,364.5842771608302,2625.608872602148,244.67849821449786,Stock OK
12,59,222.43399999999997,22,2200.0,1049.3054927884614,0.0,0.0,723.4699416666666,805.7224583333333,3249.3054927884614,1,100.0,545.7803250245895,0.0,0.0,162.54388407085796,162.54388407085796,645.7803250245895,1,100.0,470.04611715591966,0.0,0.0,113.00456637429173,113.00456637429173,570.0461171559197,87.97272036180786,Stock OK
12,60,309.91999999999996,22,2200.0,151.43677884615374,0.0,0.0,99.39949999999993,134.99249999999992,2351.4367788461536,2,200.0,240.01306829039373,0.0,0.0,87.64024832123664,87.64024832123664,440.01306829039373,2,200.0,285.55898733213604,0.0,0.0,90.12391247166943,90.12391247166943,485.55898733213604,24.322647245716606,Stock OK
12,67,4998.9872000000005,22,2200.0,1409.3929326923076,0.0,0.0,1000.525233333333,1522.2219666666663,3609.3929326923076,8,800.0,1036.3393366789207,1131.200999999999,113.12009999999992,508.4599142424046,1167.2859019913194,2967.5403366789196,8,800.0,1258.9289630224407,0.0,0.0,352.8759171515484,1005.6356338874839,2058.9289630224407,417.28805765367224,Stock OK
12,71,6260.613200000001,22,2200.0,1375.0423076923084,0.0,0.0,763.3031333333338,1374.0784666666673,3575.0423076923084,9,900.0,1121.0936859844182,0.0,0.0,358.4056590703777,1071.2626414541749,2021.0936859844182,8,800.0,1632.3735366498279,0.0,0.0,680.3139659024155,680.3139659024155,2432.3735366498277,546.4495929553188,Stock OK
12,72,41433.549600000006,22,2200.0,26008.63480769231,0.0,0.0,16039.054333333333,21036.672066666666,28208.63480769231,20,2000.0,6808.268303555543,0.0,0.0,2767.070454416079,6845.314171573421,8808.268303555542,18,1800.0,5927.507606044919,0.0,0.0,2852.2936073216397,4896.150085506175,7727.507606044919,2912.733640713347,Stock OK
12,74,14075.359600000002,22,2200.0,3202.693966346153,0.0,0.0,1843.7917833333322,3228.0658166666653,5402.693966346153,13,1300.0,1856.3918384677784,0.0,0.0,879.2152704209838,1952.395588789399,3156.391838467778,12,1200.0,2131.9145427487206,0.0,0.0,508.04124710302415,1645.0403195669355,3331.9145427487206,808.5473388568582,Stock OK
12,79,37649.8284,22,2200.0,3880.7572596153823,0.0,0.0,1612.9847666666647,5027.142433333331,6080.757259615382,22,2200.0,3333.6202357253424,0.0,0.0,1179.4438105937952,4550.247381653175,5533.620235725342,20,2000.0,4362.220225855192,0.0,0.0,425.2559981013817,2159.6690453698757,6362.220225855192,1911.4370366250246,Stock OK
12,80,144.2176,22,2200.0,0.27865802675585283,1106.5119999999997,110.65119999999996,0.0,2.918817391304348,3306.7906580267554,3,300.0,54.4116722300726,105.01038743293698,10.501038743293698,18.499767584874878,18.499767584874878,459.4220596630096,3,300.0,92.06700452041099,33.27773913043478,3.3277739130434782,55.26983298767397,55.26983298767397,425.34474365084577,8.97673096994116,Stock OK
12,81,6405.454799999999,22,2200.0,919.5989543269231,0.0,0.0,478.3614416666666,1076.9541583333332,3119.5989543269234,9,900.0,914.3242756031169,0.0,0.0,138.12865010273543,843.8404469905774,1814.3242756031168,9,900.0,1083.8931677017165,0.0,0.0,264.94331817108133,986.5069485674665,1983.8931677017165,302.5064741407086,Stock OK
12,82,13903.5576,22,2200.0,1492.5923197115371,0.0,0.0,636.4610749999988,1900.8105249999985,3692.592319711537,13,1300.0,1379.7166205059782,800.2417629778051,80.02417629778051,380.67854818310707,1406.319197923551,3479.9583834837836,13,1300.0,1808.2421948929366,0.0,0.0,489.84957913931385,1531.2564961509233,3108.242194892937,773.5086170420724,Stock OK
12,83,210.03439999999998,22,2200.0,2.018485576923076,547.4108333333334,54.741083333333336,0.0,13.503766666666666,2749.4293189102564,2,200.0,141.1047376458513,0.0,0.0,22.21307877334364,22.21307877334364,341.1047376458513,2,200.0,196.02754864925538,0.0,0.0,71.76490220457815,71.76490220457815,396.0275486492554,22.335613705324235,Stock OK
12,85,1757.8367999999998,22,2200.0,468.71445913461514,0.0,0.0,451.59092499999986,643.7150749999998,2668.714459134615,5,500.0,590.9314041966215,0.0,0.0,129.58570672950114,529.3947771618764,1090.9314041966215,5,500.0,546.3401078100495,0.0,0.0,44.4498720530627,422.97498381632835,1046.3401078100496,105.46069674236998,Stock OK
12,87,11794.4132,22,2200.0,126.75822115384616,17926.671249999992,1792.6671249999993,0.0,869.7170500000001,20253.42947115384,14,1400.0,796.8488980904671,2820.4352801704617,282.0435280170462,0.0,1701.2990161638256,5017.2841782609285,13,1300.0,1432.8922643995388,0.0,0.0,178.79133409370309,1067.8437473515116,2732.892264399539,654.8758854566116,Stock OK
12,90,10299.308799999997,22,2200.0,1111.665180288461,0.0,0.0,397.3887916666663,1327.536408333333,3311.6651802884608,12,1200.0,1274.2617499811515,271.19496128535786,27.119496128535786,799.799187926551,1679.5052849081887,2745.456711266509,11,1100.0,1433.3019385349971,0.0,0.0,217.86876851010697,1130.0643828611178,2533.301938534997,531.4059804600735,Stock OK
12,91,6243.028,22,2200.0,181.2015594951921,892.92666666667,89.292666666667,162.2695583333332,711.4873749999999,3274.128226161862,9,900.0,890.5635827698244,288.38085836668654,28.838085836668654,693.4585620716599,693.4585620716599,2078.9444411365107,9,900.0,1053.801762433697,0.0,0.0,708.0051747013941,708.0051747013941,1953.801762433697,304.72206263993803,Stock OK
12,92,21919.712,22,2200.0,2915.7669831730764,0.0,0.0,991.6879750000006,2983.9836250000008,5115.766983173076,17,1700.0,1758.010695952579,0.0,0.0,380.8454369669802,2955.7939652292443,3458.010695952579,16,1600.0,2446.607383581108,0.0,0.0,1194.970237881846,2536.719488740636,4046.607383581108,1198.5718782593972,Stock OK
12,93,601.41,22,2200.0,7.853389423076921,752.2180000000003,75.22180000000003,5.2819999999999965,51.49679999999999,2960.071389423077,3,300.0,243.50520585996068,39.69929788086702,3.969929788086702,60.14773510595664,60.14773510595664,583.2045037408277,3,300.0,341.64571013512915,0.0,0.0,119.50169312432062,119.50169312432062,641.6457101351291,40.0483466023247,Stock OK
12,95,38225.1748,22,2200.0,3599.366442307691,0.0,0.0,2035.3913999999995,5536.310199999999,5799.366442307692,22,2200.0,2494.415367786225,0.0,0.0,1159.8492152363237,4573.213796759956,4694.415367786225,19,1900.0,3211.0085889215093,0.0,0.0,763.7345722061996,2450.6111308165096,5111.00858892151,1952.6788530869935,Stock OK
12,97,2186.7508,22,2200.0,80.87615685096155,519.5592499999999,51.95592499999999,15.267550000000014,202.22950000000003,2800.4354068509615,6,600.0,399.9358549577695,693.7653869758271,69.37653869758272,135.07489086827817,529.4761363024172,1693.7012419335965,6,600.0,523.6259977819831,0.0,0.0,68.34025429550817,463.26988015460984,1123.6259977819832,107.96493613010387,Stock OK
12,98,405.8924,22,2200.0,603.5537499999997,0.0,0.0,383.3242333333331,451.9517666666664,2803.5537499999996,2,200.0,398.0257907303047,0.0,0.0,174.9531068587944,174.9531068587944,598.0257907303047,2,200.0,367.08587648712586,0.0,0.0,195.95159451170355,195.95159451170355,567.0858764871259,42.261718315266236,Stock OK
13,1,35208.351200000005,22,2200.0,21701.571081730777,0.0,0.0,11178.022350000012,15211.620050000012,23901.571081730777,18,1800.0,5365.590476639587,0.0,0.0,152.86317070230461,5648.6415120839865,7165.590476639587,18,1800.0,9855.604779876838,0.0,0.0,3159.4361767091436,6750.2573796768265,11655.604779876838,5949.790437285377,Stock OK
13,2,69324.6236,22,2200.0,5867.336141826928,0.0,0.0,1694.1992916666677,7869.749108333333,8067.336141826928,21,2100.0,3354.4294302114245,4388.930676158884,438.8930676158884,1579.2598497138151,8379.444922724695,9843.36010637031,21,2100.0,4304.503746317767,0.0,0.0,777.7403481305773,5284.3358461402495,6404.503746317767,3194.0535293038974,Stock OK
13,3,30964.784799999998,22,2200.0,4133.264966947115,88018.87425000001,8801.887425,1918.01465,4012.0070000000005,94352.13921694712,14,1400.0,2401.5679171906913,102605.85278204802,10260.585278204802,915.7370387180794,2235.661898397599,106407.42069923872,12,1200.0,3207.9756211803715,43613.60430945253,4361.360430945253,1181.8860176218986,1181.8860176218986,48021.5799306329,876.0455856456929,Stock OK
13,4,40740.44159999999,22,2200.0,1114.0282301682703,14264.402083333312,1426.4402083333312,0.0,3418.608816666667,17578.430313501583,22,2200.0,1835.280265826715,2133.3849793706577,213.33849793706577,17.311900227266506,5076.812154125866,6168.665245197373,21,2100.0,3260.138241059097,0.0,0.0,1761.6516579408594,3460.4780230745346,5360.138241059097,1936.830236151507,Stock OK
13,5,39932.77879999999,22,2200.0,25585.443052884606,0.0,0.0,14668.491716666664,19416.428283333327,27785.443052884606,19,1900.0,5320.654951578079,0.0,0.0,977.1690768144783,4952.232962322065,7220.654951578079,17,1700.0,6712.635333256023,0.0,0.0,3438.9584867659914,5346.844404490517,8412.635333256023,3534.305925370435,Stock OK
13,6,5007.429999999999,22,2200.0,3381.8059374999993,0.0,0.0,2301.4597833333332,2937.0154166666666,5581.805937499999,7,700.0,1391.6228685828708,0.0,0.0,308.9485253573468,1036.1227045835712,2091.622868582871,8,800.0,1329.638180915818,0.0,0.0,237.44839267329934,850.5262416266278,2129.6381809158183,359.54648775459975,Stock OK
13,7,46796.2312,22,2200.0,15354.381983173083,0.0,0.0,13722.668875000007,18985.181925000008,17554.381983173083,20,2000.0,6282.051293822341,0.0,0.0,2946.8435429475326,7131.774059742285,8282.05129382234,20,2000.0,5416.453204817745,0.0,0.0,1574.1187672244323,3333.9700886254946,7416.453204817745,2870.658381971525,Stock OK
13,8,32077.045200000004,22,2200.0,4017.569278846156,0.0,0.0,1114.5745000000013,4000.802300000001,6217.5692788461565,20,2000.0,1902.974793900209,164.63099999999713,16.463099999999713,162.0321866005179,3261.2846962227977,4067.605793900206,19,1900.0,2596.7272768115167,0.0,0.0,588.4329528394198,2162.6627557749434,4496.727276811516,1702.6003100479484,Stock OK
13,9,43698.6804,22,2200.0,1309.9908593749997,76867.01074999999,7686.701074999999,2167.027266666667,5486.940883333334,80377.00160937499,21,2100.0,1318.73282902623,76624.56679167257,7662.456679167256,2183.1901972218297,3845.1673718745587,80043.29962069879,20,2000.0,3904.419666111091,0.0,0.0,1918.6582185989437,1918.6582185989437,5904.419666111091,1756.930881790182,Stock OK
13,10,29386.451199999996,22,2200.0,519.180216346154,24835.788999999997,2483.5788999999995,0.0,2339.3802,27554.96921634615,19,1900.0,1347.7317638279414,7651.917928432924,765.1917928432924,0.0,2790.243234128523,10899.649692260866,19,1900.0,2245.5493398683725,0.0,0.0,625.3100446453141,1950.4445918775798,4145.549339868372,1501.145809685436,Stock OK
13,11,19266.3856,22,2200.0,918.1576572516024,1474.4810000000007,147.44810000000007,350.85440833333314,2043.8797916666667,4592.638657251603,16,1600.0,1663.5323478104267,528.943250000001,52.894325000000094,1128.6969330560332,2315.540275259769,3792.4755978104276,16,1600.0,2263.7558613871533,0.0,0.0,654.9077037946467,1813.69138571429,3863.7558613871533,1086.2270297984549,Stock OK
13,12,7663.9124,22,2200.0,134.03881410256406,3860.8213333333324,386.0821333333332,7.8214666666667085,641.3564000000001,6194.860147435897,11,1100.0,974.4862283772744,0.0,0.0,546.5626187008343,1272.5798805709178,2074.4862283772745,11,1100.0,944.2895912211237,0.0,0.0,200.0159820499777,891.3785802549755,2044.2895912211238,443.0213981093061,Stock OK
13,13,44170.6216,22,2200.0,2808.845327524037,6064.291249999995,606.4291249999994,0.0,3788.19065,11073.136577524032,21,2100.0,2603.004745624471,7301.874934284815,730.1874934284815,1298.9756292381148,4849.623243857172,12004.879679909285,21,2100.0,3584.0366787289668,0.0,0.0,929.3466066059473,2721.0594353153083,5684.036678728967,2104.695923143254,Stock OK
13,14,22273.2924,22,2200.0,4602.683978365383,0.0,0.0,2328.722191666665,4468.027808333331,6802.683978365383,16,1600.0,2298.4648141533316,0.0,0.0,947.6127428982849,2281.742524091504,3898.4648141533316,16,1600.0,2567.501756687313,0.0,0.0,407.01355615360364,1705.103391563844,4167.501756687313,1389.9986664541825,Stock OK
13,16,21922.009600000005,22,2200.0,2485.8919110576926,67678.65199999999,6767.865199999998,4376.027300000001,6074.3031,72364.54391105768,13,1300.0,2265.068607743567,43993.799043986066,4399.379904398606,1666.3353520825092,2855.017591202788,47558.86765172963,12,1200.0,4020.3458408722317,15651.958999999999,1565.1959,999.7046569996326,2175.2736980621094,20872.30484087223,1005.7866918589775,Stock OK
13,17,14049.061599999999,22,2200.0,4745.254735576926,0.0,0.0,2298.040050000003,3719.527150000003,6945.254735576926,13,1300.0,1968.2085111001675,0.0,0.0,45.77534341282126,2220.7946694878797,3268.2085111001675,12,1200.0,1944.2671476869957,0.0,0.0,891.8397722463525,891.8397722463525,3144.2671476869955,826.3012316564564,Stock OK
13,19,2832.5936,22,2200.0,1618.7868028846149,0.0,0.0,991.7509499999999,1324.3026499999999,3818.786802884615,6,600.0,835.9059798642809,0.0,0.0,296.2672881917425,822.273955830091,1435.9059798642809,6,600.0,866.4430052477387,0.0,0.0,180.13115207554267,682.9105924906512,1466.4430052477387,248.106061858457,Stock OK
13,20,7946.639200000001,22,2200.0,309.92923677884596,3771.1878333333357,377.11878333333357,325.91689999999994,1012.4766666666667,6281.117070112181,11,1100.0,1026.3133581000081,0.0,0.0,641.0951692102816,1396.8846411313098,2126.3133581000084,10,1000.0,1050.5327659485242,0.0,0.0,590.7057147901568,590.7057147901568,2050.5327659485242,371.2722958043943,Stock OK
13,21,6862.596399999999,22,2200.0,3019.612019230769,0.0,0.0,1692.3869999999997,2436.2986,5219.612019230769,9,900.0,1385.0735007410924,0.0,0.0,547.0619781625259,1333.7858504328415,2285.073500741092,9,900.0,1249.571274315438,0.0,0.0,362.57018094500665,1126.2325785631324,2149.571274315438,442.21147640997594,Stock OK
13,22,13919.270799999998,22,2200.0,3779.2368149038457,0.0,0.0,1551.168025,2896.423575,5979.236814903846,13,1300.0,1553.6405022176066,43.25869947618685,4.325869947618685,798.3067210104762,1856.2540815157142,2896.8992016937937,13,1300.0,1815.5131645988574,0.0,0.0,385.20124429139196,1409.0836375656745,3115.5131645988577,819.3166114716033,Stock OK
13,23,27623.243200000004,22,2200.0,1469.3116055689125,328.34991666666383,32.83499166666638,843.4581333333356,3315.9682500000026,3997.6615222355763,19,1900.0,2435.2492833989204,0.0,0.0,468.1000284435461,3336.638622966316,4335.24928339892,18,1800.0,2748.8463933717658,0.0,0.0,337.8342027181875,1685.1848820358646,4548.846393371766,1574.5360362118545,Stock OK
13,24,9476.7596,22,2200.0,2263.4011418269206,0.0,0.0,445.94659166666486,1308.7906083333314,4463.40114182692,11,1100.0,1232.936221965448,5569.585792636357,556.9585792636357,0.0,1694.5633323858588,7902.5220146018055,12,1200.0,1366.2894494958953,209.21543413659265,20.921543413659265,133.06382632195084,887.121631586341,2775.504883632488,650.9750901859602,Stock OK
13,25,13622.84,22,2200.0,1580.2729086538468,0.0,0.0,386.0011500000003,1604.1612500000003,3780.2729086538466,13,1300.0,1275.747404189641,1287.6716584414055,128.76716584414055,413.95062077929674,1420.6825628572265,3863.4190626310465,13,1300.0,1863.9045412207354,3306.618661654983,330.6618661654983,0.0,955.4114986528751,6470.523202875718,834.6417611180804,Stock OK
13,26,10507.223200000002,22,2200.0,4288.565973557693,0.0,0.0,1806.4545083333333,2877.2090916666666,6488.565973557693,11,1100.0,1567.3400308271973,407.08994692137026,40.708994692137026,578.197082576966,1522.055023865449,3074.4299777485676,11,1100.0,1716.1142402729163,0.0,0.0,915.484764409582,915.484764409582,2816.1142402729165,736.6930833547849,Stock OK
13,27,2309.7164,22,2200.0,815.2408774038457,0.0,0.0,246.65750833333283,468.9508916666661,3015.240877403846,6,600.0,594.3263083226753,0.0,0.0,174.00327852446583,604.0591992293589,1194.3263083226752,6,600.0,547.9262666650721,0.0,0.0,93.99305624052943,508.0469324886353,1147.926266665072,158.09017832356488,Stock OK
13,28,944.5807999999998,22,2200.0,761.7573677884618,0.0,0.0,360.57470833333355,474.06649166666693,2961.757367788462,3,300.0,474.40795167033406,0.0,0.0,147.5172080223076,147.5172080223076,774.4079516703341,3,300.0,521.5925316817672,0.0,0.0,217.5034563592303,217.5034563592303,821.5925316817672,117.70685101360542,Stock OK
13,29,5270.072,22,2200.0,1570.0903125000002,0.0,0.0,775.3994166666666,1301.0925833333336,3770.0903125000004,8,800.0,1056.3587885901902,0.0,0.0,147.88013373367096,809.2247599813383,1856.3587885901902,8,800.0,1038.9969659370067,0.0,0.0,412.8374711176768,412.8374711176768,1838.9969659370067,351.23607932343623,Stock OK
13,30,4041.0955999999996,22,2200.0,256.29496394230796,0.0,0.0,178.2488416666668,545.1483583333335,2456.2949639423077,7,700.0,739.2684958991449,0.0,0.0,376.7799509891715,376.7799509891715,1439.268495899145,7,700.0,937.9985299893381,0.0,0.0,328.6803470565315,328.6803470565315,1637.998529989338,226.74888100877726,Stock OK
13,31,4415.608800000001,22,2200.0,452.514342948718,6152.518666666666,615.2518666666666,72.51033333333339,409.2814000000001,8805.033009615385,8,800.0,650.0182471297451,3986.338124267438,398.6338124267438,193.5132906799421,722.8463875732562,5436.3563713971835,9,900.0,663.8246032302143,798.4905474993013,79.84905474993013,256.01897262503485,256.01897262503485,2362.3151507295156,189.6005319512457,Stock OK
13,32,9270.0648,22,2200.0,437.0761748798087,1060.15933333333,106.01593333333301,523.4915250000008,1365.8863416666677,3697.235508213139,11,1100.0,1267.5024347580738,1048.6659923540678,104.8665992354068,470.2067757645927,1307.3880509175112,3416.1684271121417,11,1100.0,1774.685675048854,0.0,0.0,772.4837378383554,772.4837378383554,2874.685675048854,531.5170502402657,Stock OK
13,33,9866.3428,22,2200.0,2469.0525841346152,0.0,0.0,570.9216916666662,1478.5099083333328,4669.052584134615,11,1100.0,1356.432550636041,2186.7761729079257,218.67761729079257,403.44323847280475,1272.415848091006,4643.208723543967,12,1200.0,1502.3414758177873,543.4939953284356,54.34939953284356,0.7893002669468387,769.0984253336835,3245.835471146223,691.7814109348543,Stock OK
13,34,19056.7732,22,2200.0,186.20729166666666,23067.22091666666,2306.722091666666,0.0,1456.5261833333334,25453.428208333327,16,1600.0,1134.5134832336641,9441.30446424908,944.1304464249081,584.6176120884758,1685.4490181327137,12175.817947482745,17,1700.0,1947.8438253876943,0.0,0.0,750.3549351978328,1851.7511139601975,3647.8438253876943,1029.3226464111453,Stock OK
13,35,2954.1388,22,2200.0,604.5674689503204,29.253083333333336,2.9253083333333336,555.9654666666667,860.93755,2833.820552283654,6,600.0,806.2064348278498,0.0,0.0,525.656804501586,525.656804501586,1406.2064348278498,6,600.0,831.1481352199028,0.0,0.0,499.52080750261104,499.52080750261104,1431.1481352199028,160.49746542841828,Stock OK
13,36,1372.6968,22,2200.0,2199.5153125,0.0,0.0,1868.1093833333337,2149.918616666667,4399.5153125,3,300.0,970.9908643491891,0.0,0.0,502.6655068538941,502.6655068538941,1270.990864349189,4,400.0,870.7583364251147,0.0,0.0,79.7232421698308,422.9586395597744,1270.7583364251147,108.00878793349229,Stock OK
13,37,3001.3876000000005,22,2200.0,411.7747956730773,0.0,0.0,120.33129166666691,391.7851083333336,2611.7747956730773,7,700.0,585.1560962624649,8.823292662863196,0.8823292662863196,258.0934728668567,733.3298093002851,1293.979388925328,6,600.0,720.7504995510997,0.0,0.0,230.6411801150134,230.6411801150134,1320.7504995510997,182.70398103361947,Stock OK
13,38,77144.6664,22,2200.0,6515.2866346153705,0.0,0.0,527.2988333333242,7281.382766666657,8715.286634615371,21,2100.0,2840.7712422612094,6387.870111460334,638.7870111460334,0.0,7111.580730948639,11328.641353721543,21,2100.0,5832.364671599524,0.0,0.0,1620.3036236788348,6522.721061084466,7932.364671599524,4173.448838529902,Stock OK
13,40,70008.6132,22,2200.0,4689.621189903852,0.0,0.0,245.73952500000223,6354.813675000003,6889.621189903852,22,2200.0,3199.609626238303,5379.349946715138,537.9349946715138,564.3099225410606,7327.7962450821215,10778.959572953441,21,2100.0,4409.676248078325,0.0,0.0,1905.3194196120535,4229.405397190278,6509.676248078325,3298.7660763356535,Stock OK
13,41,2372.8052000000002,22,2200.0,1390.5379567307696,0.0,0.0,358.2021500000003,595.6810500000003,3590.5379567307696,5,500.0,663.1637081765535,357.3784349638399,35.73784349638399,241.66333766907732,241.66333766907732,1520.5421431403934,7,700.0,645.9038119929106,0.0,0.0,412.6631298234653,412.6631298234653,1345.9038119929105,187.84163272885934,Stock OK
13,42,7486.672800000001,22,2200.0,266.6050260416668,1805.6178333333314,180.56178333333315,9.774791666666658,645.9387750000001,4272.222859374999,10,1000.0,757.0734112238167,642.0907025598331,64.2090702559833,79.4813193430021,807.0034386860043,2399.1641137836496,10,1000.0,1293.072212707615,0.0,0.0,710.580020257298,710.580020257298,2293.072212707615,406.1053683408646,Stock OK
13,44,8608.1256,22,2200.0,2285.042331730769,0.0,0.0,924.1626833333332,1753.0573166666666,4485.042331730769,10,1000.0,1206.673921088327,0.0,0.0,109.22913628823363,939.6750014313707,2206.673921088327,11,1100.0,1343.1196588861048,0.0,0.0,554.9303361932396,1346.9017348125635,2443.119658886105,580.8084701658653,Stock OK
13,46,37837.03719999999,22,2200.0,1499.9504326923075,5547.569999999998,554.7569999999998,1420.4603500000003,4785.916050000001,9247.520432692305,21,2100.0,3039.3857656233663,4002.570242652048,400.2570242652048,1078.157877204384,4424.833327498302,9141.956008275414,20,2000.0,3350.328205442177,0.0,0.0,900.3047579713311,2584.762678369898,5350.328205442177,1894.8922879611232,Stock OK
13,49,7837.8312000000005,22,2200.0,1052.4231370192304,0.0,0.0,543.7182083333331,1272.5485916666664,3252.42313701923,10,1000.0,1026.7307889712429,0.0,0.0,263.7905916139456,1042.4990601266063,2026.7307889712429,10,1000.0,1504.3063565924838,0.0,0.0,481.2316523164518,1284.1002386849464,2504.306356592484,509.45187112993017,Stock OK
13,50,1855.3,22,2200.0,296.29056490384596,0.0,0.0,199.67812499999997,378.371875,2496.2905649038457,5,500.0,543.7142106510955,0.0,0.0,340.648817834918,340.648817834918,1043.7142106510955,5,500.0,716.1564320630166,0.0,0.0,436.02496725129976,436.02496725129976,1216.1564320630166,130.9948315685655,Stock OK
13,52,3314.742,22,2200.0,2067.52905048077,0.0,0.0,1218.7663416666676,1612.9844583333343,4267.52905048077,6,600.0,1015.9913000738077,0.0,0.0,140.10343522930526,712.8070872751664,1615.9913000738077,6,600.0,953.2140103098247,0.0,0.0,543.2090172824821,543.2090172824821,1553.2140103098247,284.03992590787396,Stock OK
13,55,11153.037999999999,22,2200.0,13997.280865384619,0.0,0.0,9018.760866666671,10772.830333333339,16197.280865384619,9,900.0,3912.0513147528795,0.0,0.0,1142.469490481346,2350.5199017915143,4812.05131475288,9,900.0,3617.581313947626,0.0,0.0,1482.1996498681615,1482.1996498681615,4517.581313947626,1285.4194676657166,Stock OK
13,56,4638.9776,22,2200.0,2705.054933894231,11188.379833333332,1118.8379833333333,2700.0926999999997,3240.9824666666664,16093.434767227563,6,600.0,1437.579485177681,9888.922367281797,988.8922367281797,515.4268530872819,1186.2623663591023,11926.501852459478,3,300.0,2098.2878364322823,7136.793500000002,713.6793500000001,712.7755537895248,712.7755537895248,9535.081336432284,448.56044819581444,Stock OK
13,58,8409.718800000002,22,2200.0,198.4682451923078,20008.280249999996,2000.8280249999998,0.0,557.29485,22406.748495192303,10,1000.0,519.2733169128069,14453.824016427234,1445.3824016427234,0.0,680.9326803730307,15973.09733334004,13,1300.0,1170.526308056146,1157.5735892953549,115.75735892953549,430.66127321409294,1088.0513098211395,3628.099897351501,531.2411329320311,Stock OK
13,59,320.4724,22,2200.0,999.7389302884617,0.0,0.0,681.035191666667,768.1228083333336,3199.7389302884617,2,200.0,450.6799701228338,0.0,0.0,79.33721331893982,348.5154016378797,650.6799701228338,2,200.0,569.6067308884572,0.0,0.0,273.9506792493303,273.9506792493303,769.6067308884572,100.5116470216085,Stock OK
13,60,759.9360000000001,22,2200.0,252.64927884615412,0.0,0.0,158.91016666666684,238.80983333333353,2452.649278846154,3,300.0,359.9124908383405,0.0,0.0,133.40474364791606,133.40474364791606,659.9124908383405,3,300.0,401.9475473081515,0.0,0.0,140.85619677868806,140.85619677868806,701.9475473081516,58.185071824800175,Stock OK
13,67,13710.073999999997,22,2200.0,2245.7553866185913,2832.577166666663,283.2577166666663,1715.477900000001,3032.1991333333344,7278.332553285254,12,1200.0,1844.5560881219076,5533.118271126255,553.3118271126256,331.65802887374036,1378.3251517611143,8577.674359248163,12,1200.0,2725.3427108542814,0.0,0.0,1009.8532590049738,2071.9237097553882,3925.3427108542814,1122.3108383991923,Stock OK
13,71,8085.724,22,2200.0,1468.0750480769223,0.0,0.0,777.4992666666662,1548.214333333333,3668.075048076922,10,1000.0,1173.6665557822819,0.0,0.0,277.29176425487043,1078.063226949856,2173.6665557822816,9,900.0,1464.4338154559127,0.0,0.0,499.461686748355,499.461686748355,2364.4338154559127,379.6881259843286,Stock OK
13,72,57993.7828,22,2200.0,26775.558353365384,0.0,0.0,15273.167425000003,21644.206575000004,28975.558353365384,21,2100.0,6697.185341152301,0.0,0.0,2213.945834837233,6818.5976448224355,8797.1853411523,19,1900.0,6920.166015707966,0.0,0.0,2635.446077143713,4956.931084059336,8820.166015707966,3825.509142779494,Stock OK
13,74,27546.3604,22,2200.0,1961.1701502403848,11486.332666666669,1148.633266666667,201.68585000000007,2514.6782833333336,15647.502816907054,19,1900.0,1447.2217443166778,3322.7131627351832,332.2713162735183,1225.5566396441243,2612.7875881647133,6669.934907051861,17,1700.0,2528.7346858866736,0.0,0.0,1608.1038676446276,1608.1038676446276,4228.734685886673,1375.5234055862443,Stock OK
13,79,47107.2532,22,2200.0,3990.1227644230726,0.0,0.0,1167.9225166666647,5365.763883333331,6190.122764423073,21,2100.0,2944.3123654493734,3778.0752310502635,377.80752310502635,682.0381192176542,4419.740096136984,8822.387596499637,21,2100.0,3545.0922435744874,0.0,0.0,996.2704607124979,2896.577806653975,5645.092243574487,2226.796717399907,Stock OK
13,80,17681.281600000002,22,2200.0,354.1150350560898,6528.120416666663,652.8120416666663,0.0,1480.7364833333334,9082.235451722752,16,1600.0,1459.5435146610328,1816.3794994128943,181.63794994128943,260.65860281039477,2480.5439639345527,4875.923014073927,15,1500.0,1882.3769748712957,0.0,0.0,363.0420484387646,1493.2719715415335,3382.3769748712957,856.4634877822059,Stock OK
13,81,31598.7368,22,2200.0,805.5822676282057,7053.357333333317,705.3357333333317,57.06489999999985,2748.4097666666667,10058.939600961523,21,2100.0,2099.8894082106644,1642.4969413185386,164.24969413185386,1034.0411176312716,4026.8317411575263,5842.386349529203,20,2000.0,3286.6805145890385,0.0,0.0,1120.264880225537,2629.843005500565,5286.6805145890385,1475.9889521027394,Stock OK
13,82,29028.794,22,2200.0,6345.411838942306,0.0,0.0,3868.2407416666642,6728.852458333331,8545.411838942306,18,1800.0,2693.2799263497864,0.0,0.0,1488.6057266166504,3031.3399708293946,4493.279926349786,19,1900.0,3769.3493409590083,0.0,0.0,1276.450128378348,2721.6904924549226,5669.349340959008,1831.4684698770486,Stock OK
13,83,4076.1636,22,2200.0,540.8896514423083,0.0,0.0,361.0349250000006,746.8782750000007,2740.889651442308,7,700.0,808.6478552171719,123.60975000000025,12.360975000000025,481.07658050464124,481.07658050464124,1632.2576052171723,7,700.0,979.3064337571601,0.0,0.0,234.53207673461176,856.5205186903804,1679.30643375716,238.3477281763332,Stock OK
13,85,3639.0219999999995,22,2200.0,1474.546538461539,0.0,0.0,908.8868333333337,1304.357166666667,3674.546538461539,6,600.0,964.982653032097,0.0,0.0,395.85858983634284,395.85858983634284,1564.982653032097,7,700.0,928.9822549447665,0.0,0.0,170.29568792525723,706.3143859128,1628.9822549447665,248.6569307712111,Stock OK
13,87,16459.9128,22,2200.0,291.1138341346154,19442.26208333333,1944.226208333333,0.0,1262.2336166666666,21933.375917467947,15,1500.0,911.3791799656766,12443.949697964974,1244.3949697964974,0.0,2049.5642161851542,14855.32887793065,15,1500.0,1883.7023058247198,0.0,0.0,1035.1617127722402,1035.1617127722402,3383.7023058247196,1003.5393890821974,Stock OK
13,90,106614.7744,22,2200.0,13710.90027644232,0.0,0.0,3048.684525000007,12584.637475000007,15910.90027644232,21,2100.0,4511.171841130802,2830.2790341062246,283.02790341062246,923.9505202192231,12190.831440438447,9441.450875237028,21,2100.0,7340.866680118272,0.0,0.0,2516.7930478583994,8263.922625001333,9440.866680118272,5942.6017041645555,Stock OK
13,91,73324.13279999999,22,2200.0,5019.732908653854,0.0,0.0,658.0056833333379,7091.235116666672,7219.732908653854,21,2100.0,3650.4918459833725,8981.246127954846,898.1246127954846,2002.8322548818046,6629.903418602256,14731.73797393822,21,2100.0,5149.583592582572,0.0,0.0,421.7643364482424,5169.620113222187,7249.583592582572,3556.0254245866663,Stock OK
13,92,153541.3408,22,2200.0,8902.947167467946,24673.407833333375,2467.3407833333376,0.0,13136.869566666666,35776.35500080132,21,2100.0,2768.224839957976,82066.60138765117,8206.660138765117,0.0,13224.14487486683,86934.82622760916,21,2100.0,7380.01409864354,0.0,0.0,1987.3182431400282,8778.48597779703,9480.01409864354,7770.834231064981,Stock OK
13,93,47751.0548,22,2200.0,1364.2441266025635,6438.229333333338,643.8229333333338,90.80286666666666,4194.979799999999,10002.473459935902,22,2200.0,2551.147904487993,5230.522932453919,523.0522932453919,1429.594464316591,5125.362427018434,9981.67083694191,21,2100.0,3804.3807234207875,0.0,0.0,959.769650543911,2809.9678701327766,5904.380723420787,2426.1613666423973,Stock OK
13,94,73118.85880000002,22,2200.0,1475.6296193910264,33356.11866666663,3335.6118666666634,134.647033333335,6214.4639000000025,37031.74828605766,22,2200.0,3078.113270753637,21674.090822765873,2167.4090822765875,1142.8068177234127,7890.078021521287,26952.20409351951,21,2100.0,5184.821952360532,0.0,0.0,1712.0190343846516,3977.920845915157,7284.821952360532,3657.285712153659,Stock OK
13,95,133245.74920000002,22,2200.0,2405.8281490384634,83063.25516666661,8306.32551666666,350.7454583333338,11245.542775000002,87669.08331570508,22,2200.0,2939.296624698608,32067.770947948247,3206.7770947948247,710.813891706689,12753.718104539515,37207.067572646854,21,2100.0,9311.12222977754,0.0,0.0,3725.601543680473,6741.330412897485,11411.12222977754,6356.3422230982815,Stock OK
13,96,9151.419199999998,22,2200.0,162.38755809294858,9593.443166666679,959.344316666668,9.579258333333257,722.7665749999999,11955.830724759628,11,1100.0,614.1083027640498,3888.0349033436896,388.803490334369,10.228600570984725,780.5349340946464,5602.143206107739,12,1200.0,1178.182305694559,0.0,0.0,816.4118285475968,816.4118285475968,2378.182305694559,482.6006531438704,Stock OK
13,97,26917.238800000003,22,2200.0,689.334518229167,14276.447833333303,1427.6447833333302,33.926691666666784,2253.3632750000006,17165.78235156247,19,1900.0,1691.0545894722457,3153.0361602976245,315.30361602976245,1187.1681966174237,2546.0542247056273,6744.09074976987,19,1900.0,2534.98767694723,0.0,0.0,679.9627568633002,2028.1875725223724,4434.98767694723,1269.0644855582923,Stock OK
13,98,12845.755199999998,22,2200.0,2860.3750961538462,0.0,0.0,1200.6591333333326,2422.0864666666657,5060.375096153846,13,1300.0,1621.8679875250805,0.0,0.0,75.27810272047304,2091.440339578741,2921.8679875250805,12,1200.0,1785.4088157216352,0.0,0.0,917.0008546804003,917.0008546804003,2985.408815721635,789.9016327898744,Stock OK
14,1,18612.6312,22,2200.0,19930.460564903846,0.0,0.0,11017.647991666667,13594.194008333334,22130.460564903846,12,1200.0,5024.508205615907,1064.792921417395,106.4792921417395,0.0,2928.2665765716524,7289.301127033303,12,1200.0,10087.317218647117,0.0,0.0,4715.290431498985,6212.452170460445,11287.317218647117,5241.186737291267,Stock OK
14,2,58570.3716,22,2200.0,21319.698353365377,0.0,0.0,14256.852358333323,20589.65444166666,23519.698353365377,21,2100.0,5956.828068282032,0.0,0.0,3723.1826937882474,8313.99583890027,8056.828068282032,21,2100.0,5932.577283916543,0.0,0.0,2383.9879558344587,4621.168670218565,8032.577283916543,2993.0281429046668,Stock OK
14,3,19959.6684,22,2200.0,4552.228701923079,40467.787499999984,4046.778749999998,2504.5179000000007,4106.031600000001,47220.01620192306,13,1300.0,2249.500700534597,48684.76187198471,4868.476187198471,1162.942954267177,2317.265005689569,52234.26257251931,13,1300.0,2084.380730901182,0.0,0.0,930.1355373164455,930.1355373164455,3384.380730901182,526.5743090614181,Stock OK
14,4,39807.981999999996,22,2200.0,13829.714975961522,0.0,0.0,9451.73401666666,13735.187583333327,16029.714975961522,20,2000.0,4924.897956175215,0.0,0.0,2485.6224254380822,4373.434218882192,6924.897956175215,20,2000.0,4972.774093967464,0.0,0.0,1990.3896909622638,3852.1366036444883,6972.774093967464,2059.489754253562,Stock OK
14,5,18788.3344,22,2200.0,21290.216983173075,0.0,0.0,12553.616675000005,15279.003725000006,23490.216983173075,12,1200.0,4813.229628837014,0.0,0.0,358.0396560024203,3369.698352202904,6013.229628837014,13,1300.0,4470.317469038428,0.0,0.0,1546.8657630444127,2900.792395381447,5770.317469038428,2191.812201601368,Stock OK
14,6,3378.146,22,2200.0,4392.681911057694,0.0,0.0,3049.217225,3608.1183749999996,6592.681911057694,5,500.0,1519.2393452242964,0.0,0.0,869.7722546339355,869.7722546339355,2019.2393452242964,6,600.0,1294.3374578377964,0.0,0.0,248.8832588313953,806.6187655976744,1894.3374578377964,323.638052196297,Stock OK
14,7,33658.0216,22,2200.0,30008.003677884615,0.0,0.0,21680.03398333333,26492.038816666663,32208.003677884615,16,1600.0,7998.85439751038,0.0,0.0,1572.5409097640315,5574.33451830175,9598.85439751038,18,1800.0,5847.68845717493,0.0,0.0,2903.5745454833122,4447.973961035065,7647.68845717493,2953.1660508076952,Stock OK
14,8,40074.0284,22,2200.0,16984.6869951923,0.0,0.0,10686.465983333323,15100.422016666655,19184.6869951923,19,1900.0,5042.597493656958,0.0,0.0,1041.2718565792954,4873.979212865884,6942.597493656958,19,1900.0,5199.059388311085,0.0,0.0,450.82994171890664,2334.381291258846,7099.059388311085,2216.0476364113993,Stock OK
14,9,18573.652000000006,22,2200.0,2925.335899439102,12921.537916666664,1292.1537916666664,3239.4481333333324,5023.878249999999,18046.873816105766,15,1500.0,2042.9104129891098,0.0,0.0,1161.4394109579127,2379.899856383478,3542.91041298911,14,1400.0,2670.4051317870626,0.0,0.0,1024.9107787677046,1024.9107787677046,4070.4051317870626,927.6244346281869,Stock OK
14,10,14910.7288,22,2200.0,5384.369759615384,0.0,0.0,3998.9987333333324,5643.3228666666655,7584.369759615384,13,1300.0,2486.692962683514,0.0,0.0,421.8912074393321,2761.1882633373925,3786.692962683514,12,1200.0,2563.071027507624,0.0,0.0,1221.1768090561923,1221.1768090561923,3763.071027507624,937.4281504240475,Stock OK
14,11,17059.141200000002,22,2200.0,2760.7562219551282,15177.970333333333,1517.7970333333333,2945.4110666666666,4552.955,20138.72655528846,13,1300.0,1986.515803904533,7677.340465849119,767.7340465849119,1154.3205201839485,2310.8137335377205,10963.85626975365,12,1200.0,2404.504542628523,2140.0649999999973,214.00649999999973,972.7553960777343,2073.2249815118585,5744.56954262852,1001.6504493808343,Stock OK
14,12,4320.69,22,2200.0,911.6807091346161,0.0,0.0,640.9269250000004,1072.3718750000005,3111.6807091346163,7,700.0,939.626067002655,0.0,0.0,520.419213055719,520.419213055719,1639.626067002655,7,700.0,1001.0229397938766,0.0,0.0,458.7252424819921,458.7252424819921,1701.0229397938765,248.64787099301395,Stock OK
14,13,45808.5516,22,2200.0,16674.100300480775,0.0,0.0,9988.177841666671,14840.067358333337,18874.100300480775,21,2100.0,5913.108265402777,0.0,0.0,1652.722437502499,5671.066413752748,8013.108265402777,21,2100.0,5274.77274418514,0.0,0.0,955.5678161067017,2929.8820731620367,7374.77274418514,2540.7928015431503,Stock OK
14,14,16875.636,22,2200.0,10526.73966346154,0.0,0.0,6971.980699999997,9045.686499999998,12726.73966346154,13,1300.0,3301.1101842646094,0.0,0.0,683.5942755324753,3310.6254710838343,4601.110184264609,13,1300.0,3407.4361667940966,0.0,0.0,1094.9074413493945,2333.2395031285105,4707.436166794097,1235.0534209273612,Stock OK
14,16,25202.772399999998,22,2200.0,6646.663317307694,76290.67599999998,7629.0675999999985,9673.081900000003,12042.367700000004,85137.33931730768,10,1000.0,3825.6162940147965,65092.7687053065,6509.27687053065,3112.5710663060377,3112.5710663060377,69918.3849993213,9,900.0,5128.605809872939,28381.873,2838.1873,1442.4155461339287,1442.4155461339287,34410.47880987294,877.281865258761,Stock OK
14,17,16283.1936,22,2200.0,8493.320168269227,0.0,0.0,5071.349216666666,6928.265983333333,10693.320168269227,13,1300.0,2836.6167860636747,0.0,0.0,1417.7265947109026,2660.6886817701443,4136.616786063674,12,1200.0,2602.8147569081443,0.0,0.0,978.2730023116463,978.2730023116463,3802.8147569081443,929.4639106544969,Stock OK
14,19,1638.6463999999999,22,2200.0,3.032163461538459,6355.888000000003,635.5888000000002,0.0,87.2224,8558.920163461542,6,600.0,249.25137202417687,1608.8076014052745,160.88076014052746,0.0,269.3864079718945,2458.0589734294513,5,500.0,579.9667293109235,813.4680000000003,81.34680000000003,409.5348834487388,409.5348834487388,1893.4347293109238,154.11197828232986,Stock OK
14,20,8809.2536,22,2200.0,2094.6825600961524,0.0,0.0,1833.5875749999989,2759.052024999999,4294.682560096153,10,1000.0,1700.1541802879385,0.0,0.0,476.3413943454281,1353.83009649492,2700.1541802879383,10,1000.0,1311.4771081957113,0.0,0.0,204.3400938008864,1051.6064292232072,2311.4771081957115,412.62980254588956,Stock OK
14,21,6075.598000000001,22,2200.0,3128.1582211538457,0.0,0.0,2066.263233333333,2774.251166666667,5328.158221153846,8,800.0,1388.4640078532298,0.0,0.0,358.8369771457962,1126.33027388091,2188.4640078532298,8,800.0,1461.5363383168753,0.0,0.0,815.0527129924242,815.0527129924242,2261.536338316875,441.6628178213751,Stock OK
14,22,13245.0928,22,2200.0,7079.840180288464,0.0,0.0,4449.554125000003,5988.219075000004,9279.840180288464,12,1200.0,2348.6273763724134,0.0,0.0,1508.8066753296598,2640.25231626872,3548.6273763724134,11,1100.0,2142.411250988043,0.0,0.0,1002.4048199587904,1002.4048199587904,3242.411250988043,821.0125640146501,Stock OK
14,23,28283.584,22,2200.0,7075.663064903842,0.0,0.0,5693.853891666662,8648.413708333328,9275.663064903842,18,1800.0,3331.7686051922324,0.0,0.0,1234.0605650179218,4369.786170020162,5131.768605192232,17,1700.0,3594.862333601052,0.0,0.0,1182.6264962802766,2655.2365416497046,5294.862333601051,1936.65051986776,Stock OK
14,24,7219.8088,22,2200.0,2868.064074519232,0.0,0.0,1350.1071583333337,2095.317241666667,5068.064074519232,9,900.0,1316.9042389805384,1105.3918209382186,110.53918209382186,307.82693574370694,1095.2371143249425,3322.296059918757,10,1000.0,1355.2084559158625,0.0,0.0,809.5957990231553,809.5957990231553,2355.2084559158625,491.8782744301794,Stock OK
14,25,10638.4056,22,2200.0,3536.845576923078,0.0,0.0,2422.6197333333344,3558.3610666666677,5736.845576923079,11,1100.0,1821.8994174452857,0.0,0.0,785.9923215874795,1758.0709137462275,2921.8994174452855,11,1100.0,1881.0051247274107,0.0,0.0,1242.7390475004613,1242.7390475004613,2981.0051247274105,868.88456610612,Stock OK
14,26,8544.4892,22,2200.0,5785.989459134614,0.0,0.0,2708.5492583333316,3687.0743416666646,7985.989459134614,9,900.0,1678.9153193083878,0.0,0.0,141.64336254166187,1043.9364797343696,2578.9153193083876,10,1000.0,1747.2802121800132,0.0,0.0,605.8620711486343,1459.4802540540381,2747.280212180013,722.1653187314698,Stock OK
14,27,1702.2543999999996,22,2200.0,1270.279242788461,0.0,0.0,650.9160416666663,855.5395583333329,3470.279242788461,4,400.0,671.5916003116106,0.0,0.0,255.11968145925994,255.11968145925994,1071.5916003116106,4,400.0,684.445572746156,0.0,0.0,265.8141865248018,265.8141865248018,1084.445572746156,140.09668094156495,Stock OK
14,28,717.8336,22,2200.0,806.5118629807691,0.0,0.0,409.8780583333331,507.9399416666664,3006.5118629807694,3,300.0,461.5621436797327,0.0,0.0,0.529693108875108,286.16492716331265,761.5621436797327,3,300.0,427.35839994511116,0.0,0.0,50.29756739507167,360.81673859260746,727.3583999451112,98.7016255416996,Stock OK
14,29,6649.398400000001,22,2200.0,3913.8565625000024,0.0,0.0,2554.637716666669,3354.9886833333358,6113.856562500003,8,800.0,1561.5598473600298,0.0,0.0,263.28247797782467,1079.3045391175137,2361.55984736003,8,800.0,1381.4700999278791,0.0,0.0,620.2746650746941,620.2746650746941,2181.4700999278793,456.62491129035857,Stock OK
14,30,4896.564,22,2200.0,1103.44548076923,0.0,0.0,1014.416066666666,1528.4143333333325,3303.44548076923,8,800.0,1140.4377073199742,0.0,0.0,452.06175270259394,1106.008660231536,1940.4377073199742,7,700.0,1075.222916763845,0.0,0.0,352.3505889562658,352.3505889562658,1775.222916763845,257.09525262692136,Stock OK
14,31,3290.9836,22,2200.0,994.6059735576926,0.0,0.0,407.8248416666668,729.4603583333335,3194.605973557693,6,600.0,768.3105209366402,1336.9849187219504,133.69849187219504,428.9766331278051,428.9766331278051,2705.2954396585906,7,700.0,808.6455041678836,0.0,0.0,199.09323516983386,199.09323516983386,1508.6455041678837,161.47400470359608,Stock OK
14,32,7761.934000000001,22,2200.0,7160.613786057692,0.0,0.0,5070.417091666665,6186.273708333331,9360.613786057693,8,800.0,2458.822487022036,0.0,0.0,656.5705298662149,1620.10190198996,3258.822487022036,8,800.0,2398.3312725318106,0.0,0.0,1125.1303889502014,1125.1303889502014,3198.3312725318106,776.2117384619118,Stock OK
14,33,7536.2876,22,2200.0,3381.2067668269224,0.0,0.0,1581.5335916666663,2374.387608333333,5581.206766826923,9,900.0,1263.217557745752,2092.709857449254,209.27098574492538,359.793993553045,1171.98519140406,4255.927415195006,9,900.0,1474.5513580568752,0.0,0.0,746.2880301613895,746.2880301613895,2374.551358056875,519.773176715476,Stock OK
14,34,21034.306399999998,22,2200.0,2350.9853315304495,8224.467416666665,822.4467416666664,1885.491733333334,3807.0005500000007,12775.452748197114,16,1600.0,2111.451679995557,1366.2397499999975,136.62397499999975,950.5094743359853,2214.904719291718,5077.691429995554,15,1500.0,2713.8454377864214,1366.2397499999975,136.62397499999975,728.5736635675032,1978.1731878053367,5580.085187786419,1373.0849639290914,Stock OK
14,35,3297.7859999999996,22,2200.0,770.5549759615383,833.6980000000008,83.36980000000008,615.0792000000001,948.0788000000002,3804.252975961539,6,600.0,734.2237807758663,527.3982334581215,52.73982334581214,412.61788327093967,412.61788327093967,1861.6220142339878,6,600.0,841.41634477191,307.6460000000006,30.76460000000006,236.88086480840747,236.88086480840747,1749.0623447719106,225.54102409615336,Stock OK
14,36,3120.7544,22,2200.0,1287.5201201923073,11510.175333333334,1151.0175333333334,1322.4787249999997,1608.7583416666664,14997.695453525641,5,500.0,785.5000618347809,7021.596976785071,702.1596976785071,451.03291598223916,451.03291598223916,8307.097038619851,5,500.0,850.0682464811482,4064.5497500000006,406.45497500000005,470.36103522228643,470.36103522228643,5414.617996481149,172.99713413734798,Stock OK
14,38,74190.08919999999,22,2200.0,33770.317740384606,0.0,0.0,21268.610933333322,29569.367466666656,35970.317740384606,21,2100.0,8610.360209496655,0.0,0.0,3960.310415775017,9216.25160103702,10710.360209496655,21,2100.0,7707.73643203343,0.0,0.0,1622.8610368888535,6903.012323296258,9807.73643203343,4271.62733429003,Stock OK
14,40,59064.7128,22,2200.0,10993.743149038462,0.0,0.0,5994.423116666669,11651.739283333336,13193.743149038462,21,2100.0,4133.2487352068865,12201.175546157407,1220.1175546157406,2710.24629769213,7049.318572115162,18434.424281364292,20,2000.0,4180.833470309021,3401.0913610074977,340.10913610074977,925.7138435809225,3150.2505069496256,9581.924831316519,2893.410418293208,Stock OK
14,41,2898.0159999999996,22,2200.0,2673.893173076923,0.0,0.0,1364.9442999999999,1735.6364999999998,4873.893173076924,5,500.0,999.3933766917022,0.0,0.0,434.78259934166266,434.78259934166266,1499.393376691702,6,600.0,949.8866607772372,0.0,0.0,494.0546251153784,494.0546251153784,1549.8866607772372,268.18654433448654,Stock OK
14,42,6047.8736,22,2200.0,2051.0566826923086,0.0,0.0,1417.5001333333344,2066.663066666668,4251.056682692309,8,800.0,1278.3345927736482,0.0,0.0,805.2098677977858,805.2098677977858,2078.334592773648,8,800.0,1455.2772982513618,0.0,0.0,737.8453766851792,737.8453766851792,2255.2772982513616,410.574008867604,Stock OK
14,44,3964.162,22,2200.0,1854.5006370192311,0.0,0.0,1023.947475,1457.6961250000002,4054.5006370192314,7,700.0,929.3209080547775,0.0,0.0,290.8526802395952,891.5846311128611,1629.3209080547776,7,700.0,975.9088565374184,0.0,0.0,110.37661407981946,681.0292205931227,1675.9088565374184,307.7061114596192,Stock OK
14,46,25752.084000000003,22,2200.0,5464.336706730771,0.0,0.0,5128.895516666669,7814.198083333336,7664.336706730771,17,1700.0,3373.9178005768877,0.0,0.0,2191.30345007229,3686.0180500768083,5073.917800576888,16,1600.0,3163.65869466609,0.0,0.0,1767.724906055585,1767.724906055585,4763.65869466609,1386.1911204679186,Stock OK
14,49,10017.671600000001,22,2200.0,2009.4987980769247,0.0,0.0,791.2297666666681,1731.1342333333348,4209.498798076925,11,1100.0,1289.498875382216,992.1792386410749,99.21792386410749,334.4823306817658,1218.7902613635315,3381.678114023291,11,1100.0,1707.711588180531,0.0,0.0,465.6850446850958,1373.0350391536053,2807.711588180531,602.1017612615447,Stock OK
14,50,1656.96,22,2200.0,340.745673076923,0.0,0.0,234.00033333333334,398.4316666666667,2540.745673076923,5,500.0,488.3918650041759,0.0,0.0,69.18350534677947,439.05763168347437,988.3918650041759,4,400.0,590.2797093667014,0.0,0.0,137.0000545544764,137.0000545544764,990.2797093667014,107.97264610126683,Stock OK
14,52,1763.2155999999998,22,2200.0,836.6676081730772,0.0,0.0,531.9296750000003,731.5075250000004,3036.667608173077,5,500.0,668.8653576728364,0.0,0.0,166.1144688198333,573.6052922747916,1168.8653576728364,4,400.0,659.3767015800038,0.0,0.0,159.53566726213603,159.53566726213603,1059.3767015800038,142.5460540096392,Stock OK
14,55,7971.4088,22,2200.0,13710.52337740385,0.0,0.0,8840.510008333335,10302.415991666669,15910.52337740385,7,700.0,3611.991124482822,0.0,0.0,838.6254041140071,1941.4879422996748,4311.991124482822,8,800.0,3333.6259777335517,0.0,0.0,1789.2633451119034,1789.2633451119034,4133.625977733552,1301.8170105536565,Stock OK
14,56,2574.836,22,2200.0,3543.886271033654,819.3410000000011,81.93410000000011,3193.9165249999996,3688.4224749999994,6563.227271033656,4,400.0,1536.501440040932,470.2187500000008,47.02187500000008,779.6539040100396,779.6539040100396,2406.7201900409327,3,300.0,1803.3916405237057,470.2187500000008,47.02187500000008,502.3720354494337,502.3720354494337,2573.610390523707,431.4859654766027,Stock OK
14,58,10748.96,22,2200.0,141.94283653846156,42159.549000000006,4215.954900000001,0.0,568.0874,44501.491836538466,11,1100.0,412.1224002762123,31673.782084146515,3167.3782084146515,145.4945212872609,832.9890425745218,33185.904484422725,15,1500.0,942.3565195210053,6746.46911914187,674.646911914187,344.69699801430215,1028.0454970214532,9188.825638662875,659.2576523830335,Stock OK
14,59,221.462,22,2200.0,1224.8354326923074,0.0,0.0,847.2291666666666,940.1588333333333,3424.835432692307,1,100.0,586.776349235364,0.0,0.0,195.99271410238939,195.99271410238939,686.776349235364,1,100.0,625.1884331021812,0.0,0.0,156.36009817050737,156.36009817050737,725.1884331021812,140.62753087168855,Stock OK
14,60,295.2,22,2200.0,74.58747596153844,0.0,0.0,56.543983333333315,87.13041666666665,2274.5874759615385,2,200.0,214.53699569108372,34.40350000000001,3.4403500000000005,73.16803734443083,73.16803734443083,448.9404956910837,2,200.0,266.820587116703,0.0,0.0,82.46964895248058,82.46964895248058,466.820587116703,25.35240077905344,Stock OK
14,67,10308.713999999998,22,2200.0,4295.265537860576,486.9672500000047,48.69672500000047,3492.8551499999994,4688.757099999999,6982.232787860581,10,1000.0,2094.342646286307,4715.774750000004,471.5774750000004,934.1449970092795,1931.6370633436438,7810.117396286311,10,1000.0,2622.68983984102,0.0,0.0,1274.62698738933,1274.62698738933,3622.68983984102,1012.832680799582,Stock OK
14,71,7216.5008,22,2200.0,1747.5111418269234,0.0,0.0,1242.8702583333338,1978.4677416666673,3947.5111418269234,9,900.0,1208.758722340392,0.0,0.0,927.7324204714902,927.7324204714902,2108.758722340392,9,900.0,1432.1070737731206,0.0,0.0,375.03228619933554,1186.0493938492525,2332.1070737731206,402.6427482415677,Stock OK
14,72,60275.32279999999,22,2200.0,52008.73669471152,0.0,0.0,31746.57377499999,39748.47782499999,54208.73669471152,21,2100.0,10877.049722980275,0.0,0.0,3332.1228755384377,8492.581835592282,12977.049722980275,19,1900.0,9509.23800884954,0.0,0.0,4987.683106043882,4987.683106043882,11409.23800884954,4914.46569221946,Stock OK
14,74,17938.3036,22,2200.0,9575.309555288464,0.0,0.0,6524.6292250000015,8651.840775,11775.309555288464,13,1300.0,3356.3634167079467,0.0,0.0,1216.7538065823355,2547.107146714197,4656.363416707947,12,1200.0,3430.1269349275653,0.0,0.0,1150.6023417936003,1150.6023417936003,4630.126934927565,1054.3531298342702,Stock OK
14,79,28883.813199999997,22,2200.0,7422.035588942308,0.0,0.0,5005.7328750000015,7952.6499250000015,9622.035588942308,18,1800.0,3542.980767494732,0.0,0.0,2155.7342411268637,3721.5678803107967,5342.9807674947315,17,1700.0,3736.5857356782312,0.0,0.0,735.5090390309958,2310.443205532933,5436.585735678231,1459.8949216492538,Stock OK
14,80,26998.1604,22,2200.0,11055.020540865391,0.0,0.0,7104.2077416666725,10069.63105833334,13255.020540865391,17,1700.0,3459.813415434571,0.0,0.0,1011.1130211786988,4152.598147335859,5159.813415434572,16,1600.0,3953.3546726086274,0.0,0.0,666.2557001015741,2214.0077751083454,5553.354672608628,1557.810492754673,Stock OK
14,81,29164.600400000003,22,2200.0,13145.334254807696,0.0,0.0,8694.288550000003,11986.365850000004,15345.334254807696,16,1600.0,4221.182420739611,0.0,0.0,2253.434890541811,3908.4298493256742,5821.182420739611,17,1700.0,4442.00763839035,0.0,0.0,1643.9476495415586,3260.849655762906,6142.00763839035,1735.4568992366128,Stock OK
14,82,19476.513600000002,22,2200.0,13013.286478365386,0.0,0.0,7946.054624999998,10330.625774999999,15213.286478365386,13,1300.0,3742.7937208563576,0.0,0.0,1002.7305403682819,2411.2628249823056,5042.793720856358,14,1400.0,3864.113335282452,0.0,0.0,1006.0524727175364,2306.4916533111927,5264.113335282453,1558.4706600529014,Stock OK
14,83,7695.810399999999,22,2200.0,2941.8258052884607,0.0,0.0,1918.685824999999,2754.728974999999,5141.825805288461,9,900.0,1512.8846540158834,0.0,0.0,1064.4264496451574,1064.4264496451574,2412.8846540158834,8,800.0,1663.9700853581826,0.0,0.0,493.3348787240519,493.3348787240519,2463.9700853581826,431.6132992584644,Stock OK
14,85,1673.6044000000002,22,2200.0,743.9105168269232,0.0,0.0,511.06305833333363,701.034141666667,2943.9105168269234,4,400.0,640.0687194228581,0.0,0.0,201.60222463318166,201.60222463318166,1040.068719422858,5,500.0,608.0902680103346,0.0,0.0,353.6614175783319,353.6614175783319,1108.0902680103345,106.75857476308362,Stock OK
14,87,15732.2784,22,2200.0,1172.169711538458,0.0,0.0,56.915699999997855,1429.8890999999976,3372.1697115384577,14,1400.0,1436.6703689829062,1853.533687340606,185.3533687340606,406.81604427216166,1475.6068885443233,4690.204056323512,14,1400.0,1839.157187255972,0.0,0.0,1298.3359797969688,1298.3359797969688,3239.157187255972,880.1044980360776,Stock OK
14,90,78821.9324,22,2200.0,38320.38608173078,0.0,0.0,23222.593483333345,32096.03051666668,40520.38608173078,21,2100.0,8959.633702327885,0.0,0.0,2416.032310411858,10567.369409661282,11059.633702327885,20,2000.0,8650.995367784431,0.0,0.0,1631.5131264673018,7002.976324584686,10650.995367784431,4490.312610250946,Stock OK
14,91,65370.1976,22,2200.0,29304.578786057693,0.0,0.0,18012.118124999994,25262.754274999992,31504.578786057693,21,2100.0,7764.173577962418,0.0,0.0,1996.5345221683046,9364.896856581563,9864.173577962418,20,2000.0,6677.4843427272,0.0,0.0,2563.6159738063943,5044.392467232759,8677.484342727199,3599.7668640037627,Stock OK
14,92,135944.9656,22,2200.0,57846.41057692305,0.0,0.0,34977.672933333335,49840.51106666667,60046.41057692305,21,2100.0,13555.635774324512,0.0,0.0,2394.3034058953926,16460.36544297362,15655.635774324512,20,2000.0,13623.302264748121,0.0,0.0,4228.64990422078,11162.729804469061,15623.302264748121,7972.99115751272,Stock OK
14,93,46504.26999999999,22,2200.0,15492.631538461534,0.0,0.0,11114.417666666664,16124.738333333331,17692.631538461534,20,2000.0,4776.60275809981,0.0,0.0,1845.4456305972358,5928.869093656959,6776.60275809981,20,2000.0,6826.256122404946,0.0,0.0,2825.105549590316,2825.105549590316,8826.256122404946,2534.1888315884758,Stock OK
14,94,46977.015999999996,22,2200.0,18677.41618990385,0.0,0.0,12750.657625000007,17944.368375000005,20877.41618990385,21,2100.0,5350.180740652522,0.0,0.0,2388.3855137300443,6545.869052603049,7450.180740652522,21,2100.0,5088.967728120661,0.0,0.0,1983.4298914727501,4041.9238797963876,7188.967728120661,2584.1395413966425,Stock OK
14,95,106027.80480000001,22,2200.0,42649.25283653843,0.0,0.0,28761.5393333333,40482.351866666635,44849.25283653843,21,2100.0,10708.36093532129,0.0,0.0,5236.627143871181,14604.948458258299,12808.36093532129,21,2100.0,11562.623528220149,0.0,0.0,2682.591514511718,5720.230764995442,13662.623528220149,5639.15965365293,Stock OK
14,97,18795.954400000002,22,2200.0,8448.320480769235,0.0,0.0,5394.846066666668,7498.393933333335,10648.320480769235,14,1400.0,3048.989730322278,0.0,0.0,1557.4969039974255,2880.429942766458,4448.989730322278,13,1300.0,3019.1602455840457,0.0,0.0,1278.8108589805208,1278.8108589805208,4319.160245584046,1086.4860873565879,Stock OK
14,98,12899.8616,22,2200.0,6027.733425480773,0.0,0.0,4071.612808333336,5547.393191666669,8227.733425480772,11,1100.0,2186.4281452474856,0.0,0.0,394.6450397260428,1502.728646198647,3286.4281452474856,11,1100.0,2233.9662646405563,0.0,0.0,1325.4972244681735,1325.4972244681735,3333.9662646405563,878.9118688842675,Stock OK
15,1,9682.1252,22,2200.0,7853.537127403844,0.0,0.0,4230.760141666666,5440.576258333333,10053.537127403844,10,1000.0,2473.5028160760326,0.0,0.0,158.8240266831798,2165.3802896039747,3473.5028160760326,10,1000.0,3704.369280705435,0.0,0.0,989.9026121193932,1974.0474606882149,4704.369280705435,1685.8516318646261,Stock OK
15,2,22470.1144,22,2200.0,3731.710468749995,0.0,0.0,2314.24725833333,4469.409141666663,5931.710468749995,16,1600.0,2026.2422860825895,530.2553190183176,53.025531901831755,901.6267877108972,2240.6916430981682,4156.497605100907,16,1600.0,2614.578569146858,0.0,0.0,1185.918810440176,1185.918810440176,4214.578569146858,1140.5864947457376,Stock OK
15,3,11576.016399999999,22,2200.0,1711.1312049278847,28939.151916666666,2893.9151916666665,853.1684500000001,1682.3223333333335,32850.28312159455,9,900.0,1072.2485047551922,40364.68962117926,4036.468962117926,348.7891677292441,1179.3648903056587,42336.93812593445,12,1200.0,1231.5818809690454,0.0,0.0,381.079121045339,381.079121045339,2431.5818809690454,351.6969960629132,Stock OK
15,4,12100.931999999999,22,2200.0,499.0333754006414,1729.8853333333295,172.98853333333295,148.57261666666682,1198.7044500000002,4428.918708733971,13,1300.0,1238.0146937192587,162.5592968991407,16.25592968991407,707.2143601550429,1641.9387501938036,2700.573990618399,13,1300.0,1507.801249904637,0.0,0.0,157.18186548502933,1047.4248751087816,2807.801249904637,610.0705401934148,Stock OK
15,5,9877.8756,22,2200.0,10428.440360576922,0.0,0.0,6138.959849999999,7531.728149999999,12628.440360576922,9,900.0,2813.9403450884447,0.0,0.0,823.0203690790497,1899.4883089639309,3713.9403450884447,10,1000.0,2197.949423131746,0.0,0.0,1183.9291846680142,2180.8905551866824,3197.949423131746,1237.8664453697036,Stock OK
15,6,2243.0624,22,2200.0,2363.810540865384,0.0,0.0,1722.4525083333328,2067.279891666666,4563.810540865385,4,400.0,1102.178956966632,0.0,0.0,416.68704766353125,416.68704766353125,1502.178956966632,5,500.0,927.902025992742,0.0,0.0,520.4857496536677,520.4857496536677,1427.902025992742,195.9371785420863,Stock OK
15,7,15874.076400000002,22,2200.0,8716.218978365385,0.0,0.0,6493.104858333332,8438.077141666665,10916.218978365385,12,1200.0,3282.247269609589,0.0,0.0,1036.3891967173558,2308.48075778257,4482.247269609588,13,1300.0,2682.1906359931018,0.0,0.0,1418.4862595365103,1418.4862595365103,3982.1906359931018,1241.8636690531598,Stock OK
15,8,18125.4188,22,2200.0,2136.8853966346146,0.0,0.0,758.7486416666659,2400.8501583333327,4336.885396634614,15,1500.0,1606.873239640458,432.1492500000022,43.21492500000022,744.9570325407033,1913.8147920078964,3539.02248964046,15,1500.0,2047.4477316231134,0.0,0.0,360.87701019640167,1505.3872627104304,3547.447731623113,958.5635770263107,Stock OK
15,9,17446.6612,22,2200.0,329.8548557692307,28109.238000000005,2810.9238000000005,269.14426666666657,1565.220933333333,30639.092855769235,15,1500.0,1325.434703235328,10375.842341569589,1037.584234156959,1111.4802466777614,2149.9097275124814,13201.277044804916,16,1600.0,1578.4889587076084,0.0,0.0,907.5734406900397,907.5734406900397,3178.4889587076086,692.4715765655378,Stock OK
15,10,10320.1604,22,2200.0,699.639321915064,512.7687500000008,51.276875000000075,553.4320166666665,1494.5029333333332,3412.4080719150647,12,1200.0,1492.7149503401156,1040.9625090881502,104.09625090881502,928.9635834103316,1813.820070455924,3733.677459428266,12,1200.0,1692.7009226442485,0.0,0.0,359.51187570626223,1202.0633212250134,2892.7009226442487,613.924223285017,Stock OK
15,11,15308.994,22,2200.0,1013.9885757211542,44540.754166666666,4454.075416666667,1218.4994000000006,2268.3618333333343,47754.74274238782,12,1200.0,1239.4305991450349,26628.448075364595,2662.8448075364595,1078.5027705429657,1078.5027705429657,29067.87867450963,14,1400.0,1504.352943216937,7814.175262006748,781.4175262006748,475.7079697970764,1314.9886443968514,10718.528205223685,828.7545571318861,Stock OK
15,12,3677.2868000000003,22,2200.0,61.74083533653841,4049.6680000000024,404.96680000000026,58.292749999999984,347.91125,6311.4088353365405,7,700.0,514.0944262333974,1367.5982288278963,136.75982288278962,330.05662033790776,330.05662033790776,2581.6926550612934,8,800.0,706.4673063095864,0.0,0.0,372.64641712050656,372.64641712050656,1506.4673063095865,169.3012516955526,Stock OK
15,13,16716.066,22,2200.0,1237.700564903847,0.0,0.0,350.4041583333337,1834.4450416666668,3437.700564903847,15,1500.0,1525.1547862747657,1469.341547772441,146.9341547772441,102.27546122515628,2324.636381447912,4494.496334047207,15,1500.0,1767.4320893632305,0.0,0.0,565.3189925773763,1640.699254547189,3267.4320893632303,819.4343707594393,Stock OK
15,14,9350.848399999999,22,2200.0,3871.997896634616,0.0,0.0,2483.9608749999993,3513.074724999999,6071.997896634616,10,1000.0,1672.4041898814287,0.0,0.0,520.7297099311481,1446.05274714572,2672.4041898814285,10,1000.0,1427.551362837642,0.0,0.0,877.8876313177407,877.8876313177407,2427.551362837642,559.8454222836677,Stock OK
15,16,15402.5544,22,2200.0,1662.8190444711536,53953.58500000001,5395.3585,3057.502341666667,4193.563058333333,57816.40404447116,12,1200.0,1545.1576270494306,28634.902757637763,2863.4902757637765,1803.8253607815036,1803.8253607815036,31380.060384687193,10,1000.0,2894.8635051284446,12679.641250000004,1267.9641250000004,1139.1174803460185,1139.1174803460185,16574.504755128448,695.6449845678522,Stock OK
15,17,9035.2448,22,2200.0,2984.930973557692,0.0,0.0,1432.001341666667,2342.1966583333337,5184.930973557692,10,1000.0,1225.3075743469667,0.0,0.0,162.02639131291244,1032.2461931254584,2225.3075743469667,10,1000.0,1601.1345162181717,0.0,0.0,820.6867330742621,820.6867330742621,2601.1345162181715,568.8319816053527,Stock OK
15,19,961.7476,22,2200.0,149.19185096153865,0.0,0.0,61.4944166666668,150.47198333333347,2349.191850961539,4,400.0,334.3707547696523,0.0,0.0,260.05204796835073,260.05204796835073,734.3707547696523,4,400.0,412.71277240342295,0.0,0.0,244.75489571130038,244.75489571130038,812.712772403423,67.67869638231699,Stock OK
15,20,3983.1295999999998,22,2200.0,155.70963942307702,1180.8039999999978,118.08039999999977,184.0617000000001,536.1583000000002,3536.513639423075,7,700.0,687.1371312020794,506.41273096103504,50.641273096103504,384.3600701779222,384.3600701779222,1893.5498621631145,8,800.0,863.3125927092119,0.0,0.0,191.09750705158223,711.9663937732369,1663.312592709212,204.12968112437352,Stock OK
15,21,2509.416,22,2200.0,546.2325120192307,0.0,0.0,288.1144416666666,531.3779583333333,2746.232512019231,6,600.0,666.4804262322939,0.0,0.0,104.89723230954952,554.7808237714595,1266.480426232294,6,600.0,749.9102404943789,0.0,0.0,449.50479413459345,449.50479413459345,1349.9102404943787,160.13728511155523,Stock OK
15,22,7116.0816,22,2200.0,1193.101286057692,0.0,0.0,514.8371249999996,1178.3952749999994,3393.101286057692,10,1000.0,1034.9687192865267,0.0,0.0,566.4456809801643,1309.4667983112936,2034.9687192865267,9,900.0,1221.7747942783053,0.0,0.0,502.51377284799463,502.51377284799463,2121.7747942783053,449.59423254990014,Stock OK
15,23,18273.1816,22,2200.0,2207.8004086538454,297.3235000000034,29.732350000000338,1700.9534083333328,3435.249291666666,4705.123908653849,15,1500.0,1926.1992566945407,5115.690242626133,511.5690242626133,455.71660884864184,2858.160510323415,8541.889499320674,16,1600.0,1864.331432697846,0.0,0.0,671.7702404587347,1761.337441489317,3464.331432697846,1144.511415968119,Stock OK
15,24,4175.29,22,2200.0,1363.8028004807697,0.0,0.0,439.24964166666666,840.5139583333333,3563.8028004807697,7,700.0,822.6513562246372,777.111425405804,77.7111425405804,548.9119929837678,548.9119929837678,2299.762781630441,8,800.0,884.911699485402,0.0,0.0,339.260761124979,339.260761124979,1684.911699485402,309.0504490434283,Stock OK
15,25,7152.5612,22,2200.0,2165.672500000001,0.0,0.0,1210.3806333333341,1937.5929666666675,4365.672500000001,9,900.0,1215.3048957420724,0.0,0.0,161.00607568854912,938.8496726496178,2115.3048957420724,10,1000.0,1455.625074324924,0.0,0.0,474.82744191185884,1201.1130132353987,2455.625074324924,528.9694786229186,Stock OK
15,26,3717.0764000000004,22,2200.0,2199.7280288461543,0.0,0.0,967.9845000000006,1375.3811000000005,4399.728028846154,7,700.0,907.3122993567633,14.398188168587183,1.4398188168587183,388.6435362366283,970.8410724732565,1621.7104875253506,7,700.0,897.899555687519,458.2882273639413,45.82882273639413,165.232338631803,702.7965079477045,2056.18778305146,319.85872261697716,Stock OK
15,27,1137.5504000000003,22,2200.0,712.7078846153844,0.0,0.0,340.60209999999984,469.1370999999998,2912.7078846153845,4,400.0,466.25038527337534,0.0,0.0,36.30769475495566,363.3262263399409,866.2503852733753,4,400.0,465.52440323578196,0.0,0.0,362.63592113390916,362.63592113390916,865.524403235782,94.77416410323379,Stock OK
15,28,446.994,22,2200.0,385.0710576923077,0.0,0.0,186.17376666666667,241.23183333333333,2585.0710576923075,2,200.0,307.618331277047,0.0,0.0,63.650626352085865,63.650626352085865,507.618331277047,2,200.0,329.7306044944326,0.0,0.0,78.98180244947322,78.98180244947322,529.7306044944326,52.40120619047477,Stock OK
15,29,3700.9767999999995,22,2200.0,1269.474495192308,0.0,0.0,822.2534166666668,1215.5777833333334,3469.474495192308,7,700.0,912.3308670129638,0.0,0.0,321.33424375055466,893.3883260423138,1612.3308670129638,7,700.0,771.78686830515,0.0,0.0,120.16604950424761,658.6920994216223,1471.7868683051502,219.5921033568634,Stock OK
15,30,2816.5391999999997,22,2200.0,320.55847956730764,160.62174999999996,16.062174999999996,411.38730000000004,690.67985,2681.1802295673074,6,600.0,704.3732955466209,270.7483644733955,27.07483644733955,521.7694771053207,521.7694771053207,1575.1216600200162,6,600.0,776.062823607562,0.0,0.0,343.01851889711645,343.01851889711645,1376.062823607562,140.26665174500312,Stock OK
15,31,2055.5956,22,2200.0,505.46856971153863,0.0,0.0,135.52144166666668,326.05335833333334,2705.4685697115387,5,500.0,488.6081742377771,508.96594500895674,50.896594500895674,271.8434203327362,271.8434203327362,1497.574119246734,6,600.0,566.6064063364555,0.0,0.0,281.65408007193093,281.65408007193093,1166.6064063364556,124.66684322541781,Stock OK
15,32,3838.3228000000004,22,2200.0,1254.2717548076912,0.0,0.0,933.3035833333329,1348.227616666666,3454.271754807691,7,700.0,961.1928271264472,0.0,0.0,309.37240614503224,896.9239321692044,1661.1928271264474,7,700.0,981.0058722903304,0.0,0.0,538.0133734050501,538.0133734050501,1681.0058722903304,236.05773016216,Stock OK
15,33,3963.1852,22,2200.0,621.3961568509617,678.7970833333304,67.87970833333304,0.0,338.72221666666667,3500.1932401842923,7,700.0,690.7291112587908,791.1619224930641,79.11619224930641,340.0642804584489,340.0642804584489,2181.891033751855,8,800.0,737.8749263965873,0.0,0.0,303.79624167893377,303.79624167893377,1537.8749263965874,301.0253367492161,Stock OK
15,34,10978.5276,22,2200.0,1926.0523778044878,667.1851666666646,66.71851666666646,1466.588133333334,2542.970500000001,4793.237544471152,11,1100.0,1484.9605454571838,373.4774599789921,37.34774599789921,136.74473601890622,1083.079840021007,2958.438005436176,12,1200.0,2113.0255180365502,0.0,0.0,352.15112489087824,1235.4334135173217,3313.0255180365502,815.6063208433184,Stock OK
15,35,1893.0867999999998,22,2200.0,1212.915757211538,0.0,0.0,803.1635249999996,1037.6200749999996,3412.915757211538,5,500.0,749.01079632198,0.0,0.0,225.25746971479782,666.9223308934974,1249.01079632198,5,500.0,672.5107350121992,0.0,0.0,135.41202210845813,554.6155213855727,1172.5107350121993,169.05061980967537,Stock OK
15,36,1056.5308,22,2200.0,575.3958653846155,1517.5229999999992,151.75229999999993,396.3843999999999,509.5289999999999,4292.918865384615,4,400.0,441.6299959521174,400.42699999999996,40.042699999999996,73.67801902297262,380.4944253639635,1242.0569959521174,4,400.0,469.464264939199,400.42699999999996,40.042699999999996,319.26170527058997,319.26170527058997,1269.891264939199,120.99632754816653,Stock OK
15,38,44015.96599999999,22,2200.0,8225.869555288464,0.0,0.0,4640.158525,8871.125875,10425.869555288464,21,2100.0,4222.279939054025,57.405892778933776,5.740589277893378,1736.6404892915796,5489.060953578597,6379.685831832959,21,2100.0,4418.317838723184,0.0,0.0,1357.6362449626783,3216.0720173418536,6518.317838723184,2551.4916438174623,Stock OK
15,40,26741.5312,22,2200.0,2852.201442307691,0.0,0.0,976.8888999999995,3387.1862999999994,5052.201442307691,19,1900.0,1899.9344790817572,342.6833743071438,34.26833743071438,982.0526654059345,3814.2725981089015,4142.6178533889015,18,1800.0,2536.625800225835,0.0,0.0,928.9761439770734,2343.9797465639604,4336.625800225835,1366.015407713367,Stock OK
15,41,1402.6096000000002,22,2200.0,407.7181059695515,550.7275833333312,55.07275833333311,0.0,117.17711666666668,3158.4456893028823,5,500.0,390.5483028813404,142.9185875097312,14.29185875097312,36.3921987470805,348.62826499610736,1033.4668903910715,6,600.0,289.65512525036587,59.764976979238895,5.9764976979238895,97.20193651038045,97.20193651038045,949.4201022296048,85.60940718013171,Stock OK
15,42,3361.4615999999996,22,2200.0,253.92727163461515,0.0,0.0,46.81390833333322,343.18569166666657,2453.927271634615,7,700.0,628.71717789389,276.79969214173184,27.679969214173184,90.19337892913381,586.7629347149606,1605.5168700356219,7,700.0,779.6258390425912,0.0,0.0,352.1743028400066,352.1743028400066,1479.6258390425912,212.79623671450645,Stock OK
15,44,2992.1076000000003,22,2200.0,632.8950961538467,0.0,0.0,223.63893333333348,503.26906666666684,2832.8950961538467,6,600.0,640.299062291069,0.0,0.0,321.38005884541246,321.38005884541246,1240.299062291069,7,700.0,691.1145113604066,0.0,0.0,140.56937586532578,592.77467184288,1391.1145113604066,180.2202243350739,Stock OK
15,46,10557.8076,22,2200.0,1224.1887379807697,0.0,0.0,1105.0601916666665,2119.222608333333,3424.1887379807695,11,1100.0,1453.1545270732613,0.0,0.0,1067.779586591058,1067.779586591058,2553.1545270732613,11,1100.0,1751.258767282486,0.0,0.0,642.7617419181987,642.7617419181987,2851.2587672824857,527.8630719346606,Stock OK
15,49,8730.966,22,2200.0,1219.9802283653846,0.0,0.0,209.58729166666694,987.0267083333335,3419.9802283653844,10,1000.0,796.2602786030234,3861.9542757921918,386.1954275792192,59.703077936624766,863.9602474207809,5658.214554395216,10,1000.0,1530.6725407870674,0.0,0.0,611.5133958105246,611.5133958105246,2530.672540787067,533.3255983622435,Stock OK
15,50,2075.26,22,2200.0,260.09134615384613,0.0,0.0,23.41333333333337,205.9066666666667,2460.091346153846,6,600.0,516.3193349136286,168.00593167143802,16.800593167143802,163.5776273314247,553.2370341642809,1284.3252665850666,5,500.0,663.7296922977769,0.0,0.0,245.7591854470457,245.7591854470457,1163.7296922977769,140.10848632876534,Stock OK
15,52,1196.9244,22,2200.0,512.3903365384613,0.0,0.0,301.2626333333332,431.53976666666654,2712.3903365384613,4,400.0,451.09112524657246,0.0,0.0,315.4002562051483,315.4002562051483,851.0911252465725,4,400.0,467.1731946940155,0.0,0.0,296.3344590101668,296.3344590101668,867.1731946940155,94.10961983698535,Stock OK
15,55,3369.8559999999998,22,2200.0,4848.8296274038485,0.0,0.0,3167.452208333336,3735.9137916666696,7048.8296274038485,5,500.0,1559.6969453628458,0.0,0.0,233.71997801437226,921.4408787679653,2059.696945362846,5,500.0,1175.7890529774022,0.0,0.0,517.0831115387483,517.0831115387483,1675.7890529774022,368.6419335082909,Stock OK
15,56,2964.9784000000004,22,2200.0,1193.1601081730767,5749.1975,574.91975,1159.7960416666667,1468.4790583333336,9142.357608173077,5,500.0,863.1463184825978,3249.66275,324.966275,356.90402093935387,356.90402093935387,4612.809068482598,4,400.0,1278.5403563354764,3249.66275,324.966275,493.2239802613496,493.2239802613496,4928.203106335476,234.63786701500317,Stock OK
15,59,92.83160000000001,22,2200.0,271.34492788461534,0.0,0.0,183.48541666666662,207.51298333333327,2471.3449278846156,1,100.0,274.0027384044884,0.0,0.0,84.59905464029686,84.59905464029686,374.0027384044884,1,100.0,279.57602205602456,0.0,0.0,72.7786101753062,72.7786101753062,379.57602205602456,32.25052367391554,Stock OK
15,60,93.92,22,2200.0,213.93557692307695,0.0,0.0,144.91200000000006,165.68000000000006,2413.935576923077,1,100.0,236.22540130964933,0.0,0.0,68.68151882757125,68.68151882757125,336.2254013096493,1,100.0,118.93313844501225,0.0,0.0,24.120731991406362,24.120731991406362,218.93313844501225,10.160888715864239,Stock OK
15,67,4738.5336,22,2200.0,1335.2320192307693,0.0,0.0,1072.8656666666668,1578.2047333333335,3535.2320192307693,7,700.0,1090.4219563472734,1196.3259999999996,119.63259999999997,678.0130925022029,678.0130925022029,2986.747956347273,7,700.0,1211.0256334388364,0.0,0.0,355.0754058509269,355.0754058509269,1911.0256334388364,331.76400378113374,Stock OK
15,71,3645.8196,22,2200.0,814.2580408653837,0.0,0.0,527.5654749999991,890.468524999999,3014.258040865384,7,700.0,791.3906698446845,0.0,0.0,195.45355961806717,744.9399903877451,1491.3906698446845,7,700.0,889.4402987150766,0.0,0.0,126.063027942453,663.9843700995285,1589.4402987150766,258.94236704614104,Stock OK
15,72,27016.7604,22,2200.0,21200.827836538472,0.0,0.0,12597.255866666672,16041.95293333334,23400.827836538472,15,1500.0,5197.390344120292,0.0,0.0,1851.205858393565,3544.1287625645336,6697.390344120292,16,1600.0,4755.243171075902,0.0,0.0,1903.7282545793823,3487.2911248846744,6355.243171075902,2486.804427612919,Stock OK
15,74,12355.6144,22,2200.0,1084.9275040064113,543.090666666659,54.3090666666659,573.2737583333335,1692.8023750000002,3828.01817067307,12,1200.0,1431.9006799374301,2160.236457543406,216.02364575434058,1121.0874292456585,1121.0874292456585,4792.137137480836,13,1300.0,1538.6892043739645,0.0,0.0,309.56796533606445,1225.0587520307365,2838.6892043739645,590.5415998601885,Stock OK
15,79,7077.188400000001,22,2200.0,1106.4401442307708,0.0,0.0,551.1480000000012,1214.4816000000012,3306.440144230771,10,1000.0,1039.0414590511746,0.0,0.0,603.8704779973325,1346.7658644414805,2039.0414590511746,9,900.0,1207.7495598802693,0.0,0.0,596.0888530929952,596.0888530929952,2107.7495598802693,384.9217486009982,Stock OK
15,80,66.9244,22,2200.0,0.4741346153846155,377.4534545454546,37.74534545454546,0.0,2.537309090909091,2577.927589160839,2,200.0,57.31510281545474,14.607683747827021,1.460768374782702,30.234467988853673,30.234467988853673,271.92278656328176,2,200.0,74.61502568254137,2.404363636363631,0.24043636363636312,69.90693809927434,69.90693809927434,277.01938931890504,6.2698956569218804,Stock OK
15,81,3640.3596000000002,22,2200.0,902.8279206730775,0.0,0.0,445.66955833333384,800.9764416666673,3102.8279206730776,7,700.0,731.8326542511908,0.0,0.0,154.83182803362783,698.5370118725658,1431.832654251191,7,700.0,843.06374719322,0.0,0.0,47.74228156979356,573.5992076647592,1543.06374719322,197.10162810269898,Stock OK
15,82,8754.9956,22,2200.0,2351.493353365384,0.0,0.0,1381.9923916666667,2263.4696083333333,4551.493353365384,10,1000.0,1314.2657249309555,0.0,0.0,274.65252023295864,1131.033886369954,2314.2657249309555,11,1100.0,1654.7910138454063,0.0,0.0,526.719700705852,1322.6696482764373,2754.7910138454063,555.0922716505836,Stock OK
15,83,206.7864,22,2200.0,85.21764423076924,0.0,0.0,58.95943333333333,82.06776666666667,2285.217644230769,2,200.0,210.2276595039593,0.0,0.0,105.19276616583532,105.19276616583532,410.22765950395933,2,200.0,254.40129222523385,0.0,0.0,134.59473610511563,134.59473610511563,454.4012922252339,18.19308367613428,Stock OK
15,85,2669.1224,22,2200.0,809.2203365384618,0.0,0.0,547.8469666666667,827.5834333333335,3009.2203365384617,6,600.0,699.9854158523277,0.0,0.0,162.64284744842092,645.0749569381051,1299.9854158523276,7,700.0,562.1231336380434,0.0,0.0,125.82841059726269,521.7194290301397,1262.1231336380433,160.4535311923142,Stock OK
15,87,9170.845999999998,22,2200.0,201.61539663461554,6582.30899999999,658.230899999999,0.0,740.2274000000001,8983.924396634606,11,1100.0,732.4783654307662,2181.075127515946,218.10751275159458,5.33602310645955,790.1093641419461,4013.553492946712,11,1100.0,1145.7861527334735,0.0,0.0,637.1966732600645,637.1966732600645,2245.7861527334735,515.4956608845625,Stock OK
15,90,4391.3232,22,2200.0,1140.1972475961536,0.0,0.0,490.3503249999998,914.8436749999997,3340.197247596154,8,800.0,783.0304687061877,0.0,0.0,405.434239963548,999.7224421011977,1583.0304687061875,7,700.0,893.5966369701744,0.0,0.0,497.425291959185,497.425291959185,1593.5966369701744,254.9173115184557,Stock OK
15,91,2952.2491999999993,22,2200.0,464.1522716346153,0.0,0.0,194.40590833333334,468.0280916666667,2664.1522716346153,6,600.0,623.8760286064437,0.0,0.0,320.9679710005344,320.9679710005344,1223.8760286064437,6,600.0,690.5367202630758,0.0,0.0,328.232312117699,328.232312117699,1290.536720263076,150.85862226607728,Stock OK
15,92,16554.464799999998,22,2200.0,1230.3957001201936,1076.5910833333214,107.65910833333214,0.0,1430.1570166666668,4506.986783453514,15,1500.0,1670.5811806781783,357.19748137455326,35.719748137455326,897.9856527806941,1988.8067370409253,3527.7786620527318,14,1400.0,1689.793631458803,0.0,0.0,214.2049806830961,1339.084538812565,3089.7936314588032,907.96198189428,Stock OK
15,93,351.916,22,2200.0,65.05418269230769,0.0,0.0,33.1569,66.64150000000001,2265.0541826923077,3,300.0,205.52426142746333,5.546999999999969,0.5546999999999969,32.68703250546391,199.59774875819588,511.0712614274633,3,300.0,209.87208291367156,0.0,0.0,13.028761989449853,170.38769298417478,509.87208291367153,23.721324523049283,Stock OK
15,95,25330.2388,22,2200.0,791.7852524038461,10684.248000000003,1068.4248000000002,617.9966999999998,2781.4584999999997,13676.03325240385,18,1800.0,1722.785707273392,4110.862972161899,411.0862972161899,1133.9349463244462,2475.5758139190493,7633.648679435291,19,1900.0,2577.882149874101,0.0,0.0,1091.6731520861567,2379.268666090943,4477.882149874101,1192.457781276182,Stock OK
15,96,3837.5788,22,2200.0,11.079924879807695,15915.01725,1591.501725,0.0,195.31105000000002,18126.097174879807,8,800.0,273.89110960502353,7228.324876002143,722.8324876002143,0.0,403.1113910571122,8302.215985607167,10,1000.0,504.6530180040743,1175.1710933883771,117.51710933883771,30.78332528929775,414.99204095045997,2679.8241113924514,156.0941512853541,Stock OK
15,97,1719.8884,22,2200.0,191.10587740384622,581.3168333333322,58.131683333333214,225.5102000000001,389.6203666666668,2972.422710737178,5,500.0,491.5151031728777,0.0,0.0,373.84050699985204,373.84050699985204,991.5151031728776,5,500.0,566.1388885175597,0.0,0.0,217.8310446401664,217.8310446401664,1066.1388885175597,100.87713002368012,Stock OK
15,98,381.70559999999995,22,2200.0,5.250660350678735,974.3615294117643,97.43615294117643,4.509623529411767,29.620847058823532,3179.612189762443,3,300.0,172.4608546731696,97.80139313901262,9.780139313901262,99.36891269599055,99.36891269599055,570.2622478121822,3,300.0,271.8798482452705,0.0,0.0,162.75786537162287,162.75786537162287,571.8798482452705,27.09341795176384,Stock OK
16,1,8235.072400000001,22,2200.0,5182.811346153846,0.0,0.0,2888.2228666666674,3855.4659333333343,7382.811346153846,9,900.0,1709.5750246865898,0.0,0.0,392.4041313967831,1289.480622821381,2609.57502468659,9,900.0,2168.808183200863,0.0,0.0,950.1308646975355,950.1308646975355,3068.808183200863,831.065480755116,Stock OK
16,2,20737.3936,22,2200.0,2543.2635697115375,0.0,0.0,1619.0708083333327,3563.111191666666,4743.2635697115375,16,1600.0,2028.1436881408367,1694.6830251406254,169.46830251406254,1424.9368899437493,2696.7236641057284,5322.826713281462,16,1600.0,2648.1828129099454,0.0,0.0,928.4079829339096,2178.39071679617,4248.182812909945,1062.7054544761013,Stock OK
16,3,6759.166799999999,22,2200.0,891.9140785256417,2920.810666666657,292.0810666666657,330.06593333333353,921.1226000000004,6012.724745192299,9,900.0,860.0378389367647,6276.723620769169,627.6723620769169,365.1338227538497,1066.3892303384664,8036.761459705935,10,1000.0,1145.945418851266,0.0,0.0,195.39691680386653,869.6167742265184,2145.945418851266,310.7214732206794,Stock OK
16,4,13488.3812,22,2200.0,947.3379567307719,0.0,0.0,403.83691666666823,1611.855883333335,3147.337956730772,13,1300.0,1366.4794562454674,0.0,0.0,354.0394447042107,1356.5721275962283,2666.479456245467,13,1300.0,1703.742094088508,0.0,0.0,865.3759528740073,865.3759528740073,3003.742094088508,696.7409082877319,Stock OK
16,5,9650.0128,22,2200.0,5128.409699519231,0.0,0.0,2988.4789583333345,4087.478241666668,7328.409699519231,10,1000.0,1947.4068538662568,0.0,0.0,604.5165515323154,1560.7421544803506,2947.406853866257,10,1000.0,1983.1456140858184,0.0,0.0,363.45433367443826,1292.8952457493758,2983.145614085818,721.0870509049886,Stock OK
16,6,4014.0735999999997,22,2200.0,1008.8404086538461,0.0,0.0,616.6080166666667,1019.2759833333333,3208.840408653846,7,700.0,866.448069740545,0.0,0.0,641.5906835449202,641.5906835449202,1566.448069740545,8,800.0,1311.373699346453,0.0,0.0,806.1366773941164,806.1366773941164,2111.3736993464527,377.170833257255,Stock OK
16,7,8937.971599999999,22,2200.0,1768.6528365384604,0.0,0.0,1861.1003333333324,2800.1500666666657,3968.65283653846,10,1000.0,1665.8653533332233,303.17496322831175,30.317496322831175,456.0722628700909,1339.9780147086753,2969.0403165615353,11,1100.0,1856.3332743191993,0.0,0.0,353.9143684393444,1142.2455052832788,2956.3332743191995,514.0964784329578,Stock OK
16,8,12289.4484,22,2200.0,2742.383485576921,0.0,0.0,1197.9382833333311,2370.754516666664,4942.383485576921,12,1200.0,1594.942394198258,0.0,0.0,335.76673971325704,1323.584084232644,2794.9423941982577,12,1200.0,1574.4681680952353,0.0,0.0,134.00791276988002,1103.48354574896,2774.4681680952353,670.006292608579,Stock OK
16,9,38386.3088,22,2200.0,636.690655048077,116865.889,11686.588899999999,406.8070500000001,2763.89635,119702.57965504807,21,2100.0,997.5177909209646,88718.77754247625,8871.877754247625,628.6545942084654,3429.438982625396,91816.29533339721,21,2100.0,2608.526858911708,11392.584224115595,1139.2584224115594,1165.890566328732,3103.5187326574637,16101.111083027303,2242.888135136558,Stock OK
16,10,11192.932400000002,22,2200.0,2003.563701923079,0.0,0.0,823.0105000000013,1867.8751000000016,4203.563701923079,12,1200.0,1592.532952558597,0.0,0.0,630.5143141944096,1562.891570030265,2792.5329525585967,13,1300.0,1779.7918420442404,0.0,0.0,727.8686080775755,1590.66061708404,3079.79184204424,835.0071042361121,Stock OK
16,11,11914.603200000003,22,2200.0,598.4225691105765,7207.3492500000075,720.7349250000008,0.0,973.3798499999999,10005.771819110585,12,1200.0,1163.116810501007,8565.630892105328,856.5630892105328,301.12539357894684,1201.0431871578935,10928.747702606335,14,1400.0,1365.1289744452883,0.0,0.0,462.2988610986084,1302.0551907985014,2765.1289744452883,761.7285624714331,Stock OK
16,12,4301.369599999999,22,2200.0,69.33214743589747,5284.161333333332,528.4161333333332,1.6286666666666747,329.8532,7553.493480769229,8,800.0,608.3644000224328,594.9010159639956,59.49010159639957,431.04337904216015,431.04337904216015,2003.2654159864285,9,900.0,749.6733417442979,0.0,0.0,376.0947247940102,376.0947247940102,1649.6733417442979,225.53163838233198,Stock OK
16,13,14035.673200000001,22,2200.0,695.4814943910258,3253.178666666664,325.3178666666664,153.7130833333331,1359.2842499999997,6148.66016105769,14,1400.0,1174.7969982852728,1493.9880588264475,149.39880588264475,941.7962775733467,1943.312733088016,4068.7850571117206,14,1400.0,1692.403510401829,0.0,0.0,232.201608229596,1190.6260742472573,3092.403510401829,685.7816075973669,Stock OK
16,14,6890.394,22,2200.0,2798.871622596151,0.0,0.0,1583.0200916666647,2319.8387083333314,4998.871622596151,9,900.0,1310.900688889803,0.0,0.0,478.5482943072927,1261.5125904707043,2210.900688889803,9,900.0,1276.7965942873375,0.0,0.0,544.4058231547369,544.4058231547369,2176.7965942873375,479.4695234713632,Stock OK
16,16,10856.248399999999,22,2200.0,1262.2535857371793,38002.644666666674,3800.2644666666674,2126.619633333333,2925.1068999999998,41464.89825240385,9,900.0,1076.17728954662,37053.42653945859,3705.342653945859,1382.4678575676762,1382.4678575676762,39029.60382900521,9,900.0,2376.986298628317,13670.159000000001,1367.0159,813.2161992875066,813.2161992875066,16947.14529862832,487.1790446640216,Stock OK
16,17,6733.818,22,2200.0,658.3374308894233,559.4644166666683,55.94644166666683,0.0,580.6844833333333,3417.801847556092,10,1000.0,839.7684053308383,0.0,0.0,392.88524323525746,1087.9604119280639,1839.7684053308383,10,1000.0,1154.4772019797738,0.0,0.0,122.68098351270879,787.7334566807876,2154.477201979774,422.0767679720066,Stock OK
16,19,1282.2412000000002,22,2200.0,5.433635817307691,5705.9475,570.59475,0.0,61.882299999999994,7911.381135817308,5,500.0,196.74659631909833,1915.9003496669384,191.59003496669385,136.69942875832652,136.69942875832652,2612.646945986037,5,500.0,349.3469522733937,120.71183923780417,12.071183923780417,181.57914151905487,181.57914151905487,970.0587915111979,96.21837447205135,Stock OK
16,20,3380.0584,22,2200.0,90.66376001602569,3360.230666666666,336.0230666666666,63.579383333333396,333.8067500000001,5650.894426682691,7,700.0,529.8293185630412,475.72777128879665,47.572777128879665,391.9862296533404,391.9862296533404,1705.5570898518379,8,800.0,654.3757314589901,0.0,0.0,88.03215814153012,525.5678021617487,1454.3757314589902,158.63759707942705,Stock OK
16,21,2891.3992,22,2200.0,812.9715745192316,0.0,0.0,578.6316916666672,880.3735083333338,3012.9715745192316,6,600.0,798.9257941071205,0.0,0.0,567.502082806785,567.502082806785,1398.9257941071205,6,600.0,771.7781963295355,0.0,0.0,454.15154131954495,454.15154131954495,1371.7781963295356,149.43173636163277,Stock OK
16,22,6143.963599999999,22,2200.0,330.113952323718,3118.9250833333313,311.8925083333331,0.0,507.13661666666667,5649.03903565705,10,1000.0,769.1724023995826,283.51240534675185,28.351240534675185,491.1981812758071,1140.7654719137106,2052.6848077463346,10,1000.0,942.322644723276,0.0,0.0,149.70125719069586,764.474582989662,1942.322644723276,349.8407401621016,Stock OK
16,23,10755.054800000002,22,2200.0,326.76954427083325,3588.418583333335,358.8418583333335,0.0,904.0185166666666,6115.188127604168,12,1200.0,1060.973015649428,2043.0019130468474,204.30019130468474,345.15535162891854,1212.417368476576,4303.974928696275,13,1300.0,1281.8629815318045,0.0,0.0,614.7242081483362,1449.203477577364,2581.8629815318045,653.1017317073984,Stock OK
16,24,1868.2315999999996,22,2200.0,797.2294951923084,0.0,0.0,401.25391666666707,598.6004833333337,2997.2294951923086,5,500.0,595.7052256780371,0.0,0.0,48.61442682053344,453.8209710256668,1095.705225678037,5,500.0,663.6272000374631,0.0,0.0,277.7711183312918,277.7711183312918,1163.6272000374631,168.8783528901277,Stock OK
16,25,4660.732,22,2200.0,368.46561298076955,0.0,0.0,117.3794250000002,532.8673750000002,2568.4656129807695,8,800.0,817.8623206979923,458.5567500000002,45.85567500000002,124.01019503102606,711.9608514640297,2076.4190706979925,8,800.0,969.588181569875,0.0,0.0,383.18851778739634,383.18851778739634,1769.588181569875,306.54547102882907,Stock OK
16,26,1547.1432000000002,22,2200.0,808.5652163461538,0.0,0.0,443.59611666666655,616.7038833333332,3008.5652163461536,4,400.0,585.3069348872131,0.0,0.0,230.54697076852204,230.54697076852204,985.3069348872131,4,400.0,613.9720105721327,0.0,0.0,152.28366982262128,152.28366982262128,1013.9720105721327,134.75284124807598,Stock OK
16,27,727.9604000000002,22,2200.0,28.271081730769215,147.30800000000022,14.730800000000023,13.370299999999986,76.5529,2375.5790817307698,3,300.0,291.1701179864634,154.66900000000015,15.466900000000017,70.11127223531915,70.11127223531915,745.8391179864636,4,400.0,323.10261489859414,0.0,0.0,46.389652874851464,272.91503716646866,723.1026148985941,55.91616438082523,Stock OK
16,28,168.0276,22,2200.0,193.61320913461546,0.0,0.0,91.36812500000005,113.92427500000005,2393.6132091346153,2,200.0,205.32646084102595,0.0,0.0,2.7982918998519644,139.78995879970395,405.32646084102595,2,200.0,244.70315730052627,0.0,0.0,20.999076041132145,176.1915270822643,444.7031573005263,27.332402988781496,Stock OK
16,29,1339.9476,22,2200.0,260.4962860576922,0.0,0.0,108.65085833333325,234.61594166666657,2460.496286057692,4,400.0,421.75156080494764,0.0,0.0,143.93137041308125,143.93137041308125,821.7515608049476,5,500.0,443.97399749769073,0.0,0.0,78.40571743173217,385.7571405396652,943.9739974976908,86.25275642583725,Stock OK
16,30,1298.4463999999994,22,2200.0,51.11563301282053,2167.722999999999,216.77229999999992,71.59573333333334,171.88006666666666,4418.83863301282,5,500.0,351.92033775403496,0.0,0.0,296.2495116172831,296.2495116172831,851.920337754035,5,500.0,411.76210769734087,0.0,0.0,241.45517800348966,241.45517800348966,911.7621076973409,73.42799721128696,Stock OK
16,31,852.9587999999999,22,2200.0,543.9585456730772,0.0,0.0,343.73215833333325,447.79224166666654,2743.9585456730774,3,300.0,433.128996221982,0.0,0.0,185.85546310884322,185.85546310884322,733.128996221982,3,300.0,421.54078639049806,0.0,0.0,128.78074106407868,128.78074106407868,721.540786390498,73.45796786169188,Stock OK
16,32,3799.3324,22,2200.0,653.5414783653845,0.0,0.0,583.2426583333331,964.3361416666664,2853.5414783653846,7,700.0,828.165613489384,181.07775000000004,18.107775000000004,168.95256336150766,732.0420572550922,1709.2433634893841,7,700.0,1041.2756296554867,0.0,0.0,603.7679164067788,603.7679164067788,1741.2756296554867,195.20240634677737,Stock OK
16,33,1980.464,22,2200.0,246.39759615384645,0.0,0.0,53.30793333333355,230.1576666666669,2446.3975961538463,5,500.0,504.1470440178566,0.0,0.0,202.74554502116362,202.74554502116362,1004.1470440178566,6,600.0,613.1541429251267,0.0,0.0,148.65857147733223,521.4281657727987,1213.1541429251267,155.54092005296062,Stock OK
16,34,4812.137200000001,22,2200.0,281.0771694711536,2345.723333333334,234.57233333333338,217.55122499999973,634.5178416666664,4826.800502804487,8,800.0,728.8386920426699,989.9698187565989,98.99698187565988,35.28133281085027,624.2772793730203,2518.808510799269,9,900.0,923.9301408072654,0.0,0.0,252.62672679303742,807.540977017167,1823.9301408072654,292.10508030812997,Stock OK
16,35,132.96839999999997,22,2200.0,763.6872716346153,0.0,0.0,556.7201416666666,616.6930583333332,2963.687271634615,1,100.0,463.23771586113685,0.0,0.0,180.36838358615645,180.36838358615645,563.2377158611368,1,100.0,307.4855169527909,0.0,0.0,113.33832819045128,113.33832819045128,407.4855169527909,18.22873289626005,Stock OK
16,36,1130.7035999999998,22,2200.0,315.71808894230776,322.6819999999997,32.268199999999965,310.67109999999997,433.2021,2838.400088942308,4,400.0,461.66544686456734,0.0,0.0,330.25094503593044,330.25094503593044,861.6654468645673,3,300.0,624.443969212,0.0,0.0,122.53522158958924,122.53522158958924,924.443969212,115.40003441972124,Stock OK
16,38,41875.9284,22,2200.0,11437.464158653851,0.0,0.0,7251.264683333336,11523.19451666667,13637.464158653851,20,2000.0,4222.185702044326,97.34440394117883,9.734440394117883,2247.1148384235244,6017.656243226465,6319.530105985505,20,2000.0,5876.039332618939,0.0,0.0,2844.4975830847225,2844.4975830847225,7876.039332618939,2536.085566185174,Stock OK
16,40,27137.858,22,2200.0,4282.7360216346215,0.0,0.0,2653.343375000004,5243.882625000004,6482.7360216346215,18,1800.0,2511.528427769581,320.01428996053846,32.001428996053846,1737.7162580044378,3205.820020004931,4631.542717730119,17,1700.0,3022.3651200226905,0.0,0.0,1724.612116157355,1724.612116157355,4722.3651200226905,1426.396527701575,Stock OK
16,41,1180.8396,22,2200.0,462.59355769230785,0.0,0.0,410.1263666666668,548.4712333333334,2662.593557692308,4,400.0,510.86169916978827,0.0,0.0,383.750603372058,383.750603372058,910.8616991697883,4,400.0,573.6063797806206,0.0,0.0,287.88893916528684,287.88893916528684,973.6063797806206,84.6651807458656,Stock OK
16,42,3705.7064,22,2200.0,86.72079326923075,2754.093500000001,275.4093500000001,0.0,298.2867,5040.814293269232,8,800.0,697.3596056148417,0.0,0.0,228.92197897413496,727.0931688275828,1497.3596056148417,8,800.0,744.6635405712349,0.0,0.0,175.5116563654268,666.0528001319163,1544.663540571235,214.94622220592782,Stock OK
16,44,3774.642799999999,22,2200.0,309.97370192307665,1142.9860000000012,114.29860000000014,0.0,318.2908,3652.959701923078,8,800.0,603.5179671017993,0.0,0.0,305.02594862869717,819.6305984327968,1403.5179671017993,8,800.0,676.0799963034267,0.0,0.0,167.41895384745354,662.3654615399469,1476.0799963034267,248.62722240128818,Stock OK
16,46,11960.869600000002,22,2200.0,1670.1831089743578,305.97933333334026,30.597933333334026,2011.5639666666664,3223.8974999999996,4176.162442307698,11,1100.0,1766.4538107666792,3281.804748732102,328.1804748732102,1233.3467130705565,1233.3467130705565,6148.258559498781,12,1200.0,2026.660725200609,0.0,0.0,274.89261427796913,1221.9164246668754,3226.660725200609,565.2151010960833,Stock OK
16,52,1251.4576,22,2200.0,519.9702403846156,0.0,0.0,258.0860666666668,389.3507333333335,2719.970240384616,4,400.0,452.19594132685836,0.0,0.0,267.3301831839461,267.3301831839461,852.1959413268584,4,400.0,494.95365439337246,0.0,0.0,269.7956931271081,269.7956931271081,894.9536543933725,101.7838629561025,Stock OK
16,55,4056.1188,22,2200.0,4469.190396634615,0.0,0.0,2759.6159083333323,3352.2884916666653,6669.190396634615,6,600.0,1547.18314494723,0.0,0.0,343.95682647786566,1046.170176773439,2147.18314494723,6,600.0,1214.289719810754,0.0,0.0,738.4286993139414,738.4286993139414,1814.289719810754,337.7385907864514,Stock OK
16,56,7407.8956,22,2200.0,2258.5331587561373,45073.28553191489,4507.328553191489,2504.7150212765955,2974.7395489361697,49531.818690671025,5,500.0,1214.9009960081846,41966.811513112654,4196.681151311265,620.5634857990602,620.5634857990602,43681.712509120836,2,200.0,2801.966466342553,24794.084085106388,2479.4084085106388,796.9166550882056,796.9166550882056,27796.05055144894,635.3003696278679,Stock OK
16,60,95.04000000000002,22,2200.0,86.1294674556213,0.0,0.0,58.21643076923079,71.54307692307694,2286.129467455621,1,100.0,158.4099058756248,0.0,0.0,30.248447852257417,30.248447852257417,258.40990587562476,1,100.0,126.03669199433915,0.0,0.0,16.07238787897865,16.07238787897865,226.03669199433915,9.360808677782838,Stock OK
16,67,3010.0272,22,2200.0,274.7119411057693,1156.0911666666666,115.60911666666667,239.30470000000014,511.80233333333354,3630.803107772436,7,700.0,683.9972659159521,0.0,0.0,255.6142627017269,731.7634314853481,1383.997265915952,6,600.0,910.0884413566132,0.0,0.0,330.92076881786676,330.92076881786676,1510.0884413566132,245.9194455955362,Stock OK
16,71,2119.672,22,2200.0,120.78472556089734,1252.311500000001,125.2311500000001,21.070233333333334,196.33206666666666,3573.0962255608983,6,600.0,447.8050782620868,429.9799235511742,42.99799235511742,95.52388646732378,477.38491528976505,1477.7850018132608,6,600.0,645.532204140719,0.0,0.0,104.46208102055577,496.7103472246669,1245.532204140719,135.58332381033026,Stock OK
16,72,24890.607999999997,22,2200.0,11570.23855769231,0.0,0.0,6465.988900000002,9192.649500000001,13770.23855769231,16,1600.0,3589.8398902155777,0.0,0.0,1792.0999636911238,3298.281101270532,5189.839890215578,16,1600.0,3622.879518585649,0.0,0.0,785.3962131992735,2224.4637674125584,5222.879518585649,1634.8308525500295,Stock OK
16,74,8939.0016,22,2200.0,927.7007692307672,0.0,0.0,281.14716666666516,1082.8992333333317,3127.700769230767,11,1100.0,801.0066750486853,1438.4820534028308,143.84820534028307,574.8348631064782,1391.5708788830977,3339.488728451516,11,1100.0,1309.7216007263555,0.0,0.0,547.9901508489316,547.9901508489316,2409.7216007263555,507.5353823533346,Stock OK
16,79,4742.245199999999,22,2200.0,717.2577403846154,0.0,0.0,538.6575333333333,997.8664666666666,2917.2577403846153,8,800.0,865.3325474544338,0.0,0.0,273.34873454682776,891.4602394820888,1665.3325474544338,8,800.0,1012.2938907007525,0.0,0.0,169.2047642191883,772.4385591076438,1812.2938907007524,242.9761143802333,Stock OK
16,80,592.6591999999999,22,2200.0,0.31226510989010986,3509.441828571428,350.9441828571428,0.0,21.018697142857143,5709.754093681318,4,400.0,127.2072619875311,924.9038415659434,92.49038415659433,60.32132337637332,60.32132337637332,1452.1111035534745,3,300.0,325.73530125288346,262.88354285714286,26.288354285714284,158.7623292467328,158.7623292467328,888.6188441100263,41.16852120086661,Stock OK
16,81,3641.954399999999,22,2200.0,215.01720452724345,218.99100000000146,21.899100000000146,139.9787583333332,466.9382416666665,2634.0082045272447,7,700.0,589.1602953068549,729.4991310497261,72.94991310497261,50.82612379005457,572.3913547375682,2018.6594263565812,7,700.0,784.6036751492211,0.0,0.0,473.0718590880348,473.0718590880348,1484.603675149221,181.93079319958065,Stock OK
16,82,8206.7624,22,2200.0,1325.5375600961536,0.0,0.0,726.1039083333334,1502.8748916666666,3525.5375600961534,10,1000.0,1088.3104408225431,0.0,0.0,193.5962220585053,997.5075717316726,2088.310440822543,11,1100.0,1270.5195294935509,0.0,0.0,467.9499301283648,1218.9055156412014,2370.519529493551,473.2280019504285,Stock OK
16,85,1850.7567999999999,22,2200.0,1297.018918269231,0.0,0.0,882.6985166666665,1120.3902833333332,3497.018918269231,4,400.0,755.9900726617143,0.0,0.0,284.587415612649,284.587415612649,1155.9900726617143,5,500.0,653.7792900890765,0.0,0.0,390.9617916866457,390.9617916866457,1153.7792900890765,120.00649253282359,Stock OK
16,87,10561.852799999999,22,2200.0,165.0053155048077,21146.58325,2114.658325,0.0,734.53865,23511.588565504808,11,1100.0,462.4141034650002,19616.50613254078,1961.650613254078,319.1255790828802,1100.8775581657605,21178.920236005782,13,1300.0,1291.9001417969046,0.0,0.0,553.595337164085,1388.0653506777587,2591.900141796905,588.9566873291168,Stock OK
16,90,7565.492800000001,22,2200.0,99.40760817307695,11209.871000000005,1120.9871000000005,0.0,560.3918,13509.278608173081,11,1100.0,717.0550106596055,1046.684249180745,104.66842491807449,207.9840126228878,890.8060813933691,2863.7392598403503,10,1000.0,1167.4466144667238,0.0,0.0,150.95563420255473,914.9401602250608,2167.446614466724,423.299412620915,Stock OK
16,91,5450.0116,22,2200.0,12.42086538461539,29540.97599999999,2954.097599999999,0.0,217.03600000000003,31753.396865384606,11,1100.0,228.5829558720455,10589.705464301234,1058.9705464301235,183.9123392855419,608.8522785710837,11918.28842017328,9,900.0,1017.950339247473,1699.3759999999997,169.93759999999997,271.98688189801885,925.3002421352712,3617.326339247473,359.77733505604044,Stock OK
16,92,21854.1096,22,2200.0,444.10598157051265,22748.951916666683,2274.8951916666683,0.0,1702.5403833333332,25393.057898237195,18,1800.0,1280.9103740673522,7482.345412273784,748.2345412273784,490.71581026357296,2871.0633470180974,10563.255786341137,17,1700.0,2112.0981976370244,0.0,0.0,230.1231890309133,1450.7745774078453,3812.0981976370244,1119.2466745806882,Stock OK
16,95,29901.9176,22,2200.0,376.0922596153848,48763.627333333316,4876.362733333332,58.221366666666654,2239.4193,51339.7195929487,21,2100.0,1011.1862808465962,12248.140858390794,1224.8140858390793,190.14535826053634,2884.4034606206897,15359.32713923739,20,2000.0,1782.9707006455171,0.0,0.0,583.0959097652408,1943.7567402535028,3782.9707006455174,1305.6612161789833,Stock OK
16,96,151.1612,22,2200.0,6.876912059294871,260.5339166666667,26.05339166666667,6.629483333333331,18.084899999999998,2467.4108287259614,2,200.0,147.94198337448458,0.0,0.0,61.2746501196937,61.2746501196937,347.9419833744846,2,200.0,177.5430599268009,0.0,0.0,86.74926637710986,86.74926637710986,377.5430599268009,15.061904695031576,Stock OK
16,97,2581.6896,22,2200.0,17.83714543269231,6456.881750000001,645.6881750000001,0.0,168.34795,8674.718895432694,7,700.0,387.170705709315,379.2742991353442,37.927429913534425,328.5324980345862,328.5324980345862,1466.4450048446593,7,700.0,584.5756245135973,0.0,0.0,106.30757196917278,512.2201131307015,1284.5756245135972,143.48356087620198,Stock OK
17,1,19056.166800000003,22,2200.0,7421.938798076924,0.0,0.0,3066.014433333335,4989.682366666669,9621.938798076924,15,1500.0,2455.9838918729192,0.0,0.0,275.70554366121996,2805.9163811475614,3955.9838918729192,14,1400.0,4319.446895163003,0.0,0.0,1179.6472574305321,3848.926050881383,5719.446895163003,2593.326797963361,Stock OK
17,2,39001.7,22,2200.0,2750.80235276442,3332.0932500000436,333.20932500000436,0.0,3362.47745,8282.895602764464,20,2000.0,3537.974967201571,16224.968275425486,1622.4968275425485,1116.4560755540122,4461.650382855159,21762.943242627058,21,2100.0,4574.669497646694,0.0,0.0,1939.889955457548,3649.312516431717,6674.669497646694,2454.98944643871,Stock OK
17,3,20475.0128,22,2200.0,2901.236971153844,42412.291000000034,4241.229100000003,839.1737999999995,2323.778799999999,47513.527971153875,14,1400.0,1764.736322119678,46309.39410702805,4630.939410702805,830.9253285765318,1942.3169607206646,49474.13042914773,15,1500.0,2756.7175303871163,0.0,0.0,789.2896798385337,1846.9227342740078,4256.717530387116,1167.119998598365,Stock OK
17,4,23614.666000000005,22,2200.0,554.2891005608976,18801.097083333327,1880.1097083333325,0.0,1889.9614166666668,21555.386183894225,17,1700.0,1617.9051144561013,11180.2656829241,1118.02656829241,401.86823032163215,2909.8139224502847,14498.170797380202,17,1700.0,2861.238181256287,0.0,0.0,675.4886309831861,1937.55995486455,4561.238181256287,1405.923567061444,Stock OK
17,5,19565.832,22,2200.0,13026.747451923076,0.0,0.0,7591.674066666666,9953.196333333331,15226.747451923076,14,1400.0,3440.830833429509,0.0,0.0,796.9525734133517,3600.3694356489104,4840.830833429509,13,1300.0,3264.5692858203547,0.0,0.0,1317.257028434637,2651.16515369884,4564.569285820355,1617.386962048257,Stock OK
17,6,4305.6512,22,2200.0,1423.332355769232,0.0,0.0,1069.1214333333344,1536.4929666666678,3623.332355769232,7,700.0,996.3363638483381,0.0,0.0,760.4722702811946,760.4722702811946,1696.3363638483381,8,800.0,1185.6378855711314,0.0,0.0,776.465914693192,776.465914693192,1985.6378855711314,295.1885325474314,Stock OK
17,7,16220.326800000003,22,2200.0,2787.4895192307663,0.0,0.0,2948.3761333333314,4615.2198666666645,4987.489519230767,13,1300.0,2403.2092240023326,2887.728000000004,288.7728000000004,700.2795952084599,1877.9102614758317,6590.937224002337,14,1400.0,2847.1772938734434,0.0,0.0,1172.1371029719921,1172.1371029719921,4247.177293873443,1018.1029878767155,Stock OK
17,8,18236.4308,22,2200.0,1341.7025721153857,803.7646666666581,80.3764666666658,0.0,1578.7873333333334,4345.467238782044,16,1600.0,1561.733631847709,1361.2701474189782,136.12701474189782,313.31295271216163,2605.518058136485,4523.003779266687,15,1500.0,1869.3236528487776,0.0,0.0,348.87728492398355,1507.2435052756966,3369.323652848778,969.220171196962,Stock OK
17,9,32438.0388,22,2200.0,233.2840965544872,76427.25233333334,7642.7252333333345,327.06241666666665,2511.61685,78860.53642988783,21,2100.0,861.059849774051,42726.34293707462,4272.634293707462,726.5651125050044,3422.8954250100087,45687.402786848674,21,2100.0,2841.7532301884075,1627.5674999999978,162.75674999999978,1147.1576072487344,2306.6040690659934,6569.320730188405,1332.0639634617246,Stock OK
17,10,13886.172400000001,22,2200.0,352.59380108173104,7867.15791666666,786.715791666666,0.0,1139.0831833333334,10419.75171774839,14,1400.0,1151.071941580854,4954.554310135131,495.45543101351313,0.0,1947.0153656644145,7505.626251715985,15,1500.0,1706.2032468982893,0.0,0.0,643.0401423247511,1558.796411419376,3206.2032468982893,752.00187296367,Stock OK
17,11,14565.9064,22,2200.0,452.676211939103,12407.594166666651,1240.7594166666652,0.0,1158.7084333333335,15060.270378605754,14,1400.0,1260.21972656576,7515.465915053399,751.5465915053398,687.8587240591625,1669.7168688709949,10175.685641619159,15,1500.0,1506.4438302007823,310.11290543619793,31.011290543619793,214.44282378255207,1143.8196297281902,3316.55673563698,798.5526416312458,Stock OK
17,12,8213.8892,22,2200.0,115.85663461538469,14172.217999999995,1417.2217999999996,12.070900000000051,604.1351000000001,16488.07463461538,11,1100.0,576.0788140474507,4147.017054803633,414.7017054803633,107.43724383551523,809.2900876710304,5823.095868851084,12,1200.0,939.758711696931,0.0,0.0,549.2851540761362,549.2851540761362,2139.7587116969307,410.19947095903734,Stock OK
17,13,23523.8428,22,2200.0,1356.5653756009617,15616.791249999997,1561.6791249999997,69.30115,1985.0807,19173.356625600958,18,1800.0,1382.6818664737787,7471.889717369184,747.1889717369183,297.15702875594604,2822.1747202583247,10654.571583842962,17,1700.0,3152.1146324136475,0.0,0.0,811.7335075477007,2074.198624168154,4852.114632413648,1508.8373185039604,Stock OK
17,14,12587.635600000001,22,2200.0,2604.1715625,0.0,0.0,730.5998833333338,1888.7073166666673,4804.1715625,12,1200.0,1477.5158169669085,8994.915926612186,899.4915926612186,846.6553811156507,1828.258857338781,11672.431743579094,11,1100.0,2320.7547232624506,0.0,0.0,689.1951368590569,1650.8342690973118,3420.7547232624506,941.0572856788074,Stock OK
17,16,12563.356800000001,22,2200.0,1623.2320683092946,57325.64841666667,5732.564841666667,2811.0485833333337,3649.4695000000006,61148.88048497596,10,1000.0,1349.1166691319813,34054.80497096696,3405.480497096696,1287.0022399194202,1287.0022399194202,36403.92164009894,9,900.0,2800.1242293557325,14863.602250000002,1486.3602250000001,649.0420931789484,649.0420931789484,18563.726479355733,617.0460252264728,Stock OK
17,17,8512.8148,22,2200.0,3009.902031249999,0.0,0.0,1099.1073416666654,1934.926658333332,5209.902031249999,10,1000.0,1455.899471584405,1023.2699440578267,102.32699440578267,348.4084152971087,1182.3158870628117,3479.169415642232,10,1000.0,1610.1681292713538,0.0,0.0,925.3488186062003,925.3488186062003,2610.168129271354,578.682245767422,Stock OK
17,19,3515.1999999999994,22,2200.0,1502.719278846154,0.0,0.0,442.6714333333334,786.8341666666668,3702.7192788461543,6,600.0,869.5838404203439,3234.027135853976,323.4027135853976,0.0,535.1106372829205,4703.61097627432,7,700.0,1117.8392128507048,53.630049082134974,5.363004908213497,0.0,498.9321491819644,1871.4692619328398,445.70968547241876,Stock OK
17,20,4261.224,22,2200.0,392.7449789663464,5650.407416666665,565.0407416666665,210.53675,550.2515333333333,8243.152395633011,7,700.0,602.7310947025327,5063.277677769159,506.3277677769159,476.166542917313,476.166542917313,6366.008772471691,8,800.0,1399.8997759477475,0.0,0.0,553.2026715231341,553.2026715231341,2199.8997759477475,384.3647531970438,Stock OK
17,21,3240.0108,22,2200.0,989.7806370192304,0.0,0.0,462.11807499999986,784.0423249999999,3189.78063701923,6,600.0,783.6549023318626,0.0,0.0,348.07687861946084,348.07687861946084,1383.6549023318626,6,600.0,743.426056102182,0.0,0.0,266.9113975495388,266.9113975495388,1343.426056102182,205.13318173001565,Stock OK
17,22,6680.6708,22,2200.0,1490.865721153845,0.0,0.0,287.09026666666625,892.9825333333329,3690.865721153845,9,900.0,1024.4225213884524,5137.784694933429,513.7784694933429,421.9593983039945,1131.961064405326,7062.207216321882,9,900.0,1686.0805760367534,0.0,0.0,541.9942702541086,541.9942702541086,2586.0805760367534,536.825080141445,Stock OK
17,23,13426.659599999999,22,2200.0,376.27707431891054,4723.766916666662,472.37669166666615,0.0,1126.4593833333333,7300.043990985572,14,1400.0,1145.2047758864098,2121.5724020478856,212.15724020478854,92.36562397605678,2028.562108771268,4666.777177934296,15,1500.0,1640.4179660424877,0.0,0.0,659.5939742256976,1545.0628670275332,3140.417966042488,774.2249147297679,Stock OK
17,24,4619.3596,22,2200.0,665.6830769230764,1071.8760000000045,107.18760000000046,176.09279999999984,583.7679999999998,3937.559076923081,8,800.0,776.461984852507,2236.5251432608284,223.65251432608284,292.58171425543793,874.9782856739173,3812.9871281133355,9,900.0,839.5305130427987,0.0,0.0,202.17004358289188,728.4221490307534,1739.5305130427987,289.0228000077791,Stock OK
17,25,5020.6916,22,2200.0,307.71612980769237,172.8539999999981,17.28539999999981,0.0,435.0788,2680.5701298076906,8,800.0,751.7461486503546,1565.068840347111,156.5068840347111,0.0,601.6523594236127,3116.8149889974657,9,900.0,1061.5946954680498,0.0,0.0,209.50376626761988,781.7009120510724,1961.5946954680498,335.6655599813514,Stock OK
17,26,6926.523999999999,22,2200.0,1768.1338822115385,0.0,0.0,301.48072500000023,930.0028750000002,3968.1338822115385,9,900.0,994.5711191677071,1986.2647680329042,198.62647680329042,0.0,723.1392872745887,3880.835887200611,10,1000.0,1037.3315688349976,0.0,0.0,214.31617355591504,902.9891678399056,2037.3315688349976,478.94959083897174,Stock OK
17,27,1258.2428,22,2200.0,316.65080528846164,0.0,0.0,65.37749166666674,180.47490833333342,2516.6508052884615,4,400.0,389.04708647965975,0.0,0.0,152.21462348885552,152.21462348885552,789.0470864796598,4,400.0,493.9565894107141,0.0,0.0,147.16813171792188,147.16813171792188,893.9565894107141,96.75988089156725,Stock OK
17,28,784.3839999999999,22,2200.0,712.8506490384615,0.0,0.0,360.6338166666668,460.2005833333335,2912.8506490384616,3,300.0,432.05823338872256,593.9663832352528,59.39663832352528,0.0,287.8186058382374,1326.0246166239754,3,300.0,417.11855156356967,217.85050082591738,21.785050082591738,0.0,306.62439995870415,934.969052389487,82.72513009170724,Stock OK
17,29,2121.6664,22,2200.0,836.1946394230764,0.0,0.0,393.1317499999998,611.8098499999998,3036.1946394230763,5,500.0,588.5357696291916,0.0,0.0,339.073066664783,339.073066664783,1088.5357696291917,5,500.0,652.9123641861455,0.0,0.0,191.19259907673438,191.19259907673438,1152.9123641861456,151.9063197045853,Stock OK
17,30,2368.8572,22,2200.0,49.953749999999985,2787.736000000001,278.7736000000001,0.0,181.7464,5037.689750000001,6,600.0,438.2500795367292,446.8418043354093,44.68418043354093,281.61356391329184,281.61356391329184,1485.0918838721384,6,600.0,490.22883257073954,0.0,0.0,154.62568414604877,154.62568414604877,1090.2288325707395,128.02442442762117,Stock OK
17,31,1555.298,22,2200.0,869.681658653846,0.0,0.0,396.7453499999996,566.4882499999995,3069.681658653846,4,400.0,624.5639666827363,0.0,0.0,202.51875979051115,202.51875979051115,1024.5639666827365,5,500.0,493.52096491203633,251.91852088748362,25.191852088748362,0.0,318.8729494778129,1245.4394857995198,121.10890648775687,Stock OK
17,32,5515.3060000000005,22,2200.0,343.3735336538462,0.0,0.0,167.61028333333329,661.7769166666666,2543.373533653846,9,900.0,818.2984450101623,41.42130469715539,4.142130469715539,359.7434658838072,1000.9506390605686,1759.7197497073175,9,900.0,1005.1572562172836,0.0,0.0,551.1174927376309,551.1174927376309,1905.1572562172837,339.1297920826862,Stock OK
17,33,4941.8571999999995,22,2200.0,617.4997095352566,1402.3534999999983,140.23534999999984,43.95106666666675,465.30523333333343,4219.853209535255,8,800.0,798.6096285007051,319.0992855119305,31.909928551193047,458.77762144880705,458.77762144880705,1917.7089140126357,9,900.0,922.5466380381124,0.0,0.0,449.7998121570753,449.7998121570753,1822.5466380381124,305.9847702111643,Stock OK
17,34,11469.442799999999,22,2200.0,61.838509615384616,36611.452000000005,3661.145200000001,0.0,678.9824,38873.29050961539,11,1100.0,322.91872897786925,29348.973749041274,2934.8973749041274,0.0,751.6071825095872,30771.892478019145,15,1500.0,1399.4112177808586,463.4480000000008,46.34480000000008,255.2969701633396,1016.7199251750067,3362.859217780859,732.028933115653,Stock OK
17,35,1230.5683999999999,22,2200.0,501.18894230769206,0.0,0.0,375.6879666666665,515.3624333333331,2701.188942307692,4,400.0,459.332682963403,0.0,0.0,342.5218640243345,342.5218640243345,859.3326829634029,4,400.0,496.8371097246942,0.0,0.0,224.01664067314513,224.01664067314513,896.8371097246942,77.79439512068654,Stock OK
17,36,962.9748,22,2200.0,2159.48782451923,0.0,0.0,1685.7858916666662,1916.1129083333328,4359.48782451923,2,200.0,1041.631537131068,0.0,0.0,258.0317508194403,258.0317508194403,1241.631537131068,3,300.0,658.6764236920909,0.0,0.0,330.96863541498885,330.96863541498885,958.6764236920909,100.7957268699231,Stock OK
17,38,74267.60519999999,22,2200.0,1903.6142347756422,35201.8203333333,3520.1820333333303,251.7510166666666,6425.59225,39305.43456810894,22,2200.0,2720.374247803323,9784.749810910529,978.474981091053,1697.6599384376996,6230.489476875399,14705.124058713853,22,2200.0,6100.813069305543,0.0,0.0,932.2892134180638,5642.227253662211,8300.813069305543,4226.980592842007,Stock OK
17,40,44012.137200000005,22,2200.0,2140.561826923079,15057.750999999973,1505.7750999999973,0.0,3696.2054000000003,19398.31282692305,22,2200.0,2710.059240593785,6396.945000833211,639.6945000833211,751.8804352696111,4259.154529377456,11307.004241426996,21,2100.0,3132.985388236569,0.0,0.0,1495.835679562259,3312.365896815089,5232.98538823657,2331.7813472377516,Stock OK
17,42,3910.6456,22,2200.0,81.89163361378193,2751.74316666667,275.174316666667,4.510058333333319,321.030175,5033.634800280452,8,800.0,580.4528096431445,283.910943663426,28.3910943663426,184.7244551056096,697.8957102112192,1664.3637533065705,8,800.0,749.2737621389329,0.0,0.0,516.322550999607,516.322550999607,1549.2737621389329,245.34313331455888,Stock OK
17,44,6189.041200000001,22,2200.0,2196.619939903845,0.0,0.0,981.096291666666,1604.5865083333326,4396.619939903845,9,900.0,1080.2918061059108,0.0,0.0,508.1041431334541,1228.3428954001358,1980.2918061059108,9,900.0,1159.51995389136,0.0,0.0,224.53637718083058,909.3291587034344,2059.5199538913603,461.9816786193378,Stock OK
17,46,24464.576399999998,22,2200.0,858.5086538461536,3482.806000000005,348.2806000000005,0.0,2097.0692,6541.314653846159,18,1800.0,1637.6524553743932,2581.8067141063057,258.18067141063057,73.51579715362163,2715.3042628714957,6019.459169480699,17,1700.0,2696.3829740510696,0.0,0.0,1374.1111622892922,1374.1111622892922,4396.38297405107,1302.6346168028826,Stock OK
17,52,2649.495999999999,22,2200.0,1385.8787379807693,0.0,0.0,767.8127583333332,1064.9700416666667,3585.878737980769,6,600.0,862.8922586887214,0.0,0.0,282.37578076760747,779.602951921129,1462.8922586887215,6,600.0,772.5993196631892,0.0,0.0,168.87901496343028,643.4068329561163,1372.5993196631894,206.56935219474838,Stock OK
17,55,6459.064800000001,22,2200.0,6195.32373798077,0.0,0.0,3848.7472583333342,4745.078741666667,8395.323737980769,7,700.0,2045.2408634787266,0.0,0.0,930.4007386087108,930.4007386087108,2745.2408634787266,8,800.0,1781.090552354724,0.0,0.0,543.4422773822416,1351.7293991511333,2581.090552354724,610.9081092490497,Stock OK
17,56,4195.326399999999,22,2200.0,1955.8378125000002,22802.296666666665,2280.2296666666666,2116.652425,2467.2393083333336,26958.134479166663,4,400.0,976.1665179345168,18937.669930523214,1893.7669930523214,384.6478819476787,384.6478819476787,20313.836448457732,3,300.0,1731.094027388222,11663.396750000002,1166.3396750000002,793.6545357570591,793.6545357570591,13694.490777388224,295.8165216580769,Stock OK
17,58,1306.8000000000002,22,2200.0,91.31500836120402,1046.1130434782613,104.61130434782612,62.07130434782609,172.00695652173914,3337.4280518394653,4,400.0,354.0535764929178,767.9383603922522,76.79383603922523,144.63422856663507,144.63422856663507,1521.99193688517,5,500.0,506.76662036459464,0.0,0.0,330.3018496621461,330.3018496621461,1006.7666203645947,91.67024048391431,Stock OK
17,59,337.5288,22,2200.0,237.73381009615375,0.0,0.0,155.34874166666665,198.20765833333334,2437.733810096154,2,200.0,286.9550956155512,0.0,0.0,104.42937080933748,104.42937080933748,486.9550956155512,2,200.0,292.9727161812997,0.0,0.0,108.28064797141641,108.28064797141641,492.9727161812997,30.698304068548705,Stock OK
17,60,339.48,22,2200.0,62.59711538461537,0.0,0.0,13.370666666666661,44.05333333333333,2262.5971153846153,3,300.0,193.8758317261168,0.0,0.0,26.09354962676237,185.86832444014357,493.87583172611676,2,200.0,233.21040771594483,0.0,0.0,38.05704229976149,38.05704229976149,433.2104077159448,26.633776747536935,Stock OK
17,67,6602.279600000001,22,2200.0,1138.9627043269236,1027.3789999999985,102.73789999999985,791.4514000000006,1425.4508000000008,4366.341704326922,9,900.0,1122.616036945617,2970.131525384186,297.0131525384186,455.9994322310697,1182.282779692651,4992.747562329803,9,900.0,1431.4169418216984,0.0,0.0,865.0112061592731,865.0112061592731,2331.4169418216984,537.4218798656007,Stock OK
17,71,3007.728400000001,22,2200.0,945.1906009615382,0.0,0.0,283.73988333333295,569.9545166666662,3145.190600961538,6,600.0,688.0772215217877,1342.637161553606,134.26371615536058,483.7747338446394,483.7747338446394,2630.7143830753935,6,600.0,846.7268695499536,0.0,0.0,344.92537546556116,344.92537546556116,1446.7268695499536,216.56273902939512,Stock OK
17,72,42043.281599999995,22,2200.0,15199.056670673082,0.0,0.0,7932.009458333337,12277.68694166667,17399.056670673082,19,1900.0,4419.545639792315,15764.216490110226,1576.4216490110225,2179.6637401602375,5982.611894491733,22083.76212990254,19,1900.0,5243.251204834597,0.0,0.0,2976.66083883751,4901.732149529385,7143.251204834597,3099.209501358333,Stock OK
17,74,14801.239599999999,22,2200.0,1498.2066286057695,13437.898999999994,1343.7898999999993,159.94927500000006,1344.070925,17136.105628605765,12,1200.0,1311.9206704388462,15985.036728550065,1598.5036728550065,484.2503260724965,1476.8173075906207,18496.95739898891,14,1400.0,2504.5527148908905,0.0,0.0,581.9112309897345,1553.8375421318583,3904.5527148908905,1062.1557155740493,Stock OK
17,79,24632.669999999995,22,2200.0,699.1993449519226,3844.563583333347,384.4563583333347,0.0,2108.5403166666665,6743.76292828527,18,1800.0,1711.608552413858,1089.3672671284548,108.93672671284548,1155.6111725944763,2480.113170881631,4600.975819542313,17,1700.0,2215.0352594562237,0.0,0.0,168.16621137747234,1520.5428199010644,3915.0352594562237,1246.2496602556425,Stock OK
17,80,867.9707999999999,22,2200.0,14.32913461538462,432.43699999999984,43.24369999999998,0.0,71.7154,2646.7661346153845,4,400.0,300.40347230649905,0.0,0.0,216.677222818102,216.677222818102,700.403472306499,4,400.0,362.48890226390847,0.0,0.0,197.45451927428599,197.45451927428599,762.4889022639085,51.39804534439813,Stock OK
17,81,13154.4548,22,2200.0,266.9920252403846,11435.517750000003,1143.5517750000004,0.0,1044.42635,13902.509775240387,14,1400.0,1029.945673108168,4016.348660847203,401.63486608472033,0.0,1864.3634014858799,6446.294333955371,13,1300.0,1704.479641360946,0.0,0.0,918.623669145184,918.623669145184,3004.479641360946,797.1725752050755,Stock OK
17,82,17023.787200000002,22,2200.0,457.3140745192308,6205.402499999993,620.5402499999993,0.0,1426.3693,8862.716574519223,15,1500.0,1447.1985553203886,5507.166032890611,550.7166032890611,917.7421370616328,2007.1177644739594,8454.364588211,16,1600.0,2023.5428808789995,0.0,0.0,839.1508127106192,1887.3764168913272,3623.5428808789993,925.7471745780058,Stock OK
17,83,476.46399999999994,22,2200.0,6.2703465544871815,771.2381666666663,77.12381666666663,0.0,34.725233333333335,2977.5085132211534,3,300.0,225.75940177198967,0.0,0.0,85.54791022857952,85.54791022857952,525.7594017719897,3,300.0,282.5180863113427,0.0,0.0,157.21099512738573,157.21099512738573,582.5180863113427,32.57570449692542,Stock OK
17,85,3215.2724,22,2200.0,1074.5808774038464,0.0,0.0,638.9746416666667,974.1265583333334,3274.5808774038464,6,600.0,779.9549000340261,0.0,0.0,455.80997031771903,455.80997031771903,1379.9549000340262,6,600.0,834.2636758525022,0.0,0.0,216.11831027289546,216.11831027289546,1434.2636758525023,192.95068884376496,Stock OK
17,87,14417.8688,22,2200.0,130.01273637820512,30212.879166666673,3021.287916666667,0.0,991.0070333333333,32542.891903044878,15,1500.0,729.2525226982112,11269.727537984585,1126.9727537984586,0.0,1816.0593071079295,13498.980060682796,15,1500.0,1435.9894543549137,0.0,0.0,364.66404762173556,1314.3799260232881,2935.9894543549135,824.3743754681805,Stock OK
17,90,31025.269200000002,22,2200.0,1274.4042548076945,26596.641749999962,2659.6641749999962,0.0,2466.5743500000003,30071.046004807657,20,2000.0,1551.427604243733,15395.682591345538,1539.5682591345537,0.0,2865.093268429494,18947.11019558927,19,1900.0,3473.5637243897795,0.0,0.0,1697.116038306044,3224.6172863747834,5373.56372438978,2116.0798036759797,Stock OK
17,91,12322.675199999998,22,2200.0,212.1202083333333,11790.63266666667,1179.063266666667,0.0,969.0097333333333,14202.752875000004,14,1400.0,1015.8489871926565,1207.4688515474963,120.74688515474963,26.33074296905022,1822.1214859381002,3623.317838740153,13,1300.0,1835.1874679398804,0.0,0.0,632.0070553778284,1590.4376933259807,3135.1874679398807,764.4504940910697,Stock OK
17,92,54852.286400000005,22,2200.0,1268.3831009615367,68505.76275000002,6850.576275000003,0.0,4174.06175,71974.14585096156,22,2200.0,2224.5298350216003,38659.88794184098,3865.988794184098,0.0,5590.650622601988,43084.41777686258,21,2100.0,5285.717557558311,0.0,0.0,1603.786963216784,5464.939327694998,7385.717557558311,3966.358978107548,Stock OK
17,93,3773.7400000000007,22,2200.0,53.27516025641028,5790.384666666667,579.0384666666666,0.0,277.80013333333335,8043.659826923077,8,800.0,511.35725765437536,1257.483120573812,125.74831205738118,134.02511465710307,614.7846293142062,2568.8403782281875,8,800.0,781.7251128577534,0.0,0.0,197.97303716044422,705.8320138976505,1581.7251128577534,238.54674449133086,Stock OK
17,95,51885.26999999999,22,2200.0,713.5891256009617,63828.686749999986,6382.868674999999,0.0,3956.73055,66742.27587560094,22,2200.0,1856.538389323521,21513.667085394416,2151.366708539442,1560.8649970835268,5189.638794167054,25570.205474717935,21,2100.0,3841.164302302872,0.0,0.0,1645.7212413948296,3476.3326035638615,5941.164302302872,2620.82870457441,Stock OK
17,97,8217.771200000001,22,2200.0,93.89524639423072,11243.760833333337,1124.3760833333338,0.0,616.8169666666666,13537.656079727567,11,1100.0,622.2904082221904,1588.2049729289524,158.82049729289525,30.014805856344992,746.38881171269,3310.4953811511427,11,1100.0,1150.4685869254884,0.0,0.0,560.8844074188191,560.8844074188191,2250.468586925488,482.35133835161025,Stock OK
17,98,232.98440000000002,22,2200.0,3.622084935897438,1070.3670666666665,107.03670666666665,0.0,10.951973333333335,3273.9891516025637,3,300.0,114.74040615752575,256.424089458804,25.6424089458804,0.0,95.4570155270598,671.1644956163298,3,300.0,174.42122882794573,53.02439999999997,5.302439999999997,23.398704560607722,140.72505684091158,527.4456288279457,31.062086114550915,Stock OK
18,1,14047.7976,22,2200.0,12834.033269230764,0.0,0.0,7031.53833333333,8864.524066666663,15034.033269230764,11,1100.0,3527.3825213501023,1839.7805953933744,183.97805953933744,0.0,2469.8535423245917,6467.163116743477,12,1200.0,5305.671287784366,0.0,0.0,2174.3492401700482,3399.137262003689,6505.671287784366,2643.7581503889896,Stock OK
18,2,53683.256400000006,22,2200.0,7619.017055288452,0.0,0.0,3500.460058333326,8472.957141666659,9819.017055288452,21,2100.0,3582.8242825553543,1203.6637500000052,120.36637500000052,677.6383395807225,6779.610001265164,6886.4880325553595,21,2100.0,3976.8869728187783,1082.1376903320015,108.21376903320015,1586.7599635800807,3574.387337311201,7159.02466315078,2654.6282661578744,Stock OK
18,3,18448.0768,22,2200.0,2999.6718108974364,52727.68133333331,5272.768133333331,1298.8688666666676,2557.4930000000013,57927.35314423075,13,1300.0,1784.9564952068781,52672.98395161208,5267.298395161208,986.9477024193958,2010.2635280242448,55757.94044681895,13,1300.0,1648.5169534337665,11711.541985621345,1171.1541985621345,970.6122468174761,970.6122468174761,14660.05893905511,528.3399986274418,Stock OK
18,4,24740.3568,22,2200.0,900.4863491586553,7593.958749999965,759.3958749999965,0.0,2085.3009500000003,10694.44509915862,18,1800.0,1645.708055388899,0.0,0.0,779.7013330701479,2096.884080603686,3445.708055388899,18,1800.0,2217.0558089691704,0.0,0.0,360.1802242850788,1652.6852595371422,4017.0558089691704,1245.785369747619,Stock OK
18,5,14530.851200000001,22,2200.0,11114.23319711538,0.0,0.0,6201.102316666661,8003.880883333327,13314.23319711538,12,1200.0,3230.0798747810777,0.0,0.0,420.4051508097592,2869.822850971711,4430.079874781078,12,1200.0,2681.3604099425597,0.0,0.0,653.6283358851721,1788.2021255110967,3881.3604099425597,1356.5741205756758,Stock OK
18,6,2941.9879999999994,22,2200.0,2998.265985576923,0.0,0.0,2047.6086166666666,2481.4865833333333,5198.265985576923,5,500.0,1277.7769488680497,0.0,0.0,712.9364225559782,712.9364225559782,1777.7769488680497,5,500.0,1042.092724836851,0.0,0.0,420.1090398743148,420.1090398743148,1542.092724836851,251.46685842168702,Stock OK
18,7,23475.538000000004,22,2200.0,13539.772548076928,0.0,0.0,10017.640066666669,12930.090333333335,15739.772548076928,15,1500.0,4474.495318161243,0.0,0.0,1129.584891975135,4242.884506125156,5974.495318161243,17,1700.0,4001.582556031475,0.0,0.0,2045.0172545334715,2045.0172545334715,5701.582556031475,1963.9521913657613,Stock OK
18,8,26337.562,22,2200.0,5895.858317307692,0.0,0.0,2570.614366666668,5084.368833333335,8095.858317307692,18,1800.0,2330.6347601878992,0.0,0.0,571.9891078778599,3464.3540338625926,4130.634760187899,18,1800.0,2465.2501219460496,0.0,0.0,1396.1026332218526,2805.6928057643145,4265.25012194605,1432.9972804778067,Stock OK
18,9,15670.2252,22,2200.0,1810.135460737181,9941.859333333323,994.1859333333323,2233.072366666668,3703.429900000002,13951.994794070504,14,1400.0,1834.2617068599063,4163.140883871236,416.31408838712355,1330.2215053762543,2436.2673759138797,7397.4025907311425,13,1300.0,2397.379373571202,0.0,0.0,316.6877716959415,1301.071819674223,3697.379373571202,641.7079125568549,Stock OK
18,10,13649.230399999999,22,2200.0,4048.810649038459,0.0,0.0,2233.354816666664,3614.4491833333304,6248.810649038459,13,1300.0,1822.2295588782024,0.0,0.0,213.82887990282245,2357.723012612427,3122.2295588782026,13,1300.0,2127.6271804159614,0.0,0.0,614.28472868291,1630.2741935731524,3427.6271804159614,950.8949654512345,Stock OK
18,11,19885.285200000002,22,2200.0,2927.783032852566,39656.89649999999,3965.689649999999,2983.5175666666687,4627.266533333335,44784.679532852555,14,1400.0,1738.742825528509,18802.72880591296,1880.2728805912961,832.8263592116051,2002.2703041130558,21941.47163144147,13,1300.0,2281.935652974271,8962.725499999999,896.2725499999999,1169.7803337579285,1169.7803337579285,12544.66115297427,1169.0354855260468,Stock OK
18,12,3270.1004,22,2200.0,523.6239302884613,0.0,0.0,307.3573583333333,618.4406416666667,2723.6239302884615,7,700.0,706.7524516934384,358.95055141032486,35.895055141032486,284.88849929483746,793.6333191538049,1765.7030031037632,7,700.0,699.5263278692958,0.0,0.0,424.77815858253757,424.77815858253757,1399.5263278692958,179.78212033176408,Stock OK
18,13,36999.4268,22,2200.0,5241.765360576925,0.0,0.0,1348.606983333334,4683.218616666668,7441.765360576925,20,2000.0,2187.973005215102,2691.6585055757923,269.16585055757923,1584.6982646074866,4916.002441012477,6879.631510790895,20,2000.0,2708.8990724229557,2008.6332863219036,200.86332863219036,928.6543811191182,2564.9194012434646,6717.532358744858,1961.9865206080094,Stock OK
18,14,16582.5128,22,2200.0,5926.124639423075,0.0,0.0,2891.4595499999987,4584.848449999999,8126.124639423075,14,1400.0,2245.6605384514473,0.0,0.0,201.21956741123063,2575.1610703131028,3645.6605384514473,14,1400.0,2362.92633869259,0.0,0.0,888.4257460696938,2036.9530688442856,3762.92633869259,1033.6540635835838,Stock OK
18,16,15671.115200000002,22,2200.0,1694.22562099359,44317.80633333334,4431.780633333334,2905.5094166666668,4135.49585,48212.03195432693,12,1200.0,1661.9541579581517,22397.43169603793,2239.743169603793,1564.4985558914666,1564.4985558914666,25259.385853996082,9,900.0,2907.9261777249417,9981.695500000002,998.1695500000001,950.7668376539275,950.7668376539275,13789.621677724943,730.6454413241,Stock OK
18,17,11026.5076,22,2200.0,5624.238040865383,0.0,0.0,2702.5126749999968,3896.3405249999964,7824.238040865383,11,1100.0,1817.8660667006009,0.0,0.0,730.5011351009575,1727.1278311110532,2917.8660667006006,11,1100.0,2056.584876375693,0.0,0.0,427.77457110563273,1394.128610716196,3156.584876375693,693.2087535850776,Stock OK
18,19,1752.9708,22,2200.0,1456.5335456730777,0.0,0.0,814.3085583333338,1037.5502416666673,3656.5335456730777,4,400.0,711.1625435357607,0.0,0.0,305.78072622175296,305.78072622175296,1111.1625435357607,4,400.0,668.1921706747667,0.0,0.0,228.8552869525911,228.8552869525911,1068.1921706747667,155.00955098547777,Stock OK
18,20,6751.649199999999,22,2200.0,959.5528966346158,0.0,0.0,642.0701416666673,1285.002258333334,3159.5528966346155,9,900.0,1020.9287174325792,0.0,0.0,795.1863052295867,795.1863052295867,1920.928717432579,9,900.0,1252.6025315982577,355.12344017985015,35.512344017985015,555.3383834370529,555.3383834370529,2507.725971778108,359.973235101702,Stock OK
18,21,3703.647199999999,22,2200.0,1286.435661057693,0.0,0.0,863.982791666667,1261.1680083333338,3486.4356610576933,7,700.0,834.0285033032827,0.0,0.0,341.25973386211933,916.1145853391392,1534.0285033032828,7,700.0,886.7628479584891,0.0,0.0,181.7737631441112,730.047619501463,1586.7628479584891,232.01362332379784,Stock OK
18,22,13253.901600000001,22,2200.0,2588.3198798076937,0.0,0.0,1099.538583333334,2347.663816666667,4788.319879807694,13,1300.0,1535.0227368817575,16.84769904864538,1.6847699048645381,848.4373160190271,1867.4761740285408,2851.870435930403,13,1300.0,1689.964006849853,0.0,0.0,674.7573365356852,1679.463260413659,2989.964006849853,784.752817156266,Stock OK
18,23,32273.993199999997,22,2200.0,1805.2908994391016,2371.6267500000095,237.16267500000095,1532.9116666666657,4452.019683333332,6376.917649439111,20,2000.0,3048.9251315160272,0.0,0.0,1714.8010608051397,3273.2290732159363,5048.925131516027,20,2000.0,3008.426585188644,0.0,0.0,986.1887018117211,2430.264695652307,5008.426585188644,1798.3475358147602,Stock OK
18,24,7461.9187999999995,22,2200.0,1627.7245192307712,0.0,0.0,573.0798333333345,1271.7753666666679,3827.724519230771,9,900.0,924.7372111029449,4626.817290890711,462.6817290890711,148.32586254655712,910.7658167287428,6451.554501993656,11,1100.0,1046.8079360796282,127.18580790433975,12.718580790433975,378.9352298023914,1056.9444447035871,2273.9937439839678,462.77903043206345,Stock OK
18,25,14233.89,22,2200.0,2030.5010937500015,0.0,0.0,895.2564250000012,2210.8343750000013,4230.501093750001,13,1300.0,1440.2242622703877,748.734121405987,74.8734121405987,368.9018238963092,1415.1144477926184,3488.958383676375,14,1400.0,1880.190617240902,235.17149340957417,23.517149340957417,827.3677077077512,1832.319525659043,3515.362110650476,916.0201183455658,Stock OK
18,26,8114.2924,22,2200.0,3533.17534855769,0.0,0.0,1366.4507749999987,2190.8632249999987,5733.17534855769,9,900.0,1280.374451992428,2520.9343814210183,252.09343814210183,0.0,828.1975358572373,4701.308833413446,10,1000.0,1445.0946674236156,328.10891987476793,32.81089198747679,1002.7772141482244,1002.7772141482244,2773.2035872983834,654.5668633948785,Stock OK
18,27,2007.3732,22,2200.0,1160.8885937500004,0.0,0.0,552.7447250000004,775.3636750000004,3360.8885937500004,5,500.0,627.3936934207034,0.0,0.0,48.038150387295545,478.4088817341194,1127.3936934207034,5,500.0,643.8596447574175,0.0,0.0,60.49239721651939,493.9766902706492,1143.8596447574175,148.94407404860613,Stock OK
18,28,838.8756,22,2200.0,565.8224639423074,0.0,0.0,209.88894166666654,301.0858583333332,2765.8224639423074,3,300.0,408.12947290693387,0.0,0.0,124.28683145856898,124.28683145856898,708.1294729069339,3,300.0,385.0536701087672,135.0752627783099,13.50752627783099,205.27894936108447,205.27894936108447,820.1289328870771,81.0364084888843,Stock OK
18,29,9425.989599999999,22,2200.0,518.5407341746793,1016.6053333333355,101.66053333333355,151.0014416666666,974.943225,3735.146067508015,11,1100.0,739.3620784285787,4895.155952202438,489.5155952202438,579.0495531865042,1407.0106414831303,6734.518030631017,11,1100.0,1353.950156413762,0.0,0.0,834.6498277390217,834.6498277390217,2453.9501564137618,502.005293583565,Stock OK
18,30,5311.784000000001,22,2200.0,574.8290384615387,0.0,0.0,489.81266666666687,994.2993333333336,2774.829038461539,8,800.0,904.8224792807509,0.0,0.0,627.8897607084509,627.8897607084509,1704.822479280751,8,800.0,1128.5467884499628,0.0,0.0,506.7509828486764,506.7509828486764,1928.5467884499628,264.00966347321463,Stock OK
18,31,2250.1179999999995,22,2200.0,1788.963882211538,0.0,0.0,1112.096558333333,1404.4630416666662,3988.963882211538,5,500.0,885.3637219699012,0.0,0.0,161.242568982092,654.445279977615,1385.3637219699012,5,500.0,817.7028297820873,0.0,0.0,244.57616079881518,244.57616079881518,1317.7028297820873,163.83435597486,Stock OK
18,32,6354.4308,22,2200.0,3613.7075600961534,0.0,0.0,2519.5831083333333,3291.2364916666666,5813.707560096153,8,800.0,1579.7047081363262,0.0,0.0,411.86065814824553,1213.1194271694235,2379.704708136326,8,800.0,1638.0756702861743,0.0,0.0,742.023797002848,742.023797002848,2438.0756702861745,497.2477585903031,Stock OK
18,33,7634.8684,22,2200.0,1055.9017908653864,0.0,0.0,214.1075750000012,896.6272250000013,3255.9017908653864,9,900.0,1133.2966396844436,6306.227322281786,630.6227322281786,801.5957542174572,801.5957542174572,8339.52396196623,11,1100.0,1205.7390451828412,947.3322893560351,94.7332289356035,272.68929606439616,951.5937952772754,3253.0713345388767,464.95302906437973,Stock OK
18,34,19027.243599999998,22,2200.0,315.9229196714749,14622.362916666658,1462.2362916666657,104.63670000000047,1641.1274833333339,17138.28583633813,17,1700.0,1345.0343276389428,30.78745946786057,3.078745946786057,240.2610185798203,2501.5529782642247,3075.8217871068036,15,1500.0,1937.8085403091022,0.0,0.0,372.1009618214539,1511.741520942884,3437.808540309102,1025.4975651709733,Stock OK
18,35,3606.3855999999996,22,2200.0,362.42479867788455,3012.4020000000014,301.24020000000013,220.95182499999999,527.568975,5574.8267986778865,7,700.0,679.1936711234837,1920.046092045931,192.0046092045931,76.02272897703503,581.102394772442,3299.239763169415,7,700.0,896.6875381707706,554.7027500000004,55.47027500000004,378.4788114224781,378.4788114224781,2151.390288170771,273.0479248499167,Stock OK
18,36,2159.9724,22,2200.0,781.1503766025643,7131.384916666666,713.1384916666666,509.48533333333353,679.6000500000002,10112.53529326923,5,500.0,531.9265849166884,4260.839577971123,426.08395779711225,26.131501608663328,402.3434688115511,5292.766162887811,5,500.0,804.6546248361396,1939.4872500000001,193.94872500000002,435.44266067298815,435.44266067298815,3244.14187483614,194.30288241477547,Stock OK
18,38,52462.25160000001,22,2200.0,12738.503497596152,0.0,0.0,6635.695058333329,11774.646941666662,14938.503497596152,21,2100.0,4299.835833380903,0.0,0.0,736.7714727622924,6940.0344610935135,6399.835833380903,21,2100.0,4874.305966555324,0.0,0.0,600.5942007316808,4723.723107616379,6974.305966555324,2796.306143118943,Stock OK
18,40,51176.4628,22,2200.0,8127.775997596159,0.0,0.0,3121.8177916666705,7843.407408333338,10327.77599759616,21,2100.0,3569.7636622857067,0.0,0.0,1492.1453642423926,5456.1648198286875,5669.763662285706,20,2000.0,3726.750600233431,0.0,0.0,2223.722959257321,4237.540408572857,5726.750600233431,2654.39360336374,Stock OK
18,41,453.08360000000005,22,2200.0,612.5732091346154,0.0,0.0,430.437825,507.26577499999996,2812.5732091346154,2,200.0,433.07014051632257,0.0,0.0,167.80980339198493,167.80980339198493,633.0701405163226,2,200.0,420.69232241025776,0.0,0.0,124.33588017523891,124.33588017523891,620.6923224102577,49.426722727930844,Stock OK
18,42,6286.829600000001,22,2200.0,409.6385576923088,0.0,0.0,8.472033333333968,555.8895666666674,2609.638557692309,9,900.0,787.2559477691585,667.3221145605999,66.73221145605999,0.0,674.8713860679925,2354.5780623297583,9,900.0,1037.9522994074978,0.0,0.0,474.904089259299,474.904089259299,1937.9522994074978,358.4946488781025,Stock OK
18,44,4188.678,22,2200.0,1183.183389423077,0.0,0.0,521.7062833333332,931.3049166666665,3383.1833894230767,7,700.0,793.7713536666408,716.6698749937581,71.66698749937581,0.0,583.768843750104,2210.441228660399,8,800.0,921.1019876859328,0.0,0.0,236.27161217104953,780.6361353383422,1721.1019876859327,283.63467170182275,Stock OK
18,46,20079.573200000003,22,2200.0,4985.64920673077,0.0,0.0,3585.796483333334,5643.654716666668,7185.64920673077,15,1500.0,2448.322080099419,0.0,0.0,1326.0311922146334,2634.518123801393,3948.322080099419,15,1500.0,2492.8241773521227,302.2132944303394,30.221329443033937,1003.7476904177247,2287.055705487345,4295.037471782462,1119.6840171112483,Stock OK
18,49,8969.4772,22,2200.0,1370.6634615384623,0.0,0.0,428.13956666666706,1245.3236333333339,3570.6634615384623,11,1100.0,1265.5222299990278,0.0,0.0,501.8864683098943,1326.4452251408838,2365.522229999028,10,1000.0,1597.8915612478118,726.9748586513538,72.69748586513538,821.8869035337161,821.8869035337161,3324.8664198991655,685.7863128553963,Stock OK
18,50,1156.32,22,2200.0,278.19951923076917,0.0,0.0,156.71166666666664,270.8883333333333,2478.199519230769,4,400.0,410.3589682901116,159.09865318855893,15.909865318855893,263.70513468114405,263.70513468114405,969.4576214786705,4,400.0,533.3228277169593,0.0,0.0,269.2717490315646,269.2717490315646,933.3228277169593,106.860043525768,Stock OK
18,52,1835.9976000000001,22,2200.0,1562.8428605769225,0.0,0.0,958.792583333333,1201.8178166666664,3762.8428605769222,4,400.0,819.7981650752577,0.0,0.0,327.1930531094086,327.1930531094086,1219.7981650752577,4,400.0,755.7945102617224,0.0,0.0,237.9045432161392,237.9045432161392,1155.7945102617223,154.13068197341227,Stock OK
18,55,5397.665999999999,22,2200.0,7774.886141826922,0.0,0.0,4996.185991666668,5899.999208333335,9974.886141826923,6,600.0,2205.2671760344647,0.0,0.0,293.8714995184595,1161.0350344221515,2805.2671760344647,6,600.0,1574.493506464004,0.0,0.0,770.62282764228,770.62282764228,2174.493506464004,489.28223336955557,Stock OK
18,56,3129.058,22,2200.0,2130.6713010817302,5983.210916666667,598.3210916666667,1986.5997499999999,2379.4116333333336,10313.882217748396,5,500.0,1042.247333641986,4325.12975,432.512975,751.0792045081712,751.0792045081712,5867.377083641986,3,300.0,1651.223969168955,4325.12975,432.512975,686.5296981714279,686.5296981714279,6276.353719168955,303.62407174251774,Stock OK
18,58,4046.2000000000007,22,2200.0,40.84214743589743,15859.866666666667,1585.9866666666667,20.873333333333335,236.62,18100.708814102563,7,700.0,394.20115564688683,10935.24894381713,1093.524894381713,336.67585093638115,336.67585093638115,12029.450099464018,11,1100.0,719.0242013196402,1429.0728838780433,142.90728838780433,301.0747457346884,689.1494914693768,3248.0970851976836,312.6032810814255,Stock OK
18,59,171.64920000000004,22,2200.0,957.5162019230769,0.0,0.0,650.9626666666666,722.4941333333331,3157.516201923077,1,100.0,494.59856370347404,0.0,0.0,179.6032833341936,179.6032833341936,594.598563703474,1,100.0,532.002989053779,0.0,0.0,134.17470344637204,134.17470344637204,632.002989053779,101.00968500581222,Stock OK
18,60,159.12,22,2200.0,95.78942307692309,0.0,0.0,65.544,85.08,2295.789423076923,2,200.0,171.03350315536832,0.0,0.0,125.16597583358708,125.16597583358708,371.0335031553683,2,200.0,159.5378334190478,0.0,0.0,94.67676296056328,94.67676296056328,359.5378334190478,12.155555831068783,Stock OK
18,67,5098.5044,22,2200.0,3183.086466346154,0.0,0.0,2277.911849999999,2919.339349999999,5383.086466346154,7,700.0,1452.7629167361047,177.8755000000001,17.78755000000001,264.57811393703275,995.1037329265382,2330.638416736105,7,700.0,1455.8256620098182,0.0,0.0,159.23773712878562,875.1712183169166,2155.825662009818,402.17566655393955,Stock OK
18,71,5705.2304,22,2200.0,1268.8510576923086,0.0,0.0,695.1873666666675,1251.7454333333342,3468.8510576923086,8,800.0,951.6588328273924,0.0,0.0,573.4659867437956,573.4659867437956,1751.6588328273924,8,800.0,1417.8717905535461,0.0,0.0,813.2685568957622,813.2685568957622,2217.871790553546,391.8107684867658,Stock OK
18,72,39263.2284,22,2200.0,28938.992067307685,0.0,0.0,14983.24603333333,19700.330766666666,31138.992067307685,18,1800.0,6553.425250947605,0.0,0.0,1490.4863826540332,5452.6143453192135,8353.425250947605,18,1800.0,6231.57901087586,0.0,0.0,2064.7463190606745,3967.654520119601,8031.57901087586,3342.6727256885997,Stock OK
18,74,20015.221999999998,22,2200.0,1075.3260877403836,7848.788000000011,784.8788000000011,346.0337749999994,2048.327424999999,11124.114087740396,16,1600.0,1509.1036709280477,3009.205262120987,300.9205262120987,690.4518739394134,1880.539398787901,6118.308933049035,16,1600.0,2232.276578461389,0.0,0.0,1287.9948661663489,1287.9948661663489,3832.276578461389,991.4864129869735,Stock OK
18,79,19764.8516,22,2200.0,1440.96626201923,0.0,0.0,144.829108333333,1876.1056916666662,3640.9662620192303,16,1600.0,1618.1253164355655,1049.358929834491,104.9358929834491,939.6372080041378,2139.8130773388502,4267.484246270056,15,1500.0,2192.9383280569796,0.0,0.0,1147.6914087111104,1147.6914087111104,3692.9383280569796,1072.4558707866681,Stock OK
18,80,601.5020000000001,22,2200.0,2.7207725464190986,2115.3525517241383,211.53525517241383,0.0,33.91015172413793,4318.073324270557,4,400.0,177.4536812856983,213.57997324942664,21.357997324942666,142.5931916962835,142.5931916962835,791.0336545351249,3,300.0,312.54794051457645,44.231724137931,4.4231724137931,109.23972596115917,109.23972596115917,656.7796646525074,39.90906587360944,Stock OK
18,81,12193.084800000002,22,2200.0,135.4341015625,15272.516749999999,1527.251675,0.0,927.46375,17607.9508515625,14,1400.0,960.5866037748827,901.9862061652924,90.19862061652924,707.9776964896694,1586.4137157876032,3262.5728099401754,12,1200.0,1409.4184269979755,533.2293309479394,53.32293309479394,622.028720952603,622.028720952603,3142.647757945915,611.1743002659452,Stock OK
18,82,12843.822400000001,22,2200.0,5397.2665264423085,0.0,0.0,2780.587625000001,4139.2319750000015,7597.2665264423085,12,1200.0,2072.9516780404333,1738.6594272485627,173.86594272485627,0.0,2126.397986455029,5011.6111052889955,12,1200.0,1743.0596262333386,1778.864072107126,177.8864072107126,0.0,966.1790425262989,4721.923698340464,764.7763278352777,Stock OK
18,83,1749.1532000000002,22,2200.0,6.848247596153845,7385.713800000002,738.5713800000002,0.0,87.87668,9592.562047596155,6,600.0,237.64964911900404,2004.693187027462,200.4693187027462,205.5004922594508,205.5004922594508,2842.342836146466,5,500.0,633.1713879897981,309.0498000000001,30.90498000000001,442.23404308414626,442.23404308414626,1442.2211879897982,142.37127576036914,Stock OK
18,85,1675.9583999999998,22,2200.0,82.78699819711552,309.05141666666555,30.90514166666655,14.428750000000008,158.73153333333335,2591.8384148637815,5,500.0,398.9881927051005,176.40624999999972,17.64062499999997,290.6195581672976,290.6195581672976,1075.3944427051003,5,500.0,528.48938886098,0.0,0.0,187.18462545890975,187.18462545890975,1028.48938886098,96.74231237783555,Stock OK
18,87,17438.9768,22,2200.0,1008.3458693910252,3229.471166666674,322.9471166666674,27.960058333333336,1518.741775,6437.817036057699,15,1500.0,1270.8669704897377,6147.65299635364,614.765299635364,1003.778034190355,2117.47924558714,8918.519966843378,15,1500.0,2267.6693006336604,0.0,0.0,597.3165578040858,1725.8966137186635,3767.6693006336604,1017.5688714968422,Stock OK
18,90,22055.068,22,2200.0,108.99890624999999,77836.53100000002,7783.653100000001,0.0,1240.9926,80145.52990625001,20,2000.0,367.19242156588564,19033.660559482712,1903.3660559482712,0.0,2032.2458937835254,21400.8529810486,18,1800.0,1954.716824835216,1372.462999999999,137.2462999999999,1256.999124598245,2510.7245319275535,5127.179824835215,1342.9327428443512,Stock OK
18,91,21614.9932,22,2200.0,48.673512620192305,116032.70874999999,11603.270874999998,0.0,870.58455,118281.38226262019,22,2200.0,48.673512620192305,32876.435174591454,3287.643517459145,0.0,1702.1472857540855,35125.10868721164,16,1600.0,2192.131757703747,7222.315750000002,722.2315750000001,1524.8726101398752,1524.8726101398752,11014.44750770375,1497.5882584499566,Stock OK
18,92,58993.42960000001,22,2200.0,401.17786658653836,164934.3064166667,16493.43064166667,0.0,3695.652083333333,167535.48428325323,22,2200.0,1082.3948985458987,78588.010998084,7858.8010998084,0.0,5260.517350983646,81870.4058966299,21,2100.0,3089.1496117253237,88.4374690506229,8.84374690506229,1559.2205280949347,3523.5179658160014,5277.587080775947,3395.9644615868806,Stock OK
18,93,4244.4716,22,2200.0,0.0,28492.135121951218,2849.213512195122,0.0,121.32679024390244,30692.135121951218,9,900.0,128.74931402450255,15207.479654095203,1520.7479654095202,0.0,317.7166811530783,16236.228968119705,8,800.0,769.2722388834792,3175.1141463414633,317.5114146341463,340.2275820880267,340.2275820880267,4744.386385224942,205.38257239642007,Stock OK
18,94,7392.242800000002,22,2200.0,22.959425904977383,28175.027529411764,2817.5027529411764,0.0,397.80348235294116,30397.98695531674,11,1100.0,320.97297238232056,10425.166542276751,1042.5166542276752,0.0,575.3020922242913,11846.139514659071,10,1000.0,1281.877856449155,1896.9957647058818,189.69957647058817,811.6386001951887,811.6386001951887,4178.873621155037,467.3956406879017,Stock OK
18,95,53034.1424,22,2200.0,1099.8572395833326,29910.486833333365,2991.0486833333366,0.0,4351.5733666666665,33210.3440729167,22,2200.0,2448.474155193684,4455.904942680863,445.59049426808633,1507.8963283679218,5313.423383095909,9104.379097874547,21,2100.0,3251.9274461148716,0.0,0.0,1118.070620691612,3023.0647395192764,5351.927446114872,2497.382668406007,Stock OK
18,97,6943.904799999999,22,2200.0,26.325157342657345,27967.83163636363,2796.783163636363,0.0,360.61927272727274,30194.156793706286,11,1100.0,312.97198605056917,9254.286760592644,925.4286760592645,0.0,547.7547214849826,10667.258746643212,10,1000.0,1018.3793621021719,1463.086909090909,146.3086909090909,539.4324498714827,539.4324498714827,3481.466271193081,434.4310125096632,Stock OK
18,98,1640.5027999999998,22,2200.0,5.139717194570135,7451.247058823527,745.1247058823527,0.0,77.85896470588236,9656.386776018098,6,600.0,199.6584901081037,2511.3175606097675,251.13175606097673,0.0,254.51651937603995,3310.976050717871,5,500.0,439.1279370936814,369.4875294117648,36.94875294117648,123.29839911530556,123.29839911530556,1308.6154665054462,106.81423121007298,Stock OK
19,1,14863.288399999998,22,2200.0,11379.039435096152,0.0,0.0,5997.914574999998,7811.932224999998,13579.039435096152,12,1200.0,3251.659559046123,0.0,0.0,142.94334312637397,2599.984396751649,4451.659559046123,12,1200.0,5673.397266375537,0.0,0.0,2028.9994666098103,3317.2959567561566,6873.397266375537,2918.6645928630487,Stock OK
19,2,43991.2216,22,2200.0,6344.041959134609,0.0,0.0,2702.0031916666626,6762.283608333329,8544.041959134609,21,2100.0,3403.6394621041927,5363.174379228594,536.3174379228594,1232.998352807855,4908.949008987378,10866.813841332787,21,2100.0,4167.367220750286,0.0,0.0,1662.3233350710666,3460.647167347024,6267.367220750286,2273.3908059320383,Stock OK
19,3,20740.7504,22,2200.0,3582.1813461538445,57780.74750000003,5778.0747500000025,1512.0046999999995,2944.5855999999994,63562.92884615387,13,1300.0,2028.0569982153413,59804.353749454094,5980.435374945409,1581.242300024262,1581.242300024262,63132.41074766943,13,1300.0,1790.1744203174894,69.13465413090762,6.913465413090762,201.4885455467968,1140.8112520534821,3159.309074448397,584.1425744114958,Stock OK
19,4,27894.4272,22,2200.0,2818.555108173083,0.0,0.0,1176.9554416666704,3704.901758333337,5018.555108173083,19,1900.0,2130.082997809503,122.11544463475775,12.211544463475775,564.1078063755663,3464.625922482871,4152.198442444261,19,1900.0,2866.437738325002,0.0,0.0,1214.8967257489528,2621.4191952350056,4766.437738325002,1381.4767901906275,Stock OK
19,5,17621.731200000006,22,2200.0,16203.225120192308,0.0,0.0,9197.170783333331,11529.249216666663,18403.225120192306,12,1200.0,4016.3090831601653,0.0,0.0,1198.7557198137697,2591.6983807059305,5216.309083160166,13,1300.0,4110.79240327513,0.0,0.0,1613.7532094817166,2925.2004394385262,5410.79240327513,1769.5083370097936,Stock OK
19,6,3848.5904,22,2200.0,2671.6153485576924,0.0,0.0,1694.6424750000003,2176.662725,4871.615348557692,6,600.0,1231.4498691861615,0.0,0.0,674.107135160216,674.107135160216,1831.4498691861615,7,700.0,1104.5231271559294,0.0,0.0,527.4598746605737,527.4598746605737,1804.5231271559294,264.80748875982346,Stock OK
19,7,25755.971199999996,22,2200.0,10208.946923076932,0.0,0.0,8014.603733333341,10951.175466666675,12408.946923076932,16,1600.0,3740.8340499079854,2332.680503884078,233.2680503884078,2328.395694562283,3891.478444173875,7673.514553792063,17,1700.0,3921.681213266673,0.0,0.0,1556.8320947602,2904.358312099035,5621.681213266673,2040.1641717814182,Stock OK
19,8,37561.513999999996,22,2200.0,3922.4619591346195,0.0,0.0,991.9486916666697,4344.423708333336,6122.46195913462,21,2100.0,2834.5884035649046,347.82892604057906,34.782892604057906,904.1323295837697,4244.347420781741,5282.417329605484,21,2100.0,3518.394879163311,0.0,0.0,671.7736340132137,2332.0023894638744,5618.394879163311,1878.2897182033696,Stock OK
19,9,36132.954,22,2200.0,428.87883413461566,72270.2765,7227.02765,0.6421249999998508,2514.256775,74899.15533413463,22,2200.0,815.5535098454745,36296.64196103641,3629.664196103641,189.977043626124,3082.2615308783725,39312.19547088188,21,2100.0,2851.261122822663,0.0,0.0,1731.6679765804486,2907.330045600464,4951.261122822663,2040.5910370890153,Stock OK
19,10,25260.137600000002,22,2200.0,1699.1841346153851,0.0,0.0,435.50226666666686,2669.9057333333335,3899.184134615385,18,1800.0,1862.5757110969384,931.693919667232,93.1693919667232,0.0,2726.9203760041596,4594.269630764171,18,1800.0,3165.1176655129448,0.0,0.0,649.273119409414,1976.2028558452619,4965.117665512945,1684.0375272745837,Stock OK
19,11,21276.2444,22,2200.0,1274.8140985576947,37562.92725,3756.292725,1600.7029166666691,3263.368533333336,41037.7413485577,15,1500.0,1494.2572766542555,18304.190397616207,1830.4190397616208,690.4802676191891,1866.634081143027,21298.44767427046,15,1500.0,2386.7742341682892,7538.753293284184,753.8753293284184,704.6172283579092,1745.3387769151032,11425.527527452474,1322.600479785689,Stock OK
19,12,6092.162399999998,22,2200.0,121.1365985576924,5668.789499999998,566.8789499999998,58.23910000000009,543.7628000000001,7989.92609855769,9,900.0,684.2341028177777,2324.557080695112,232.45570806951116,588.7548335443912,588.7548335443912,3908.79118351289,10,1000.0,943.4859905240914,0.0,0.0,577.3669060697652,577.3669060697652,1943.4859905240914,284.99360109637325,Stock OK
19,13,29718.796799999996,22,2200.0,3900.6602764423055,0.0,0.0,1030.1479583333323,3703.9692416666658,6100.660276442306,20,2000.0,1887.0854524195684,0.0,0.0,1139.2190789794042,4122.25062942156,3887.0854524195684,19,1900.0,3246.2507718054476,0.0,0.0,511.6063318020308,1968.2547321799213,5146.250771805448,1479.0581778171627,Stock OK
19,14,14854.333999999999,22,2200.0,5093.225901442308,0.0,0.0,2671.566525000001,4195.557875000001,7293.225901442308,13,1300.0,2236.4307874102947,0.0,0.0,944.1048995044936,2070.1425557132015,3536.4307874102947,13,1300.0,2007.0259440897075,0.0,0.0,1183.1869254940375,1183.1869254940375,3307.0259440897075,907.3911881056106,Stock OK
19,16,29346.7964,22,2200.0,2920.2599939903844,105383.52591666668,10538.352591666668,5584.3003,7705.408483333334,110503.78591065707,12,1200.0,2299.8927140788687,86342.28605385848,8634.228605385848,2395.746279421229,2395.746279421229,89842.17876793735,12,1200.0,4285.877835504404,26657.121250000004,2665.7121250000005,1346.4316675688626,1346.4316675688626,32142.99908550441,1342.176766788188,Stock OK
19,17,14088.1096,22,2200.0,4092.1997956730793,0.0,0.0,1505.042658333334,2860.9689416666674,6292.199795673079,13,1300.0,1651.85080491105,4635.084305936909,463.50843059369095,92.77278700525733,2217.04270180736,7586.935110847959,13,1300.0,1658.6176450820556,0.0,0.0,260.8913803360707,1287.1506766140765,2958.617645082056,759.4370238558305,Stock OK
19,20,6002.254399999999,22,2200.0,316.2400781250002,3137.123999999999,313.7123999999999,334.8687750000001,858.643625,5653.364078125,9,900.0,836.9596894872645,1513.638201928893,151.3638201928893,215.8665828842664,876.0034438456885,3250.597891416158,9,900.0,1098.4390930881827,0.0,0.0,420.00941714022434,420.00941714022434,1998.4390930881827,278.10938634272645,Stock OK
19,21,5959.1680000000015,22,2200.0,719.501346153846,0.0,0.0,403.81189999999987,957.1144999999999,2919.501346153846,9,900.0,913.0455215274978,0.0,0.0,298.7004944644347,977.1898187724889,1813.0455215274978,9,900.0,1028.611803743464,0.0,0.0,741.9380297237699,741.9380297237699,1928.611803743464,369.5830997988467,Stock OK
19,22,10613.628,22,2200.0,2081.494170673078,0.0,0.0,646.1548250000005,1625.2663750000006,4281.494170673078,11,1100.0,1306.174116263166,2489.4494654541277,248.9449465454128,129.6189284545876,1032.182394145505,4895.623581717294,12,1200.0,1480.3144970677467,0.0,0.0,375.8700906782317,1241.4001602853436,2680.3144970677467,545.0978336816094,Stock OK
19,23,25611.4916,22,2200.0,1979.996552483973,226.40983333333907,22.640983333333907,957.0114666666661,3265.3472999999994,4406.406385817312,18,1800.0,2047.1517710642224,6984.460167669772,698.4460167669772,722.7994984953405,3494.467164961386,10831.611938733995,17,1700.0,2294.469941145767,0.0,0.0,1637.5171418179737,1637.5171418179737,3994.469941145767,1536.5706392431723,Stock OK
19,24,5155.2304,22,2200.0,852.3987019230773,0.0,0.0,151.37406666666695,612.8179333333336,3052.398701923077,8,800.0,940.492773466475,335.79455086241865,33.579455086241865,527.4254869482551,527.4254869482551,2076.2873243288936,10,1000.0,912.4092268726278,0.0,0.0,325.60977074154766,857.6847008239419,1912.4092268726276,330.0309872525104,Stock OK
19,25,10631.141599999999,22,2200.0,2870.305781249999,0.0,0.0,1501.9569749999998,2557.009025,5070.305781249999,11,1100.0,1604.5694387988974,0.0,0.0,320.55225825297435,1257.4638365782719,2704.5694387988974,12,1200.0,1897.112766352488,0.0,0.0,523.6270938693197,1393.8262410392579,3097.112766352488,782.2226312367616,Stock OK
19,26,6709.9912,22,2200.0,1624.0132932692318,0.0,0.0,434.5421166666673,1055.805883333334,3824.013293269232,9,900.0,998.9056026228347,840.1890306492209,84.01890306492209,57.53643527643965,776.4880705528793,2739.0946332720555,10,1000.0,1076.5287485911929,0.0,0.0,357.8439645450393,1039.6150217167103,2076.528748591193,474.51040325618345,Stock OK
19,27,1670.2712000000001,22,2200.0,1179.0168870192304,0.0,0.0,528.7954083333332,720.0185916666665,3379.01688701923,4,400.0,635.4490834089197,0.0,0.0,212.04563899612418,212.04563899612418,1035.4490834089197,4,400.0,583.2012922720709,0.0,0.0,208.2739436003822,208.2739436003822,983.2012922720709,149.11816170598337,Stock OK
19,28,570.0003999999999,22,2200.0,520.4018870192306,0.0,0.0,209.54684166666652,277.3335583333332,2720.4018870192303,3,300.0,349.9698673684164,0.0,0.0,6.647245542101999,244.13103081315302,649.9698673684163,3,300.0,375.209011121894,0.0,0.0,24.14638521117986,270.3797403167698,675.209011121894,87.38756527306661,Stock OK
19,29,4909.8592,22,2200.0,1041.7093750000008,0.0,0.0,501.9043333333341,972.4924666666675,3241.709375000001,8,800.0,893.7430691260512,0.0,0.0,176.0843031935224,801.8073465068827,1693.743069126051,8,800.0,958.9906152636845,0.0,0.0,549.5385042920835,549.5385042920835,1758.9906152636845,309.7086043634159,Stock OK
19,30,3841.06,22,2200.0,303.9733052884614,261.8600000000015,26.18600000000015,311.24952499999995,670.0428749999999,2765.8333052884627,7,700.0,741.598836494378,0.0,0.0,521.6936985188497,521.6936985188497,1441.598836494378,7,700.0,859.6437769832542,0.0,0.0,370.4852906975891,370.4852906975891,1559.6437769832542,194.23658057955643,Stock OK
19,31,2749.4152,22,2200.0,777.4356490384616,0.0,0.0,161.47821666666653,414.5993833333332,2977.4356490384616,6,600.0,656.6405951619877,1942.2220603153282,194.22220603153283,119.03016264564477,577.9384439684671,3198.862655477316,7,700.0,559.520625968251,82.0871209720761,8.20871209720761,424.291644756981,424.291644756981,1341.607746940327,145.9830089373485,Stock OK
19,32,5777.356,22,2200.0,1981.5616947115377,0.0,0.0,1424.9795749999998,2051.269625,4181.561694711538,8,800.0,1192.0881140752049,0.0,0.0,215.05767760658472,936.9117636932397,1992.0881140752049,8,800.0,1223.8152023756904,0.0,0.0,447.0572468902884,447.0572468902884,2023.8152023756904,356.0445354145692,Stock OK
19,33,5406.1276,22,2200.0,1011.9079447115382,0.0,0.0,268.81477500000005,762.2880250000001,3211.907944711538,8,800.0,908.1772221936595,1080.6586655702408,108.0658665570241,568.2054584429759,568.2054584429759,2788.8358877639002,9,900.0,1007.6807438756989,163.86979688783526,16.386979688783526,399.8264316390207,399.8264316390207,2071.550540763534,354.00379978436825,Stock OK
19,34,16326.498000000003,22,2200.0,394.19497295673074,10960.07575,1096.007575,263.0078166666665,1610.2685333333332,13554.270722956731,15,1500.0,1342.2074099331435,4621.796896819349,462.17968968193486,978.8701435725175,2037.6056706361305,7464.004306752493,15,1500.0,2157.305422395649,0.0,0.0,827.7539943389484,1836.6447222948782,3657.305422395649,1065.3259770617342,Stock OK
19,35,3300.8,22,2200.0,276.35572115384616,3971.88,397.188,232.35979999999995,505.0529999999999,6448.2357211538465,7,700.0,566.2877403846154,1498.4420000000014,149.84420000000014,116.004,592.324,2764.729740384617,7,700.0,795.9810538581254,0.6860943134918784,0.06860943134918784,382.4211434119047,382.4211434119047,1496.6671481716173,220.17232964376757,Stock OK
19,36,1464.1912,22,2200.0,1002.1464202724358,2018.4804166666672,201.84804166666672,809.9317333333332,990.1295499999999,5220.626836939103,4,400.0,713.9408981734523,0.0,0.0,354.9093652156249,354.9093652156249,1113.9408981734523,4,400.0,783.1912959360046,0.0,0.0,259.4818921710568,259.4818921710568,1183.1912959360047,140.97737017598587,Stock OK
19,37,2302.8212,22,2200.0,725.0911658653845,0.0,0.0,327.5000083333331,556.2235916666664,2925.0911658653845,6,600.0,617.4348328157247,0.0,0.0,221.42224660630464,657.6538609275656,1217.4348328157248,5,500.0,549.8056359242223,0.0,0.0,168.33970715938963,168.33970715938963,1049.8056359242223,147.9454844837578,Stock OK
19,38,61888.624,22,2200.0,17415.824639423074,0.0,0.0,9488.149616666662,15694.825583333328,19615.824639423074,21,2100.0,5729.865332183957,0.0,0.0,1959.7960218462813,6504.663194500137,7829.865332183957,20,2000.0,6058.3868709196395,0.0,0.0,2004.9420413682992,4279.256711841978,8058.3868709196395,3304.9722281599,Stock OK
19,40,46957.76680000001,22,2200.0,5375.615300480761,0.0,0.0,1574.4709083333282,5794.665491666661,7575.615300480761,22,2200.0,3015.3892137731195,0.0,0.0,596.5680156594362,4344.208282992112,5215.38921377312,21,2100.0,3380.362685008416,0.0,0.0,892.1642288227476,2779.4205539965087,5480.3626850084165,2393.0135281457733,Stock OK
19,41,3107.8532,22,2200.0,678.2595102163463,469.304333333333,46.9304333333333,20.69217500000002,288.6586916666667,3347.5638435496794,7,700.0,618.4618514004643,1183.7948375892147,118.37948375892148,245.51914124107827,717.6929883214377,2502.256688989679,8,800.0,629.2299750457942,0.0,0.0,357.16900704175407,357.16900704175407,1429.2299750457942,211.8131808970876,Stock OK
19,42,5990.7944,22,2200.0,294.2101061698724,312.51558333332696,31.251558333332696,0.0,518.2211166666667,2806.725689503199,9,900.0,929.8314198414562,0.0,0.0,39.55907395216832,696.1867988211893,1829.8314198414562,9,900.0,1036.3224265122176,0.0,0.0,592.4112457152644,592.4112457152644,1936.3224265122176,348.3472169817735,Stock OK
19,44,4711.868400000001,22,2200.0,1404.4222716346148,0.0,0.0,648.1955416666661,1114.2880583333329,3604.422271634615,8,800.0,911.2291303731248,0.0,0.0,346.35969726292774,969.0867433004888,1711.229130373125,8,800.0,915.6651859348932,0.0,0.0,66.65722017984649,649.4267694912531,1715.665185934893,307.26092468134516,Stock OK
19,46,17340.418800000003,22,2200.0,2418.4863100961506,0.0,0.0,1463.4809416666644,3098.602658333331,4618.48631009615,15,1500.0,1970.125876918901,0.0,0.0,275.0865444274192,2607.8285089547144,3470.1258769189008,14,1400.0,2164.7832900812355,0.0,0.0,1262.451501045322,1262.451501045322,3564.7832900812355,933.796381496539,Stock OK
19,49,4853.674,22,2200.0,312.4539393028846,1771.8575000000014,177.18575000000016,9.934824999999904,417.4498749999999,4284.311439302886,8,800.0,732.9346052160192,0.0,0.0,415.8559082094907,415.8559082094907,1532.9346052160192,8,800.0,1030.2920156285961,0.0,0.0,717.7122856202388,717.7122856202388,1830.2920156285961,308.58426614973587,Stock OK
19,50,959.4599999999999,22,2200.0,12.664820234113716,1972.2000000000003,197.22000000000003,0.0,66.28173913043479,4184.864820234114,4,400.0,273.95624629361436,609.3194886038112,60.93194886038112,140.2254424439667,140.2254424439667,1283.2757348974255,4,400.0,439.9571426336748,0.0,0.0,236.1735682963328,236.1735682963328,839.9571426336747,82.36434625103257,Stock OK
19,52,1271.7495999999999,22,2200.0,498.08542067307695,0.0,0.0,266.54042500000014,400.3047750000002,2698.085420673077,4,400.0,453.91791143212987,0.0,0.0,263.3147857917386,263.3147857917386,853.9179114321298,4,400.0,519.9839940010254,0.0,0.0,252.3809138454447,252.3809138454447,919.9839940010254,98.3124405701992,Stock OK
19,55,7279.844800000001,22,2200.0,9964.214867788462,0.0,0.0,6037.890241666664,7195.95415833333,12164.214867788462,7,700.0,2781.900670934675,0.0,0.0,1328.3463119084997,1328.3463119084997,3481.900670934675,8,800.0,2266.0369819065163,0.0,0.0,560.8131761550844,1432.7506191772395,3066.0369819065163,850.7805546777156,Stock OK
19,56,4276.818399999999,22,2200.0,1802.760621995192,9381.117500000002,938.1117500000001,1826.410441666666,2275.5510583333325,13383.878121995194,6,600.0,1102.8681566674818,6737.728809039747,673.7728809039747,738.452170480127,738.452170480127,8440.59696570723,4,400.0,1961.4342641823941,4849.790750000001,484.97907500000014,694.4705785331679,694.4705785331679,7211.225014182395,522.6054976573779,Stock OK
19,58,4121.400000000001,22,2200.0,114.00440705128206,15910.166666666668,1591.0166666666669,0.0,220.03333333333333,18224.17107371795,8,800.0,381.8988149690767,8873.650826245494,887.3650826245494,91.06415289590842,518.9283057918169,10055.54964121457,10,1000.0,695.1124821397517,428.6255081250823,42.86255081250823,0.0,416.49860546527685,2123.737990264834,342.6191907758397,Stock OK
19,59,195.8932,22,2200.0,664.9368389423073,0.0,0.0,439.17340833333304,494.3965916666663,2864.936838942307,1,100.0,405.9832899151176,0.0,0.0,101.29102924081053,101.29102924081053,505.9832899151176,1,100.0,364.6573042916064,0.0,0.0,70.28093731700916,70.28093731700916,464.6573042916064,51.423666984873265,Stock OK
19,60,434.15999999999997,22,2200.0,104.81658653846151,0.0,0.0,62.02283333333332,105.16916666666664,2304.8165865384617,3,300.0,243.47589124892073,0.0,0.0,198.96054151910207,198.96054151910207,543.4758912489208,3,300.0,286.84464872727904,0.0,0.0,197.2631072572777,197.2631072572777,586.844648727279,32.30209218455434,Stock OK
19,67,11197.0024,22,2200.0,2110.218675881409,1433.0568333333326,143.30568333333326,1848.594499999999,2970.5328666666655,5743.275509214742,11,1100.0,1755.046020953318,3714.896499999999,371.48964999999987,518.9305012571585,1485.0840713828743,6569.9425209533165,11,1100.0,2194.567012752334,0.0,0.0,985.9780721030993,985.9780721030993,3294.567012752334,858.1603708122927,Stock OK
19,71,5238.0536,22,2200.0,1452.7181850961535,0.0,0.0,759.564975,1281.097025,3652.7181850961533,8,800.0,1059.5507148476283,2317.2914833002396,231.72914833002397,387.02758250248206,1045.749576669976,4176.842198147868,8,800.0,1191.216777258948,0.0,0.0,612.694936377778,612.694936377778,1991.216777258948,358.62354024709884,Stock OK
19,72,51228.3036,22,2200.0,34287.589939903846,0.0,0.0,18015.223658333336,24036.39994166667,36487.589939903846,20,2000.0,7798.233578252685,0.0,0.0,2567.815696854602,7044.251184040062,9798.233578252686,19,1900.0,6800.887990463706,0.0,0.0,1428.7742877738401,5791.305634051224,8700.887990463707,4063.291413235298,Stock OK
19,74,16681.9136,22,2200.0,1949.5924849759608,2578.7545000000127,257.87545000000125,511.00157499999966,1983.6137249999997,6728.346984975974,15,1500.0,1633.8153626347219,1453.6339529637962,145.36339529637962,1168.877579703621,2275.771119661281,4587.449315598518,15,1500.0,2277.651172892578,0.0,0.0,519.375025795487,1590.2586258523074,3777.651172892578,828.8917596988148,Stock OK
19,79,17016.0704,22,2200.0,5144.941610576925,0.0,0.0,3107.9371500000007,4857.850850000001,7344.941610576925,14,1400.0,2204.1607408689047,0.0,0.0,1294.8406169119748,2501.459114366742,3604.1607408689047,13,1300.0,2461.9211712411443,0.0,0.0,1268.775596130165,1268.775596130165,3761.9211712411443,1032.4154406375287,Stock OK
19,80,19016.0924,22,2200.0,3200.0326802884615,0.0,0.0,1585.139658333333,3376.5511416666664,5400.032680288461,15,1500.0,1868.7628092993098,0.0,0.0,762.8080382909217,1983.6496963831305,3368.76280929931,15,1500.0,2369.7551095884987,0.0,0.0,470.1251499329031,1670.0608874281106,3869.7551095884987,966.8235425031615,Stock OK
19,81,19045.617599999998,22,2200.0,2801.627163461538,0.0,0.0,1200.2474000000007,2960.757400000001,5001.627163461539,16,1600.0,1821.497106078861,0.0,0.0,538.8744610689437,2959.406898364507,3421.497106078861,15,1500.0,2205.6524697174486,0.0,0.0,385.35118448459025,1584.651454804918,3705.6524697174486,968.0053772404033,Stock OK
19,82,18812.306800000002,22,2200.0,7659.812367788463,0.0,0.0,4575.780441666668,6609.527158333334,9859.812367788463,14,1400.0,2631.2094440966366,0.0,0.0,1148.6964266931227,2449.4951306695166,4031.2094440966366,15,1500.0,3341.391486282639,0.0,0.0,1269.8064888506974,2486.3417184114614,4841.391486282639,1483.571355711349,Stock OK
19,83,3199.216,22,2200.0,1046.935240384616,0.0,0.0,627.7716333333335,960.5531666666668,3246.935240384616,6,600.0,768.2837983885557,0.0,0.0,457.08671960575316,457.08671960575316,1368.2837983885556,6,600.0,930.8698820564321,0.0,0.0,535.803654162811,535.803654162811,1530.869882056432,211.05307314791716,Stock OK
19,85,4028.4356000000002,22,2200.0,945.7106850961529,0.0,0.0,562.639441666666,961.8633583333326,3145.7106850961527,7,700.0,786.8154096908918,414.9252500000006,41.49252500000006,69.86254422854086,646.1908349332977,1901.7406596908922,8,800.0,796.4453958352327,0.0,0.0,42.79501040785317,538.8514011804036,1596.4453958352328,212.80175069683375,Stock OK
19,87,17425.5452,22,2200.0,475.01366887019225,21713.27075000001,2171.327075000001,0.0,1326.45375,24388.284418870204,15,1500.0,1075.6366784742881,12812.012550331483,1281.2012550331483,552.7316199944751,1603.2598299917126,15387.64922880577,16,1600.0,1655.8058690007888,506.93402928725163,50.69340292872516,580.4207957032729,1644.7935935549094,3762.7398982880404,943.3535922601407,Stock OK
19,90,55821.962400000004,22,2200.0,16315.75179086538,0.0,0.0,7853.433141666661,13390.424058333327,18515.751790865383,21,2100.0,4997.865867744454,0.0,0.0,1849.3495851391108,6142.030072977294,7097.865867744454,20,2000.0,5205.75231919742,0.0,0.0,1807.311540138675,3951.824042970791,7205.75231919742,3187.421862139343,Stock OK
19,91,43427.51,22,2200.0,12824.260673076924,0.0,0.0,6947.614399999998,11328.059999999998,15024.260673076924,20,2000.0,5268.830054690392,0.0,0.0,1324.4665975984678,5142.5974173583145,7268.830054690392,19,1900.0,5745.430050072284,0.0,0.0,1705.74659390398,3633.876003599179,7645.430050072284,2453.910384155089,Stock OK
19,92,98046.61,22,2200.0,18795.19813701923,0.0,0.0,7291.265374999999,16451.080625,20995.19813701923,21,2100.0,5724.022281754275,0.0,0.0,1272.0156651620164,9553.84496743576,7824.022281754275,20,2000.0,7046.410148723056,0.0,0.0,1542.3155698995224,7080.973808280137,9046.410148723056,5364.433700026487,Stock OK
19,93,32770.1708,22,2200.0,4619.104242788466,0.0,0.0,2368.9698750000034,5424.547325000004,6819.104242788466,20,2000.0,2623.930776597661,1697.963905153797,169.7963905153797,682.9203724231027,3871.8013287461827,6321.894681751458,19,1900.0,3595.219324014984,0.0,0.0,1935.1308307882675,1935.1308307882675,5495.2193240149845,1663.7631122831287,Stock OK
19,94,31611.4984,22,2200.0,4323.820564903853,0.0,0.0,3353.1140583333386,6393.515141666672,6523.820564903853,19,1900.0,3230.153938477309,0.0,0.0,1577.6700635967268,3168.1459990743224,5130.15393847731,18,1800.0,3585.99396064408,0.0,0.0,1850.9552006208069,1850.9552006208069,5385.99396064408,1618.8856274297982,Stock OK
19,95,85221.01239999999,22,2200.0,8364.337235576917,0.0,0.0,3742.3478166666646,11478.292183333331,10564.337235576917,21,2100.0,4867.711895191775,1942.5043358084486,194.25043358084486,2686.780398979512,7760.755453339423,8910.216231000224,21,2100.0,6042.494049994756,0.0,0.0,2487.080989240396,4942.0544356675055,8142.494049994756,3928.2399547838736,Stock OK
19,96,16551.9764,22,2200.0,326.73285556891034,27159.437583333325,2715.9437583333324,314.14025000000015,1544.5900666666669,29686.170438902234,15,1500.0,999.0540247315257,8491.458122580354,849.1458122580353,308.00959705647335,1319.807129899219,10990.51214731188,17,1700.0,1598.5903002770376,0.0,0.0,905.6140209646846,905.6140209646846,3298.5903002770374,724.9744803180465,Stock OK
19,97,17819.8752,22,2200.0,2009.710889423077,0.0,0.0,1301.95795,2964.72605,4209.710889423077,15,1500.0,1856.6832693154656,1731.18867503979,173.118867503979,1314.0566691520767,2490.2467299840837,5087.871944355255,15,1500.0,2203.3805636537945,0.0,0.0,589.2946961573806,1726.081678025765,3703.3805636537945,820.9277270392688,Stock OK
19,98,10379.683999999997,22,2200.0,3106.5908413461552,0.0,0.0,1690.2471833333345,2739.806416666668,5306.590841346155,11,1100.0,1541.8204671578444,0.0,0.0,539.3500410339675,1473.819560137364,2641.820467157844,11,1100.0,1777.3649238501168,0.0,0.0,207.79665603936087,1109.1108366432968,2877.3649238501166,684.5864333560289,Stock OK
20,1,28363.9452,22,2200.0,18125.764314903852,0.0,0.0,9012.526225000001,12262.654175000003,20325.764314903852,16,1600.0,4242.180063257468,4669.187463965052,466.9187463965052,0.0,3288.8335040862135,10511.36752722252,17,1700.0,9410.782094372105,0.0,0.0,3219.7965560733796,6558.365284957552,11110.782094372105,5054.389424836589,Stock OK
20,2,70090.5772,22,2200.0,5842.5947235576905,0.0,0.0,2225.9543749999984,8514.348424999998,8042.5947235576905,22,2200.0,3826.098929060517,2344.4093734776743,234.44093734776743,1334.7503390087977,8196.783175304468,8370.508302538192,21,2100.0,4903.127959997253,0.0,0.0,2776.1122422255576,5041.615755340756,7003.127959997253,3282.475929879475,Stock OK
20,3,15656.3004,22,2200.0,2360.3712980769237,26349.995999999996,2634.9995999999996,1162.7900000000002,2396.1892000000003,30910.36729807692,14,1400.0,1552.5250745326216,18510.86844972147,1851.086844972147,1214.008021892408,2227.0174662708896,21463.393524254094,14,1400.0,1810.3372597519426,0.0,0.0,492.6662735255848,1445.9241317606238,3210.337259751943,587.9501767812845,Stock OK
20,4,46829.9984,22,2200.0,2892.049002403838,0.0,0.0,830.824508333329,4975.2438916666615,5092.049002403838,22,2200.0,2706.179772360915,596.8293885481057,59.68293885481057,298.58347289364656,5869.347544580761,5503.009160909021,21,2100.0,3754.7621034482586,0.0,0.0,1777.7206323577461,3620.8115000689522,5854.762103448258,2318.4404195017028,Stock OK
20,5,25939.267999999996,22,2200.0,25650.91676682692,0.0,0.0,14847.357458333332,18394.020541666665,27850.91676682692,15,1500.0,5873.718803982963,0.0,0.0,1712.076848874358,5147.669191008874,7373.718803982963,15,1500.0,5534.504092555624,0.0,0.0,2161.9566583403107,3789.1873750074756,7034.504092555624,2658.042154670968,Stock OK
20,6,5414.4064,22,2200.0,4231.376322115384,0.0,0.0,2667.8062499999987,3370.6073499999984,6431.376322115384,7,700.0,1519.744833463483,0.0,0.0,227.85568412682215,992.5324231479592,2219.744833463483,8,800.0,1468.248713798667,0.0,0.0,536.6524836197505,536.6524836197505,2268.2487137986673,505.0417959341329,Stock OK
20,7,41255.878,22,2200.0,15829.601057692307,0.0,0.0,8605.006266666669,12940.735333333336,18029.601057692307,20,2000.0,4781.403828464341,5649.502973941048,564.9502973941048,0.0,5697.8890171009825,12430.906802405389,19,1900.0,4714.152400564544,0.0,0.0,2296.6707495520345,3840.377214116703,6614.152400564544,3697.133611230552,Stock OK
20,8,71711.7304,22,2200.0,3819.6881710737125,10665.034083333385,1066.5034083333385,0.0,6143.063216666666,16684.722254407097,22,2200.0,2972.4144060999965,17477.088931683484,1747.7088931683484,291.05043522895676,7073.325670457913,22649.50333778348,21,2100.0,4545.674032029101,61.627252900789244,6.1627252900789244,2468.734887953587,4708.724809941984,6707.30128492989,3744.748642427978,Stock OK
20,9,38485.88560000001,22,2200.0,1074.6546704727548,16926.004166666713,1692.6004166666714,110.19890833333307,3319.1975249999996,20200.65883713947,22,2200.0,1258.901742431104,11324.893179132905,1132.4893179132905,139.67843984666888,3407.636119540007,14783.79492156401,21,2100.0,3200.8124400849533,0.0,0.0,1558.5389796883937,3026.4942569670766,5300.812440084954,2429.001060422219,Stock OK
20,10,39574.794,22,2200.0,1136.292234575319,10610.377416666686,1061.0377416666686,0.0,3349.0222833333332,13946.669651242006,21,2100.0,2200.177413457542,7446.056225757034,744.6056225757034,1247.5382920707161,4586.032886784527,11746.233639214577,21,2100.0,3530.06351177819,0.0,0.0,1813.0997047175333,3466.0251719774215,5630.063511778189,2304.791992295278,Stock OK
20,11,22833.934400000002,22,2200.0,3667.138409455129,25786.452666666668,2578.645266666667,3326.749825,5377.361908333333,31653.591076121797,16,1600.0,2074.9096784167514,13243.7278815445,1324.37278815445,1159.0740888252635,2465.255260536651,16918.63755996125,15,1500.0,2906.6635620116494,3739.5682366651217,373.95682366651215,1611.4187632003714,1611.4187632003714,8146.231798676771,1379.1043407917487,Stock OK
20,12,7715.935600000001,22,2200.0,73.83909254807693,7503.016499999999,750.3016499999999,0.0,605.7073,9776.855592548076,11,1100.0,821.0737752787759,1067.896835048806,106.7896835048806,398.34786598047737,1108.241149228037,2988.970610327582,11,1100.0,1415.5291135584343,0.0,0.0,493.84600447553026,493.84600447553026,2515.5291135584343,425.4770330475771,Stock OK
20,13,50662.512800000004,22,2200.0,5098.851947115391,0.0,0.0,1027.7627166666707,5522.569283333338,7298.851947115391,21,2100.0,2903.735967848689,5660.746799182548,566.0746799182548,1123.7463305435253,4991.396295815288,10664.482767031237,21,2100.0,4060.0763364056916,0.0,0.0,2218.6590170269205,4141.115765653042,6160.076336405691,2590.4919950360013,Stock OK
20,14,18308.818399999996,22,2200.0,9043.098653846151,0.0,0.0,5322.3706,7377.256600000001,11243.098653846151,14,1400.0,2754.5981199081343,0.0,0.0,464.01033353302546,3079.0936224551965,4154.598119908134,14,1400.0,3062.7052359125787,0.0,0.0,878.5855098231682,2117.437425963412,4462.705235912579,1333.2617175019466,Stock OK
20,16,27010.7228,22,2200.0,3793.488317307693,97064.37466666667,9706.437466666666,6638.076800000001,8720.021333333334,103057.86298397437,11,1100.0,2828.7967385877814,77576.19129525858,7757.619129525858,2295.525027298856,2295.525027298856,81504.98803384637,10,1000.0,4354.549415207379,28276.428,2827.6428,1251.762741505203,1251.762741505203,33630.97741520738,1123.2575955448583,Stock OK
20,17,14756.810000000001,22,2200.0,6483.90091346154,0.0,0.0,2933.5855666666685,4471.880833333335,8683.90091346154,13,1300.0,2027.5385569294974,0.0,0.0,1126.3494302167373,2257.659141068132,3327.5385569294976,13,1300.0,2082.8675723263837,0.0,0.0,814.8175656731518,1920.1662878125812,3382.8675723263837,946.9101593217841,Stock OK
20,20,6312.738399999998,22,2200.0,298.4456730769229,3609.028000000001,360.9028000000001,431.10369999999983,986.1418999999999,6107.473673076924,9,900.0,940.1834699249787,0.0,0.0,635.7926061566902,635.7926061566902,1840.1834699249787,9,900.0,1047.9736395913837,0.0,0.0,537.9202898343126,537.9202898343126,1947.9736395913837,282.0974196333759,Stock OK
20,21,10394.9364,22,2200.0,3721.2962620192347,0.0,0.0,1993.1148750000016,3070.3367250000015,5921.296262019235,11,1100.0,1505.2039368446885,0.0,0.0,687.9369854547806,1634.6410465002587,2605.2039368446885,11,1100.0,1638.6517943584258,0.0,0.0,430.5783249098174,1351.546519900799,2738.651794358426,651.4400466709902,Stock OK
20,22,11524.258399999999,22,2200.0,4311.9093509615395,0.0,0.0,1992.8419833333337,3168.242016666667,6511.9093509615395,12,1200.0,1601.7281621265283,0.0,0.0,127.89027832281545,2105.7000039873788,2801.7281621265283,11,1100.0,1790.0013675707683,0.0,0.0,769.5147328044554,769.5147328044554,2890.0013675707683,745.1675500768723,Stock OK
20,23,34054.362,22,2200.0,2415.529080528845,3900.0531666666666,390.00531666666666,2299.7125333333324,5427.022899999999,8515.58224719551,21,2100.0,2267.6620111003235,1924.3606511373173,192.43606511373173,1476.9420433235068,4703.037035766642,6292.02266223764,21,2100.0,3111.2968930705315,0.0,0.0,1904.15391269556,3393.0848823477295,5211.296893070532,1990.8172732243324,Stock OK
20,24,7341.836799999999,22,2200.0,1706.5215384615383,0.0,0.0,479.0042333333333,1159.0773666666666,3906.5215384615385,9,900.0,1052.5746057833976,3533.357399890353,353.3357399890353,49.29376001096432,801.5044000137054,5485.932005673751,11,1100.0,1377.5129727309447,0.0,0.0,804.4389855126042,804.4389855126042,2477.512972730945,501.52845622907773,Stock OK
20,25,14146.410000000003,22,2200.0,4458.168197115383,0.0,0.0,2527.2180499999977,3977.0987499999974,6658.168197115383,13,1300.0,2265.52743031366,0.0,0.0,1208.2178355943918,2306.5350677272577,3565.52743031366,13,1300.0,2410.488059390659,0.0,0.0,605.2273061981662,1653.2953275480133,3710.488059390659,1014.3800257219087,Stock OK
20,26,10695.1492,22,2200.0,3231.4717067307715,0.0,0.0,903.366316666668,1911.9328833333348,5431.471706730772,12,1200.0,1256.7632518565806,966.9323843459586,96.69323843459586,74.78352789135101,1906.861455782702,3423.6956362025394,11,1100.0,1909.5162010178788,0.0,0.0,855.2873482418869,855.2873482418869,3009.5162010178788,846.9992808730997,Stock OK
20,27,1923.5072,22,2200.0,1340.7107812499994,0.0,0.0,660.8646083333327,885.5925916666661,3540.7107812499994,5,500.0,687.4117706595274,0.0,0.0,143.2029161321209,575.6074514151511,1187.4117706595275,5,500.0,610.1238085330871,0.0,0.0,122.6535200727107,549.9207063408884,1110.123808533087,157.31867035964893,Stock OK
20,28,623.7872,22,2200.0,596.522079326923,0.0,0.0,286.3249083333331,365.4650916666664,2796.5220793269227,3,300.0,368.79767994281326,0.0,0.0,8.127254769936435,264.72934465490465,668.7976799428133,3,300.0,383.3631053433076,0.0,0.0,17.822001916505492,279.27146537475824,683.3631053433076,75.96136542680044,Stock OK
20,29,7059.328799999999,22,2200.0,2579.2992908653837,0.0,0.0,1537.6271083333327,2285.188491666666,4779.299290865383,9,900.0,1391.6464985524972,0.0,0.0,371.2246789500483,1159.8761044438043,2291.646498552497,9,900.0,1338.1451219872474,0.0,0.0,259.0625990848995,1033.6937645955118,2238.1451219872474,438.0888341844478,Stock OK
20,30,4891.751599999999,22,2200.0,980.8933533653848,0.0,0.0,799.7741583333333,1294.6894416666667,3180.893353365385,8,800.0,905.0893758605132,0.0,0.0,342.47019500145336,984.1628907159467,1705.0893758605132,7,700.0,1142.3343399005212,0.0,0.0,346.5858588048958,346.5858588048958,1842.3343399005212,249.63199678152966,Stock OK
20,31,3426.806,22,2200.0,776.6683413461536,0.0,0.0,316.9634166666666,642.5085833333333,2976.6683413461537,7,700.0,776.39460026393,293.0234881971239,29.302348819712392,213.4298023605754,733.8657529507193,1769.418088461054,7,700.0,805.2944614643121,0.0,0.0,274.0835198090871,274.0835198090871,1505.294461464312,196.48561698086309,Stock OK
20,32,10466.306400000001,22,2200.0,4469.333064903845,0.0,0.0,2922.266725,4086.490475,6669.333064903845,11,1100.0,1842.4224991299782,0.0,0.0,1121.9505821334726,2106.14271784682,2942.422499129978,10,1000.0,2510.344569636915,0.0,0.0,911.3664494890124,911.3664494890124,3510.344569636915,871.5861156378746,Stock OK
20,33,8164.1192,22,2200.0,1605.2268389423082,0.0,0.0,602.4402416666669,1364.7497583333336,3805.226838942308,10,1000.0,1186.3413852354238,4539.584434610079,453.95844346100796,600.8388652311937,1397.2316815389922,6725.925819845503,11,1100.0,1542.5721151767493,0.0,0.0,789.464105633715,789.464105633715,2642.5721151767493,542.3978566434324,Stock OK
20,34,20162.2908,22,2200.0,737.4163741987177,10801.310250000006,1080.1310250000006,812.8944666666661,2542.8991833333325,13738.726624198724,16,1600.0,1689.6230752481965,6625.44872464662,662.5448724646619,1091.285235023559,2291.020174194152,9915.071799894817,15,1500.0,2602.705114409466,0.0,0.0,1420.7320541723107,1420.7320541723107,4102.705114409466,1211.8307478261577,Stock OK
20,35,5421.393599999999,22,2200.0,445.42488381410294,2601.9533333333334,260.19533333333334,452.48955000000024,940.636316666667,5247.378217147436,9,900.0,939.3049609827883,0.0,0.0,409.14382450015296,1046.433483812672,1839.3049609827883,8,800.0,947.3342763652364,0.0,0.0,361.10291878810665,361.10291878810665,1747.3342763652363,312.18194499113474,Stock OK
20,36,3177.7299999999996,22,2200.0,1123.887259615385,12078.91466666667,1207.891466666667,1059.94495,1323.4043833333335,15402.801926282054,5,500.0,771.3917469048797,7199.3739809730005,719.9373980973,278.32717785404986,278.32717785404986,8470.76572787788,5,500.0,964.7723338930942,3542.5885000000007,354.25885000000005,277.5226076122932,277.5226076122932,5007.360833893095,239.43157125220876,Stock OK
20,37,3686.1119999999996,22,2200.0,506.7139182692307,0.0,0.0,90.71761666666654,419.13758333333317,2706.713918269231,7,700.0,658.6645343351279,571.0917012745542,57.10917012745543,0.0,522.7288133120908,1929.756235609682,7,700.0,651.7009430757035,0.0,0.0,375.5568046389852,375.5568046389852,1351.7009430757034,215.6872931767403,Stock OK
20,38,101932.47679999999,22,2200.0,3660.3666686698757,27910.15516666659,2791.015516666659,0.0,8620.996633333334,33770.52183533647,21,2100.0,3787.700806934234,32728.01958417364,3272.801958417364,2651.890020351697,10686.441830527547,38615.72039110787,21,2100.0,6761.374264635123,0.0,0.0,1844.3865174366838,7350.1664184934525,8861.374264635124,5579.919622315964,Stock OK
20,40,76724.8088,22,2200.0,8651.470120192304,0.0,0.0,2461.5565499999952,9347.327449999995,10851.470120192304,21,2100.0,3775.278745681613,2534.2445000000043,253.42445000000043,875.9688600494296,8056.543523626155,8409.523245681617,21,2100.0,5386.958764937467,0.0,0.0,2450.7234534623053,4909.5404500145305,7486.958764937467,3888.474444345836,Stock OK
20,41,5906.9692,22,2200.0,3043.4556730769227,0.0,0.0,687.2833666666668,1260.6966333333335,5243.455673076923,8,800.0,1090.2626517336585,3541.837250182303,354.1837250182303,142.30206249696164,833.0117249939233,5432.099901915961,11,1100.0,1837.5376931327505,0.0,0.0,952.3540638642319,952.3540638642319,2937.5376931327505,764.2066579677048,Stock OK
20,42,8318.498,22,2200.0,605.8023197115383,0.0,0.0,74.08834166666674,803.8784583333334,2805.802319711538,11,1100.0,902.3995298125404,601.8021843853239,60.18021843853239,628.5774590532078,1407.7984656146755,2604.2017141978645,11,1100.0,1439.0705034315458,0.0,0.0,372.61931486822397,1132.2625288550464,2539.070503431546,466.22178984286757,Stock OK
20,44,7030.6467999999995,22,2200.0,1787.6461658653839,0.0,0.0,559.7256083333325,1219.7579916666657,3987.646165865384,9,900.0,975.3708524842552,1122.4226843553822,112.24226843553822,0.0,741.0444945705577,2997.7935368396375,10,1000.0,953.4724663094805,0.0,0.0,337.44354349152167,1046.1148511016906,1953.4724663094805,467.22532794674805,Stock OK
20,46,29006.359600000003,22,2200.0,3984.687944711531,0.0,0.0,3154.4451416666616,5951.0368583333275,6184.687944711532,19,1900.0,3158.736906939521,0.0,0.0,1119.877440252798,4170.624436164891,5058.736906939521,18,1800.0,3210.5772778928167,0.0,0.0,750.9677736134038,2254.640702943604,5010.577277892817,1511.6263348667992,Stock OK
20,49,18265.6668,22,2200.0,4023.2688942307723,0.0,0.0,1877.3077000000021,3628.870700000002,6223.268894230772,15,1500.0,1941.260346987739,0.0,0.0,55.10850094343289,2469.4824703193453,3441.260346987739,14,1400.0,2196.285519562296,0.0,0.0,608.1737977470954,1857.904266804564,3596.285519562296,1158.0637804334008,Stock OK
20,50,2445.6552000000006,22,2200.0,959.3221153846147,0.0,0.0,613.0220333333328,878.9939666666661,3159.322115384615,5,500.0,768.9483599268058,0.0,0.0,305.3690709456271,305.3690709456271,1268.9483599268058,5,500.0,856.8106297225061,0.0,0.0,370.63818565100473,370.63818565100473,1356.810629722506,157.31399688598742,Stock OK
20,52,2475.7944000000007,22,2200.0,1318.5286298076924,0.0,0.0,693.8260166666666,969.4451833333333,3518.5286298076926,5,500.0,775.5342385208046,0.0,0.0,331.9774053424602,331.9774053424602,1275.5342385208046,5,500.0,837.1866932211885,0.0,0.0,290.01619788681967,290.01619788681967,1337.1866932211885,182.06860317061376,Stock OK
20,55,10421.472,22,2200.0,14255.575468749998,0.0,0.0,8740.434624999998,10406.687374999998,16455.575468749998,9,900.0,3557.89020786237,0.0,0.0,1497.2821802783474,2674.7040621881406,4457.8902078623705,9,900.0,3308.10845123161,0.0,0.0,1881.3164558860121,1881.3164558860121,4208.10845123161,1357.9100421988269,Stock OK
20,56,3341.9956,22,2200.0,2129.2401382211538,5833.453416666666,583.3453416666666,1933.6876500000003,2341.717033333334,10162.693554887821,5,500.0,1147.0270156360687,4222.531250000001,422.25312500000007,605.5491303916995,605.5491303916995,5869.558265636069,3,300.0,1655.6234665962886,4222.531250000001,422.25312500000007,453.20260767745043,453.20260767745043,6178.154716596289,387.75293781059673,Stock OK
20,58,4481.6,22,2200.0,147.87950721153845,8765.224999999999,876.5224999999998,0.0,313.485,11113.104507211538,9,900.0,495.81882053666317,1886.3802787327324,188.63802787327324,262.9049245895324,773.6098491790649,3282.1990992693954,10,1000.0,729.5630972923038,29.72500000000025,2.972500000000025,191.27280963799683,657.9031218199965,1759.288097292304,302.81178557909277,Stock OK
20,59,401.48040000000003,22,2200.0,1257.0556610576928,0.0,0.0,850.0678583333334,958.8981416666668,3457.0556610576928,2,200.0,534.6036516750451,0.0,0.0,363.5849174373749,363.5849174373749,734.6036516750451,2,200.0,462.8346445533159,0.0,0.0,243.69111426835886,243.69111426835886,662.8346445533159,76.34419411808557,Stock OK
20,60,528.12,22,2200.0,47.739903846153815,0.0,0.0,19.83966666666664,67.4883333333333,2247.739903846154,3,300.0,249.51499097894933,55.669999999999966,5.566999999999997,146.24170226771437,146.24170226771437,605.1849909789493,3,300.0,320.4088783027989,0.0,0.0,166.6429314982246,166.6429314982246,620.4088783027989,36.84137811213794,Stock OK
20,67,13860.188,22,2200.0,3146.459278846157,685.295999999995,68.5295999999995,2377.3232000000025,3783.321600000003,6031.755278846152,12,1200.0,1872.9179714885356,3929.593850707388,392.9593850707388,539.0237492926099,1620.5923642218709,7002.511822195924,12,1200.0,2472.294722053563,0.0,0.0,1377.619855342196,1377.619855342196,3672.294722053563,1169.4077747590193,Stock OK
20,71,5564.4176,22,2200.0,4174.831923076921,0.0,0.0,2420.9040999999984,3115.279899999998,6374.831923076921,7,700.0,1532.507347941608,0.0,0.0,797.7017678226753,797.7017678226753,2232.507347941608,7,700.0,1514.6921499429977,0.0,0.0,237.49885820553845,1030.8909845731282,2214.6921499429977,423.6164754477877,Stock OK
20,72,61760.221199999985,22,2200.0,50667.178882211556,0.0,0.0,28256.815591666684,36084.38400833335,52867.178882211556,18,1800.0,11080.039270930381,0.0,0.0,3572.4439942588365,8676.37852466444,12880.039270930381,19,1900.0,9741.118353311991,0.0,0.0,4014.6871560725854,6470.757871121339,11641.118353311991,5320.3031514564145,Stock OK
20,74,18164.7076,22,2200.0,5718.429903846153,0.0,0.0,2714.3543,4529.9249,7918.429903846153,15,1500.0,2325.4052261484762,189.8219462482291,18.98219462482291,555.232033178723,3013.3245775716305,4015.227172396705,14,1400.0,2548.094240977797,0.0,0.0,735.5449947284735,1979.9216635537407,3948.094240977797,981.2249563813918,Stock OK
20,79,33238.638,22,2200.0,4762.177259615384,0.0,0.0,2066.3711999999987,5136.3719999999985,6962.177259615384,18,1800.0,2432.515341071376,3025.4968650055685,302.54968650055685,436.4983891874306,3632.8967783748612,7258.0122060769445,19,1900.0,2782.195754205218,0.0,0.0,652.4242731370932,2279.4276660891537,4682.195754205218,1728.634248568218,Stock OK
20,80,36583.024000000005,22,2200.0,2188.2857211538494,0.0,0.0,63.58363333333455,3250.245166666668,4388.285721153849,22,2200.0,3070.469255968353,0.0,0.0,762.6090628244472,4019.1731391068915,5270.4692559683535,21,2100.0,2771.9587428487603,0.0,0.0,526.0750181430174,2142.530354050168,4871.95874284876,1851.0011816971323,Stock OK
20,81,32183.367199999997,22,2200.0,861.3592728365372,14543.35841666669,1454.335841666669,0.0,2672.089683333333,17604.717689503228,20,2000.0,1826.5196900791964,4751.873354134688,475.1873354134689,629.5766234494945,3611.6420932427604,8578.393044213884,20,2000.0,3291.1471957017447,0.0,0.0,328.44630493493696,1828.6399354578284,5291.147195701745,1632.024612050579,Stock OK
20,82,26990.008400000002,22,2200.0,5439.376682692301,0.0,0.0,2730.0418999999947,5314.394099999994,7639.376682692301,18,1800.0,2433.3364160957644,0.0,0.0,348.11285065873994,3280.811969491083,4233.336416095764,18,1800.0,3371.648027730982,0.0,0.0,1296.7410075834468,2732.636366853061,5171.648027730982,1807.878379331113,Stock OK
20,83,4845.343599999999,22,2200.0,294.95853064903827,316.9072500000007,31.69072500000007,180.15254999999993,614.3965,2811.8657806490387,8,800.0,800.3715556188464,438.4287500000002,43.84287500000002,658.4639407559805,658.4639407559805,2038.8003056188466,7,700.0,1041.4379991206827,0.0,0.0,314.59852029368574,314.59852029368574,1741.4379991206827,257.5368416772895,Stock OK
20,85,4261.8028,22,2200.0,721.3496033653844,0.0,0.0,456.0225583333331,866.2682416666664,2921.3496033653846,7,700.0,880.6843093713989,0.0,0.0,443.174021418293,443.174021418293,1580.6843093713987,8,800.0,778.2124187916529,0.0,0.0,404.6257598229349,404.6257598229349,1578.212418791653,234.3354034402678,Stock OK
20,87,45778.92360000001,22,2200.0,767.55679286859,41623.84549999997,4162.384549999997,349.53196666666736,3998.755533333335,44591.40229286856,22,2200.0,1978.5511315590863,9263.767919969721,926.3767919969721,697.7837723669381,4182.696401094761,13442.319051528808,20,2000.0,4355.457821459376,0.0,0.0,2845.6159190040007,2845.6159190040007,6355.457821459376,2543.8499485654843,Stock OK
20,90,83703.7808,22,2200.0,15596.60225961539,0.0,0.0,6382.380000000001,14215.959200000001,17796.602259615393,21,2100.0,5342.768634792665,5266.690011907012,526.6690011907012,2608.7172158094872,10267.557927666603,12709.458646699677,20,2000.0,6748.572063443484,0.0,0.0,2937.608476784978,5520.05745874308,8748.572063443484,4483.064484192652,Stock OK
20,91,68442.2456,22,2200.0,7111.134278846144,0.0,0.0,2506.438599999992,8675.889399999991,9311.134278846144,21,2100.0,3415.5911585846097,13008.482580168793,1300.8482580168793,1018.6066880847548,7815.43297616951,18524.073738753403,21,2100.0,4964.380846985238,0.0,0.0,1248.1482443536793,3572.618153751898,7064.380846985238,3400.050027181871,Stock OK
20,92,151042.6732,22,2200.0,12213.732728365374,0.0,0.0,1156.8776249999883,14391.621174999987,14413.732728365374,21,2100.0,3445.904472400685,52992.78573208456,5299.278573208456,205.21858343286294,13478.53415029859,58538.69020448525,21,2100.0,8441.728680629192,0.0,0.0,2959.071663057761,9666.553139960648,10541.728680629192,8064.59183907606,Stock OK
20,93,49687.8884,22,2200.0,1472.7865865384592,6127.156000000045,612.7156000000045,576.2243999999992,4893.737199999999,9799.942586538506,22,2200.0,2806.953770656681,10921.85160780905,1092.185160780905,1472.5178973299226,5263.122413551577,15928.805378465731,21,2100.0,4396.058892046249,0.0,0.0,2138.702010796076,4028.298727912579,6496.058892046249,2507.9394377012277,Stock OK
20,94,58481.54239999999,22,2200.0,1929.7002403846132,15382.74800000002,1538.274800000002,1341.605866666664,6409.85573333333,19512.448240384634,22,2200.0,2857.4635300604973,14258.688796163282,1425.8688796163283,1883.7242812149593,5990.686121342849,19316.15232622378,21,2100.0,4370.8014203872235,0.0,0.0,802.8293370628776,4937.389092027908,6470.8014203872235,2882.72817277626,Stock OK
20,95,138304.7884,22,2200.0,3742.2943058894275,31061.047749999896,3106.10477499999,258.12185000000045,12036.9745,37003.34205588933,22,2200.0,3803.251325894836,10576.468217575666,1057.6468217575666,2510.4826349920313,11901.970730240835,16579.719543470503,21,2100.0,7242.538807170126,0.0,0.0,893.7016461551939,7126.020162624691,9342.538807170127,6299.225660527389,Stock OK
20,97,23610.9256,22,2200.0,1296.417475961534,0.0,0.0,370.4863166666638,2455.8264833333305,3496.417475961534,18,1800.0,1683.026348043893,1601.862865769374,160.1862865769374,752.3930662032946,3386.7833324065896,5084.889213813267,17,1700.0,2720.4373002080993,0.0,0.0,619.5817871640126,1938.4878582367633,4420.437300208099,1132.1479366670596,Stock OK
20,98,16908.6924,22,2200.0,3710.129843750002,0.0,0.0,1540.3353583333358,3144.598641666669,5910.129843750002,14,1400.0,1793.4964023399223,0.0,0.0,516.7654699021666,1672.0780041254102,3193.4964023399225,14,1400.0,2180.077772370197,0.0,0.0,273.8262455077413,1410.45114708526,3580.077772370197,1048.0734886082523,Stock OK
21,1,10138.3936,22,2200.0,7615.664867788461,0.0,0.0,4267.098841666667,5519.750358333334,9815.664867788462,10,1000.0,2359.378285859177,0.0,0.0,928.5481400597116,1949.4330806219018,3359.378285859177,10,1000.0,2783.6462779490134,0.0,0.0,1080.7442573047972,2118.5398775608855,3783.6462779490134,1298.0226194946617,Stock OK
21,2,41537.4096,22,2200.0,6408.51971153846,0.0,0.0,3468.557233333332,7382.119566666665,8608.51971153846,20,2000.0,3648.343004021784,0.0,0.0,422.1780668336046,4031.102483516965,5648.3430040217845,21,2100.0,4341.076236456961,0.0,0.0,1915.5758137898197,3705.225428732192,6441.076236456961,2082.974590280231,Stock OK
21,3,17648.0892,22,2200.0,2588.179257812499,53487.58458333336,5348.7584583333355,1166.7140499999996,2337.6744666666664,58275.76384114586,13,1300.0,1662.584225141432,50549.490219834515,5054.9490219834515,1007.7263765082749,1994.7618706353437,53512.074444975944,14,1400.0,1647.7703196010252,3706.8799120970507,370.68799120970505,414.3963956774122,1253.0993945967653,6754.650231698076,479.1816542133213,Stock OK
21,4,16081.566,22,2200.0,4013.85706730769,0.0,0.0,2189.5151666666648,3778.3048333333313,6213.85706730769,14,1400.0,1866.2642439235706,1988.7117898294287,198.87117898294287,297.2180007264701,2596.672721017058,5254.976033752999,13,1300.0,2193.282565035138,0.0,0.0,907.4300321051891,907.4300321051891,3493.282565035138,832.9766000838047,Stock OK
21,5,10903.4812,22,2200.0,9307.103377403848,0.0,0.0,5942.072808333332,7406.903591666665,11507.103377403848,10,1000.0,2762.5886831944804,0.0,0.0,1229.451974417807,2333.417196575341,3762.5886831944804,10,1000.0,2538.7570168377842,0.0,0.0,530.0946041664561,1556.3534518516178,3538.7570168377842,853.6497677918376,Stock OK
21,6,2228.1288,22,2200.0,1897.6550600961532,0.0,0.0,1505.6296749999992,1830.3043249999992,4097.655060096153,4,400.0,923.6339653082875,0.0,0.0,337.84179430919625,337.84179430919625,1323.6339653082875,5,500.0,915.5894148328935,0.0,0.0,418.8875151174729,418.8875151174729,1415.5894148328935,180.84863704171812,Stock OK
21,7,16169.9768,22,2200.0,12492.712764423077,0.0,0.0,8752.112116666669,10919.250283333336,14692.712764423077,12,1200.0,3864.468556458428,0.0,0.0,1851.3138343713383,3194.09414204146,5064.468556458428,13,1300.0,3752.441671888822,0.0,0.0,1666.2078132717031,1666.2078132717031,5052.441671888822,1574.3314752308402,Stock OK
21,8,14513.632,22,2200.0,3944.5264182692285,0.0,0.0,2551.712883333332,4035.655916666665,6144.526418269228,13,1300.0,2044.2984941097625,0.0,0.0,1046.0084710469741,2157.152297800889,3344.2984941097625,12,1200.0,2323.296704320268,0.0,0.0,1160.3506394435876,1160.3506394435876,3523.296704320268,816.0912317385703,Stock OK
21,9,14777.9832,22,2200.0,979.1469451121803,6795.534499999993,679.5534499999993,973.4951666666675,2284.097333333334,9974.681445112174,14,1400.0,1603.2169723361892,1776.0943972775965,177.60943972775965,940.5488064973215,1984.7810616334416,4779.311369613786,14,1400.0,1902.6752797258496,0.0,0.0,449.7890133451165,1469.9327797562792,3302.6752797258496,725.4002620297856,Stock OK
21,10,12959.1272,22,2200.0,2087.3431730769244,0.0,0.0,1566.7612333333338,2829.8819666666673,4287.343173076924,12,1200.0,1559.6362962080261,658.5457812331595,65.85457812331595,277.97224844507724,1303.1144093834191,3418.1820774411854,13,1300.0,1981.0970337151105,0.0,0.0,391.5286061312798,1346.1931649755531,3281.0970337151102,653.8607397391406,Stock OK
21,11,11080.1688,22,2200.0,1244.2779877804492,1202.612583333331,120.2612583333331,1349.4339000000002,2419.811416666667,4646.89057111378,11,1100.0,1668.631385692112,2494.4985165213075,249.44985165213075,1155.4564300654108,1155.4564300654108,5263.129902213419,11,1100.0,2028.32190107938,0.0,0.0,641.7264111586626,641.7264111586626,3128.32190107938,574.3027054699733,Stock OK
21,12,2386.6299999999997,22,2200.0,558.2344951923071,0.0,0.0,259.5886166666663,489.69458333333296,2758.234495192307,6,600.0,546.6969912056722,0.0,0.0,146.26844698465396,583.8163463815847,1146.6969912056722,6,600.0,712.8844646954748,0.0,0.0,79.1801371888625,503.310374626635,1312.884464695475,169.12185259376747,Stock OK
21,13,23426.6976,22,2200.0,5504.190216346155,0.0,0.0,2853.0207499999997,5138.21365,7704.190216346155,17,1700.0,2352.6858873497954,0.0,0.0,684.1309580080924,3441.869519075838,4052.6858873497954,16,1600.0,2841.9706081243635,0.0,0.0,809.5873576045894,2196.820398111562,4441.970608124364,1256.4611014154582,Stock OK
21,14,11003.554000000002,22,2200.0,6599.28734375,0.0,0.0,4258.487958333333,5585.622041666667,8799.28734375,10,1000.0,2227.7830455763947,0.0,0.0,444.32535870163633,1495.1229402240403,3227.7830455763947,10,1000.0,2113.2442024273814,0.0,0.0,1189.6671064195812,1189.6671064195812,3113.2442024273814,724.7848485555261,Stock OK
21,16,5340.626,22,2200.0,866.3067217548077,7295.081749999999,729.5081749999999,1435.76675,1961.5828,10361.388471754806,8,800.0,1056.1815527075155,4418.608890163266,441.86088901632655,519.9123899591835,1181.3343079510203,6274.790442870781,6,600.0,1349.3885492028908,759.3152499999991,75.93152499999991,310.43178635169573,310.43178635169573,2708.70379920289,241.19457633589536,Stock OK
21,17,5177.7184,22,2200.0,2574.1758533653847,0.0,0.0,1625.9524250000004,2217.5759750000007,4774.175853365385,7,700.0,1179.238773707595,0.0,0.0,620.8582268156994,620.8582268156994,1879.238773707595,7,700.0,1316.7947596391475,0.0,0.0,531.2293830184527,531.2293830184527,2016.7947596391475,360.35124363853123,Stock OK
21,19,1478.0728,22,2200.0,671.2236778846147,0.0,0.0,377.26244999999955,538.5959499999996,2871.2236778846145,4,400.0,528.6802790119258,0.0,0.0,229.42107059341606,229.42107059341606,928.6802790119258,4,400.0,552.163056287986,0.0,0.0,181.6548391836484,181.6548391836484,952.163056287986,101.94631324343172,Stock OK
21,20,4444.8712,22,2200.0,525.7402524038464,0.0,0.0,465.1854750000002,892.1469250000002,2725.740252403846,7,700.0,837.2608350825329,870.1654222780442,87.01654222780442,454.6810436962609,454.6810436962609,2407.4262573605774,7,700.0,1058.2937404473107,0.0,0.0,400.8463517518459,400.8463517518459,1758.2937404473107,247.47018618557138,Stock OK
21,21,2553.4500000000003,22,2200.0,756.222524038461,0.0,0.0,396.6722166666664,653.204583333333,2956.222524038461,6,600.0,572.7563651148307,0.0,0.0,141.29946434139913,603.289647209679,1172.7563651148307,6,600.0,785.2646825956897,0.0,0.0,96.14265493301154,549.1014759196138,1385.2646825956897,163.1056511646252,Stock OK
21,22,6075.835999999999,22,2200.0,3091.0856490384604,0.0,0.0,2026.7408499999985,2731.3127499999987,5291.08564903846,8,800.0,1469.1469236950445,0.0,0.0,340.4982441265748,1106.1377290017997,2269.1469236950443,8,800.0,1424.0378313804888,0.0,0.0,307.24313607088203,1068.1318912238653,2224.0378313804886,386.26693437637914,Stock OK
21,23,31673.01160000001,22,2200.0,4794.244002403843,0.0,0.0,3170.7469749999996,6200.6390249999995,6994.244002403843,19,1900.0,2619.6778498949125,3295.594336334377,329.5594336334377,1780.4331309325048,3368.1579766157865,7815.272186229289,20,2000.0,3870.6979048251205,0.0,0.0,1786.730752670368,3308.5678199161766,5870.6979048251205,1997.67764663596,Stock OK
21,24,9074.1664,22,2200.0,1318.9412089342948,9201.292749999997,920.1292749999998,124.09086666666661,843.9280833333332,12720.233958934292,10,1000.0,953.9022558731933,16941.24347609488,1694.1243476094883,664.7169819124097,1438.6062273905122,18895.145731968074,10,1000.0,1114.3201563077869,6459.108896634575,645.9108896634575,619.5292170673085,619.5292170673085,8573.429052942362,450.909003998507,Stock OK
21,25,15070.879600000004,22,2200.0,3477.8855168269242,0.0,0.0,2285.9946916666668,3795.288108333333,5677.885516826924,13,1300.0,1872.4490448187908,624.3129628414567,62.431296284145674,702.6262990827536,1823.2208388993042,3796.7620076602475,13,1300.0,2239.631817487491,0.0,0.0,1151.4372904307756,1151.4372904307756,3539.631817487491,873.4110052825597,Stock OK
21,26,8268.198400000001,22,2200.0,3432.1468990384606,0.0,0.0,1667.4516166666667,2531.4211833333334,5632.14689903846,10,1000.0,1452.3208610568015,1610.2807427351327,161.02807427351325,819.2910216361388,1667.1251324542081,4062.6016037919344,10,1000.0,1562.6604172738203,0.0,0.0,1023.7854150764024,1023.7854150764024,2562.6604172738203,566.0383900567443,Stock OK
21,27,1172.7859999999998,22,2200.0,862.7792548076923,0.0,0.0,430.95608333333325,570.4119166666666,3062.7792548076923,4,400.0,535.7489901914262,0.0,0.0,58.28095271937144,398.9086869591619,935.7489901914262,4,400.0,474.4337596475361,0.0,0.0,43.32374825889701,378.96574767852934,874.4337596475361,89.61389980783044,Stock OK
21,28,401.17839999999995,22,2200.0,464.04477163461553,0.0,0.0,270.7081416666668,329.1330583333335,2664.0447716346157,2,200.0,362.6986601879068,0.0,0.0,127.41035856361542,127.41035856361542,562.6986601879069,2,200.0,378.53913777435906,0.0,0.0,138.39308969022235,138.39308969022235,578.539137774359,52.138195717571755,Stock OK
21,29,4048.858,22,2200.0,1193.8337379807695,0.0,0.0,697.907491666667,1110.6697083333338,3393.8337379807695,7,700.0,844.7077910790368,0.0,0.0,86.39879211109451,672.417703296277,1544.7077910790367,7,700.0,817.2545596650986,0.0,0.0,66.5369759924888,649.245584491237,1517.2545596650984,232.4309319052216,Stock OK
21,30,3818.8956000000003,22,2200.0,776.208016826923,0.0,0.0,477.9055583333334,851.5404416666668,2976.208016826923,7,700.0,684.7927097853651,0.0,0.0,86.8686724273249,644.4206636652124,1384.792709785365,7,700.0,984.1013608944029,0.0,0.0,62.74607953849451,616.2776386282436,1684.101360894403,222.6841335754554,Stock OK
21,31,3680.5676000000003,22,2200.0,878.8417397836537,1417.4317500000025,141.74317500000024,286.4276666666666,619.0582833333332,4496.273489783656,7,700.0,771.1705630385028,1693.845696953317,169.3845696953317,144.17735265233418,670.2464289785013,3165.0162599918194,8,800.0,871.3436745719563,0.0,0.0,432.330267243868,432.330267243868,1671.3436745719564,215.48470691764277,Stock OK
21,32,5071.381600000001,22,2200.0,2167.7524879807706,0.0,0.0,1562.6511916666668,2139.5236083333334,4367.752487980771,7,700.0,1132.6129480038896,0.0,0.0,643.4563508899537,643.4563508899537,1832.6129480038896,7,700.0,1513.4594436562813,0.0,0.0,558.0652885622445,558.0652885622445,2213.459443656281,391.0195951655196,Stock OK
21,33,7644.654,22,2200.0,1295.1954447115384,1641.516999999999,164.1516999999999,229.31773333333314,899.7368666666664,5136.7124447115375,9,900.0,879.487543933918,7638.183086174505,763.8183086174505,99.61334162607852,846.465883252157,9417.670630108423,11,1100.0,1188.2397064597253,2688.424932064803,268.8424932064803,812.4945389945997,812.4945389945997,4976.6646385245285,442.7730351554304,Stock OK
21,34,16249.1096,22,2200.0,1918.0241346153841,0.0,0.0,1246.8922666666672,2768.283733333334,4118.024134615384,14,1400.0,1794.816811636083,44.84046944162287,4.484046944162287,663.4594366700538,1788.5361897258917,3239.657281077706,14,1400.0,2053.4913844561024,0.0,0.0,556.2518343248065,1673.4267754267148,3453.4913844561024,864.5353336981993,Stock OK
21,35,1954.4715999999999,22,2200.0,738.3637860576926,0.0,0.0,527.4708583333335,743.2919416666667,2938.363786057693,5,500.0,524.5092777329312,59.12374999999983,5.912374999999983,70.16805230514186,493.9169653814273,1083.633027732931,5,500.0,677.838823789202,0.0,0.0,420.8939198079778,420.8939198079778,1177.838823789202,123.8581594370809,Stock OK
21,36,1647.4047999999998,22,2200.0,736.0391316105769,3275.1772500000006,327.51772500000004,740.9204,920.12105,6211.216381610578,4,400.0,585.327678918616,1755.1088461134618,175.51088461134617,341.41962116596153,341.41962116596153,2740.436525032078,4,400.0,601.0160886381998,1219.59025,121.959025,376.6319032174107,376.6319032174107,2220.6063386381998,101.25829450651625,Stock OK
21,38,27442.441999999995,22,2200.0,17594.042524038457,0.0,0.0,11626.122749999997,15023.389249999997,19794.042524038457,16,1600.0,5030.476962215945,0.0,0.0,1190.642005726088,4553.096899401244,6630.476962215945,15,1500.0,5401.409189479489,0.0,0.0,1320.9002943084183,3011.4319046161627,6901.409189479489,1952.300390059669,Stock OK
21,40,32768.6212,22,2200.0,7593.299999999999,0.0,0.0,3824.2522999999983,7006.241299999998,9793.3,20,2000.0,2832.97001639037,0.0,0.0,1291.9434693625526,4546.119154847281,4832.97001639037,18,1800.0,3183.005658321785,0.0,0.0,1912.0356485489979,1912.0356485489979,4983.005658321785,1736.6200394471543,Stock OK
21,41,1704.9651999999996,22,2200.0,2280.8752764423075,0.0,0.0,1143.100458333333,1390.7583416666664,4480.875276442308,4,400.0,901.2651769344574,0.0,0.0,482.23684026183554,482.23684026183554,1301.2651769344575,5,500.0,610.7655961781828,0.0,0.0,218.92742117980532,218.92742117980532,1110.765596178183,198.38510226530985,Stock OK
21,42,4745.294800000001,22,2200.0,103.99512820512815,1876.301333333337,187.6301333333337,0.0,396.3186666666666,4180.296461538465,8,800.0,722.2629111083044,352.6587588938031,35.26587588938031,478.26844137020663,478.26844137020663,1874.9216700021075,8,800.0,968.4860442634532,0.0,0.0,596.851379835422,596.851379835422,1768.486044263453,293.0383921565537,Stock OK
21,44,3585.8639999999996,22,2200.0,1432.4776201923062,0.0,0.0,691.8113166666653,1063.783083333332,3632.477620192306,7,700.0,883.6996677102836,0.0,0.0,309.95199858221577,866.2617233459184,1583.6996677102836,7,700.0,876.9006384293087,0.0,0.0,102.51501470289557,624.2519088200448,1576.9006384293089,248.39518275386914,Stock OK
21,46,16695.965600000003,22,2200.0,2237.9185336538458,0.0,0.0,1844.45055,3456.6606500000003,4437.918533653846,14,1400.0,1936.774908977974,0.0,0.0,778.5654670490113,1936.7359222066275,3336.774908977974,14,1400.0,2226.589510010315,0.0,0.0,483.70149162896416,1619.1901025234997,3626.589510010315,839.3080061973774,Stock OK
21,49,8481.1408,22,2200.0,3609.6743750000014,0.0,0.0,1981.218033333334,2890.9883666666674,5809.674375000001,10,1000.0,1539.435277626464,0.0,0.0,713.6642709852181,1583.6808899835755,2539.435277626464,9,900.0,1738.6054773915555,0.0,0.0,791.5072928250513,791.5072928250513,2638.6054773915557,605.723475908058,Stock OK
21,52,1931.6812000000004,22,2200.0,1212.2810697115387,0.0,0.0,738.2904750000005,970.4619250000005,3412.2810697115387,5,500.0,712.2008395294846,0.0,0.0,174.60508238133156,614.1123592266645,1212.2008395294847,5,500.0,655.911404532789,0.0,0.0,97.34249718832375,517.5341277354047,1155.911404532789,133.19307650362518,Stock OK
21,55,4754.6632,22,2200.0,6032.875817307693,0.0,0.0,3953.183566666666,4710.387633333333,8232.875817307693,6,600.0,1914.5701927792127,0.0,0.0,349.7502863090398,1143.4717635708478,2514.5701927792124,6,600.0,1485.2025757605459,0.0,0.0,691.8103789994215,691.8103789994215,2085.202575760546,396.8173195445406,Stock OK
21,56,705.2455999999999,22,2200.0,1272.6878365384616,0.0,0.0,819.7839666666667,952.3952333333334,3472.687836538462,2,200.0,597.1955126578324,0.0,0.0,157.99824922505334,157.99824922505334,797.1955126578324,2,200.0,846.1697663647949,0.0,0.0,323.7155124924075,323.7155124924075,1046.169766364795,151.89182414857166,Stock OK
21,59,188.68279999999996,22,2200.0,467.55802884615383,0.0,0.0,310.65870000000007,354.0797000000001,2667.558028846154,1,100.0,330.7838986567057,0.0,0.0,66.51782426798833,66.51782426798833,430.7838986567057,2,200.0,357.6614528106921,0.0,0.0,207.80010794408707,207.80010794408707,557.661452810692,62.6142095183595,Stock OK
21,60,144.36,22,2200.0,52.4810222672065,0.0,0.0,25.016842105263166,39.74526315789474,2252.4810222672063,2,200.0,134.18949030834182,61.6937243291617,6.16937243291617,105.29799598813645,105.29799598813645,395.8832146375035,2,200.0,180.86312719631132,0.0,0.0,115.42566099135357,115.42566099135357,380.8631271963113,20.75709187706063,Stock OK
21,67,3527.4476000000004,22,2200.0,1951.119495192307,0.0,0.0,1268.9735499999997,1686.0536499999998,4151.119495192307,6,600.0,1006.4357410500918,0.0,0.0,43.55301438825953,632.6291072659114,1606.4357410500918,6,600.0,1189.786973954284,0.0,0.0,609.9654178093416,609.9654178093416,1789.786973954284,299.4438865454467,Stock OK
21,71,3746.3615999999993,22,2200.0,2643.0511899038456,0.0,0.0,1784.7069583333328,2265.669441666666,4843.051189903846,6,600.0,1287.169269884382,0.0,0.0,770.5779161714249,770.5779161714249,1887.169269884382,6,600.0,1143.959761337604,0.0,0.0,144.1337970274053,777.9441314328864,1743.959761337604,272.24010629429915,Stock OK
21,72,28431.5312,22,2200.0,22662.018942307688,0.0,0.0,14102.368799999995,17800.968799999995,24862.018942307688,16,1600.0,5713.690303173062,0.0,0.0,1675.2388717276494,5183.648881974456,7313.690303173062,16,1600.0,4826.505895063641,0.0,0.0,1939.9755014065017,3594.882614833602,6426.505895063641,2433.951212680149,Stock OK
21,74,8956.3152,22,2200.0,2694.355588942308,0.0,0.0,1604.5171750000002,2522.850425,4894.355588942308,10,1000.0,1505.7795936434982,0.0,0.0,288.09730855580943,1162.1987122842327,2505.779593643498,10,1000.0,1455.7582161165515,0.0,0.0,330.1515114572184,1208.9256043969094,2455.7582161165515,473.05355177477384,Stock OK
21,79,17302.360399999998,22,2200.0,6805.478076923077,0.0,0.0,4278.086500000001,6154.647100000002,9005.478076923078,14,1400.0,2496.47849833549,0.0,0.0,506.7118028977932,3005.7503533807585,3896.47849833549,13,1300.0,2574.9379180328356,0.0,0.0,451.6283964338329,1696.557387803319,3874.9379180328356,1041.1125848018003,Stock OK
21,81,5233.8324,22,2200.0,187.5275681089744,1984.4316666666655,198.44316666666654,0.0,437.85993333333334,4371.95923477564,9,900.0,772.4448091766814,405.79194096364176,40.579194096364176,292.1147177109077,895.6869706627257,2078.2367501403232,8,800.0,961.2577090134835,0.0,0.0,456.675404846323,456.675404846323,1761.2577090134835,268.34261464849595,Stock OK
21,82,12466.055999999999,22,2200.0,4083.914603365387,0.0,0.0,2571.204658333335,3878.7925416666685,6283.914603365387,12,1200.0,1873.4309857149192,0.0,0.0,968.6639351985039,2011.6946724892769,3073.430985714919,12,1200.0,2200.2206585715157,0.0,0.0,644.2286201872096,1657.7652379315014,3400.2206585715157,787.0784989352098,Stock OK
21,83,121.14399999999999,22,2200.0,51.27413461538461,0.0,0.0,26.03453333333333,38.83266666666667,2251.274134615385,2,200.0,137.81061088933242,0.0,0.0,104.43194825992461,104.43194825992461,337.81061088933245,2,200.0,162.08641877439396,0.0,0.0,104.03158220026891,104.03158220026891,362.08641877439396,11.901995556088096,Stock OK
21,85,893.3411999999998,22,2200.0,628.7884014423079,0.0,0.0,468.4866916666667,586.9065083333334,2828.788401442308,3,300.0,492.47409113262773,0.0,0.0,225.95066568528858,225.95066568528858,792.4740911326278,3,300.0,498.42307155365245,0.0,0.0,157.3224638712606,157.3224638712606,798.4230715536524,80.91328664482673,Stock OK
21,87,6087.896,22,2200.0,866.1834254807704,0.0,0.0,590.503408333334,1171.2337916666675,3066.1834254807704,9,900.0,984.5667347442388,48.752249999999435,4.8752249999999435,348.89591308512945,1043.9985522207708,1933.3189847442382,9,900.0,1358.1143071850697,0.0,0.0,380.5806662498736,1080.2533026561077,2258.1143071850697,407.3191915207779,Stock OK
21,90,9344.5428,22,2200.0,2280.53856971154,0.0,0.0,1103.586508333335,2012.1194916666684,4480.53856971154,11,1100.0,1264.4946283802492,0.0,0.0,712.5044408123674,1581.9292173936042,2364.494628380249,10,1000.0,1490.2878617231581,0.0,0.0,92.90007132151601,990.0826709127955,2490.287861723158,506.4201477767513,Stock OK
21,91,6075.4592,22,2200.0,443.5645913461551,0.0,0.0,203.02521666666757,748.9803833333343,2643.564591346155,9,900.0,850.7739146118449,365.00049999999874,36.500049999999874,171.72848265802696,845.6978429902804,2115.774414611844,9,900.0,960.9258009597305,0.0,0.0,161.47247430636963,838.7223398446658,1860.9258009597306,299.6464578646422,Stock OK
21,92,21176.214,22,2200.0,1034.9632211538462,6569.610333333331,656.9610333333331,0.0,1784.2828666666667,9804.573554487179,17,1700.0,1487.1594022419767,2236.3713333543046,223.63713333543046,0.0,2436.8203422219426,5423.530735596281,16,1600.0,2210.6447030054605,0.0,0.0,696.1225047120614,1975.8499850261987,3810.6447030054605,1173.3019224009035,Stock OK
21,93,596.9508,22,2200.0,35.412996794871844,7.1893333333330744,0.7189333333333074,30.28660000000004,84.76646666666672,2242.6023301282053,3,300.0,318.8728462898392,0.0,0.0,123.47491166827326,123.47491166827326,618.8728462898391,3,300.0,336.6890069988212,0.0,0.0,135.17731617606776,135.17731617606776,636.6890069988212,37.62000343057515,Stock OK
21,95,37055.3856,22,2200.0,1486.3700781250004,4283.296000000005,428.3296000000005,1108.89565,4390.28275,7969.666078125005,22,2200.0,1565.8618156655916,2787.583644366773,278.7583644366773,1191.5670570422149,4496.178421302769,6553.445460032364,20,2000.0,3715.3644902243464,0.0,0.0,2054.4195837699012,2054.4195837699012,5715.364490224347,1779.7002039697477,Stock OK
21,97,2921.1992,22,2200.0,398.1152163461533,0.0,0.0,196.46114999999963,467.56204999999954,2598.1152163461534,6,600.0,640.5746242440352,43.754500000000576,4.375450000000058,339.39145378534744,339.39145378534744,1284.329124244036,6,600.0,718.3349315484575,0.0,0.0,315.43601640756054,315.43601640756054,1318.3349315484575,152.6315993453475,Stock OK
21,98,51.1096,22,2200.0,185.45216346153845,0.0,0.0,122.50896666666664,137.6062333333333,2385.4521634615385,1,100.0,196.98101520309825,0.0,0.0,83.61183643265186,83.61183643265186,296.98101520309825,1,100.0,261.44593447357937,0.0,0.0,82.41035874100903,82.41035874100903,361.44593447357937,18.234757362081265,Stock OK
22,1,13196.526799999998,22,2200.0,15580.357548076925,0.0,0.0,8169.04336666667,10026.919033333337,17780.357548076925,10,1000.0,3695.6572524142443,4634.495040479396,463.4495040479396,0.0,2486.565948988015,9330.152292893641,11,1100.0,5744.384913498274,0.0,0.0,2034.4243571764437,3278.838122894088,6844.384913498274,3218.451459457162,Stock OK
22,2,48425.3228,22,2200.0,3607.3215504807713,0.0,0.0,955.4309083333351,5249.409491666669,5807.321550480771,21,2100.0,2742.684270322621,4862.995740114607,486.29957401146066,1974.9271315296469,5755.186477835576,9705.680010437227,21,2100.0,4158.531174679856,0.0,0.0,947.7670112161359,2814.381008442924,6258.531174679856,2452.105441317285,Stock OK
22,3,16218.171199999995,22,2200.0,2180.706201923077,54802.009333333335,5480.2009333333335,1238.6388,2280.0830666666666,59182.715535256415,12,1200.0,1578.7457218536779,47744.611980591326,4774.461198059133,1288.6558009704336,1288.6558009704336,50523.357702445006,12,1200.0,1442.2988733417963,4101.290228360665,410.1290228360665,186.6770061299763,946.2850473559715,6743.589101702461,372.1780507116364,Stock OK
22,4,30548.717600000004,22,2200.0,1150.6467548076923,3662.601583333335,366.2601583333335,0.0,2624.5615166666666,7013.2483381410275,20,2000.0,1910.812246701582,1846.9898619085393,184.69898619085393,171.65444235114342,3127.0800847022865,5757.802108610122,19,1900.0,3035.208966846704,0.0,0.0,1094.9410477817264,2553.194541086028,4935.208966846703,1556.222345047424,Stock OK
22,5,15158.690400000003,22,2200.0,12530.484002403846,0.0,0.0,7114.6681083333315,9051.481891666665,14730.484002403846,12,1200.0,3344.982658829795,0.0,0.0,440.7378821463908,2979.579403575669,4544.982658829795,13,1300.0,3265.0326269799752,0.0,0.0,1522.191199342552,2670.1629430377643,4565.032626979975,1688.0293061593934,Stock OK
22,6,3017.066,22,2200.0,2456.1864302884615,0.0,0.0,1751.4965916666672,2166.154208333334,4656.186430288461,5,500.0,1176.531475948397,0.0,0.0,541.7347580259521,541.7347580259521,1676.531475948397,6,600.0,1023.6887213339027,0.0,0.0,523.7513922152065,523.7513922152065,1623.6887213339028,240.0312190775461,Stock OK
22,7,21464.369199999997,22,2200.0,10765.327656249998,0.0,0.0,8878.106908333331,11516.583091666664,12965.327656249998,14,1400.0,3747.3111320481758,2064.6358674810517,206.46358674810517,1960.9316608396512,3442.5565069236163,7211.9469995292275,16,1600.0,3274.672156686092,0.0,0.0,1369.6303931211687,2549.3982255037417,4874.672156686092,1815.4917657068772,Stock OK
22,8,32918.861999999994,22,2200.0,4942.666298076924,0.0,0.0,1535.1794,4531.183,7142.666298076924,20,2000.0,2239.2463074872203,60.829029384067326,6.082902938406733,0.0,3157.6415218957327,4300.075336871288,20,2000.0,3069.2172990686595,0.0,0.0,1163.02029706653,2720.276975859505,5069.2172990686595,1859.6986575746896,Stock OK
22,9,22879.634000000005,22,2200.0,683.4951722756404,19046.311833333348,1904.6311833333348,700.2445249999989,2585.0486416666654,21929.80700560899,18,1800.0,1563.9918247192998,2125.2236259110714,212.52236259110714,196.26678722667998,2700.7883184311268,5489.215450630371,18,1800.0,2348.3430291224013,0.0,0.0,888.5532051970035,2051.9410402079484,4148.343029122401,1061.3585155890264,Stock OK
22,10,16462.622,22,2200.0,2756.1296754807677,0.0,0.0,1554.597241666666,3121.3119583333323,4956.129675480768,14,1400.0,1783.716207754426,0.0,0.0,729.7080865380925,1871.4202412717918,3183.7162077544263,14,1400.0,2059.772268131503,0.0,0.0,315.75476780491874,1425.6243595591432,3459.772268131503,941.811904790101,Stock OK
22,11,16069.789999999999,22,2200.0,2017.0988842147433,49321.88475,4932.188475,2301.795083333333,3470.4382666666666,53538.98363421474,10,1000.0,1645.050643200043,38027.141054764244,3802.7141054764247,332.5310591662572,1318.589439047151,40672.191697964285,10,1000.0,1706.9130860119867,25774.850556780926,2577.4850556780925,322.73915909587737,1184.316253982862,28481.763642792914,784.4650768879523,Stock OK
22,12,3257.2627999999995,22,2200.0,196.33808894230742,0.0,0.0,97.8819416666665,389.6336583333332,2396.3380889423074,7,700.0,659.5523869454015,0.0,0.0,136.46819294734917,629.152095938574,1359.5523869454014,7,700.0,721.3773407584712,0.0,0.0,447.2420786769783,447.2420786769783,1421.3773407584713,192.04397038899248,Stock OK
22,13,34505.6976,22,2200.0,2317.859196714741,2389.6034166666914,238.96034166666914,0.0,2979.716283333333,6907.462613381432,21,2100.0,1154.25141673116,1656.6933129945778,165.66933129945778,45.49082016948137,3194.537626892642,4910.9447297257375,20,2000.0,3025.5949002154593,0.0,0.0,954.2187492517112,2503.7358454642967,5025.594900215459,1741.0095969261404,Stock OK
22,14,13364.9312,22,2200.0,4519.43239182692,0.0,0.0,2472.6872916666653,3849.871508333332,6719.43239182692,12,1200.0,1821.7697689663132,145.48409720027053,14.548409720027053,490.1075210666446,1560.5360652799736,3167.253866166584,13,1300.0,1857.5829362646605,0.0,0.0,745.8702344808509,1749.6223269375885,3157.5829362646605,841.3780341387948,Stock OK
22,16,21165.051600000003,22,2200.0,2013.844939903846,77825.55000000002,7782.555000000002,3916.0951166666664,5420.320483333333,82039.39493990387,13,1300.0,1895.6252908103104,51023.09522503238,5102.309522503238,1855.5575033290168,1855.5575033290168,54218.720515842695,11,1100.0,2959.1707410535573,18688.811500000003,1868.8811500000004,940.8792110377066,940.8792110377066,22747.98224105356,668.3146518653691,Stock OK
22,17,11277.621599999999,22,2200.0,4181.8778245192325,0.0,0.0,2028.7541250000008,3185.8302750000007,6381.8778245192325,11,1100.0,1490.1474217000568,0.0,0.0,269.6558723806404,1250.8221971187045,2590.147421700057,11,1100.0,1525.4499562571068,0.0,0.0,772.2065377042481,772.2065377042481,2625.449956257107,681.7252063873095,Stock OK
22,20,6260.6687999999995,22,2200.0,178.0897686298076,4233.596000000005,423.35960000000046,261.09997499999986,791.3964249999997,6611.685768629813,9,900.0,892.916244291341,391.3980782989006,39.13980782989006,552.0205964626376,552.0205964626376,2184.3143225902413,9,900.0,887.1663697008488,0.0,0.0,321.30106464951984,321.30106464951984,1787.166369700849,281.7624055807172,Stock OK
22,21,4277.504399999999,22,2200.0,1386.037295673078,0.0,0.0,820.8314250000003,1264.1649750000001,3586.037295673078,7,700.0,900.8564494032406,0.0,0.0,31.494620060139596,638.8277359034962,1600.8564494032407,7,700.0,994.0992132683843,0.0,0.0,427.81172941000943,427.81172941000943,1694.0992132683843,301.76232227493114,Stock OK
22,22,10438.5568,22,2200.0,1560.565865384616,0.0,0.0,480.81050000000056,1430.3207000000007,3760.565865384616,12,1200.0,1179.4916225332888,446.6584003486929,44.66584003486929,807.3417049389789,1696.1569199302617,2826.150022881982,12,1200.0,1305.1372223954822,0.0,0.0,484.00453180207575,1347.485989238628,2505.1372223954822,588.0138032065594,Stock OK
22,23,27588.9724,22,2200.0,2253.538217147435,6197.101750000015,619.7101750000015,1635.5194166666656,4122.891733333332,10650.63996714745,19,1900.0,2394.671553032452,0.0,0.0,597.8358855837378,3474.982922123001,4294.671553032452,19,1900.0,2841.1577792158346,0.0,0.0,1089.1521583575322,2402.1556364289813,4741.157779215835,1837.9880882559742,Stock OK
22,24,7710.420000000001,22,2200.0,977.079362980768,0.0,0.0,100.62475833333258,779.8460416666659,3177.079362980768,10,1000.0,1106.4495006685436,1923.4353412629764,192.34353412629764,266.4099526989619,1018.1493408737024,4029.88484193152,11,1100.0,1120.7127594282808,427.30183754888117,42.73018375488812,693.2309094941343,693.2309094941343,2648.014596977162,513.6249319654452,Stock OK
22,25,8727.819200000002,22,2200.0,1361.8620312499988,0.0,0.0,649.3902416666656,1464.7997583333322,3561.862031249999,10,1000.0,1192.6598202001555,917.3803264171886,91.73803264171886,0.0,823.6629880398091,3110.0401466173444,11,1100.0,1551.8293120828407,0.0,0.0,909.188033700189,909.188033700189,2651.8293120828407,648.3572411598223,Stock OK
22,26,7518.675199999999,22,2200.0,1834.0278245192321,0.0,0.0,340.3230250000005,1023.7141750000005,4034.027824519232,9,900.0,1096.7411670190472,4612.4134016102425,461.24134016102425,0.0,754.043391854872,6609.15456862929,10,1000.0,1099.2824535815948,261.2763144222447,26.12763144222447,574.0685623718506,574.0685623718506,2360.5587680038398,561.3686895525195,Stock OK
22,27,1640.804,22,2200.0,686.0342788461537,0.0,0.0,240.73093333333313,404.34266666666645,2886.034278846154,5,500.0,528.0616939598237,0.0,0.0,80.41825988332388,449.3694248541549,1028.0616939598237,5,500.0,525.7359627266808,0.0,0.0,113.71360094152223,490.98860117690276,1025.7359627266808,137.03662019756766,Stock OK
22,28,581.9904,22,2200.0,560.4553725961537,0.0,0.0,250.39052499999988,322.7714749999999,2760.4553725961537,3,300.0,384.3723886471267,0.0,0.0,17.380170883527427,262.7797438252911,684.3723886471266,3,300.0,404.4379446307188,0.0,0.0,51.742254110631634,314.3228686659474,704.4379446307188,71.56342167531449,Stock OK
22,29,6470.1716000000015,22,2200.0,1670.8868990384617,0.0,0.0,949.3236499999998,1594.4971499999997,3870.8868990384617,9,900.0,1101.796918897798,0.0,0.0,358.8341258353188,1091.4898103147336,2001.796918897798,9,900.0,1170.4373195500636,0.0,0.0,149.0977165472474,855.5363498656533,2070.437319550064,402.62304680178784,Stock OK
22,30,4505.8608,22,2200.0,184.14841746794875,3204.3653333333314,320.43653333333316,301.46441666666675,691.6286500000001,5588.5137508012795,8,800.0,743.8577211515008,77.47118752032662,7.747118752032662,645.1437587487803,645.1437587487803,1621.3289086718273,8,800.0,826.0986494050261,0.0,0.0,456.53337477847896,456.53337477847896,1626.0986494050262,221.62493476499233,Stock OK
22,31,2934.1059999999998,22,2200.0,585.5406340144228,909.3880000000013,90.93880000000013,119.68762499999991,377.3271749999999,3694.928634014424,6,600.0,598.1487709139745,2390.3685014224725,239.03685014224726,6.320549905168548,469.3066248577528,3588.517272336447,8,800.0,586.9107951377968,0.0,0.0,311.14518813297116,311.14518813297116,1386.9107951377969,164.747158014821,Stock OK
22,32,4876.817599999999,22,2200.0,1333.4418509615377,0.0,0.0,1033.1309166666663,1547.0394833333328,3533.441850961538,8,800.0,1135.219252655389,0.0,0.0,471.27415468312324,1125.1639982092838,1935.219252655389,8,800.0,1163.6358368612239,0.0,0.0,726.0097063388858,726.0097063388858,1963.6358368612239,311.39975962886854,Stock OK
22,33,6687.1236,22,2200.0,1218.5189182692302,0.0,0.0,401.8731499999996,1018.3076499999995,3418.51891826923,9,900.0,903.3867151399771,1441.5608919397168,144.1560891939717,110.89921648361712,827.0510886448228,3244.947607079694,10,1000.0,1149.0374367082786,0.0,0.0,526.5023238640078,526.5023238640078,2149.0374367082786,434.1566579741557,Stock OK
22,34,21064.525600000004,22,2200.0,259.6355138221154,15543.529750000002,1554.3529750000002,0.0,1696.53675,18003.165263822117,17,1700.0,1360.8268006812987,1271.5386034295807,127.15386034295807,616.6089449510059,1804.682417426509,4332.365404110879,17,1700.0,2379.3514780928117,1151.1647500000004,115.11647500000004,1073.4395663356636,2219.206834943644,5230.5162280928125,1342.1447571884507,Stock OK
22,35,4282.0748,22,2200.0,316.6002283653851,2693.7199999999984,269.37199999999984,93.19855000000041,450.2334500000005,5210.320228365384,8,800.0,659.9478521410989,500.909226325592,50.0909226325592,118.74852122790679,663.7742424558137,1960.8570784666908,8,800.0,976.8018215885647,0.0,0.0,429.44560701016184,429.44560701016184,1776.8018215885647,352.5360837792225,Stock OK
22,36,2284.9456,22,2200.0,828.4700270432693,4851.522,485.1522,671.4065250000001,886.2934750000002,7879.992027043269,5,500.0,554.586232258418,2801.7870763102474,280.17870763102474,431.71786947590135,431.71786947590135,3856.3733085686654,5,500.0,747.4543501586724,869.89575,86.989575,398.40763908988214,398.40763908988214,2117.3501001586724,150.5859031232639,Stock OK
22,38,65110.63679999999,22,2200.0,3128.6387890624997,4475.206333333331,447.5206333333331,155.39662499999986,5791.789041666667,9803.84512239583,22,2200.0,2954.399711845857,11797.72189309625,1179.772189309625,827.2537410564846,7323.81486337343,16952.121604942105,21,2100.0,6063.262338419487,0.0,0.0,3188.7641578048497,5405.238688649473,8163.262338419487,3835.692950785746,Stock OK
22,40,49452.5264,22,2200.0,2618.0638661858943,6595.969166666705,659.5969166666705,0.0,4242.863433333333,11414.0330328526,22,2200.0,2605.5952595139515,5354.328211385271,535.4328211385271,660.6600902866253,4418.352135429938,10159.923470899223,21,2100.0,3078.876258538662,365.5412988523949,36.55412988523949,1045.5752000882771,2962.8470400971046,5544.417557391057,2493.987735536588,Stock OK
22,41,1002.9748,22,2200.0,232.47306490384608,0.0,0.0,229.9020583333333,337.1087416666666,2432.473064903846,4,400.0,390.7183435494229,14.855750000000114,1.4855750000000114,353.94851126963795,353.94851126963795,805.574093549423,4,400.0,486.2878055987612,0.0,0.0,227.31045640653542,227.31045640653542,886.2878055987612,61.95216301374642,Stock OK
22,42,6659.981199999999,22,2200.0,1173.1340384615394,0.0,0.0,443.68380000000036,1061.3938000000003,3373.1340384615396,9,900.0,1046.1958201298223,0.0,0.0,718.6154428238325,718.6154428238325,1946.1958201298223,9,900.0,1240.0357946027693,0.0,0.0,597.1811494608103,597.1811494608103,2140.0357946027693,396.40561300963543,Stock OK
22,44,5026.5204,22,2200.0,133.6227313701922,4270.526583333334,427.05265833333345,0.0,399.95371666666665,6604.149314703526,9,900.0,683.7167563518282,618.0683094303657,61.80683094303657,250.05562772242337,826.9104554448468,2201.785065782194,9,900.0,765.0538848628287,0.0,0.0,209.53296281511763,789.0483112920074,1665.0538848628287,365.9842822732914,Stock OK
22,46,19600.968799999995,22,2200.0,1299.0035396634617,1871.3512500000047,187.13512500000047,1093.9846500000003,2877.2732000000005,5370.354789663466,16,1600.0,1763.4508615929121,2215.1013928136513,221.51013928136513,348.4630643422587,2784.604335779529,5578.552254406563,15,1500.0,2217.541505314113,0.0,0.0,1184.2456689829355,1184.2456689829355,3717.541505314113,987.3381917321904,Stock OK
22,52,1725.34,22,2200.0,137.87555889423086,1230.1394999999982,123.01394999999982,0.0,139.33270000000002,3568.015058894229,5,500.0,354.9635353404861,559.4526432785935,55.94526432785935,241.99092141803516,241.99092141803516,1414.4161786190796,5,500.0,478.70401827189437,0.0,0.0,198.44992807905385,198.44992807905385,978.7040182718944,122.26186936529072,Stock OK
22,54,32.654399999999995,22,2200.0,44.44415865384615,0.0,0.0,26.855416666666667,32.03018333333333,2244.444158653846,1,100.0,128.98090639637385,0.0,0.0,40.72334164304371,40.72334164304371,228.98090639637385,1,100.0,127.87077442190879,0.0,0.0,36.98074715951406,36.98074715951406,227.87077442190878,6.085366099269142,Stock OK
22,55,5504.972,22,2200.0,7744.932944711539,0.0,0.0,4973.1109750000005,5884.248625000001,9944.932944711538,6,600.0,2211.128351099471,0.0,0.0,1085.7554256471162,1085.7554256471162,2811.128351099471,7,700.0,2045.7541317599412,0.0,0.0,1139.3282044327966,1139.3282044327966,2745.754131759941,788.7909724009667,Stock OK
22,56,2811.7571999999996,22,2200.0,2123.312156145486,2149.8438260869552,214.98438260869554,1922.292582608697,2315.2547913043495,6473.155982232442,5,500.0,1140.419573147901,1537.8068695652166,153.78068695652166,790.4200946289213,790.4200946289213,3178.2264427131176,3,300.0,1416.1887143124627,1537.8068695652166,153.78068695652166,593.4187120026336,593.4187120026336,3253.9955838776796,248.85400639938024,Stock OK
22,58,2702.2787999999996,22,2200.0,145.19289663461538,3678.363,367.8363,0.0,202.995,6023.555896634615,6,600.0,443.6585433085772,2659.2820393452757,265.9282039345276,333.92904803273615,333.92904803273615,3702.940582653853,8,800.0,726.1152050181871,0.0,0.0,183.16070184551614,551.8674163948756,1526.1152050181872,202.9180593725616,Stock OK
22,59,206.30880000000002,22,2200.0,739.5388100961536,0.0,0.0,495.24160833333315,556.2459916666666,2939.5388100961536,1,100.0,429.9801707508976,0.0,0.0,110.48791444985106,110.48791444985106,529.9801707508976,1,100.0,434.23612005975025,0.0,0.0,78.46486844485607,78.46486844485607,534.2361200597502,74.60105128136075,Stock OK
22,60,358.91999999999996,22,2200.0,69.35889423076915,0.0,0.0,21.388833333333288,54.45916666666662,2269.3588942307692,3,300.0,230.17501794883836,0.0,0.0,22.435510298919645,188.31051544837948,530.1750179488383,3,300.0,257.50868875780776,0.0,0.0,26.538252697664042,194.46462904649607,557.5086887578077,31.157216524111043,Stock OK
22,67,9649.168800000001,22,2200.0,2310.8253175080135,1103.8669166666625,110.38669166666625,1647.6069500000006,2620.336433333334,5614.692234174676,10,1000.0,1473.3620605448568,4102.077749999999,410.20777499999986,316.6871176121102,1216.3042195690114,6575.439810544855,11,1100.0,1952.9607950507839,0.0,0.0,770.6785280816389,1666.7538383898027,3052.960795050784,842.6319971397165,Stock OK
22,71,4176.7148,22,2200.0,911.667920673077,0.0,0.0,567.1718583333335,979.6837416666668,3111.667920673077,7,700.0,820.3023621848413,339.1103820170156,33.91103820170156,576.8523157310646,576.8523157310646,1859.4127442018569,7,700.0,1048.069568323411,0.0,0.0,646.6512170156144,646.6512170156144,1748.069568323411,250.27464376353987,Stock OK
22,72,46004.0832,22,2200.0,34262.14579326924,0.0,0.0,18778.002383333343,24411.227216666677,36462.14579326924,20,2000.0,8445.564552238566,0.0,0.0,1414.1662818577433,5743.98986317527,10445.564552238566,19,1900.0,6719.601026752128,0.0,0.0,2930.07081453382,4954.286652760511,8619.601026752127,3913.2799045640213,Stock OK
22,74,16038.524399999998,22,2200.0,1932.874867788463,0.0,0.0,837.5375750000013,2305.0212250000013,4132.874867788463,14,1400.0,1532.0927474091275,1437.3433078748337,143.73433078748337,670.9730265812694,1775.9374589500221,4369.436055283962,14,1400.0,1920.0154778301965,0.0,0.0,460.73186522938624,1560.5803875547235,3320.0154778301967,852.4391281123778,Stock OK
22,79,13770.241199999999,22,2200.0,4169.367884615386,0.0,0.0,2312.5800999999997,3711.0862999999995,6369.367884615386,13,1300.0,1818.580729735952,0.0,0.0,193.0318337748671,2350.3979671884795,3118.580729735952,12,1200.0,2023.7445585454261,0.0,0.0,1015.2130108620931,1015.2130108620931,3223.744558545426,807.1842498057758,Stock OK
22,80,1405.1256000000003,22,2200.0,268.86337740384613,0.0,0.0,145.2244750000001,280.0375250000001,2468.8633774038462,4,400.0,419.16055851697087,0.0,0.0,136.73247907488675,136.73247907488675,819.1605585169709,4,400.0,542.5415886687465,0.0,0.0,111.68381241791764,111.68381241791764,942.5415886687465,87.6221997257331,Stock OK
22,81,10112.604000000001,22,2200.0,2635.8298437499984,0.0,0.0,1323.6731583333326,2318.132041666666,4835.829843749998,11,1100.0,1018.3762864713309,0.0,0.0,475.18124034414734,1384.790931878562,2118.376286471331,11,1100.0,1727.9859237800172,0.0,0.0,265.7743558119033,1154.4433588930938,2827.9859237800174,605.4812165476163,Stock OK
22,82,16560.5544,22,2200.0,3492.2420192307686,0.0,0.0,1617.297033333333,3197.9797666666664,5692.242019230769,14,1400.0,1875.8267948473342,0.0,0.0,718.7438378247191,1865.5341561189282,3275.826794847334,15,1500.0,2270.8610815852153,0.0,0.0,649.4980427418079,1709.428638651937,3770.8610815852153,1012.9024445877087,Stock OK
22,83,1267.376,22,2200.0,223.26229567307698,0.0,0.0,107.09192500000006,226.61087500000008,2423.262295673077,4,400.0,420.4789321208493,0.0,0.0,173.26528413293028,173.26528413293028,820.4789321208493,4,400.0,481.8790236111233,0.0,0.0,190.26598382126485,190.26598382126485,881.8790236111233,84.67209101589583,Stock OK
22,85,2416.0451999999996,22,2200.0,695.2878125000004,0.0,0.0,420.8763833333337,667.5652166666671,2895.2878125000007,6,600.0,631.3340054444002,0.0,0.0,219.18732011583998,672.227174139008,1231.3340054444002,6,600.0,649.1801667274856,0.0,0.0,309.5614549697858,309.5614549697858,1249.1801667274856,140.3511961340189,Stock OK
22,87,14277.6424,22,2200.0,330.19496394230794,11384.64024999999,1138.4640249999989,0.0,1142.53725,13914.835213942297,14,1400.0,1071.8109945736412,2909.986068717475,290.9986068717475,401.93535984402104,1376.917919688042,5381.7970632911165,14,1400.0,1641.6554922366865,482.03291004984294,48.203291004984294,1031.540118362277,1031.540118362277,3523.6884022865297,817.4405341372667,Stock OK
22,90,19062.4828,22,2200.0,2776.9168870192325,0.0,0.0,562.1075416666677,2268.5936583333346,4976.9168870192325,16,1600.0,1720.5359463194713,0.0,0.0,178.9760220439996,2562.0802573359997,3320.5359463194713,15,1500.0,1954.5039623103078,0.0,0.0,731.1030466421757,1962.0928089023312,3454.5039623103075,1076.9380888348294,Stock OK
22,91,18298.0808,22,2200.0,3757.0532572115367,0.0,0.0,1572.3224249999994,3300.183574999999,5957.053257211537,15,1500.0,1982.3404710415014,0.0,0.0,1079.591106056936,2278.5825475610027,3482.3404710415016,14,1400.0,2221.2926828150653,0.0,0.0,1158.500202102134,1158.500202102134,3621.2926828150653,1079.7485689534053,Stock OK
22,92,47983.5184,22,2200.0,3438.1035336538475,4373.985999999986,437.3985999999986,0.0,4134.4452,10012.089533653834,21,2100.0,2529.3082780667323,9787.689921410143,978.7689921410142,0.0,5564.056582889862,14416.998199476875,21,2100.0,3469.643110315325,0.0,0.0,1699.8047877823496,3590.3115437728866,5569.6431103153245,2574.893246920086,Stock OK
22,93,3152.3836,22,2200.0,15.382836538461541,9269.06666666667,926.9066666666669,0.0,193.51973333333333,11484.44950320513,8,800.0,335.9026199328194,2398.103434739838,239.8103434739838,186.51614275433604,587.7746855086721,3534.0060546726572,8,800.0,476.7477783466733,478.41199999999986,47.841199999999986,301.064745448974,301.064745448974,1755.1597783466732,127.07119300945557,Stock OK
22,95,51947.218,22,2200.0,4172.0004206730755,0.0,0.0,1597.1524916666658,6253.184708333332,6372.0004206730755,22,2200.0,3146.997398053826,1474.0805880506514,147.40805880506514,452.8825810534163,6357.488345911897,6821.0779861044775,21,2100.0,4270.646828573173,0.0,0.0,946.5916559745751,2859.498378098516,6370.646828573173,2513.9097127480336,Stock OK
22,97,4130.1412,22,2200.0,392.70876201923016,0.0,0.0,89.45087499999943,456.37192499999935,2592.70876201923,8,800.0,817.0000744051457,32.648249999999734,3.2648249999999734,291.144966886259,843.664933584296,1649.6483244051456,8,800.0,752.1438534647831,0.0,0.0,194.53221234790863,733.716760540467,1552.1438534647832,220.53294117866318,Stock OK
22,98,151.4512,22,2200.0,113.54742569930065,0.0,0.0,58.427981818181784,76.67834545454542,2313.5474256993007,2,200.0,179.53960253793988,8.510525154437278,0.8510525154437278,0.0,123.22460203001081,388.0501276923772,2,200.0,217.60306847373022,0.0,0.0,128.8362663364941,128.8362663364941,417.6030684737302,29.546934426795488,Stock OK
23,1,25743.2524,22,2200.0,14766.278461538457,0.0,0.0,6310.7712,9098.0776,16966.27846153846,16,1600.0,3779.515794718339,2425.45398569559,242.54539856955898,0.0,3045.6782002043487,7804.969780413929,16,1600.0,7277.896785233102,0.0,0.0,3703.418294860453,5189.6365945581265,8877.8967852331,4581.518133285434,Stock OK
23,2,67814.556,22,2200.0,1829.5619871794847,45145.45733333341,4514.545733333342,100.0938666666666,5613.1464,49175.019320512896,22,2200.0,2662.38096243462,27210.522788442177,2721.0522788442177,1001.854165144473,7426.940730288946,32072.903750876794,21,2100.0,3995.7083266100535,1639.1607222597122,163.91607222597122,2699.0832368022757,4768.421382288152,7734.869048869766,3398.7956234133208,Stock OK
23,3,22696.001200000006,22,2200.0,2780.501292067308,63592.328000000016,6359.232800000002,1302.278325,2836.108475,68572.82929206733,14,1400.0,1762.037940863833,61938.32170888665,6193.832170888665,1613.9089530835015,1613.9089530835015,65100.359649750484,14,1400.0,1877.1062217271096,262.8215540421206,26.282155404212062,822.9421827970846,822.9421827970846,3539.9277757692303,685.7859994813946,Stock OK
23,4,27532.686800000003,22,2200.0,418.26725661057696,26591.75608333334,2659.175608333334,0.0,2162.9140166666666,29210.023339943917,20,2000.0,1197.1604660439164,3625.9906078346808,362.5990607834681,220.76140671861936,2903.703420155858,6823.151073878596,20,2000.0,2501.8846965375274,0.0,0.0,613.654346051213,1924.2843524223294,4501.884696537527,1290.4507779603364,Stock OK
23,5,23069.877200000003,22,2200.0,21505.475432692307,0.0,0.0,12663.731633333335,15771.001966666669,23705.475432692307,14,1400.0,5095.064899700228,0.0,0.0,885.4794219158543,4101.221275568497,6495.064899700228,14,1400.0,5180.976987536797,0.0,0.0,2584.8063402227262,2584.8063402227262,6580.976987536797,2339.1940568429877,Stock OK
23,6,5016.4352,22,2200.0,2211.6816466346154,0.0,0.0,1614.0567416666668,2190.6212583333336,4411.681646634615,7,700.0,1345.2525957332655,0.0,0.0,696.6465337727972,696.6465337727972,2045.2525957332655,9,900.0,1204.6716715445552,0.0,0.0,738.5007553672532,738.5007553672532,2104.6716715445555,331.50115449510463,Stock OK
23,7,31000.5608,22,2200.0,12079.862644230765,0.0,0.0,9466.962466666668,12985.877533333336,14279.862644230765,18,1800.0,4894.329042089818,0.0,0.0,1654.8232855414178,5076.949721234095,6694.329042089818,19,1900.0,4778.239898099789,0.0,0.0,1817.6945901014776,3267.1621053699764,6678.239898099789,2223.1197566872806,Stock OK
23,8,34113.6624,22,2200.0,2476.4484254807694,4235.173166666673,423.5173166666673,0.0,2929.5778333333333,8911.621592147443,21,2100.0,1631.2490880663256,561.1036255432919,56.110362554329186,0.0,3122.4405565732286,4292.352713609617,20,2000.0,2630.4397660850395,0.0,0.0,1249.9498653827527,2798.4121411518904,4630.439766085039,1892.2987809215836,Stock OK
23,9,54935.7044,22,2200.0,470.5894751602566,107853.69249999998,10785.369249999998,493.28776666666727,4375.341933333334,110524.28197516024,22,2200.0,1730.8587204091295,65162.292701006656,6516.229270100665,536.0136856423819,4130.380982770858,69093.15142141578,21,2100.0,3709.987206893182,4569.858839403382,456.9858839403382,2322.407423924752,3867.196656954583,10379.846046296563,2437.3400842649494,Stock OK
23,10,28217.910000000003,22,2200.0,880.0334975961546,479.9709999999959,47.99709999999959,275.758191666667,2749.294808333334,3560.0044975961505,19,1900.0,2134.359068408308,3984.1008798893654,398.41008798893654,278.44393938496023,3147.577930725669,8018.459948297674,19,1900.0,3022.7360398023006,0.0,0.0,776.4490251050124,2181.1186973330687,4922.736039802301,1571.8862590656872,Stock OK
23,11,29339.885199999997,22,2200.0,1855.4432211538456,32431.568000000003,3243.1568,2291.6533333333327,4760.208266666666,36487.01122115385,19,1900.0,1628.9071569600055,20502.368787663214,2050.2368787663213,776.2523709608283,3642.4956994542995,24031.27594462322,16,1600.0,3966.7204488333878,8506.865040669309,850.6865040669309,1747.471775598409,3010.9878742427654,14073.585489502697,1813.6217783898508,Stock OK
23,12,5420.044799999999,22,2200.0,59.771947115384584,7604.644666666665,760.4644666666666,38.419599999999974,446.9413333333333,9864.41661378205,9,900.0,665.0602235297102,363.6408771021621,36.36408771021621,476.11024036222966,476.11024036222966,1928.7011006318721,10,1000.0,836.8039577008258,0.0,0.0,517.1068024841477,517.1068024841477,1836.8039577008258,268.20894942342875,Stock OK
23,13,35763.688799999996,22,2200.0,1581.5117868589764,23417.98466666663,2341.798466666663,0.0,2906.2513333333336,27199.496453525608,21,2100.0,1082.8468070037616,20136.455923911657,2013.6455923911658,154.18783618927478,3264.172472378549,23319.30273091542,20,2000.0,3120.947929533524,0.0,0.0,1806.6349793775507,1806.6349793775507,5120.947929533524,1796.592638609026,Stock OK
23,14,30858.2404,22,2200.0,3283.847139423078,0.0,0.0,1250.7344166666676,4042.8191833333344,5483.847139423078,18,1800.0,2229.930836099317,8326.657847470799,832.6657847470799,1597.1421322023357,3121.285998727628,12356.588683570115,20,2000.0,2972.720628649646,0.0,0.0,1405.280752933821,2809.050453080512,4972.720628649646,1647.3843305599817,Stock OK
23,16,24203.688400000006,22,2200.0,3688.432469951923,93652.7755833333,9365.277558333331,5833.4523,7631.005616666666,99541.20805328523,11,1100.0,2435.9940003665765,74197.26584820592,7419.726584820592,1810.4931042870512,1810.4931042870512,77733.2598485725,11,1100.0,4207.206053188824,26523.38425,2652.338425,1201.2730229773188,2315.511524253837,31830.590303188823,1202.1911768315856,Stock OK
23,17,24046.257200000007,22,2200.0,2396.6375600961514,0.0,0.0,396.11400833333187,2521.5375916666653,4596.637560096151,18,1800.0,1884.0654159598068,2321.801684783443,232.18016847834429,650.7643822742284,3310.352637123714,6005.8671007432495,18,1800.0,2369.4970540867257,0.0,0.0,676.2096697728782,1942.9350518183417,4169.497054086725,1385.6467686828967,Stock OK
23,19,818.8943999999999,22,2200.0,639.3380649038462,0.0,0.0,347.01412500000015,448.3974750000002,2839.3380649038463,3,300.0,442.0004392414673,0.0,0.0,204.47766091829115,204.47766091829115,742.0004392414673,3,300.0,414.13565681698253,0.0,0.0,107.14248218093778,107.14248218093778,714.1356568169825,80.90155536325067,Stock OK
23,20,12177.382,22,2200.0,237.31217548076904,14430.568000000001,1443.0568,307.12494999999967,1267.2510499999996,16867.880175480772,13,1300.0,995.262086497009,5599.454777051327,559.9454777051327,547.9933144589734,1441.7633716884602,7894.716863548336,14,1400.0,1457.8555294865675,0.0,0.0,850.5651950611167,850.5651950611167,2857.8555294865673,551.3411501041105,Stock OK
23,21,7490.9056,22,2200.0,1427.6851322115376,0.0,0.0,625.1889249999999,1330.936275,3627.6851322115376,10,1000.0,1000.2243589381249,38.02523601969881,3.802523601969881,468.0189027960604,1234.2967865954038,2038.2495949578238,10,1000.0,1164.1625064978866,0.0,0.0,239.86667795424478,981.2168171713831,2164.1625064978866,448.2811530062896,Stock OK
23,22,22954.0,22,2200.0,771.2908393429487,23158.877666666667,2315.8877666666667,135.86228333333338,1942.2948499999998,26130.168506009617,18,1800.0,1234.8530931677956,3415.757549479806,341.5757549479806,938.3641560825755,2164.313541443434,6450.610642647602,19,1900.0,2099.308892743633,0.0,0.0,685.539969880455,1848.3116987627027,3999.308892743633,1098.3415165564954,Stock OK
23,23,45459.21360000001,22,2200.0,1180.8105378605778,7679.410083333305,767.9410083333305,0.0,3886.197616666667,11060.220621193883,22,2200.0,2730.485801460575,2289.783951558245,228.9783951558245,158.19601681519862,5552.623489086932,7220.26975301882,21,2100.0,3850.762023962612,0.0,0.0,2323.7911057568485,3937.3952704013427,5950.762023962612,2835.730778562325,Stock OK
23,24,10044.6228,22,2200.0,1271.9109194711539,1339.0190833333368,133.90190833333367,0.0,861.8018166666667,4810.930002804491,11,1100.0,1098.6380169963797,5888.863933975304,588.8863933975304,304.6644204006176,1151.4342306009262,8087.501950971683,12,1200.0,1098.9744236712975,1266.261514213838,126.62615142138378,164.08811684186878,896.5366202102425,3565.2359378851356,623.9560912908536,Stock OK
23,25,13925.629600000002,22,2200.0,1624.227848557696,0.0,0.0,564.0466750000026,1824.0185250000027,3824.2278485576962,13,1300.0,1351.8272754146785,0.0,0.0,250.6908346645779,1274.554389636626,2651.8272754146783,14,1400.0,1934.9442315106485,0.0,0.0,1262.573694622255,1262.573694622255,3334.9442315106485,974.7569580862934,Stock OK
23,26,11169.381600000002,22,2200.0,3612.8738942307673,0.0,0.0,827.9243999999984,1871.1683999999982,5812.873894230767,11,1100.0,1377.0262210877847,6750.628100883341,675.0628100883341,387.0863099901851,1318.74021998037,9227.654321971126,13,1300.0,1651.14063118243,634.8758244199246,63.48758244199246,686.6668087790036,1538.9747109737546,3586.0164556023547,910.122243909319,Stock OK
23,27,2835.622,22,2200.0,1056.737451923077,0.0,0.0,257.3122000000003,526.2630000000004,3256.737451923077,6,600.0,639.2604710528472,1009.9285293444993,100.99285293444993,33.99823676638752,507.038473532775,2249.1890003973467,6,600.0,608.2947079878381,136.62425504576305,13.662425504576305,252.1719548990847,252.1719548990847,1344.9189630336011,221.2542094750153,Stock OK
23,28,744.8728000000001,22,2200.0,614.1445072115382,0.0,0.0,235.34445833333302,320.5807416666663,2814.1445072115384,3,300.0,412.7924355838975,844.1500387535787,84.41500387535787,0.0,266.3016855623211,1556.9424743374761,3,300.0,429.8074410308451,0.0,0.0,206.99555381962557,206.99555381962557,729.8074410308451,119.89454891249648,Stock OK
23,29,10089.267200000002,22,2200.0,1101.3810697115377,0.0,0.0,370.55990833333266,1280.110091666666,3301.3810697115377,11,1100.0,1056.4613534917466,736.6322997233323,73.66322997233323,47.834780110666486,917.7461276244999,2893.093653215079,12,1200.0,1301.2708140979605,0.0,0.0,911.3409103681024,911.3409103681024,2501.2708140979603,579.3901303165001,Stock OK
23,30,6959.064399999999,22,2200.0,497.73975060096177,2424.165749999995,242.4165749999995,552.8190000000002,1184.9465500000003,5121.905500600957,10,1000.0,911.2847790505207,845.7388419788219,84.5738841978822,600.5943926416943,1325.8047908021179,2757.0236210293424,10,1000.0,1196.8070511340989,0.0,0.0,288.6368805039373,988.5824311154859,2196.807051134099,316.30690193093307,Stock OK
23,31,4391.2332,22,2200.0,941.144158653847,0.0,0.0,244.0185166666673,647.083883333334,3141.1441586538467,7,700.0,809.7040536377018,2449.069394805961,244.90693948059612,511.93295788955277,511.93295788955277,3958.773448443663,9,900.0,790.7615187852633,0.0,0.0,171.98460289574834,666.8120720077169,1690.7615187852634,280.6891332993151,Stock OK
23,32,9124.241600000001,22,2200.0,2479.0856129807694,0.0,0.0,1685.5768916666668,2625.561108333334,4679.085612980769,10,1000.0,1245.4560304013762,0.0,0.0,244.8437410645504,1129.189187293945,2245.456030401376,11,1100.0,1583.9785966949337,0.0,0.0,220.60884452189953,1014.0962564740895,2683.978596694934,530.1189412174997,Stock OK
23,33,10229.701599999999,22,2200.0,1787.3711057692296,0.0,0.0,330.99219999999934,1249.3133999999993,3987.37110576923,11,1100.0,1083.8187172637718,2078.6432437652056,207.86432437652059,96.60121343521894,970.6968823410888,4262.461961028977,12,1200.0,1542.1016687459346,724.2750839732366,72.42750839732366,290.9725511447692,1046.869621373723,3466.3767527191712,705.3591605139031,Stock OK
23,34,25755.8568,22,2200.0,241.02350060096146,30049.599000000013,3004.959900000001,57.30207499999983,2040.6237249999997,32490.622500600974,18,1800.0,1350.5000918963913,5946.233272623484,594.6233272623483,936.0337195475302,2220.6050927300403,9096.733364519874,19,1900.0,3184.327281523309,0.0,0.0,1045.7746015443138,2299.8087555729617,5084.327281523309,1626.5003584638962,Stock OK
23,35,4687.791200000001,22,2200.0,845.1271274038453,281.03900000000124,28.103900000000124,668.8169999999993,1132.1651999999992,3326.1661274038465,8,800.0,903.5104584419182,0.0,0.0,353.4684862457166,974.3595414236761,1703.5104584419182,8,800.0,1104.6215478506108,0.0,0.0,521.035818955348,521.035818955348,1904.6215478506108,318.9620085209348,Stock OK
23,36,3331.9123999999997,22,2200.0,1471.1504296875,8255.840666666667,825.5840666666668,1361.3284750000003,1697.6464583333336,11926.991096354166,6,600.0,854.0533799647437,4348.252223539048,434.8252223539048,252.27430396914286,781.2512052921904,5802.305603503792,5,500.0,1118.7048920676957,623.3902500000005,62.33902500000005,252.37276948407924,252.37276948407924,2242.095142067696,244.6218884341514,Stock OK
23,38,40891.8828,22,2200.0,2253.2576672676314,871.1800833332927,87.11800833332927,0.0,3548.240416666667,5324.437750600924,20,2000.0,3078.4562526696236,7485.285984004979,748.5285984004979,1260.74678829975,4697.103013528251,12563.742236674603,21,2100.0,4404.475925570338,0.0,0.0,1973.426634241898,3679.9243073892567,6504.475925570338,2410.612002652121,Stock OK
23,40,57391.8688,22,2200.0,1750.964296874998,30924.263250000047,3092.426325000005,0.0,4721.69065,34875.227546875045,22,2200.0,2363.8775402372116,9777.308244183487,977.7308244183487,219.17133344412377,6165.2641335272165,14341.185784420699,21,2100.0,3499.377285004853,0.0,0.0,1559.8436626114244,3554.8119890580174,5599.377285004854,2735.5319562359878,Stock OK
23,41,1720.8372000000002,22,2200.0,593.6661658653852,0.0,0.0,416.6898416666671,602.5617583333338,2793.666165865385,5,500.0,563.9415006984408,0.0,0.0,130.97002486212466,524.2198623276558,1063.941500698441,5,500.0,728.6396133812145,0.0,0.0,145.62685448705412,542.5408993588176,1228.6396133812145,159.0618313707278,Stock OK
23,42,11305.9544,22,2200.0,393.5018028846155,5831.466333333336,583.1466333333335,0.0,932.4180666666666,8424.96813621795,13,1300.0,1125.6393833241655,1013.430519183828,101.3430519183828,763.3650096163235,1644.1441144244852,3439.0699025079934,13,1300.0,1463.8758302123301,0.0,0.0,480.7854471527484,1346.4615094154774,2763.87583021233,653.1293580171864,Stock OK
23,44,6366.8152,22,2200.0,2612.050024038462,0.0,0.0,1438.28195,2116.98605,4812.050024038463,9,900.0,1272.1846569184772,0.0,0.0,662.8660145561726,1414.319147625694,2172.1846569184772,9,900.0,1127.946441648465,0.0,0.0,196.29400360143302,889.4256353016121,2027.946441648465,444.90039788090206,Stock OK
23,46,33842.939600000005,22,2200.0,1320.754567307692,15512.869000000008,1551.2869000000007,1462.9379999999994,4398.1197999999995,19033.6235673077,21,2100.0,1515.541818989828,5828.809723431218,582.8809723431218,834.2570432565692,3959.6826191421956,9444.351542421045,20,2000.0,2421.0654218299323,0.0,0.0,1000.549216930807,2522.585022777347,4421.065421829932,1697.5271927527542,Stock OK
23,49,22884.0324,22,2200.0,3205.0993870192297,0.0,0.0,772.1275083333323,2829.184891666666,5405.09938701923,17,1700.0,1986.5955212100978,1749.618698885688,174.9618698885688,0.0,2616.4645940148575,5436.214220095786,16,1600.0,2776.7277015933378,0.0,0.0,497.1243272856598,1850.1623707713704,4376.727701593338,1508.7793963753047,Stock OK
23,50,6553.68,22,2200.0,444.81542968750034,1618.6020833333287,161.86020833333288,0.0,555.8104166666667,4263.41751302083,10,1000.0,786.5284315697613,0.0,0.0,400.2623855048758,1080.2875811165286,1786.5284315697613,10,1000.0,1246.1442318502689,0.0,0.0,314.28732225457253,984.7597330606361,2246.1442318502686,460.3556046960732,Stock OK
23,52,2143.0168,22,2200.0,835.537740384615,0.0,0.0,436.81729999999976,661.1506999999997,3035.537740384615,5,500.0,704.5618091354883,0.0,0.0,353.6070742314675,353.6070742314675,1204.5618091354881,5,500.0,703.9280679324039,0.0,0.0,235.3028022906911,235.3028022906911,1203.9280679324038,161.33574840286443,Stock OK
23,54,43.5344,22,2200.0,88.99088942307691,0.0,0.0,59.32581666666666,68.27018333333332,2288.990889423077,1,100.0,162.7430596438997,0.0,0.0,56.14751423540253,56.14751423540253,262.7430596438997,1,100.0,140.33903284558335,0.0,0.0,45.791875181958524,45.791875181958524,240.33903284558335,6.977315746539713,Stock OK
23,55,7865.17,22,2200.0,11220.918665865382,0.0,0.0,7062.430108333334,8360.482291666667,13420.918665865382,7,700.0,2958.161277943868,0.0,0.0,1356.4523438838587,1356.4523438838587,3658.161277943868,8,800.0,2506.105491237868,0.0,0.0,746.3505952939311,1698.4137839073496,3306.105491237868,898.578870305203,Stock OK
23,56,6397.971199999998,22,2200.0,2873.138308293267,15270.836500000003,1527.0836500000003,2863.638124999998,3536.2055749999977,20343.97480829327,7,700.0,1512.7632901197937,14336.238190667194,1433.6238190667195,1280.8412355996843,1280.8412355996843,16549.00148078699,4,400.0,2189.2146959178554,10331.076250000002,1033.107625,615.8433513357704,615.8433513357704,12920.290945917857,454.2367263268612,Stock OK
23,58,3895.7999999999997,22,2200.0,26.675124562937064,14864.080272727271,1486.4080272727272,0.0,209.51234545454545,17090.75539729021,8,800.0,292.526709162858,6589.642371699241,658.9642371699241,0.0,417.50960637832253,7682.169080862099,11,1100.0,596.932416413765,167.31481818181805,16.731481818181805,38.3359627370005,398.64955901070056,1864.2472345955832,280.78056753167095,Stock OK
23,59,379.24359999999996,22,2200.0,1046.8636658653847,0.0,0.0,699.4079083333332,793.2036916666665,3246.863665865385,2,200.0,501.088367329105,0.0,0.0,320.15605038717393,320.15605038717393,701.088367329105,2,200.0,445.8573201322691,0.0,0.0,223.18192771433132,223.18192771433132,645.857320132269,71.77006211827822,Stock OK
23,67,12572.5396,22,2200.0,1832.7217097355765,2998.630083333335,299.8630083333335,1419.0292499999998,2609.6123666666663,7031.351793068911,12,1200.0,1467.1650593593201,4951.747283113047,495.17472831130476,656.4951668869551,1651.7665635756507,7618.9123424723675,12,1200.0,2340.2088243408743,0.0,0.0,961.9733505231368,961.9733505231368,3540.2088243408743,915.5245358405043,Stock OK
23,71,11420.4172,22,2200.0,694.2153906249999,10110.1095,1011.0109500000001,130.98142499999994,1047.5368749999998,13004.324890625001,13,1300.0,1153.192237801988,1821.0886878392262,182.10886878392262,615.5837401543408,1488.838648185209,4274.280925641215,13,1300.0,1637.3108942615472,0.0,0.0,934.4891680845444,934.4891680845444,2937.310894261547,546.9353966662228,Stock OK
23,72,56288.341199999995,22,2200.0,34938.905937499985,0.0,0.0,20248.232483333322,26903.586716666654,37138.905937499985,21,2100.0,7795.682910220426,0.0,0.0,3110.571528973697,7816.845946018811,9895.682910220425,19,1900.0,7877.738972728806,0.0,0.0,4602.426426268152,4602.426426268152,9777.738972728806,4493.562423574544,Stock OK
23,74,38248.878399999994,22,2200.0,892.5699018429478,43500.78675000003,4350.0786750000025,113.07031666666649,3070.624233333333,46593.35665184297,22,2200.0,1301.116985122266,27322.3749459425,2732.23749459425,292.8304478228613,3430.1444956457226,30823.491931064767,19,1900.0,2263.4780822239873,0.0,0.0,499.94282526386223,1991.7902317970736,4163.478082223987,1709.9772077773655,Stock OK
23,79,25790.800400000004,22,2200.0,6479.470120192306,0.0,0.0,3686.5190166666657,6249.764183333333,8679.470120192305,17,1700.0,2741.031160548514,0.0,0.0,1419.65560578048,2880.00487176676,4441.031160548514,16,1600.0,3446.92697904286,0.0,0.0,1705.9445442435485,1705.9445442435485,5046.92697904286,1418.7494247087948,Stock OK
23,80,1390.4171999999999,22,2200.0,76.87211538461526,591.6800000000014,59.16800000000014,0.0,115.76079999999999,2868.5521153846166,5,500.0,388.7137567452691,208.9359489812368,20.89359489812368,45.49093503395879,355.8342700679176,1097.649705726506,4,400.0,519.6581593166483,0.0,0.0,124.09112379287625,124.09112379287625,919.6581593166483,93.68726954853719,Stock OK
23,81,7872.5852,22,2200.0,538.1672766426278,79.73441666666872,7.973441666666872,0.0,683.8792833333333,2817.901693309296,10,1000.0,906.5714683997775,678.2312917747743,67.82312917747743,9.870643227815378,764.1832864556307,2584.8027601745516,10,1000.0,1266.2623787809036,0.0,0.0,641.0269405247224,641.0269405247224,2266.2623787809034,437.45640510316287,Stock OK
23,82,21827.192,22,2200.0,938.9498237179492,4223.821083333327,422.38210833333267,0.0,1861.2878166666667,7362.770907051276,17,1700.0,1580.7629640870462,4721.258802604441,472.1258802604441,103.22784539711142,2592.0761440820006,8002.021766691488,18,1800.0,2671.5977859276018,0.0,0.0,809.973432604372,1977.3401212869821,4471.597785927602,1263.2691862689746,Stock OK
23,83,706.7664,22,2200.0,703.8337499999998,0.0,0.0,450.4837999999997,551.1142521739127,2903.83375,3,300.0,442.4164822212589,0.0,0.0,22.883127249955322,312.23505174449815,742.4164822212589,3,300.0,420.798638230217,0.0,0.0,52.4270818413344,356.55098363156674,720.798638230217,66.8476440038713,Stock OK
23,85,4098.7184,22,2200.0,1332.8160336538458,0.0,0.0,760.7679833333332,1183.3320166666665,3532.816033653846,7,700.0,846.0894196339411,0.0,0.0,92.74453864891663,685.6806867570695,1546.0894196339411,8,800.0,831.5367976484251,0.0,0.0,456.94035794486825,456.94035794486825,1631.5367976484251,258.6577176274273,Stock OK
23,87,33340.3948,22,2200.0,772.8753205128212,20175.23599999997,2017.5235999999973,63.08213333333356,2792.2954666666674,23148.11132051279,22,2200.0,2309.1033797108958,0.0,0.0,891.145706589967,3904.917757248964,4509.103379710896,21,2100.0,3325.0589559675254,0.0,0.0,1487.096956696603,2950.6051355869176,5425.058955967525,1812.1614879758872,Stock OK
23,90,20315.585600000002,22,2200.0,3318.282968749999,0.0,0.0,595.4334583333332,2413.7829416666664,5518.282968749999,16,1600.0,1806.4254649329223,0.0,0.0,861.7360027491638,2091.7224945991084,3406.4254649329223,15,1500.0,2277.4859559069873,0.0,0.0,1398.1120211610557,1398.1120211610557,3777.4859559069873,1184.3855179812804,Stock OK
23,91,19388.762,22,2200.0,6456.933990384611,0.0,0.0,3214.09623333333,5179.562166666663,8656.933990384612,15,1500.0,2401.7435816527136,0.0,0.0,183.5228584559818,2741.0745443722867,3901.7435816527136,14,1400.0,2683.276102050835,0.0,0.0,1057.1458369062943,2403.123447437548,4083.276102050835,1247.1173037325498,Stock OK
23,92,64091.0076,22,2200.0,1559.0371564503218,60238.18591666663,6023.818591666663,0.0,5049.320783333334,63997.223073116955,22,2200.0,2074.1269097869263,32263.18165381852,3226.318165381852,0.0,6148.927876109787,36537.308563605446,21,2100.0,3836.589129751218,0.0,0.0,898.7476344663523,4999.874352999663,5936.589129751218,3486.769986514506,Stock OK
23,93,2643.544,22,2200.0,52.643658026755844,4784.124521739131,478.41245217391304,80.39085217391302,275.65366956521734,7036.768179765886,7,700.0,435.5995645821066,297.2573418584645,29.72573418584645,97.44563972719705,500.50725296959604,1432.8569064405713,7,700.0,578.0627391871815,0.0,0.0,361.56198112195835,361.56198112195835,1278.0627391871815,118.3662764754645,Stock OK
23,95,51998.948399999994,22,2200.0,2011.3702884615357,13791.945000000047,1379.1945000000046,177.42126666666672,4594.5669333333335,18003.315288461585,22,2200.0,2682.0136745503764,11913.013707559534,1191.3013707559535,1827.1743975464296,5661.266308112303,16795.02738210991,21,2100.0,4092.88661716938,0.0,0.0,760.7681201169721,2606.128040921651,6192.88661716938,2574.1877107695977,Stock OK
23,96,15043.104,22,2200.0,326.19966346153876,11281.389999999992,1128.1389999999992,99.94010000000014,1318.6275,13807.589663461531,15,1500.0,1137.6812818130602,2925.5403215169167,292.5540321516917,167.8286424051928,2181.72825936727,5563.221603329977,16,1600.0,1933.7209468833607,0.0,0.0,602.6893304179024,1523.8734791124293,3533.7209468833607,688.3135564627116,Stock OK
23,97,6754.543200000001,22,2200.0,127.59912660256424,4319.125833333325,431.9125833333325,0.0,549.7939666666667,6646.724959935889,10,1000.0,792.0954651614253,645.8758412321168,64.58758412321168,221.747327014306,898.0819928910942,2437.971306393542,10,1000.0,1042.4267382801984,0.0,0.0,145.24648458661426,820.2574550962381,2042.4267382801984,367.29041470010065,Stock OK
24,1,14060.9368,22,2200.0,7334.632500000003,0.0,0.0,3465.8084000000026,4989.873200000003,9534.632500000003,12,1200.0,2311.7958483496986,0.0,0.0,611.8731013425177,1737.9378923736556,3511.7958483496986,12,1200.0,4885.662465808414,0.0,0.0,2426.9949744602714,2426.9949744602714,6085.662465808414,2414.6741475593144,Stock OK
24,2,37689.12000000001,22,2200.0,1913.52054286859,6403.009333333325,640.3009333333325,699.4178416666675,3981.873225000001,10516.529876201916,22,2200.0,2013.0789398081906,4927.908482239183,492.7908482239184,778.8463490332749,4083.9955916142108,9140.987422047374,21,2100.0,2489.325724596973,0.0,0.0,718.5607680564265,2313.036848678161,4589.325724596973,1800.8315728824132,Stock OK
24,3,13656.4804,22,2200.0,1370.5609495192298,38949.687000000005,3894.968700000001,653.8657999999998,1559.5507999999998,42520.24794951924,13,1300.0,1170.058198963585,26459.792065549547,2645.9792065549545,764.758446722523,1632.8194584031537,28929.85026451313,13,1300.0,1276.954711276102,6393.16578687657,639.3165786876569,276.2313071041143,1022.1605338801429,8970.120498152672,376.0803982094504,Stock OK
24,4,27883.205600000005,22,2200.0,721.9107692307684,11742.628000000022,1174.2628000000022,78.52239999999983,2407.8671999999997,14664.53876923079,20,2000.0,1510.7104264634518,1676.4912056322578,167.64912056322578,836.729197183872,3620.9812501417214,5187.20163209571,20,2000.0,2716.0811196271343,0.0,0.0,1061.9061989738104,2401.437493656643,4716.081119627134,1384.939528005406,Stock OK
24,5,19167.8248,22,2200.0,14176.252512019228,0.0,0.0,8595.895908333332,11010.132491666664,16376.252512019228,13,1300.0,3808.7797699293606,0.0,0.0,1460.7302142351468,2877.9968925047424,5108.779769929361,13,1300.0,3732.0152419788315,0.0,0.0,2061.5319703043124,2061.5319703043124,5032.015241978832,1629.5370415052785,Stock OK
24,6,3476.6032,22,2200.0,1303.6131971153836,0.0,0.0,867.9208499999994,1245.7055499999994,3503.6131971153836,6,600.0,919.5370735638955,23.307550229941683,2.3307550229941683,456.24278995401136,456.24278995401136,1542.8446237938372,7,700.0,923.2537436469136,0.0,0.0,284.0690991249531,284.0690991249531,1623.2537436469136,249.38214936047055,Stock OK
24,7,23428.378399999998,22,2200.0,5187.438221153848,0.0,0.0,4620.423666666668,7059.449933333335,7387.438221153848,16,1600.0,2908.1544989271474,5687.505076836037,568.7505076836037,742.2535384934531,3591.3024000377172,10195.659575763184,17,1700.0,3310.4087358183574,0.0,0.0,1982.199735056066,1982.199735056066,5010.408735818357,1689.2022722573097,Stock OK
24,8,45677.6904,22,2200.0,2761.3990084134593,7837.621250000016,783.7621250000016,0.0,3903.81985,12799.020258413475,22,2200.0,2516.4915663846728,4414.861558050998,441.48615580509977,268.2507027043821,5674.895044327011,9131.35312443567,21,2100.0,2962.205517167446,0.0,0.0,1156.272557823977,2937.934870120672,5062.205517167446,2374.275372423129,Stock OK
24,9,26886.861199999996,22,2200.0,160.63164062500002,60371.90808333332,6037.190808333332,0.0,1813.0148166666668,62732.53972395832,19,1900.0,726.8213840016567,15236.425467184525,1523.6425467184524,691.7407053027899,1919.9216070703865,17863.24685118618,20,2000.0,2258.8181386975452,0.0,0.0,701.42060262039,1737.618918354573,4258.818138697545,1274.181348341387,Stock OK
24,10,24714.316,22,2200.0,1019.3576382211542,2734.8319999999944,273.48319999999944,177.5541499999997,2318.28345,5954.189638221149,18,1800.0,1759.6446993240872,1500.4394776894264,150.04394776894264,0.0,2669.147262778882,5060.084177013514,19,1900.0,2688.2424397327927,0.0,0.0,1247.7574158344664,2511.700719491937,4588.242439732792,1578.4501554412655,Stock OK
24,11,17906.0352,22,2200.0,1578.0917758413466,43642.956249999996,4364.295625,1505.0453833333343,2813.4614666666675,47421.048025841344,12,1200.0,1431.1421587662096,30727.388629899353,3072.738862989935,693.0208192161033,1736.3818216181162,33358.530788665565,14,1400.0,1406.750349877462,15097.213383361332,1509.7213383361332,619.3648588767587,1560.180771098048,17903.963733238794,831.2296184243962,Stock OK
24,12,4551.4448,22,2200.0,37.80475661057693,8176.238416666665,817.6238416666665,0.0,324.68008333333336,10414.043173277241,8,800.0,458.2883857462176,2585.1904942843616,258.5190494284362,352.0464036530806,352.0464036530806,3843.478880030579,9,900.0,777.1740660475241,0.0,0.0,371.05642903532623,371.05642903532623,1677.174066047524,241.59563485619952,Stock OK
24,13,27213.159599999995,22,2200.0,1413.0970753205124,3779.8435000000086,377.98435000000086,7.5570333333332655,2341.7076666666662,7392.940575320521,19,1900.0,1736.0325092674861,2757.983721533508,275.7983721533508,254.40822549521363,3041.5309905942563,6394.016230800994,19,1900.0,2381.704584818872,0.0,0.0,478.3551038024966,1822.260034569302,4281.704584818872,1346.7916403366337,Stock OK
24,14,14341.080800000002,22,2200.0,3404.436790865382,0.0,0.0,1696.3812416666651,3090.9431583333317,5604.436790865382,13,1300.0,1729.1704833709653,0.0,0.0,676.6923746728222,1753.853232978891,3029.1704833709655,14,1400.0,1808.5078393254676,60.320624528841336,6.032062452884134,764.4658600753859,1765.0559925848092,3268.828463854309,891.2314457168917,Stock OK
24,16,19698.490400000002,22,2200.0,2450.9824218750005,64526.27499999998,6452.627499999998,4229.6584250000005,5749.268975,69177.25742187498,13,1300.0,1786.1344760471382,42955.30480963098,4295.530480963098,1493.8907087730645,2618.3087705276776,46041.43928567812,11,1100.0,3020.893519230679,15161.185749999995,1516.1185749999995,1038.5080457142349,1038.5080457142349,19282.079269230675,833.8185816427106,Stock OK
24,17,11333.114800000001,22,2200.0,3470.9316586538475,0.0,0.0,1449.6768500000003,2561.22395,5670.931658653848,12,1200.0,1579.44069976804,0.0,0.0,912.564401835914,1874.2333610937244,2779.44069976804,12,1200.0,1483.4789997375733,0.0,0.0,261.64038293678095,1164.1344313855793,2683.4789997375733,705.0200181467881,Stock OK
24,19,60.400000000000006,22,2200.0,35.838353365384634,0.0,0.0,22.25912500000001,29.446875000000013,2235.8383533653846,1,100.0,121.7266390708202,0.0,0.0,27.71342958259073,27.71342958259073,221.7266390708202,1,100.0,112.99221604055512,0.0,0.0,20.213319372870924,20.213319372870924,212.99221604055512,6.743988306228024,Stock OK
24,20,5383.0868,22,2200.0,215.39737680288474,4356.175999999998,435.6175999999998,271.0140250000002,724.7951750000002,6771.573376802882,9,900.0,804.0538125143729,742.0441601031001,74.20441601031001,287.370555393814,901.818207191752,2446.0979726174733,9,900.0,1055.0418998402538,0.0,0.0,451.8361584289354,451.8361584289354,1955.0418998402538,260.0397800614168,Stock OK
24,21,5501.604399999999,22,2200.0,307.2296093750001,785.2359999999996,78.52359999999996,156.49034999999995,641.67045,3292.465609375,9,900.0,814.4126182899028,0.0,0.0,308.9671394701809,944.3173131539535,1714.4126182899026,9,900.0,1042.3033399749652,0.0,0.0,702.6056952350041,702.6056952350041,1942.3033399749652,310.4460126532984,Stock OK
24,22,10700.890400000002,22,2200.0,1539.9921153846158,0.0,0.0,498.02580000000023,1471.8446000000004,3739.9921153846158,12,1200.0,1166.8198496576626,114.7210988023113,11.47210988023113,672.6374084331406,1572.758090119769,2481.5409484599736,12,1200.0,1465.8664633915635,0.0,0.0,756.6491352869974,756.6491352869974,2665.8664633915632,645.3789040711952,Stock OK
24,23,26261.391999999993,22,2200.0,1116.2855018028854,6454.7387499999895,645.473874999999,908.5794500000004,3215.057500000001,9771.024251802875,19,1900.0,2114.194669055221,0.0,0.0,748.0179427721828,3518.5700448630278,4014.194669055221,19,1900.0,3207.972088533962,0.0,0.0,1590.3726520681053,1590.3726520681053,5107.972088533962,1544.0828252368124,Stock OK
24,24,5389.0252,22,2200.0,892.407283653846,0.0,0.0,310.83825,806.47855,3092.407283653846,8,800.0,912.9178385556602,915.8004291165275,91.58004291165275,583.3156242530084,583.3156242530084,2628.7182676721877,10,1000.0,788.0090675998956,0.0,0.0,151.9638446029186,685.0225773365762,1788.0090675998956,310.3226630854645,Stock OK
24,25,10724.2888,22,2200.0,710.4874879807703,0.0,0.0,356.00202500000046,1319.5055750000004,2910.4874879807703,12,1200.0,1400.3568759192447,1266.3089228558727,126.63089228558727,696.3450222148557,1591.685713572062,3866.6657987751178,13,1300.0,1499.9965409817873,0.0,0.0,944.1464149459133,944.1464149459133,2799.9965409817873,690.6698534932935,Stock OK
24,26,6550.164800000001,22,2200.0,2742.0616346153847,0.0,0.0,1194.2395666666673,1867.666033333334,4942.061634615385,9,900.0,1181.461170203713,148.49877011181775,14.849877011181775,463.0308937932909,1211.5566583910545,2229.9599403155307,9,900.0,1314.817541751342,0.0,0.0,546.3653980039137,546.3653980039137,2214.817541751342,491.9722827871993,Stock OK
24,27,1481.5603999999998,22,2200.0,887.5612019230767,0.0,0.0,412.3761333333332,577.0662666666665,3087.5612019230766,4,400.0,544.288888954846,0.0,0.0,246.13514421582772,246.13514421582772,944.288888954846,4,400.0,521.6315987692211,0.0,0.0,190.26777017599193,190.26777017599193,921.6315987692211,117.07817214968955,Stock OK
24,28,460.37359999999995,22,2200.0,329.8864302884616,0.0,0.0,143.21559166666668,195.70160833333335,2529.8864302884617,3,300.0,295.41678670302053,0.0,0.0,36.29497022953048,245.2647428442957,595.4167867030205,3,300.0,310.3695989703489,0.0,0.0,46.2475620746642,260.1936306119963,610.3695989703489,52.287098989269516,Stock OK
24,29,4773.5508,22,2200.0,610.611682692307,0.0,0.0,311.03773333333305,753.1758666666664,2810.611682692307,8,800.0,910.0045826017338,328.6275496047094,32.86275496047094,168.11539338603865,774.6291417325483,2038.6321322064432,8,800.0,873.6935458475293,0.0,0.0,411.82803734432053,411.82803734432053,1673.6935458475293,294.214753757662,Stock OK
24,30,3555.7956,22,2200.0,268.6495552884616,300.00099999999975,30.000099999999975,301.50340000000017,634.3120000000002,2768.6505552884614,7,700.0,769.4295808749858,0.0,0.0,100.67610903039045,626.8859105354555,1469.4295808749857,7,700.0,787.6401108828334,0.0,0.0,367.12997972612607,367.12997972612607,1487.6401108828334,173.05365378438077,Stock OK
24,31,2277.46,22,2200.0,402.6624118589743,995.0853333333339,99.50853333333339,125.6967166666666,326.0139499999999,3597.7477451923082,5,500.0,563.0265108099187,1768.3570392106199,176.835703921062,241.07629738595864,241.07629738595864,2831.3835500205387,7,700.0,622.3604102914039,271.65918972848687,27.165918972848687,383.30917756787824,383.30917756787824,1594.0196000198907,131.47052698279407,Stock OK
24,32,5338.739599999999,22,2200.0,1617.2948918269237,0.0,0.0,1233.0850916666668,1804.5481083333334,3817.294891826924,8,800.0,1051.9565187923188,91.51740545916084,9.151740545916084,354.3451361352094,1043.8792033622512,1943.4739242514797,8,800.0,1209.09109492381,0.0,0.0,494.92623574866786,494.92623574866786,2009.09109492381,366.3711281513106,Stock OK
24,33,5299.7496,22,2200.0,1439.7044711538458,0.0,0.0,683.3860666666664,1203.658733333333,3639.7044711538456,8,800.0,974.3963450130958,107.72278974735798,10.772278974735798,754.8411210252644,754.8411210252644,1882.119134760454,9,900.0,1091.4272585062063,0.0,0.0,486.8816829779006,486.8816829779006,1991.4272585062063,349.71821187537637,Stock OK
24,34,15875.618799999998,22,2200.0,130.87054487179492,18150.557999999997,1815.0557999999999,30.360933333333264,1255.6586666666667,20481.428544871793,15,1500.0,995.6128053765156,7266.109851881425,726.6109851881425,824.4172691353097,1834.0943037029645,9761.72265725794,16,1600.0,1758.73517139781,0.0,0.0,808.0879596528766,1735.9479696311814,3358.73517139781,844.6810018217781,Stock OK
24,35,2920.9472,22,2200.0,119.06631209935884,2326.093000000001,232.60930000000013,98.62634166666652,340.97105833333313,4645.15931209936,7,700.0,542.5443851126837,661.3253662004663,66.13253662004664,202.90154189976687,651.9347302797203,1903.8697513131501,7,700.0,663.074048050944,0.0,0.0,424.0928976060873,424.0928976060873,1363.074048050944,182.90122642982834,Stock OK
24,36,2038.4887999999999,22,2200.0,564.9263100961537,8158.465249999999,815.8465249999999,601.2349166666665,759.8329333333331,10923.391560096152,5,500.0,537.6628423464012,4816.523510502179,481.65235105021793,134.07702394978207,497.3311359246731,5854.186352848581,5,500.0,668.7665097850542,645.4337500000001,64.54337500000001,303.3356925106583,303.3356925106583,1814.2002597850542,123.67658574643094,Stock OK
24,37,2702.0675999999994,22,2200.0,233.74448317307727,0.0,0.0,0.665275000000193,235.6855250000002,2433.7444831730772,6,600.0,521.7190911953213,114.88594088503646,11.488594088503646,315.1242861822992,315.1242861822992,1236.6050320803577,6,600.0,616.7642735203519,0.0,0.0,262.6987974083744,262.6987974083744,1216.764273520352,160.5639181544178,Stock OK
24,38,50019.936399999984,22,2200.0,12476.687211538458,0.0,0.0,6444.563733333335,11354.520266666668,14676.687211538458,21,2100.0,4442.056114681192,0.0,0.0,1810.497120861467,5852.8151863943285,6542.056114681192,21,2100.0,5945.389538610855,0.0,0.0,2241.064178528015,4281.794441188379,8045.389538610855,2804.5308401507496,Stock OK
24,40,42242.8108,22,2200.0,1216.6778846153843,16630.19550000003,1663.0195500000032,0.0,3528.6775,20046.873384615414,22,2200.0,2236.6254438287665,3001.710532122745,300.1710532122745,1045.9476637610958,4472.8177692655345,7438.3359759515115,21,2100.0,3198.087361662895,0.0,0.0,960.1710020636917,2683.351254430223,5298.087361662895,2096.11746746534,Stock OK
24,41,1499.3232000000003,22,2200.0,116.78449218749992,252.18225000000103,25.218225000000103,95.96184999999994,232.48939999999993,2568.966742187501,5,500.0,446.4291765751665,0.0,0.0,53.59821723887575,390.6307402985947,946.4291765751665,5,500.0,580.4628009374615,0.0,0.0,340.630489368393,340.630489368393,1080.4628009374615,117.88282434060565,Stock OK
24,42,5584.8372,22,2200.0,182.85333533653844,1641.7440000000013,164.17440000000013,0.030674999999916963,471.3953249999999,4024.59733533654,9,900.0,738.5361318917421,0.0,0.0,132.1224372327456,758.3615200118388,1638.5361318917421,9,900.0,950.3982308531163,0.0,0.0,68.27179914605824,686.5295521643155,1850.3982308531163,314.99541268890187,Stock OK
24,44,4191.592,22,2200.0,592.5167307692301,0.0,0.0,185.40229999999946,566.0104999999994,2792.51673076923,8,800.0,677.2065638577016,201.1013145065374,20.11013145065374,338.54646142489105,901.2773228497821,1678.3078783642388,8,800.0,709.7226062757727,0.0,0.0,150.01894723027647,688.6901825488874,1509.7226062757727,257.0736395401919,Stock OK
24,46,14560.963199999998,22,2200.0,690.4601622596149,6652.157500000007,665.2157500000006,763.3673333333329,2038.0729666666662,9542.617662259621,14,1400.0,1510.8872881620778,2398.041385538081,239.80413855380812,978.7225757539325,2008.5551286154805,5308.9286737001585,14,1400.0,1686.5305709747763,0.0,0.0,293.697212461646,1289.2819788048496,3086.5305709747763,735.9166571929266,Stock OK
24,49,4047.7539999999995,22,2200.0,1129.8193509615382,0.0,0.0,689.1132499999997,1101.0147499999996,3329.8193509615385,7,700.0,856.8474632078922,0.0,0.0,82.5437980476853,667.9513893889662,1556.8474632078924,7,700.0,1110.3412302552276,0.0,0.0,111.54478718275283,701.7858767132116,1810.3412302552276,301.86976995811824,Stock OK
24,50,894.8,22,2200.0,319.4212740384614,0.0,0.0,200.79541666666657,296.06458333333325,2519.4212740384614,4,400.0,369.1404198882564,0.0,0.0,92.7193548759697,374.25788983462627,769.1404198882565,3,300.0,469.92566821239905,0.0,0.0,113.90829304055084,113.90829304055084,769.925668212399,91.59647884358681,Stock OK
24,52,1103.4591999999998,22,2200.0,416.44360576923043,0.0,0.0,293.0524999999997,414.4882999999997,2616.4436057692305,4,400.0,414.70781360425883,10.971000000000046,1.0971000000000046,33.369740689057465,351.2291209187433,825.6788136042588,4,400.0,524.1345877910475,0.0,0.0,265.3682365583926,265.3682365583926,924.1345877910475,89.9122340851049,Stock OK
24,55,8325.8104,22,2200.0,10287.744242788463,0.0,0.0,6536.304875000001,7828.662725000001,12487.744242788463,8,800.0,2826.8150098246706,0.0,0.0,871.2968147491385,1908.2354489990155,3626.8150098246706,8,800.0,2646.137479857775,0.0,0.0,1409.4189136396417,1409.4189136396417,3446.137479857775,1031.0072400444783,Stock OK
24,56,2704.7728000000006,22,2200.0,1857.6209615384616,3712.6319999999987,371.26319999999987,1851.5795999999998,2215.5004,7770.25296153846,5,500.0,1063.1139413532073,2443.5079999999994,244.35079999999994,836.7411993595714,836.7411993595714,4006.6219413532067,3,300.0,1669.2766843089269,2443.5079999999994,244.35079999999994,740.3182382000185,740.3182382000185,4412.784684308926,315.14000796778714,Stock OK
24,58,2092.8,22,2200.0,106.34539689034371,4286.386212765957,428.6386212765957,0.0,144.70968510638298,6592.731609656301,6,600.0,377.8509799980068,2789.9623442827165,278.99623442827163,138.18480947803846,485.16961895607693,3767.8133242807235,7,700.0,700.8017430163786,0.0,0.0,360.99630588069317,360.99630588069317,1400.8017430163786,233.75644842957698,Stock OK
24,59,181.384,22,2200.0,420.0650841346156,0.0,0.0,285.9593250000001,326.5978750000001,2620.0650841346155,1,100.0,305.01265897148653,0.0,0.0,63.45224570237601,63.45224570237601,405.01265897148653,1,100.0,330.92277625268747,0.0,0.0,55.84301242111797,55.84301242111797,430.92277625268747,41.5340591737533,Stock OK
24,60,103.67999999999998,22,2200.0,10.103365384615387,45.89999999999996,4.589999999999996,12.172500000000003,21.847500000000004,2256.0033653846153,2,200.0,96.11373337521621,0.0,0.0,90.27162616817992,90.27162616817992,296.1137333752162,2,200.0,118.73454444591624,0.0,0.0,99.65120569428795,99.65120569428795,318.73454444591624,9.06611075604707,Stock OK
24,67,9493.6884,22,2200.0,1212.0539182692312,2965.2039999999997,296.5204,1022.3714000000002,1911.0270000000003,6377.257918269231,11,1100.0,1242.4979022274404,3587.0820000000003,358.70820000000003,796.6162230404022,1656.4775253444425,5929.5799022274405,11,1100.0,1985.0621682259912,0.0,0.0,335.86419674518146,1185.5211164196996,3085.062168225991,732.5496942282671,Stock OK
24,71,4037.9896000000003,22,2200.0,1265.1653365384611,0.0,0.0,734.7288999999998,1149.7478999999998,3465.165336538461,7,700.0,900.8263332462982,0.0,0.0,110.25146457471311,697.8702253371653,1600.8263332462982,7,700.0,1038.4232466003052,0.0,0.0,582.2581559178326,582.2581559178326,1738.4232466003052,322.75685603273365,Stock OK
24,72,42316.7032,22,2200.0,22847.25806490385,0.0,0.0,12734.713925000002,17521.793675,25047.25806490385,20,2000.0,4890.159408470728,0.0,0.0,2782.368095288435,6773.784060581955,6890.159408470728,18,1800.0,6137.755488642457,0.0,0.0,3546.928373458006,3546.928373458006,7937.755488642457,3129.7877047484353,Stock OK
24,74,13556.990399999999,22,2200.0,761.6005288461546,3864.9839999999913,386.49839999999915,92.38900000000046,1245.6830000000004,6826.584528846146,13,1300.0,1272.9177678022943,3268.9774406388833,326.89774406388835,254.58558281150874,1234.1470193738105,5841.895208441178,14,1400.0,1947.9741122894613,0.0,0.0,316.67044711963956,1250.8027430519196,3347.974112289461,739.3602819849725,Stock OK
24,79,19326.2596,22,2200.0,2575.4552403846155,0.0,0.0,1144.5645666666676,2924.6362333333345,4775.4552403846155,16,1600.0,1904.9297818509658,0.0,0.0,381.4488704026878,2815.3918661745,3504.929781850966,15,1500.0,2392.0807285603373,0.0,0.0,306.8929121745625,1518.5389844727456,3892.0807285603373,993.5581470184972,Stock OK
24,80,26262.579999999998,22,2200.0,1041.4887960737178,1199.138583333338,119.91385833333379,0.0,2273.2753166666666,4440.627379407056,19,1900.0,1851.7914111438552,0.0,0.0,526.9074651798148,3277.445640495087,3751.791411143855,18,1800.0,2247.6339051042855,0.0,0.0,321.8236640051921,1685.0289986525563,4047.6339051042855,1321.2071533097744,Stock OK
24,81,22837.628399999994,22,2200.0,1183.3101562500015,0.0,0.0,60.46914166666795,2051.6080583333346,3383.3101562500015,17,1700.0,1734.8833669096612,0.0,0.0,742.6872388735788,2029.7876928656774,3434.883366909661,17,1700.0,2290.4695660994175,0.0,0.0,336.93223302979425,1598.6729991566563,3990.4695660994175,1073.0020423424842,Stock OK
24,82,17224.742000000002,22,2200.0,4793.659723557697,0.0,0.0,2433.730408333337,4143.16279166667,6993.659723557697,14,1400.0,2141.0392601273975,0.0,0.0,842.9503168589343,2035.530604694237,3541.0392601273975,15,1500.0,3200.9623919710943,0.0,0.0,855.0613637786204,1963.3224201199505,4700.962391971094,1337.7624244519193,Stock OK
24,83,3808.996,22,2200.0,161.22149639423094,760.9912499999973,76.09912499999973,44.995150000000024,373.50750000000005,3122.2127463942284,7,700.0,510.2588520153878,663.9408802244895,66.39408802244895,409.78291597006796,409.78291597006796,1874.1997322398772,7,700.0,897.8767423323624,0.0,0.0,507.6681759791568,507.6681759791568,1597.8767423323625,225.87581025187183,Stock OK
24,85,1559.0852,22,2200.0,184.61473557692293,0.0,0.0,111.96638333333323,257.27521666666655,2384.614735576923,5,500.0,452.3304576229614,49.851500000000186,4.985150000000019,54.67274459384308,402.3751307423039,1002.1819576229616,5,500.0,470.8703010516835,0.0,0.0,153.7148131144074,153.7148131144074,970.8703010516836,96.37777330548701,Stock OK
24,87,25793.646399999998,22,2200.0,644.2262770432687,14588.087750000017,1458.8087750000018,134.61838333333299,2262.397166666666,17432.314027043285,18,1800.0,1651.1263696288993,6508.573019405374,650.8573019405374,667.9010030745949,3328.96240614919,9959.699389034273,19,1900.0,1789.2872665084126,840.3460658231847,84.03460658231847,811.5501636835363,2107.6331515780485,4529.633332331598,1209.1178752002854,Stock OK
24,90,65462.034,22,2200.0,10168.192427884625,0.0,0.0,2935.673816666675,8883.300583333343,12368.192427884625,21,2100.0,3462.9967933192966,3275.268082995699,327.5268082995699,1624.0803432620073,6073.091680566809,8838.264876314995,21,2100.0,4858.378711525839,0.0,0.0,1048.7274090735468,5478.67519823305,6958.378711525839,3426.5962953562525,Stock OK
24,91,45811.8904,22,2200.0,6033.273918269235,0.0,0.0,2131.3324500000026,6300.308350000003,8233.273918269235,21,2100.0,3082.479626478935,3145.0878893710205,314.50878893710205,1729.2022961062899,5454.03139221258,8327.567515849954,21,2100.0,3681.0272664055756,0.0,0.0,2069.533186845596,3961.713174884032,5781.027266405576,2439.8886016928664,Stock OK
24,92,112978.706,22,2200.0,8968.144043469545,2993.245416666714,299.3245416666714,0.0,9798.207083333333,14161.389460136259,21,2100.0,4223.4278091938295,22152.352054243354,2215.2352054243356,1010.2900492767549,12431.04889855351,28475.779863437183,21,2100.0,6027.257654736658,0.0,0.0,1329.0898199272406,7021.117545351654,8127.257654736658,6024.281847342571,Stock OK
24,93,38660.7084,22,2200.0,571.2733653846149,38683.358500000046,3868.335850000005,1.8668333333328064,3027.4528666666656,41454.63186538466,22,2200.0,686.2295454496832,25398.78108230362,2539.878108230362,149.47324908551514,3322.6656981710303,28285.010627753305,21,2100.0,2604.752295266777,0.0,0.0,752.653788926712,2337.8802952415626,4704.752295266777,1790.617661371186,Stock OK
24,94,49360.416399999995,22,2200.0,1703.4110096153843,26948.870000000017,2694.8870000000015,1510.9375999999995,5700.195599999999,30852.281009615403,22,2200.0,2851.9079485222705,12992.921261172483,1299.2921261172482,1162.368511732005,4896.247275698505,18044.829209694755,21,2100.0,3705.131617494942,898.8998321853524,89.88998321853524,1230.719703769568,3073.109667125861,6704.031449680295,2245.985796384692,Stock OK
24,95,89668.68239999999,22,2200.0,2376.3357942708326,45750.22858333334,4575.022858333334,665.6540499999974,8122.985666666664,50326.56437760417,22,2200.0,2634.3111491097366,69586.77007350865,6958.677007350866,711.6094254421096,8184.25950058948,74421.08122261839,21,2100.0,5051.203186626434,3741.469424750321,374.1469424750321,806.8767463623517,5589.629157204007,10892.672611376755,3882.628681609568,Stock OK
24,96,14333.457599999998,22,2200.0,240.66205528846154,29577.547000000006,2957.7547000000004,320.3054,1337.3496,32018.20905528847,13,1300.0,922.5346905897449,15529.157165096272,1552.9157165096271,703.4754396814833,1623.3562876177798,17751.69185568602,16,1600.0,1315.0897295041154,0.0,0.0,632.7631888443805,632.7631888443805,2915.0897295041154,592.2178672417094,Stock OK
24,97,18152.153199999997,22,2200.0,389.45306290064104,10853.341499999997,1085.3341499999997,74.66503333333333,1565.2288666666668,13442.794562900639,16,1600.0,1401.4796656231083,1697.096237949121,169.7096237949121,957.6995131025437,2071.3193357230525,4698.575903572229,16,1600.0,1844.8148698790606,0.0,0.0,322.9842744632938,1405.6037227608467,3444.8148698790606,820.4213024423677,Stock OK
24,98,9169.3104,22,2200.0,247.16564302884643,3177.676833333328,317.7676833333328,0.0,769.6993666666667,5624.842476362174,11,1100.0,964.4693037060631,123.2501431655578,12.32501431655578,0.0,800.2436335683444,2187.719446871621,11,1100.0,1406.997019647013,0.0,0.0,535.4971952380895,535.4971952380895,2506.997019647013,515.7359076391804,Stock OK
25,1,14846.180400000001,22,2200.0,10521.850793269232,0.0,0.0,4745.127216666668,6448.7191833333345,12721.850793269232,12,1200.0,2680.5138391987784,3853.797470876525,385.3797470876525,0.0,2381.0825405824694,7734.3113100753035,13,1300.0,3660.4129434489896,0.0,0.0,1496.7539940938416,2645.716197768328,4960.41294344899,2254.8186837154162,Stock OK
25,2,33847.469999999994,22,2200.0,1816.6899078525655,2809.5329999999763,280.9532999999976,513.0486666666675,3476.4891333333344,6826.2229078525415,21,2100.0,1202.6435884848024,7892.054530667645,789.2054530667644,1221.02545231508,4361.46011539385,11194.698119152446,20,2000.0,2731.567165747858,0.0,0.0,1070.8934127035238,2594.5535483387002,4731.567165747858,1598.2816223242885,Stock OK
25,3,12365.326400000002,22,2200.0,2372.681838942308,22920.455999999995,2292.0455999999995,1021.5765000000002,1986.3467000000003,27493.137838942304,11,1100.0,1478.227669995267,25907.041882980688,2590.704188298069,631.8232744679536,1527.752293084942,28485.269552975955,12,1200.0,1573.5737192731935,1240.1957021994485,124.01957021994485,774.3485885575477,774.3485885575477,4013.769421472642,438.3802283523954,Stock OK
25,4,18723.0216,22,2200.0,638.3385396634628,2928.3982499999797,292.839824999998,11.01295000000016,1614.5951000000005,5766.736789663442,16,1600.0,1545.9494233333482,525.2779173960914,52.52779173960914,1060.8881458150975,2215.95539442013,3671.2273407294397,16,1600.0,1991.3319181794684,0.0,0.0,725.7312946174845,1861.9566059253168,3591.3319181794686,983.3563975809666,Stock OK
25,5,8467.718,22,2200.0,5979.857740384616,0.0,0.0,3519.711033333333,4562.096166666666,8179.857740384616,9,900.0,2115.0739112129513,0.0,0.0,546.0223545823376,1477.2926864051296,3015.0739112129513,10,1000.0,2092.951132274659,0.0,0.0,558.250927792757,1387.405508658619,3092.951132274659,909.5081472524524,Stock OK
25,6,2315.6952,22,2200.0,1750.7517067307695,0.0,0.0,1285.078616666667,1598.1893833333336,3950.7517067307695,5,500.0,927.8874511318422,0.0,0.0,195.57094164054325,705.9709395506791,1427.8874511318422,5,500.0,834.7817448927303,0.0,0.0,294.28962944978963,294.28962944978963,1334.7817448927303,170.35230540436308,Stock OK
25,7,13703.11,22,2200.0,5437.197163461541,0.0,0.0,4121.867766666669,5671.865833333336,7637.197163461541,12,1200.0,2391.330662135787,0.0,0.0,1113.5405280881582,2249.145385187082,3591.330662135787,14,1400.0,2341.016181021874,0.0,0.0,1239.3476076672887,1239.3476076672887,3741.016181021874,1056.210829577408,Stock OK
25,8,27043.158800000005,22,2200.0,2604.29855769231,0.0,0.0,349.6664000000019,2731.651200000002,4804.29855769231,19,1900.0,1815.2958642356946,0.0,0.0,461.87809385836226,3277.4145284299343,3715.2958642356944,18,1800.0,2393.360778420585,0.0,0.0,248.96350393150306,1644.2073335745326,4193.360778420585,1388.283345900905,Stock OK
25,9,14689.6688,22,2200.0,583.9364513221154,17864.658249999997,1786.4658249999998,674.81195,1855.5089,20648.594701322112,14,1400.0,1182.1994164249836,4871.489866726093,487.14898667260934,453.22338638195566,1444.3539844365207,7453.689283151077,15,1500.0,1722.1770306964684,0.0,0.0,552.5164547288355,1450.5924433774244,3222.177030696468,763.9783893026053,Stock OK
25,10,18967.514000000003,22,2200.0,829.8591346153876,3758.6726666666445,375.8672666666645,0.0,1616.6649333333335,6788.531801282032,16,1600.0,1529.5329212531256,0.0,0.0,854.0254563973027,2013.7949268237894,3129.5329212531256,16,1600.0,2469.219593752979,0.0,0.0,1309.9103207296757,1309.9103207296757,4069.219593752979,1281.0402800106358,Stock OK
25,11,10247.91,22,2200.0,883.2494951923077,5286.749333333335,528.6749333333335,886.2934000000001,1808.5132666666668,8369.998828525642,11,1100.0,1294.4239575190038,2063.771231475099,206.3771231475099,977.2376716066409,977.2376716066409,4458.195188994103,12,1200.0,1335.6432944006692,0.0,0.0,741.0926825763712,741.0926825763712,2535.643294400669,569.705001163916,Stock OK
25,12,3115.4199999999996,22,2200.0,53.26400841346155,2222.61933333333,222.261933333333,24.561750000000032,278.27651666666674,4475.883341746791,7,700.0,535.2171210818817,0.0,0.0,21.82853492442611,481.2745990784971,1235.2171210818817,7,700.0,684.9754306516163,0.0,0.0,311.01616458210015,311.01616458210015,1384.9754306516163,171.21973386119436,Stock OK
25,13,22946.5728,22,2200.0,1932.897848557695,0.0,0.0,239.89337500000124,2256.1078250000014,4132.897848557695,17,1700.0,1807.0930314268246,1898.444265830933,189.8444265830933,990.4682984169062,2285.6479857190197,5405.537297257757,17,1700.0,2374.066856465736,0.0,0.0,348.1529593101095,1615.0532145794914,4074.066856465736,1180.091395909259,Stock OK
25,14,8254.2292,22,2200.0,4311.858641826924,0.0,0.0,2650.9434583333355,3599.219341666669,6511.858641826924,9,900.0,1739.2524309398175,0.0,0.0,274.0831773108435,1162.320496349699,2639.2524309398177,10,1000.0,1405.2824834151836,0.0,0.0,386.01746551201,1187.9988922355667,2405.2824834151834,483.0935447928622,Stock OK
25,16,16070.711599999999,22,2200.0,1255.0727463942303,49895.53300000001,4989.553300000001,2617.4950749999994,3808.6823249999993,53350.60574639424,12,1200.0,1579.5828396434288,27450.012123333334,2745.0012123333336,1402.8809034999995,1402.8809034999995,30229.594962976764,11,1100.0,2796.4821765185216,13946.18725,1394.618725,1409.3809227807146,1409.3809227807146,17842.66942651852,630.4029231007536,Stock OK
25,17,8813.472800000001,22,2200.0,2472.8497836538463,0.0,0.0,848.8030500000004,1689.0009500000006,4672.849783653846,11,1100.0,1118.015090546602,283.7582795024605,28.375827950246048,0.0,1672.1778048999454,2501.7733700490626,11,1100.0,1164.0029271131223,507.28275660653253,50.72827566065325,331.5485115090202,1114.948130093857,2771.285683719655,504.6380275435303,Stock OK
25,20,3490.3187999999996,22,2200.0,219.3207051282052,1916.7866666666655,191.67866666666654,294.79208333333344,607.2644500000001,4336.107371794871,7,700.0,680.0707570040687,268.7582441627717,26.87582441627717,574.4214191877921,574.4214191877921,1648.8290011668403,7,700.0,809.2279038878956,0.0,0.0,319.42612169560755,319.42612169560755,1509.2279038878955,164.17884646672513,Stock OK
25,21,4304.5671999999995,22,2200.0,740.0155889423074,0.0,0.0,429.4290749999998,841.0809249999998,2940.0155889423077,8,800.0,890.7424936034643,0.0,0.0,409.521689177181,994.7518483453497,1690.7424936034643,7,700.0,967.9823944304159,0.0,0.0,310.8966066661699,310.8966066661699,1667.9823944304158,271.92983831037265,Stock OK
25,22,5067.4072,22,2200.0,2222.8698317307685,0.0,0.0,1228.55875,1776.03405,4422.869831730768,8,800.0,1235.2861791606097,0.0,0.0,478.1547030727934,1153.0616963689067,2035.2861791606097,8,800.0,1099.299781330169,0.0,0.0,755.0321064329361,755.0321064329361,1899.299781330169,322.95251384200424,Stock OK
25,23,15285.856000000002,22,2200.0,424.67143429487106,6181.009333333349,618.1009333333349,139.5053999999991,1427.0932666666656,8805.68076762822,14,1400.0,1295.7413716236088,6108.405720807645,610.8405720807644,711.6684778034975,1746.691716705246,8804.147092431253,16,1600.0,1686.8752459608504,0.0,0.0,753.8746234693623,1694.4312117006532,3286.8752459608504,878.2798678143698,Stock OK
25,24,2630.0144,22,2200.0,743.342319711539,0.0,0.0,209.02874166666695,455.9020583333336,2943.342319711539,6,600.0,583.434760758588,294.92334525110437,29.492334525110437,35.83402261872243,489.0432452374448,1478.3581060096924,6,600.0,709.6157797976484,0.0,0.0,221.69171415320343,221.69171415320343,1309.6157797976484,209.5061472941805,Stock OK
25,25,6280.5952,22,2200.0,368.7992307692303,0.0,0.0,114.03346666666641,670.0881333333331,2568.7992307692302,9,900.0,954.1955695852727,0.0,0.0,675.0581747370454,675.0581747370454,1854.1955695852726,9,900.0,1270.0152430433725,0.0,0.0,542.928365647351,542.928365647351,2170.0152430433727,477.64823267788057,Stock OK
25,26,3255.4496000000004,22,2200.0,1059.0932091346149,0.0,0.0,306.7047249999995,616.4572749999994,3259.093209134615,6,600.0,658.9374806870843,852.6920152620846,85.26920152620846,340.3815146947583,340.3815146947583,2111.629495949169,7,700.0,839.3803650616077,0.0,0.0,179.76053667541055,674.8574219546456,1539.3803650616078,251.13907707542094,Stock OK
25,27,862.2167999999999,22,2200.0,491.6908533653848,0.0,0.0,234.45559166666678,329.8184083333334,2691.690853365385,3,300.0,405.4217687740112,0.0,0.0,125.85805829088844,125.85805829088844,705.4217687740112,3,300.0,414.19683528563934,0.0,0.0,107.44614731557516,107.44614731557516,714.1968352856393,67.30232522930159,Stock OK
25,28,435.5932,22,2200.0,287.91469951923085,0.0,0.0,110.98819166666675,158.51700833333342,2487.914699519231,3,300.0,285.61794669990184,0.0,0.0,33.413366323454625,232.27003698518192,585.6179466999018,3,300.0,266.87523687213036,0.0,0.0,36.9898100646771,237.63470259701563,566.8752368721304,48.93536524101807,Stock OK
25,29,3218.5551999999993,22,2200.0,504.0244711538466,0.0,0.0,243.58190000000045,544.6373000000004,2704.0244711538467,7,700.0,700.3277307741084,212.52106663284877,21.252106663284877,257.1471933367152,757.6250577822868,1612.8487974069571,7,700.0,673.4793274788517,0.0,0.0,63.37202039634698,535.0960404624047,1373.4793274788517,177.53672592413676,Stock OK
25,30,2084.5532000000003,22,2200.0,109.63119591346153,804.6352500000003,80.46352500000003,88.93620000000003,270.93845000000005,3114.2664459134617,6,600.0,530.0240628307321,50.727042953008095,5.0727042953008095,139.19674713646617,528.3315207046992,1180.75110578374,6,600.0,555.7743860471934,0.0,0.0,401.6986226793108,401.6986226793108,1155.7743860471933,113.82181929862708,Stock OK
25,31,1404.1276000000003,22,2200.0,474.7880048076921,0.0,0.0,190.12008333333327,328.7503166666666,2674.7880048076922,4,400.0,461.5288012877823,202.11543607137642,20.211543607137642,182.5011063928624,182.5011063928624,1063.6442373591588,5,500.0,503.30345275999946,0.0,0.0,313.35071193501983,313.35071193501983,1003.3034527599995,109.54354821856333,Stock OK
25,32,3122.1184,22,2200.0,738.7235336538458,0.0,0.0,579.94205,901.86035,2938.723533653846,6,600.0,804.6610554253688,96.56150000000054,9.656150000000054,475.587807376279,475.587807376279,1501.2225554253694,7,700.0,754.8183274611054,0.0,0.0,112.27230820078896,570.8578512342538,1454.8183274611054,203.61018262356964,Stock OK
25,33,2354.7016,22,2200.0,965.6180528846155,0.0,0.0,453.3457833333335,697.5238166666668,3165.6180528846153,5,500.0,701.0970448564349,0.0,0.0,265.20763396207116,265.20763396207116,1201.0970448564349,6,600.0,786.2148422507767,0.0,0.0,467.0968521213351,467.0968521213351,1386.2148422507767,180.34606319894536,Stock OK
25,34,10363.8072,22,2200.0,534.2750160256414,7000.078666666663,700.0078666666662,483.1352000000004,1365.477333333334,9734.353682692305,12,1200.0,1224.779407175922,2818.5097217901375,281.85097217901375,666.372474189297,1523.173883462959,5243.289128966059,13,1300.0,1608.9730506946098,0.0,0.0,438.9861484815958,1228.926160855062,2908.97305069461,617.07728912977,Stock OK
25,35,1855.1420000000003,22,2200.0,309.7142147435894,737.5826666666676,73.75826666666676,271.8185999999997,450.357933333333,3247.296881410257,5,500.0,489.9136482251312,201.75995967550222,20.17599596755022,359.91801612979924,359.91801612979924,1191.6736079006334,5,500.0,652.4087257510865,0.0,0.0,352.73277951263066,352.73277951263066,1152.4087257510864,138.5195941635502,Stock OK
25,36,1121.474,22,2200.0,436.6464663461538,3210.8799999999997,321.08799999999997,409.16099999999994,514.3389999999999,5847.526466346153,4,400.0,417.9265393370449,1506.5532642385951,150.65532642385952,74.401347152281,370.21902072842147,2324.4798035756403,3,300.0,588.2191140377229,797.1299999999999,79.713,261.29714771483754,261.29714771483754,1685.3491140377228,87.73767154948601,Stock OK
25,37,2630.7964,22,2200.0,511.15480769230726,0.0,0.0,189.6621666666664,434.919433333333,2711.1548076923073,6,600.0,619.8040915792021,42.93412783429517,4.293412783429517,0.0,451.72341744331413,1262.7382194134973,6,600.0,673.9051100431608,0.0,0.0,403.26282939925574,403.26282939925574,1273.9051100431607,174.4998672341315,Stock OK
25,38,35881.5024,22,2200.0,10840.505060096155,0.0,0.0,5597.673375000002,9204.558225000002,13040.505060096155,18,1800.0,3850.8388591495773,149.8678662973566,14.986786629735661,725.5488686039484,4190.186336045528,5800.706725446933,19,1900.0,4632.255057609495,0.0,0.0,2235.851797931102,2235.851797931102,6532.255057609495,2211.0716004278484,Stock OK
25,40,38629.65920000001,22,2200.0,1730.9054807692314,7497.010999999993,749.7010999999993,0.0,3293.9094,11427.916480769225,11,1100.0,2455.4617834214496,21859.280857401856,2185.9280857401855,1606.241223806646,4917.152047613292,25414.742640823308,21,2100.0,2591.437092832491,0.0,0.0,1824.2471761122895,3515.3444273557316,4691.4370928324915,1917.1694222242343,Stock OK
25,41,2558.2304000000004,22,2200.0,2605.061766826925,0.0,0.0,877.7551250000017,1176.536475000002,4805.061766826925,5,500.0,742.3628151590106,612.5013990222135,61.25013990222135,444.11215673185245,444.11215673185245,1854.864214181224,8,800.0,837.5039188696596,0.0,0.0,405.5582974521608,405.5582974521608,1637.5039188696596,273.2322652314923,Stock OK
25,42,5176.827200000001,22,2200.0,138.72820913461538,1822.4225000000001,182.24225,10.441024999999996,445.66067499999997,4161.150709134616,9,900.0,781.109972702723,0.0,0.0,290.00018974819807,891.7499290917228,1681.109972702723,9,900.0,965.4914814144532,0.0,0.0,213.25778931808796,805.4147286078489,1865.4914814144531,300.98112050435157,Stock OK
25,44,3249.6268000000005,22,2200.0,942.9112259615382,0.0,0.0,443.3716499999998,764.5019499999999,3142.911225961538,6,600.0,742.0466364582742,0.0,0.0,333.43846761285556,333.43846761285556,1342.0466364582742,7,700.0,750.3616129295243,0.0,0.0,196.68422411448995,690.7868198002383,1450.3616129295242,201.76232316194142,Stock OK
25,46,17377.1876,22,2200.0,639.6712259615391,7828.609666666658,782.8609666666658,626.0639333333341,2123.489200000001,10668.280892628198,15,1500.0,1618.466368315558,4567.272076015213,456.7272076015213,952.197692398479,2068.377705598262,7685.738444330771,15,1500.0,2061.365204654051,0.0,0.0,383.89606242746197,1492.1064740294237,3561.365204654051,846.2210926546372,Stock OK
25,49,10454.171600000001,22,2200.0,549.9969571314101,3704.493083333334,370.4493083333334,0.0,876.8454166666667,6454.490040464744,12,1200.0,1065.6038529488803,1500.3390631945213,150.03390631945211,406.5432368680548,1260.6716737361096,3765.942916143402,12,1200.0,1550.0925868546635,396.13888680095215,39.613888680095215,446.5570235838859,1314.361260847867,3146.231473655616,761.9287466331967,Stock OK
25,50,2043.52,22,2200.0,76.32181490384609,957.5500000000005,95.75500000000005,5.912499999999966,175.79749999999996,3233.871814903847,6,600.0,452.1976814115928,470.56760039730204,47.05676003973021,138.15360994040466,514.1114799205395,1522.765281808895,5,500.0,599.3681061919998,0.0,0.0,146.20230362645313,146.20230362645313,1099.3681061919997,108.48761253520148,Stock OK
25,52,1230.5472,22,2200.0,426.6817187500003,0.0,0.0,194.66792500000025,318.5996750000002,2626.68171875,4,400.0,445.0290367441986,0.0,0.0,239.78783336212035,239.78783336212035,845.0290367441986,4,400.0,477.7380320503661,0.0,0.0,176.95245015082236,176.95245015082236,877.7380320503661,95.04311823065497,Stock OK
25,55,3474.2108000000003,22,2200.0,5321.862596153843,0.0,0.0,3481.2268666666646,4086.047533333331,7521.862596153843,5,500.0,1781.4490250250117,0.0,0.0,979.8878133550105,979.8878133550105,2281.449025025012,6,600.0,1239.2910340558763,0.0,0.0,329.0177101318519,908.2172121582223,1839.2910340558763,348.75126311804,Stock OK
25,56,3034.0088000000005,22,2200.0,1613.1432812499997,5405.315500000001,540.53155,1470.0868749999993,1814.7446249999991,9218.45878125,5,500.0,927.7828507212637,3476.7217500000006,347.67217500000004,508.12664789069646,508.12664789069646,4904.504600721264,4,400.0,1340.9518533578448,3476.7217500000006,347.67217500000004,303.3888324549029,921.5735405686287,5217.673603357845,309.08328524277385,Stock OK
25,59,179.5048,22,2200.0,341.8458533653847,0.0,0.0,237.969925,274.272075,2541.8458533653848,1,100.0,259.69636342647675,0.0,0.0,48.73964687268262,48.73964687268262,359.69636342647675,1,100.0,241.09677985759257,0.0,0.0,40.142506023065,40.142506023065,341.09677985759254,27.869598854083865,Stock OK
25,60,189.0,22,2200.0,143.4063461538462,0.0,0.0,97.59840000000003,122.52000000000004,2343.4063461538462,2,200.0,209.6489100892639,0.0,0.0,136.37386654024323,136.37386654024323,409.6489100892639,2,200.0,180.30275800346695,0.0,0.0,82.2820917271076,82.2820917271076,380.3027580034669,14.181006910526161,Stock OK
25,67,7041.906800000001,22,2200.0,1604.3768289262819,1093.6411666666681,109.3641166666668,1133.8566999999994,1835.2827333333325,4898.01799559295,9,900.0,1239.6722339288835,3497.7375000000006,349.77375000000006,471.43246384077315,1235.3607718208698,5637.409733928884,9,900.0,1606.5254379267349,0.0,0.0,693.6612038426852,693.6612038426852,2506.525437926735,590.6700987986345,Stock OK
25,71,2956.1723999999995,22,2200.0,270.2277003205126,2.629333333335353,0.2629333333335353,63.16061666666667,325.68845,2472.857033653848,6,600.0,586.9842583699067,290.96550326092114,29.096550326092114,270.86169967390794,270.86169967390794,1477.9497616308279,7,700.0,625.4575730303834,1.0865000000001146,0.10865000000001146,53.80218636681056,489.81455076127895,1326.5440730303835,175.9740543386672,Stock OK
25,72,27250.721600000004,22,2200.0,17090.979795673084,0.0,0.0,9981.407191666669,13218.983608333336,19290.979795673084,16,1600.0,4638.192527795011,0.0,0.0,2224.2194501306767,3865.457878472722,6238.192527795011,17,1700.0,4376.836305557647,0.0,0.0,2093.365891639439,3623.8485708044036,6076.836305557647,2164.64076419684,Stock OK
25,74,10444.2912,22,2200.0,1627.8670312500014,0.0,0.0,591.0051083333342,1550.5960916666677,3827.8670312500017,12,1200.0,1264.5682234624276,1313.1163565508268,131.31163565508268,955.1374224828098,1848.6583781035124,3777.684580013254,12,1200.0,1458.4855804545841,0.0,0.0,581.2864624842412,1452.7583886191721,2658.485580454584,583.4978933744337,Stock OK
25,79,7443.3679999999995,22,2200.0,787.1532932692301,0.0,0.0,242.14678333333268,910.4524166666661,2987.15329326923,10,1000.0,956.9428801302694,0.0,0.0,270.1599058766104,1015.8342898629005,1956.9428801302693,10,1000.0,1126.227537810223,0.0,0.0,262.54660235948484,1007.375063732761,2126.227537810223,412.2164231000726,Stock OK
25,80,457.11199999999997,22,2200.0,35.77597027972026,208.15381818181828,20.815381818181827,0.0,37.93883636363636,2443.9297884615385,3,300.0,213.11622305814385,29.518841143176466,2.9518841143176466,135.7453306701139,135.7453306701139,542.6350642013203,3,300.0,307.1398027416657,0.0,0.0,191.84441318395378,191.84441318395378,607.1398027416657,37.891213033256776,Stock OK
25,81,8012.2496,22,2200.0,122.78491586538462,9377.601000000002,937.7601000000002,0.0,615.173,11700.385915865387,11,1100.0,840.9353261722082,0.0,0.0,64.69703761388843,780.1157513752773,1940.935326172208,10,1000.0,1196.9376443763979,0.0,0.0,471.4356223344103,471.4356223344103,2196.9376443763977,419.71045800808014,Stock OK
25,82,9906.8064,22,2200.0,813.7098798076911,0.0,0.0,321.7271499999993,1211.1648499999992,3013.7098798076913,11,1100.0,1018.0140516129449,662.3265000000015,66.23265000000015,95.97878251556898,956.2183807671258,2780.3405516129465,12,1200.0,1441.1505166303575,0.0,0.0,392.010568033143,1206.9796969452468,2641.1505166303577,601.8112389727416,Stock OK
25,83,166.8768,22,2200.0,76.35626201923073,0.0,0.0,41.118141666666645,59.20465833333331,2276.3562620192306,2,200.0,157.7252865029247,0.0,0.0,105.59340678136508,105.59340678136508,357.7252865029247,2,200.0,184.8940617108471,0.0,0.0,114.99104258493165,114.99104258493165,384.8940617108471,13.930064177408351,Stock OK
25,85,2861.8132,22,2200.0,499.87842548076884,0.0,0.0,283.04330833333313,556.5090916666664,2699.878425480769,6,600.0,660.5432855625733,0.0,0.0,410.35108317910584,410.35108317910584,1260.5432855625731,7,700.0,613.6007244885831,0.0,0.0,354.0684134353391,354.0684134353391,1313.6007244885832,162.49976735849,Stock OK
25,87,6225.6684,22,2200.0,213.29782351762844,3031.281499999996,303.1281499999996,82.30875833333346,604.4695416666668,5444.579323517624,10,1000.0,856.3353968267527,0.0,0.0,489.64319858736707,1148.762134541519,1856.3353968267527,9,900.0,1068.0487670936518,0.0,0.0,591.9218247935323,591.9218247935323,1968.0487670936518,331.92402354731286,Stock OK
25,90,10762.9728,22,2200.0,1158.6417177483975,251.4699166666685,25.14699166666685,0.0,933.7239833333333,3610.111634415066,12,1200.0,1236.7849288356479,0.0,0.0,332.9657137235579,1214.3613990620631,2436.784928835648,11,1100.0,1540.8885362220778,0.0,0.0,762.2590521367687,762.2590521367687,2640.888536222078,577.2710382050341,Stock OK
25,91,7448.9256000000005,22,2200.0,204.54143028846173,3821.5029999999974,382.15029999999973,0.0,614.5022,6226.044430288459,10,1000.0,739.4512812057311,1219.898827425207,121.9898827425207,30.074552157184883,745.1031043143698,2959.350108630938,10,1000.0,1235.019126492062,0.0,0.0,689.9538840394243,689.9538840394243,2235.0191264920622,382.1476165413575,Stock OK
25,92,36940.94040000001,22,2200.0,2607.6731460336573,11134.879249999974,1113.4879249999974,0.0,3115.4306500000002,15942.552396033632,21,2100.0,717.5595091556066,16781.584907689386,1678.1584907689387,0.0,3219.96167728748,19599.144416844993,20,2000.0,2890.297416022226,0.0,0.0,327.5843447357761,3587.1222217093537,4890.297416022226,2058.616557989817,Stock OK
25,93,902.5440000000001,22,2200.0,3.6502644230769237,2437.9486666666667,243.79486666666668,0.0,57.28253333333333,4641.598931089744,4,400.0,262.96157832936854,197.20231420578045,19.720231420578045,76.33830573826583,76.33830573826583,860.163892535149,4,400.0,330.0315418556205,132.76199999999994,13.276199999999996,87.16407909528942,87.16407909528942,862.7935418556204,41.70123431535048,Stock OK
25,94,4506.8676,22,2200.0,14.581223290598293,19588.43437037037,1958.843437037037,0.0,221.56731851851853,21803.01559366097,9,900.0,250.06064124998426,7445.827374564806,744.5827374564806,4.890212109391683,434.2432242187833,8595.88801581479,9,900.0,962.0444123806136,856.2342222222217,85.62342222222216,298.79259857267465,847.253323394259,2718.278634602835,381.9203899848456,Stock OK
25,95,42394.102000000006,22,2200.0,701.624453125,32329.91383333334,3232.991383333334,0.0,3405.3139666666666,35231.53828645834,22,2200.0,2295.0386891690173,9974.43687560528,997.4436875605281,742.0980816888648,4108.533122064168,14469.475564774299,21,2100.0,3271.92663171418,0.0,0.0,888.1995673793015,2547.953072482749,5371.92663171418,2135.8341790917184,Stock OK
25,97,2581.7848000000004,22,2200.0,56.92588942307691,1437.411000000001,143.7411000000001,0.0,212.00379999999998,3694.336889423078,6,600.0,542.4774702412809,4.662363504919824,0.4662363504919824,256.59543182475403,256.59543182475403,1147.1398337462008,6,600.0,651.6613208265863,0.0,0.0,262.50868411437597,262.50868411437597,1251.6613208265862,143.47232417298258,Stock OK
25,98,1272.9823999999999,22,2200.0,2.3177638367729836,7338.271707317073,733.8271707317074,0.0,46.883063414634144,9540.589471153846,6,600.0,150.90951656134314,2367.7555921094286,236.77555921094287,21.62356141677649,219.12472283355297,3118.6651086707716,5,500.0,397.28079860182356,472.8980487804878,47.28980487804878,322.6704860412241,322.6704860412241,1370.1788473823112,64.38427834254603,Stock OK
26,1,15138.256800000001,22,2200.0,6060.767331730764,0.0,0.0,2694.580449999996,4245.2619499999955,8260.767331730764,13,1300.0,2054.2690056075453,0.0,0.0,818.0277054373453,1953.8828933904574,3354.2690056075453,14,1400.0,3376.9374209035163,0.0,0.0,1568.8457991726332,2675.0827491089894,4776.937420903516,1654.7910624113017,Stock OK
26,2,25104.672800000004,22,2200.0,1915.7527524038478,0.0,0.0,465.0924750000015,2688.550325000002,4115.752752403848,18,1800.0,1862.6686999104188,1286.8625583726657,128.68625583726657,121.06445215801546,2841.297479823109,4949.531258283085,18,1800.0,2424.289419094188,0.0,0.0,311.3865891348744,1610.261448789867,4224.289419094188,1254.2797577246315,Stock OK
26,3,7316.934400000001,22,2200.0,1240.3359254807697,7735.334499999997,773.5334499999997,317.4013,913.9928,11175.670425480766,8,800.0,967.7007141859223,14270.1824726662,1427.01824726662,641.2202216400278,641.2202216400278,16037.883186852123,10,1000.0,1028.7300350242263,0.0,0.0,593.214388730351,593.214388730351,2028.7300350242263,313.913700631104,Stock OK
26,4,23666.9752,22,2200.0,612.7920833333336,12026.823999999995,1202.6823999999995,11.05266666666671,1965.4305333333334,14839.616083333329,18,1800.0,1563.2628525105445,3611.6431060714476,361.1643106071448,28.37462921938527,2578.7019690459156,6974.905958581992,18,1800.0,2086.9355969845406,0.0,0.0,361.58422722969397,1602.583793537323,3886.9355969845406,1101.7068979782089,Stock OK
26,5,11545.153199999999,22,2200.0,9306.34027644231,0.0,0.0,5280.387358333334,6743.477841666668,11506.34027644231,10,1000.0,2511.4739894459904,0.0,0.0,579.26569749677,1682.5749388853,3511.4739894459904,10,1000.0,2539.5997987987002,0.0,0.0,1114.5599417747508,1114.5599417747508,3539.5997987987002,1092.8376651771569,Stock OK
26,6,3868.7192000000005,22,2200.0,1152.2557091346155,0.0,0.0,605.8328583333337,994.924341666667,3352.2557091346152,7,700.0,854.6034376041246,643.276440567746,64.3276440567746,193.05118618864512,762.0187723772902,2197.8798781718706,8,800.0,817.9245899219943,0.0,0.0,298.256456825976,298.256456825976,1617.9245899219943,237.78046689752261,Stock OK
26,7,12356.1416,22,2200.0,5873.962992788463,0.0,0.0,4191.365375000003,5630.2790250000035,8073.962992788463,11,1100.0,2443.6117381315853,0.0,0.0,743.7834117191775,1837.938865391095,3543.6117381315853,13,1300.0,2133.6810810128945,0.0,0.0,626.2999496490778,1528.3058725365008,3433.6810810128945,1077.3838748237606,Stock OK
26,8,25859.474799999996,22,2200.0,2233.4307091346172,0.0,0.0,236.92339166666852,2506.1754083333353,4433.430709134617,18,1800.0,1771.6015840452906,2594.6206171929293,259.46206171929293,1162.7417345167487,2536.79329026954,6166.22220123822,18,1800.0,2590.133709048521,0.0,0.0,845.9198276012653,2216.5972748131044,4390.133709048521,1325.9929268115134,Stock OK
26,9,19106.0124,22,2200.0,160.16322115384614,40488.213,4048.8213000000005,41.55526666666651,1354.489733333333,42848.37622115385,16,1600.0,931.5787767081546,12329.777655861984,1232.9777655861985,818.9427620591142,1864.1037430886713,14861.356432570139,19,1900.0,1815.2200095092458,0.0,0.0,461.35983920263254,1299.3584363075197,3715.2200095092458,932.3295096764048,Stock OK
26,10,9680.8172,22,2200.0,244.18525240384608,5242.885500000004,524.2885500000004,79.82476666666662,882.9859333333333,7687.07075240385,11,1100.0,733.0093270458194,3956.582876323616,395.6582876323616,94.11701804084873,911.5704360816975,5789.592203369435,12,1200.0,1378.722192805631,0.0,0.0,701.9959680598004,701.9959680598004,2578.722192805631,544.4293068573146,Stock OK
26,11,12949.7344,22,2200.0,409.53766426282067,16967.956999999995,1696.7956999999997,72.26110833333342,1057.0610916666667,19577.494664262817,13,1300.0,1046.4699419860326,10256.176929460347,1025.6176929460348,415.261521095815,1320.44304219163,12602.64687144638,14,1400.0,1415.2985465193278,9564.480499454201,956.44804994542,265.5933006549589,1094.9532757095387,12379.77904597353,711.8676847895349,Stock OK
26,12,4862.852800000001,22,2200.0,49.88844050480769,9688.862750000004,968.8862750000004,48.05005,390.8341,11938.751190504812,9,900.0,524.665478664963,1269.9720176120577,126.99720176120576,50.62256046268493,584.6603209253699,2694.6374962770205,10,1000.0,808.1957252722879,0.0,0.0,568.3800075014161,568.3800075014161,1808.1957252722877,244.89637342697546,Stock OK
26,13,19923.072399999997,22,2200.0,777.7032271634614,9787.089750000012,978.7089750000013,0.0,1647.33595,12764.792977163474,16,1600.0,1353.9924087032955,5413.2331327036045,541.3233132703605,650.0432556507138,1820.7624834760709,8367.2255414069,16,1600.0,1875.9924357834475,0.0,0.0,1005.2663460456857,1005.2663460456857,3475.9924357834475,979.551024774489,Stock OK
26,14,9054.0568,22,2200.0,2599.567271634613,0.0,0.0,1176.2847416666646,2065.879658333331,4799.567271634613,11,1100.0,1506.2337109234988,0.0,0.0,883.4918020289299,1743.807424731823,2606.2337109234986,11,1100.0,1328.9063518737703,0.0,0.0,958.3473976046434,958.3473976046434,2428.9063518737703,573.5805576516832,Stock OK
26,16,13106.542,22,2200.0,1369.8704897836544,42661.01299999999,4266.101299999999,2412.6594750000004,3391.1899250000006,46230.88348978365,9,900.0,1362.4864647104214,28143.86759089405,2814.386759089405,1100.8919403435407,1100.8919403435407,30406.35405560447,9,900.0,2440.799600993086,11162.23125,1116.223125,1227.7241827048485,1227.7241827048485,14503.030850993087,685.4015356088498,Stock OK
26,17,6697.816000000001,22,2200.0,1611.4646874999976,0.0,0.0,470.29308333333165,1093.6069166666648,3811.4646874999976,9,900.0,957.8270881758921,556.1717069272095,55.61717069272095,53.86686847246847,774.0037369449369,2413.9987951031017,10,1000.0,1178.454378903039,0.0,0.0,353.72354771713776,1033.342303019042,2178.454378903039,434.06990532215747,Stock OK
26,19,1090.9080000000001,22,2200.0,219.4864663461541,0.0,0.0,31.680983333333508,129.29741666666686,2419.486466346154,4,400.0,337.4900230031803,256.44927210461776,25.644927210461773,221.10454092984608,221.10454092984608,993.9392951077981,4,400.0,454.82427416353545,0.0,0.0,218.1581796229157,218.1581796229157,854.8242741635354,90.94108134184157,Stock OK
26,20,3404.1204,22,2200.0,93.179453125,3298.1100000000006,329.81100000000004,80.70065000000002,355.04935,5591.289453125,7,700.0,468.1255498802527,1222.7029499925939,122.27029499925939,474.0185912505555,474.0185912505555,2390.828499872847,8,800.0,639.4848877695963,0.0,0.0,158.5891300451379,608.7586271944433,1439.4848877695963,168.96614167037927,Stock OK
26,21,5138.664800000001,22,2200.0,397.4663942307694,1027.4699999999987,102.74699999999987,9.771600000000007,448.5272,3624.936394230768,9,900.0,754.6931078416437,237.484267015777,23.7484267015777,376.73108883070347,980.9203465968442,1892.1773748574208,9,900.0,883.2092898554497,0.0,0.0,609.244089159734,609.244089159734,1783.2092898554497,275.98016535435903,Stock OK
26,22,5772.4472,22,2200.0,530.4857772435896,1845.5393333333377,184.55393333333376,7.35736666666665,493.9009,4576.025110576928,9,900.0,713.3685113040824,1295.5831018387762,129.5583101838776,176.86452993870756,813.1067949080614,2908.9516131428586,10,1000.0,811.477628446705,0.0,0.0,249.7256415009703,837.7653683344115,1811.477628446705,344.65924131141145,Stock OK
26,23,12741.364000000001,22,2200.0,483.5643870192306,2494.9015000000018,249.4901500000002,0.0,1086.2499,5178.4658870192325,13,1300.0,1213.6173194310768,736.8623881588439,73.6862388158844,369.6516828349196,1320.3145656698393,3250.4797075899205,15,1500.0,1596.0832174958193,0.0,0.0,1051.1162293691386,1051.1162293691386,3096.0832174958196,813.5641886124315,Stock OK
26,24,2426.1724000000004,22,2200.0,503.8561177884612,0.0,0.0,139.52800833333316,362.6323916666665,2703.8561177884612,6,600.0,566.7506515211164,1198.855255666494,119.8855255666494,182.5681996222338,613.4078994333506,2365.6059071876107,7,700.0,562.0927047358552,0.6594150465167559,0.06594150465167559,82.15896699069675,444.4271087383709,1262.7521197823721,150.267708682381,Stock OK
26,25,6159.703999999999,22,2200.0,221.82182391826896,1528.1143333333357,152.81143333333358,62.98702499999993,590.8026416666667,3949.9361572516045,9,900.0,870.0206501175725,107.546268802908,10.7546268802908,606.8791849576749,606.8791849576749,1877.5669189204805,10,1000.0,1136.096360355963,0.0,0.0,561.3175331631126,561.3175331631126,2136.096360355963,395.8936348920405,Stock OK
26,26,3068.5647999999997,22,2200.0,872.7063822115381,0.0,0.0,205.8242583333332,490.5537416666665,3072.706382211538,6,600.0,629.9524124574814,551.8151119339384,55.181511193393845,334.02213276132125,334.02213276132125,1781.7675243914198,7,700.0,679.5855101994644,0.0,0.0,552.5425002260772,552.5425002260772,1379.5855101994644,214.88443095796075,Stock OK
26,27,831.954,22,2200.0,268.6912259615386,0.0,0.0,45.264850000000024,121.54475000000002,2468.6912259615387,4,400.0,335.51464301525084,0.0,0.0,38.23293793119586,290.1553005749278,735.5146430152508,4,400.0,360.7345956786927,0.0,0.0,34.625021661147684,285.3447455481969,760.7345956786927,78.56476865855939,Stock OK
26,28,292.37159999999994,22,2200.0,149.80420673076918,0.0,0.0,41.05594999999995,70.04964999999996,2349.8042067307692,2,200.0,213.25458886359823,0.0,0.0,61.749009073490186,61.749009073490186,413.2545888635982,2,200.0,198.71772203607816,0.09422369990549129,0.009422369990549129,51.23722763000947,51.23722763000947,398.81194573598367,31.419398297083404,Stock OK
26,29,2916.7512,22,2200.0,638.5047475961533,0.0,0.0,146.03249166666623,412.36150833333284,2838.5047475961533,6,600.0,618.0709759384525,107.64938284905526,10.764938284905526,317.8809473430189,317.8809473430189,1325.7203587875078,7,700.0,610.3748474652577,88.52900425943204,8.852900425943204,130.06639491481135,569.8115898296227,1398.9038517246897,198.2980485296108,Stock OK
26,30,2156.6332,22,2200.0,118.23238982371808,491.58666666666505,49.158666666666505,74.85995833333341,264.6281750000001,2809.8190564903834,6,600.0,531.1067847844286,0.0,0.0,114.76996661720382,512.1201349406446,1131.1067847844286,6,600.0,589.6188010627324,0.0,0.0,373.66497806233235,373.66497806233235,1189.6188010627325,128.5677476090802,Stock OK
26,31,1082.1816000000003,22,2200.0,334.08763221153833,0.0,0.0,115.0920249999999,219.2027749999999,2534.087632211538,4,400.0,399.7821495872501,0.0,0.0,251.23653880163292,251.23653880163292,799.7821495872502,4,400.0,389.72300482769606,0.0,0.0,109.8495295605847,109.8495295605847,789.7230048276961,84.62958932635671,Stock OK
26,32,3484.7064000000005,22,2200.0,650.5708774038457,0.0,0.0,488.62314166666647,834.1300583333332,2850.5708774038458,7,700.0,684.2389163211827,71.30825810388188,7.130825810388188,257.6123983792241,793.7669979740301,1455.5471744250647,7,700.0,970.3717279651818,0.0,0.0,440.7137910836524,440.7137910836524,1670.371727965182,213.35261628800254,Stock OK
26,33,2988.3824000000004,22,2200.0,365.88441606570507,1385.8266666666673,138.58266666666674,70.2402083333333,324.15672499999994,3951.7110827323722,7,700.0,614.3254988136449,476.1462499352382,47.61462499352382,197.87920001295254,657.5079000161907,1790.4717487488833,7,700.0,611.7261927243757,210.96753680942498,21.0967536809425,188.7551617587435,188.7551617587435,1522.6937295338007,163.9325453624322,Stock OK
26,34,7228.3348000000005,22,2200.0,925.4097355769229,0.0,0.0,419.0268166666667,1084.0147833333333,3125.4097355769227,10,1000.0,1038.357978579152,251.12799664928332,25.112799664928332,488.650814381449,1232.4720215721736,2289.485975228435,10,1000.0,1288.5600891961012,0.0,0.0,514.0682094547742,514.0682094547742,2288.560089196101,488.2915908464535,Stock OK
26,35,1600.604,22,2200.0,499.29563701923087,0.0,0.0,291.5927750000002,456.1316250000002,2699.295637019231,5,500.0,557.370427074939,0.0,0.0,126.18440027195774,496.17943158994717,1057.370427074939,5,500.0,603.9800719056827,0.0,0.0,391.16136617839254,391.16136617839254,1103.9800719056827,135.9193511364566,Stock OK
26,36,644.7556000000002,22,2200.0,523.5089393028846,173.6122500000002,17.36122500000002,396.55815000000007,485.5975000000001,2897.121189302885,3,300.0,472.4331219753473,0.0,0.0,33.15896763734647,305.3367389560197,772.4331219753474,3,300.0,480.4701411367141,0.0,0.0,187.87184181930962,187.87184181930962,780.4701411367141,69.61827735365614,Stock OK
26,38,88762.30280000002,22,2200.0,15757.423269230752,0.0,0.0,7476.670799999987,15845.277199999986,17957.423269230752,21,2100.0,5606.193406046985,0.0,0.0,2951.2818370409564,10867.349340745051,7706.193406046985,21,2100.0,8014.445482804207,0.0,0.0,2592.1000403481607,5218.816481693099,10114.445482804207,5057.427408073938,Stock OK
26,40,34690.167199999996,22,2200.0,1730.256195913462,8130.45949999999,813.045949999999,21.520366666666632,2969.2283333333335,12060.715695913452,21,2100.0,644.2024234840717,7196.7389265848105,719.673892658481,205.8999008637079,3337.987401727416,9940.941350068882,21,2100.0,3391.7666876480207,0.0,0.0,917.1065539268113,2476.392144123152,5491.766687648021,1707.146861896087,Stock OK
26,41,1097.4432000000002,22,2200.0,330.4556730769235,0.0,0.0,394.69636666666696,524.4476333333337,2530.4556730769236,4,400.0,470.0484039959666,0.0,0.0,411.4321018885726,411.4321018885726,870.0484039959666,4,400.0,511.3793080284518,0.0,0.0,283.78508374876225,283.78508374876225,911.3793080284518,55.04106519308253,Stock OK
26,42,2594.0012,22,2200.0,204.46359375000034,0.0,0.0,19.446058333333568,246.70234166666694,2404.46359375,6,600.0,576.7661533711215,0.0,0.0,355.8639068755869,355.8639068755869,1176.7661533711216,6,600.0,673.3931130897589,0.0,0.0,233.1581519468769,233.1581519468769,1273.393113089759,168.86404047655657,Stock OK
26,44,3304.4528,22,2200.0,1004.5889663461535,0.0,0.0,350.75894999999974,668.6034499999997,3204.5889663461535,7,700.0,701.8187611133945,0.0,0.0,257.7763892463443,772.020129120735,1401.8187611133944,7,700.0,734.0781134849105,0.0,0.0,45.20830731025734,524.0240335286335,1434.0781134849105,223.39707484048066,Stock OK
26,46,8788.812399999999,22,2200.0,568.0535336538449,0.0,0.0,356.9838833333324,1152.2705166666656,2768.053533653845,10,1000.0,955.0084282817934,2872.925655960452,287.29256559604516,825.7722844039549,825.7722844039549,4827.934084242245,11,1100.0,1435.7231696479746,0.0,0.0,225.16133202337494,1007.2657102257125,2535.723169647975,463.7525618259166,Stock OK
26,49,2999.3372000000004,22,2200.0,489.070733173077,0.0,0.0,180.79594166666683,457.32925833333354,2689.070733173077,6,600.0,653.6130924183786,569.9878081920806,56.998780819208065,350.43408883615837,350.43408883615837,1823.6009006104591,6,600.0,935.6345844806414,0.0,0.0,305.29302437167087,305.29302437167087,1535.6345844806415,292.3855432940823,Stock OK
26,52,1234.494,22,2200.0,634.020889423077,0.0,0.0,363.4528500000001,502.40475000000015,2834.0208894230773,4,400.0,515.0929988847566,0.0,0.0,333.98079507211753,333.98079507211753,915.0929988847566,4,400.0,546.5520433802128,0.0,0.0,294.14420246889233,294.14420246889233,946.5520433802128,113.11676373988692,Stock OK
26,55,4615.444400000001,22,2200.0,6464.168076923074,0.0,0.0,4014.3449666666647,4764.761433333332,8664.168076923073,6,600.0,1837.2722678694747,0.0,0.0,460.96028712490505,1251.1162845498861,2437.2722678694745,6,600.0,1648.4798842113485,0.0,0.0,894.3919871666137,894.3919871666137,2248.4798842113487,498.058889405159,Stock OK
26,56,3247.8532,22,2200.0,1287.2144150641022,10237.679416666668,1023.7679416666667,1272.531333333333,1576.5849499999995,13724.89383173077,5,500.0,848.6909604375033,7478.217501908328,747.8217501908327,470.868099236669,470.868099236669,8826.908462345831,4,400.0,1079.9484043111893,4949.71975,494.97197500000004,434.73865431547944,434.73865431547944,6429.66815431119,218.2575697989267,Stock OK
26,59,111.07799999999999,22,2200.0,147.08707932692312,0.0,0.0,93.48610833333336,111.2742916666667,2347.0870793269232,1,100.0,185.79118233676542,0.0,0.0,37.25857428010491,37.25857428010491,285.7911823367654,1,100.0,230.6775857087381,0.0,0.0,43.76588815483504,43.76588815483504,330.6775857087381,20.253964409147205,Stock OK
26,67,5522.5851999999995,22,2200.0,1111.6630468749993,1820.7911666666678,182.07911666666678,896.0914999999993,1438.4043333333327,5132.454213541667,8,800.0,1143.7813904470117,526.745411640124,52.674541164012396,717.2978618519135,717.2978618519135,2470.526802087136,8,800.0,1443.66675582603,0.0,0.0,564.1100423727144,564.1100423727144,2243.66675582603,407.70830249484686,Stock OK
26,71,2122.354,22,2200.0,905.7327043269233,0.0,0.0,560.7598750000003,794.0741250000003,3105.7327043269233,5,500.0,767.8899058790822,0.0,0.0,430.5555039541475,430.5555039541475,1267.889905879082,5,500.0,764.4484205166294,0.0,0.0,427.8542626130527,427.8542626130527,1264.4484205166295,178.55911342927658,Stock OK
26,72,33600.149600000004,22,2200.0,14379.840733173072,0.0,0.0,7746.3169416666615,11341.661858333327,16579.84073317307,19,1900.0,3721.529447249888,0.0,0.0,1195.1380023594277,4654.22861734289,5621.529447249888,17,1700.0,4007.3430439722697,0.0,0.0,1241.275856827457,2877.2985280400935,5707.34304397227,2317.688174519627,Stock OK
26,74,8484.0792,22,2200.0,318.40811899038465,8630.788416666666,863.0788416666667,0.0,662.6956833333334,11149.19653565705,11,1100.0,661.3741504509712,4963.4427595639445,496.3442759563944,431.6894567329739,1174.2275423106319,6724.816910014915,12,1200.0,1193.3826753503201,0.0,0.0,228.61199331717717,930.307235891466,2393.38267535032,463.56970054625344,Stock OK
26,79,10717.508399999999,22,2200.0,1292.6323798076914,0.0,0.0,668.2333499999995,1658.2978499999995,3492.6323798076914,12,1200.0,1313.4737940259013,529.153325173308,52.915332517330796,804.0788609792032,1711.6766044757371,3042.627119199209,11,1100.0,1622.4448561522454,0.0,0.0,714.2742426699454,714.2742426699454,2722.4448561522454,641.7031751653049,Stock OK
26,80,18240.9008,22,2200.0,677.5247766426276,3818.5826666666753,381.85826666666753,119.587308333333,1682.9464249999996,6696.107443309303,15,1500.0,1313.0350984037248,3967.207089315247,396.72070893152465,467.7022880913004,1608.1911241027128,6780.242187718972,16,1600.0,2029.0458983854905,0.0,0.0,729.1404883858598,1837.473995944917,3629.0458983854905,869.4493584496779,Stock OK
26,81,18465.464399999997,22,2200.0,499.20657451923097,6535.7369999999955,653.5736999999996,54.46406666666678,1608.0601333333334,9234.943574519226,16,1600.0,1437.893770495561,2076.37796825221,207.63779682522102,1126.399432199747,2263.3215612247154,5114.271738747771,16,1600.0,1970.502942875288,0.0,0.0,334.0503642821442,1431.991741900954,3570.5029428752878,920.2173064332452,Stock OK
26,82,13180.103999999998,22,2200.0,2074.814639423076,0.0,0.0,818.3380833333335,2035.5939166666672,4274.814639423076,13,1300.0,1469.5068886935078,0.0,0.0,722.0783087472121,1728.4365219761464,2769.506888693508,14,1400.0,2057.2128448759363,0.0,0.0,672.2319413172561,1597.3436483416604,3457.2128448759363,836.2219503589979,Stock OK
26,83,2236.7488000000003,22,2200.0,310.26875,0.0,0.0,148.75140000000005,356.18620000000004,2510.26875,6,600.0,444.28058668005457,38.949689562545586,3.8949689562545586,155.47044656561815,570.9048620874909,1083.2302762426002,5,500.0,608.4655914136415,0.0,0.0,202.61846320714898,202.61846320714898,1108.4655914136415,130.09430078569775,Stock OK
26,85,1554.5556000000001,22,2200.0,356.0534855769231,0.0,0.0,195.44425000000007,347.61815000000007,2556.053485576923,5,500.0,445.63691761668,0.0,0.0,96.98981634644927,452.8109579330616,945.63691761668,5,500.0,525.0712563418724,0.0,0.0,225.89162078253372,225.89162078253372,1025.0712563418724,106.19310876212603,Stock OK
26,87,23680.2944,22,2200.0,225.52302584134623,45650.09158333331,4565.0091583333315,0.0,1662.1987166666668,48075.614609174656,18,1800.0,1106.9312218794832,15868.004006498206,1586.8004006498206,391.6113232466905,2743.588646493381,18774.93522837769,19,1900.0,1758.7461005424022,0.0,0.0,1293.5173475701165,1293.5173475701165,3658.746100542402,1168.1572597778522,Stock OK
26,90,52539.779200000004,22,2200.0,5807.873689903849,0.0,0.0,1504.2348583333346,6203.714341666668,8007.873689903849,21,2100.0,3301.210482609878,0.0,0.0,1966.16717465498,5920.894437126228,5401.210482609878,21,2100.0,4697.800506822761,0.0,0.0,1558.1399634711283,3518.5024609074253,6797.800506822761,2783.2548497036246,Stock OK
26,91,35377.6364,22,2200.0,3317.8276442307633,0.0,0.0,1013.4603999999963,4177.903599999996,5517.827644230763,20,2000.0,1240.286976942999,2605.3015594393673,260.53015594393673,458.8764855770871,3704.0678465911033,5845.588536382366,20,2000.0,4736.357074792592,0.0,0.0,2137.476101168988,2137.476101168988,6736.357074792592,1972.8322373141195,Stock OK
26,92,82018.83119999999,22,2200.0,2957.612746394231,32610.039583333324,3261.0039583333323,0.0,6848.506716666667,37767.652329727556,21,2100.0,2629.6286609493136,38572.50947482792,3857.250947482792,1335.3254057420154,8496.443914355039,43302.13813577723,21,2100.0,5633.629274533876,0.0,0.0,2515.083103106219,4910.604207238677,7733.629274533876,4202.552212988972,Stock OK
26,93,25065.725600000005,22,2200.0,617.9380468750005,13216.580249999985,1321.6580249999984,99.94215000000008,2173.3343000000004,16034.518296874985,17,1700.0,1838.9337186601692,7996.355636136855,799.6355636136855,1172.074587694734,2485.4908464642076,11535.289354797023,19,1900.0,3045.494402236261,0.0,0.0,1246.263124378986,2535.2575965667074,4945.4944022362615,1359.0042684176956,Stock OK
26,94,40565.4576,22,2200.0,916.3758864182697,31308.32399999999,3130.832399999999,681.2720750000005,3995.6979250000004,34424.69988641826,22,2200.0,929.0071570720045,30867.61489228775,3086.761489228775,705.0025654152748,4026.2085555339245,33996.62204935976,20,2000.0,3102.0148155082197,0.0,0.0,685.7678691224967,2334.8399915826103,5102.01481550822,1764.8152302240992,Stock OK
26,95,68613.9012,22,2200.0,1601.368659855769,45636.45474999998,4563.645474999998,247.5604500000004,5838.6749,49437.82340985575,22,2200.0,2674.4422083472027,19181.679541459373,1918.167954145937,2081.474627805417,6395.084356281093,24056.121749806574,21,2100.0,4774.693227034335,0.0,0.0,745.5461304222226,4950.565141140996,6874.693227034335,3244.9168548089183,Stock OK
26,96,20520.335999999996,22,2200.0,381.76468750000004,33098.59116666666,3309.859116666666,231.40330000000017,1748.0885333333335,35680.35585416666,17,1700.0,1215.6885842639308,7984.698519371331,798.4698519371331,526.5259173013034,1649.861180761564,10900.387103635261,19,1900.0,1995.5056445743887,0.0,0.0,679.3485059372448,1675.3830667760471,3895.5056445743885,822.3145024522103,Stock OK
26,97,14544.9552,22,2200.0,391.6692808493592,9762.822249999994,976.2822249999995,120.77388333333329,1311.1605666666667,12354.491530849353,14,1400.0,1048.223472631847,7426.801982492771,742.680198249277,920.7657775910405,1915.9550663865607,9875.025455124618,15,1500.0,1884.03016202167,0.0,0.0,445.1235305559494,1388.3020095242314,3384.03016202167,753.737804321464,Stock OK
26,98,6741.9844,22,2200.0,1750.459651442308,0.0,0.0,858.6272250000006,1519.5499750000008,3950.4596514423083,9,900.0,1163.6149872480544,0.0,0.0,181.7529336348333,923.2970847141875,2063.6149872480546,10,1000.0,1226.0500078568582,0.0,0.0,410.49661592970045,1095.0629371441116,2226.0500078568584,424.58519268040277,Stock OK
27,1,22664.0768,22,2200.0,13184.195084134613,0.0,0.0,6213.311191666666,8724.388408333332,15384.195084134613,15,1500.0,3222.7182223678956,1071.0320083650277,107.10320083650277,0.0,2890.8242729482304,5793.750230732923,15,1500.0,6317.941859869584,0.0,0.0,2767.141919137932,4211.448778747127,7817.941859869584,3716.61207199405,Stock OK
27,2,71697.21079999999,22,2200.0,3930.143629807692,5135.072,513.5072,1535.3458,7858.7414,11265.215629807692,22,2200.0,3493.105212334871,5093.6667282741155,509.36667282741155,227.18134510406753,7108.2849086903625,10786.771940608985,21,2100.0,4863.280279716584,0.0,0.0,2073.412611442681,4290.15502563036,6963.280279716584,3417.2544750538127,Stock OK
27,3,26275.424,22,2200.0,3006.3447676282053,100763.55016666668,10076.355016666668,1902.3615,3476.398933333333,105969.89493429489,14,1400.0,2047.7159007099885,98321.97973262926,9832.197973262926,794.733545216477,1939.1107315205963,101769.69563333924,14,1400.0,1591.953832773646,9164.295183969793,916.4295183969793,864.3635251568982,864.3635251568982,12156.249016743439,580.3575893935237,Stock OK
27,4,37979.768000000004,22,2200.0,4954.135372596156,0.0,0.0,2599.4572583333356,6128.085541666669,7154.135372596156,22,2200.0,3669.625996719569,0.0,0.0,1581.6364957339827,5008.4827028073805,5869.625996719569,20,2000.0,3795.6133250426287,0.0,0.0,572.8118733276203,2235.793745744001,5795.613325042628,1945.6032583701758,Stock OK
27,5,17700.821600000003,22,2200.0,12587.093317307688,0.0,0.0,7458.0342999999975,9645.760899999997,14787.093317307688,13,1300.0,3463.4251305394814,0.0,0.0,421.34821707871345,3119.6354747293885,4763.425130539481,13,1300.0,3341.421246575577,0.0,0.0,486.8464825862244,1729.0196644684097,4641.421246575577,1528.2761639127707,Stock OK
27,6,4483.548,22,2200.0,3679.21546875,0.0,0.0,2728.514658333334,3355.6505416666673,5879.215468750001,6,600.0,1581.5717242257897,0.0,0.0,791.2040454977823,791.2040454977823,2181.5717242257897,7,700.0,1335.3538985888042,0.0,0.0,563.9707161874933,563.9707161874933,2035.3538985888042,318.522287428979,Stock OK
27,7,33353.668,22,2200.0,10953.298150040066,408.7684166666804,40.87684166666804,10343.051333333335,14139.211550000002,13562.066566706746,17,1700.0,5045.151473184152,5244.361449389644,524.4361449389644,1300.0529901831114,4854.43355521363,11989.512922573795,18,1800.0,4311.678921927388,0.0,0.0,1745.1413062338356,3215.3697552955273,6111.678921927388,2080.5658395903897,Stock OK
27,8,36467.9116,22,2200.0,5930.825937499999,0.0,0.0,2036.3588833333308,5384.556316666664,8130.825937499999,21,2100.0,1791.0658872057656,0.0,0.0,266.1772381551971,3604.2606790136388,3891.0658872057656,18,1800.0,3274.09194704288,0.0,0.0,1500.0549199396758,3147.3384384366595,5074.09194704288,1939.6681206485587,Stock OK
27,9,30713.6132,22,2200.0,524.3389723557692,45948.62800000001,4594.862800000001,555.1114749999995,2874.577724999999,48672.96697235578,20,2000.0,1037.4921398192616,20861.19048967972,2086.119048967972,1245.9532170440377,2635.124164048041,23898.68262949898,20,2000.0,2783.8748442157594,0.0,0.0,994.1511407110904,2221.4800522637465,4783.874844215759,1290.8725470017264,Stock OK
27,10,31917.0384,22,2200.0,4677.996346153849,0.0,0.0,2891.3870000000024,5918.206600000003,6877.996346153849,20,2000.0,2197.789617066539,230.98114612083464,23.098114612083464,1210.8424269395828,4384.68168386486,4428.770763187374,20,2000.0,3888.938843156955,0.0,0.0,1470.8538874451287,2989.1519341527674,5888.938843156955,1826.9080248637626,Stock OK
27,11,19711.6396,22,2200.0,2372.2109825721145,37633.34525,3763.334525,2589.659849999998,4201.656799999998,42205.55623257211,14,1400.0,1687.6426476955328,17935.050074968643,1793.5050074968642,713.1753187578402,1871.2692106336242,21022.69272266418,14,1400.0,2277.839656236221,7306.081749999999,730.608175,1209.3787356275996,1209.3787356275996,10983.92140623622,1066.6472308760792,Stock OK
27,12,3325.8848000000003,22,2200.0,518.0007932692308,0.0,0.0,306.45191666666665,622.3072833333333,2718.0007932692306,7,700.0,733.2599250106734,48.393499999999676,4.839349999999968,228.5301714196004,741.1622666562005,1481.6534250106731,7,700.0,875.6937734598645,0.0,0.0,521.0413655507,521.0413655507,1575.6937734598646,196.6317596691015,Stock OK
27,13,46862.561200000004,22,2200.0,6408.615540865383,0.0,0.0,2422.979408333334,6708.678591666667,8608.615540865383,21,2100.0,3557.37613342043,1279.2027673408893,127.92027673408893,1236.6524979190954,5013.265647572278,6936.578900761319,21,2100.0,4286.82380625105,0.0,0.0,1523.52960628355,3347.770564165444,6386.82380625105,2364.539024879727,Stock OK
27,14,22840.350399999996,22,2200.0,7272.175444711533,0.0,0.0,4335.928841666661,6699.083558333327,9472.175444711533,16,1600.0,2897.1600164061183,0.0,0.0,1737.2740809435993,3139.466908006506,4497.160016406118,16,1600.0,3065.5785066715857,0.0,0.0,685.5403055163367,2017.6175475507591,4665.578506671585,1397.327221389312,Stock OK
27,16,25654.100000000002,22,2200.0,2528.894480168269,93961.46374999998,9396.146374999998,5094.1452500000005,6950.849500000001,98690.35823016825,12,1200.0,2228.4823937780134,71539.8707091296,7153.987070912959,1685.416872116054,2928.3078311305608,74968.35310290761,12,1200.0,3426.0078776115115,24366.356249999997,2436.635625,810.3680290850269,1928.408872721081,28992.36412761151,854.699097282586,Stock OK
27,17,14786.310000000001,22,2200.0,5423.706105769232,0.0,0.0,2687.4270999999994,4206.8825,7623.706105769232,13,1300.0,2194.348032434342,0.0,0.0,985.2010149003788,2109.5616744754107,3494.348032434342,13,1300.0,2181.9990444019368,0.0,0.0,532.723681910569,1619.377897069783,3481.9990444019368,963.2786741206539,Stock OK
27,19,1467.7884000000001,22,2200.0,0.06445612980769101,8380.340250000001,838.0340250000002,0.0,54.76125,10580.404706129808,6,600.0,158.28327866298548,3183.911666157003,318.3911666157003,0.0,213.45107167685995,3942.1949448199885,5,500.0,448.94158290480516,835.46925,83.546925,250.16135406981618,250.16135406981618,1784.4108329048051,108.18810097197448,Stock OK
27,20,10591.506399999998,22,2200.0,354.571814903846,8253.381750000004,825.3381750000003,373.78139999999985,1255.51615,10807.95356490385,12,1200.0,1179.858528371389,3122.8135969550667,312.2813596955067,464.94811887022047,1321.454576522467,5502.672125326456,13,1300.0,1260.5326677638088,0.0,0.0,206.0137033655226,995.5902015626494,2560.5326677638086,506.96487916304443,Stock OK
27,21,5616.4608,22,2200.0,825.8221514423082,0.0,0.0,516.020191666667,1049.2794083333338,3025.822151442308,8,800.0,967.2429456985385,444.06645490075334,44.406645490075334,556.5293295099247,556.5293295099247,2211.3094005992916,9,900.0,1148.7855636067802,0.0,0.0,285.97353275725334,923.79172122691,2048.78556360678,309.5687277081623,Stock OK
27,22,15984.246799999999,22,2200.0,1795.5757572115374,0.0,0.0,458.6044249999994,1888.4175749999995,3995.575757211537,14,1400.0,1580.8525761121289,9.138471497503815,0.9138471497503815,340.3559658252915,1431.0459038003332,2989.991047609633,15,1500.0,1845.3924981035323,0.0,0.0,401.20254985878034,1418.397523062979,3345.3924981035325,851.5105953836687,Stock OK
27,23,34402.2812,22,2200.0,1405.6043269230754,7008.6425000000145,700.8642500000014,792.7782333333314,3792.2734666666647,10614.24682692309,21,2100.0,1798.0935985611725,2744.3107090045305,274.43107090045305,386.462141478733,3545.943133118552,6642.404307565703,19,1900.0,2188.938973100206,0.0,0.0,394.4423732903383,1837.1795505898783,4088.938973100206,1826.7343027954205,Stock OK
27,24,8884.7084,22,2200.0,638.3262940705129,2925.819166666667,292.5819166666667,0.0,747.1414333333333,5764.14546073718,11,1100.0,957.3810471575265,2175.5618196104224,217.55618196104223,337.8587120259715,1126.2885900324645,4232.942866767949,13,1300.0,1151.492110316507,0.0,0.0,544.2980697851244,1236.6559297672181,2451.492110316507,573.5754324329839,Stock OK
27,25,11110.786399999999,22,2200.0,2487.1303365384615,0.0,0.0,1297.364766666667,2376.334433333334,4687.130336538461,12,1200.0,1624.753376955801,0.0,0.0,929.8576148124544,1877.3293888863138,2824.7533769558013,12,1200.0,1602.7430667191938,0.0,0.0,759.3177369455188,759.3177369455188,2802.743066719194,672.2254258598085,Stock OK
27,26,10742.511600000002,22,2200.0,2996.7824399038477,0.0,0.0,869.9179583333346,1879.6944416666681,5196.782439903847,12,1200.0,1498.4802611599928,619.6429811012729,61.96429811012729,0.0,1833.1765153779745,3318.1232422612657,12,1200.0,1539.3338789725167,0.0,0.0,1015.850440241964,1015.850440241964,2739.3338789725167,761.5248365555642,Stock OK
27,27,1741.3432000000003,22,2200.0,523.7715625000002,0.0,0.0,162.32348333333346,327.8597166666668,2723.7715625,5,500.0,487.53997563953897,85.79912159908204,8.579912159908204,0.0,371.11473446002293,1073.339097238621,5,500.0,579.1976800395121,0.0,0.0,365.5496706175771,365.5496706175771,1079.197680039512,130.27989899557295,Stock OK
27,28,624.3436,22,2200.0,510.4723317307692,0.0,0.0,230.94321666666644,305.31598333333307,2710.4723317307694,3,300.0,351.0636947195419,152.78100827784257,15.278100827784257,0.0,248.7531745861079,803.8447029973845,3,300.0,403.2833094336738,0.0,0.0,285.3687616717114,285.3687616717114,703.2833094336738,74.97524299126678,Stock OK
27,29,7222.907999999999,22,2200.0,414.282696314103,1197.7446666666617,119.77446666666617,276.46783333333354,918.1723000000002,3812.0273629807643,10,1000.0,946.0132153569292,1736.9013560593953,173.69013560593953,489.48872878812057,1220.1720502528074,3682.9145714163246,10,1000.0,1066.2753836647569,0.0,0.0,517.0156265537069,517.0156265537069,2066.275383664757,387.9010140160179,Stock OK
27,30,4892.235599999999,22,2200.0,148.08905649038468,6032.063999999997,603.2063999999997,241.8989250000001,635.8926750000002,8380.15305649038,8,800.0,676.8271072597838,1508.6796068633487,150.86796068633487,429.94821431366506,429.94821431366506,2985.5067141231325,9,900.0,759.5904977662109,0.0,0.0,554.8335654189592,554.8335654189592,1659.5904977662108,217.36704793430283,Stock OK
27,31,3621.8428000000004,22,2200.0,472.4768679887818,4373.522666666669,437.3522666666669,215.38460833333346,511.02592500000014,7045.999534655451,7,700.0,612.9657702667937,369.6389904225316,36.96389904225316,330.28369446831016,330.28369446831016,1682.6047606893253,9,900.0,577.7664987460573,251.56189253727916,25.156189253727916,438.9213085970177,438.9213085970177,1729.3283912833365,177.65213404866387,Stock OK
27,32,7019.9052,22,2200.0,867.4754086538449,0.0,0.0,837.690216666666,1520.9593833333324,3067.475408653845,9,900.0,1122.9043122173196,867.568668500615,86.7568668500615,877.5402410247857,877.5402410247857,2890.4729807179347,10,1000.0,1197.8992021029023,0.0,0.0,212.69758845801243,902.4419260644582,2197.8992021029026,351.7851728408519,Stock OK
27,33,8530.9796,22,2200.0,1827.683762019231,0.0,0.0,729.0831750000004,1534.3060250000005,4027.683762019231,10,1000.0,1150.4061062408678,481.8053845288665,48.18053845288665,91.55259327355702,910.0545243647426,2632.211490769734,11,1100.0,1410.7381752787694,239.4653552879612,23.94653552879612,487.28315262041747,1195.1451473560194,2750.203530566731,565.5874811233193,Stock OK
27,34,15687.8728,22,2200.0,1959.1991887019246,2195.5042499999954,219.55042499999956,1785.5088500000015,3285.842000000002,6354.70343870192,14,1400.0,1945.069021495047,0.0,0.0,1087.0492389923907,2204.312493914882,3345.0690214950473,14,1400.0,2101.201713015629,0.0,0.0,843.0612509878025,1863.0922742726457,3501.201713015629,885.9046468882677,Stock OK
27,35,3581.9628000000002,22,2200.0,342.847562099359,5024.977833333333,502.4977833333333,244.5626416666667,533.6085250000001,7567.825395432692,7,700.0,551.0714188492458,2060.3058860463493,206.03058860463494,0.0,490.39389773256084,3311.377304895595,8,800.0,803.8782489672268,596.5277499999996,59.65277499999996,172.14174049834781,637.9821605695404,2200.4059989672264,261.47523899134205,Stock OK
27,36,2395.0496000000003,22,2200.0,998.7450961538464,8688.091999999999,868.8091999999999,920.373866666667,1133.1229333333338,11886.837096153846,5,500.0,789.850824209877,5088.51871901643,508.851871901643,115.8149280983568,536.5371921475353,6378.369543226307,5,500.0,611.6055651659109,2150.1229980178373,215.0122998017837,31.226466798810804,409.6545001982162,3261.728563183748,164.21246635677085,Stock OK
27,37,2143.7068,22,2200.0,470.8342548076919,0.0,0.0,233.18258333333296,439.86861666666624,2670.8342548076917,5,500.0,504.03328557664656,0.0,0.0,239.74200811299067,239.74200811299067,1004.0332855766466,5,500.0,623.4382551136989,0.0,0.0,181.3835467145591,181.3835467145591,1123.438255113699,129.01422465642435,Stock OK
27,38,33332.3156,22,2200.0,7018.336718749999,0.0,0.0,3603.759491666665,6815.592108333331,9218.336718749999,20,2000.0,2439.936654883556,0.0,0.0,910.0368874883145,4179.43728332035,4439.936654883556,16,1600.0,3840.943334844904,0.0,0.0,1402.6376689912988,3064.7045769908154,5440.943334844904,2371.5362095496475,Stock OK
27,40,62271.08959999999,22,2200.0,5113.887139423079,0.0,0.0,999.7794500000005,6501.594150000001,7313.887139423079,22,2200.0,3442.104348257344,3654.78559896726,365.478559896726,1974.4122688145462,6253.435442577455,9296.889947224605,21,2100.0,4282.480007887803,103.78706985114604,10.378706985114604,2196.3496768843033,4358.055004572734,6486.267077738949,3055.5075740893208,Stock OK
27,41,1712.9859999999994,22,2200.0,536.1121274038461,0.0,0.0,280.9244416666666,454.30795833333326,2736.112127403846,5,500.0,493.53601025931636,0.0,0.0,66.32637758361807,446.1356532295226,993.5360102593163,5,500.0,800.2039705236485,0.0,0.0,471.85468865629775,471.85468865629775,1300.2039705236484,209.29882264318223,Stock OK
27,42,8981.76,22,2200.0,537.7933052884616,0.0,0.0,312.491125,1120.6868749999999,2737.793305288462,11,1100.0,1179.7057463243523,0.0,0.0,430.6486485835103,1250.6601509418613,2279.7057463243523,11,1100.0,1302.5001165378978,0.0,0.0,303.35790991993895,1110.6403384119328,2402.500116537898,470.6312367767449,Stock OK
27,44,4020.3528,22,2200.0,1019.3025240384613,0.0,0.0,424.85604999999987,811.3959499999999,3219.3025240384613,7,700.0,844.198761286023,0.0,0.0,529.1495624246085,529.1495624246085,1544.198761286023,7,700.0,716.0233076617277,0.0,0.0,312.18726039745104,312.18726039745104,1416.0233076617278,241.61753245418632,Stock OK
27,46,36528.802800000005,22,2200.0,1203.208657852564,22859.937333333328,2285.993733333333,1202.3090416666664,4284.493224999999,26263.14599118589,21,2100.0,1465.1846713004152,15337.701871372079,1533.7701871372078,1655.5897309786478,3256.9570344207195,18902.886542672495,20,2000.0,2790.024484318285,0.0,0.0,745.9131455024717,2300.7436060025893,4790.0244843182845,1798.6694071202323,Stock OK
27,49,9468.4088,22,2200.0,1434.8206370192331,0.0,0.0,411.53080833333456,1270.6559916666681,3634.820637019233,11,1100.0,972.8966887170665,1410.198940702921,141.01989407029208,415.8370145477453,1261.2908290954906,3483.0956294199873,11,1100.0,1614.2180523582642,0.0,0.0,233.19005257988567,1074.4811603378744,2714.2180523582642,609.3890979118318,Stock OK
27,50,2401.3599999999997,22,2200.0,254.93569711538458,0.0,0.0,42.763750000000016,255.29625000000004,2454.9356971153848,6,600.0,554.2088238882889,475.97029067242744,47.597029067242744,67.57614728850484,488.08422093275726,1630.1791145607162,6,600.0,621.6759235441671,0.0,0.0,67.2007147362263,497.15310768347155,1221.675923544167,171.6627423422036,Stock OK
27,52,2197.7504,22,2200.0,182.23157451923055,0.0,0.0,32.58202499999986,226.52397499999984,2382.2315745192304,6,600.0,486.65093672395426,0.0,0.0,101.64268671432454,503.33871905718945,1086.6509367239541,6,600.0,606.6732940737112,0.0,0.0,153.0987195425239,565.0859584510287,1206.673294073711,173.86252851246536,Stock OK
27,55,7352.235200000001,22,2200.0,11055.100564903845,0.0,0.0,6999.933658333331,8247.948341666664,13255.100564903845,7,700.0,2898.3781310584036,0.0,0.0,633.7491895554115,1652.7429169813136,3598.3781310584036,8,800.0,2575.908049437157,0.0,0.0,656.9262474524651,1533.6604506599601,3375.908049437157,896.2964383172048,Stock OK
27,56,3955.198,22,2200.0,1571.2410897435898,9489.558833333333,948.9558833333333,1538.825066666667,1934.0483000000004,13260.799923076922,6,600.0,1024.2248080229979,7281.130669292199,728.1130669292199,806.3496153539003,806.3496153539003,8905.355477315197,4,400.0,1615.3563194359426,5893.8994999999995,589.38995,666.5443899793693,666.5443899793693,7909.255819435943,409.94996252131364,Stock OK
27,59,277.90919999999994,22,2200.0,996.0186538461542,0.0,0.0,688.5975666666667,772.6416333333333,3196.018653846154,1,100.0,475.6736108089966,0.0,0.0,112.58962011357949,112.58962011357949,575.6736108089966,2,200.0,596.1650543273962,0.0,0.0,306.3106543336613,306.3106543336613,796.1650543273962,117.71949200311678,Stock OK
27,60,86.03999999999999,22,2200.0,51.29871794871795,0.0,0.0,31.127111111111105,41.31555555555555,2251.298717948718,1,100.0,132.9733700687292,0.0,0.0,21.312128366938257,21.312128366938257,232.9733700687292,1,100.0,155.33588198938043,0.0,0.0,26.0114602409156,26.0114602409156,255.33588198938043,12.762531007358707,Stock OK
27,67,9151.307999999999,22,2200.0,2721.7633072916683,601.0621666666646,60.106216666666455,2266.7437000000014,3254.391133333335,5522.8254739583335,10,1000.0,1861.4332218176605,2159.332499999998,215.93324999999982,704.4991742689945,1610.9883714099938,5020.765721817659,10,1000.0,2095.9542318725985,0.0,0.0,408.9415642578394,1306.5836102864882,3095.9542318725985,752.2630965397384,Stock OK
27,71,9063.663600000002,22,2200.0,1512.8382091346148,0.0,0.0,840.8702916666659,1702.1341083333325,3712.8382091346148,10,1000.0,1224.3216190972944,1688.6857010677982,168.86857010677983,862.1553048932199,862.1553048932199,3913.0073201650926,11,1100.0,1494.2625998141016,0.0,0.0,217.4490878719758,1016.3707841591734,2594.2625998141016,539.0591983516154,Stock OK
27,72,46099.042400000006,22,2200.0,32084.97551682692,0.0,0.0,19404.04852499999,25099.96947499999,34284.97551682692,19,1900.0,7036.661868081331,0.0,0.0,1629.5046309433549,5983.356364937061,8936.66186808133,19,1900.0,7347.513989545811,0.0,0.0,3838.6903652183128,3838.6903652183128,9247.51398954581,3602.397229635847,Stock OK
27,74,23466.453600000004,22,2200.0,3363.0237139423084,0.0,0.0,1946.140408333334,4155.9311916666675,5563.023713942308,17,1700.0,2528.4484107285784,0.0,0.0,1543.1111993143872,2899.0411133340367,4228.448410728579,17,1700.0,2426.3235048343404,0.0,0.0,1077.5520079203984,2404.3844724779233,4126.32350483434,1211.5576871806215,Stock OK
27,79,31881.7304,22,2200.0,3841.4447596153796,0.0,0.0,1733.5331999999962,4656.599599999996,6041.44475961538,20,2000.0,2002.6935424105188,0.0,0.0,573.5863856224562,3692.5549618027294,4002.6935424105186,19,1900.0,3579.4131010849587,0.0,0.0,1745.7757829268194,1745.7757829268194,5479.413101084959,1652.8133107601338,Stock OK
27,80,22391.679599999996,22,2200.0,4348.602812499999,0.0,0.0,2492.3987499999994,4656.231649999999,6548.602812499999,16,1600.0,2198.5391600945554,0.0,0.0,980.4086838448752,2322.164612767867,3798.5391600945554,16,1600.0,2600.229549865565,0.0,0.0,666.739528405109,1987.584180298783,4200.229549865565,1228.089677173116,Stock OK
27,81,25030.424000000003,22,2200.0,4307.910492788459,0.0,0.0,2501.3493749999993,4895.416625,6507.910492788459,17,1700.0,2422.7823740531317,0.0,0.0,1142.0225326883406,2553.356636293862,4122.782374053131,17,1700.0,2438.043602421497,0.0,0.0,497.39954682761436,1868.4447138168402,4138.043602421497,1235.526897432846,Stock OK
27,82,24237.708,22,2200.0,3224.785600961538,0.0,0.0,1898.797016666666,4171.536583333333,5424.785600961538,17,1700.0,2143.681997954386,0.0,0.0,1173.1136875310654,2548.220708626757,3843.681997954386,18,1800.0,3401.280416427997,0.0,0.0,883.1223776573192,2160.28243810775,5201.280416427997,1518.9292517558256,Stock OK
27,83,7127.367600000001,22,2200.0,1423.785204326923,0.0,0.0,891.8490083333331,1589.1721916666665,3623.785204326923,9,900.0,1140.8582197253213,13.868250000000444,1.3868250000000444,775.2212811078716,775.2212811078716,2054.7264697253217,9,900.0,1312.2537477997735,0.0,0.0,273.86926569838374,1068.2757770356816,2212.2537477997735,380.37629453941497,Stock OK
27,85,3602.6388000000006,22,2200.0,497.1551081730771,0.0,0.0,437.29720833333363,788.595991666667,2697.155108173077,7,700.0,711.0522788089008,164.9560534155725,16.49560534155725,184.58381965844265,725.2136262112568,1576.0083322244734,8,800.0,912.9140305522312,0.0,0.0,208.24432138792977,677.377885157634,1712.9140305522312,225.13207345811372,Stock OK
27,87,16456.898,22,2200.0,305.33070913461523,12299.854500000016,1229.9854500000015,19.42749999999978,1345.1961999999996,14805.18520913463,15,1500.0,1115.6925470160763,2728.8063741913106,272.88063741913106,508.2323034311461,1558.4892045748616,5344.498921207387,16,1600.0,1699.9190270367922,0.0,0.0,374.145604663805,1363.6383083080586,3299.919027036792,815.0906569030599,Stock OK
27,90,79232.6536,22,2200.0,22171.90781249998,0.0,0.0,11384.85741666665,19264.640983333316,24371.90781249998,21,2100.0,6127.27835130107,0.0,0.0,1719.571009543441,9400.965371714934,8227.278351301069,20,2000.0,6967.688912825755,0.0,0.0,903.6667964880066,5964.1590221537845,8967.688912825755,4404.215370314219,Stock OK
27,91,53752.258,22,2200.0,13490.371935096144,0.0,0.0,7190.020708333326,12489.349291666658,15690.371935096144,21,2100.0,4658.400794802924,0.0,0.0,2491.4850112760323,6691.028501386991,6758.400794802924,21,2100.0,5116.571528257491,0.0,0.0,959.6545301626702,3085.241787215519,7216.571528257491,2875.4930537521523,Stock OK
27,92,123996.42560000002,22,2200.0,25521.670817307677,0.0,0.0,11090.559233333319,22837.25356666665,27721.670817307677,21,2100.0,6543.496502739169,849.1390485530155,84.91390485530155,0.0,12504.878846487612,9492.635551292185,20,2000.0,7567.328561386429,0.0,0.0,2336.501888755669,8548.66680239885,9567.328561386428,6456.647673373376,Stock OK
27,93,49908.7584,22,2200.0,1299.8907742387833,8322.80266666664,832.2802666666639,659.7248583333344,4984.612075000001,11822.693440905423,22,2200.0,2628.440193534702,4902.444948660127,490.2444948660127,697.9810294047929,4491.821386755992,9730.885142194827,21,2100.0,3662.7487002146418,0.0,0.0,1396.9431526403823,3264.375266292065,5762.748700214642,2292.438900269669,Stock OK
27,94,59929.431599999996,22,2200.0,6892.46905048077,0.0,0.0,5350.511408333334,11027.028191666666,9092.46905048077,22,2200.0,4092.173698575506,3070.432413456765,307.0432413456765,1049.5386855802517,7569.182669234573,9362.60611203227,21,2100.0,5178.536717443105,0.0,0.0,2254.5636155098346,4401.332417130228,7278.536717443105,2995.7592055809932,Stock OK
27,95,104224.6604,22,2200.0,8037.812572115373,0.0,0.0,4980.366549999993,14476.455849999993,10237.812572115374,22,2200.0,5425.728587865981,0.0,0.0,2776.7520681109063,11209.231933393716,7625.728587865981,21,2100.0,7882.840670446274,0.0,0.0,2525.4854337591332,5246.250489163814,9982.840670446274,4826.975294248883,Stock OK
27,96,21716.992000000002,22,2200.0,534.8854847756409,37869.80666666667,3786.9806666666673,893.0479833333328,2529.8357499999993,40604.692151442316,18,1800.0,1276.0940649383049,6000.452285369266,600.0452285369266,1176.6406844344033,2343.605731840137,9076.54635030757,17,1700.0,1956.0432516395715,0.0,0.0,705.8785128034366,1756.8095055825647,3656.0432516395713,898.8072760755422,Stock OK
27,97,17921.063199999997,22,2200.0,2724.069579326924,0.0,0.0,1598.912408333335,3296.3015916666686,4924.069579326924,15,1500.0,2049.0527025896245,184.87289880030744,18.487289880030744,1280.7146287732207,2469.086540479877,3733.925601389932,15,1500.0,2385.7702330848583,0.0,0.0,781.3165726955546,1935.3377153880942,3885.7702330848583,990.519833821894,Stock OK
27,98,9551.480399999999,22,2200.0,2204.6855769230756,0.0,0.0,1226.4391999999993,2163.6495999999993,4404.685576923075,11,1100.0,1311.971401625906,14.791333937939726,1.4791333937939726,686.210999455857,1569.2506660620634,2426.7627355638456,11,1100.0,1460.96668819842,0.0,0.0,237.91254961916854,1076.2702845810854,2560.96668819842,581.8694004619329,Stock OK
28,1,13818.421599999998,22,2200.0,10047.918473557695,0.0,0.0,5487.412508333335,7166.180691666668,12247.918473557695,11,1100.0,2782.199591218138,0.0,0.0,518.085588156624,1699.9210794722865,3882.199591218138,11,1100.0,5037.198662414707,0.0,0.0,2535.208942609291,2535.208942609291,6137.198662414707,2376.5489278176046,Stock OK
28,2,47822.46599999999,22,2200.0,10647.00455528846,0.0,0.0,6051.705324999998,10736.415874999997,12847.00455528846,21,2100.0,4203.4706974221335,0.0,0.0,2638.1896139916544,6586.697776627259,6303.4706974221335,21,2100.0,4043.35475993538,0.0,0.0,724.9485603208577,2702.1080239075654,6143.354759935381,2439.4661409040164,Stock OK
28,3,13956.6148,22,2200.0,1990.3163641826925,36886.1315,3688.6131500000006,769.0370999999996,1728.7795999999994,41076.44786418269,12,1200.0,1296.660089676,28001.15784750638,2800.115784750638,1006.2126751781154,1006.2126751781154,30497.81793718238,12,1200.0,1663.1811075904677,0.0,0.0,600.1786749533519,600.1786749533519,2863.181107590468,412.566526845324,Stock OK
28,4,23651.6584,22,2200.0,4374.921983173079,0.0,0.0,2343.1537750000016,4603.572225000002,6574.921983173079,17,1700.0,2385.422577947179,0.0,0.0,309.58749225346446,3052.3365878872596,4085.422577947179,16,1600.0,2726.740626665369,0.0,0.0,445.5496790607276,1825.988372664776,4326.740626665369,1265.4733628079643,Stock OK
28,5,17245.056,22,2200.0,15461.669687500002,0.0,0.0,9520.665383333335,11848.119416666668,17661.6696875,12,1200.0,3985.028277170583,0.0,0.0,1553.2950184733802,2944.855924698233,5185.028277170582,12,1200.0,3626.5497518168227,0.0,0.0,1246.6786199651926,2610.3653081438465,4826.549751816823,1543.309380259694,Stock OK
28,6,2803.849999999999,22,2200.0,2425.311394230769,0.0,0.0,1827.5833333333333,2230.3166666666666,4625.311394230769,5,500.0,1099.7365966724317,0.0,0.0,694.5294152143177,694.5294152143177,1599.7365966724317,5,500.0,987.4729187131805,0.0,0.0,507.7664181869342,507.7664181869342,1487.4729187131807,248.7626913489402,Stock OK
28,7,19900.288800000002,22,2200.0,14544.73324519231,0.0,0.0,9314.270183333334,11854.66661666667,16744.73324519231,13,1300.0,4152.039702629655,0.0,0.0,1356.2170008914907,2810.0429301324484,5452.039702629655,15,1500.0,4087.7157040567627,0.0,0.0,1631.0759472431816,2896.8452399034086,5587.715704056763,1710.3155916203557,Stock OK
28,8,27996.9224,22,2200.0,6471.9081009615375,0.0,0.0,3246.8154166666654,5963.662183333332,8671.908100961537,18,1800.0,2723.9764468021367,0.0,0.0,1637.306479797008,3140.7746403733026,4523.976446802137,17,1700.0,2774.3920635543336,0.0,0.0,316.9741375020999,1831.8882867209811,4474.392063554334,1427.7854360608028,Stock OK
28,9,15604.7564,22,2200.0,1447.1959615384617,0.0,0.0,932.2259666666666,2370.2244333333333,3647.1959615384617,14,1400.0,1430.120939900871,744.8194903545209,74.48194903545209,846.2200193528422,1940.0274632234107,3574.940430255392,13,1300.0,2130.9964750092104,0.0,0.0,997.8283250850791,997.8283250850791,3430.9964750092104,792.9106704768168,Stock OK
28,10,18846.264000000003,22,2200.0,1952.0857572115362,0.0,0.0,645.8037916666651,2340.7662083333316,4152.0857572115365,16,1600.0,1685.5252516524356,0.0,0.0,321.48898184105246,2696.5331756754886,3285.5252516524356,16,1600.0,2448.3465084885706,0.0,0.0,984.1489161985673,2136.680202278472,4048.3465084885706,998.1876195720602,Stock OK
28,11,11205.864800000001,22,2200.0,1474.4309735576915,0.0,0.0,1280.1825749999996,2365.9258249999993,3674.4309735576917,12,1200.0,1708.8996432139595,0.0,0.0,877.6027503847668,1828.0439026924728,2908.8996432139593,11,1100.0,1987.900145764914,0.0,0.0,667.0504875228739,667.0504875228739,3087.9001457649138,595.9679548886345,Stock OK
28,12,2836.201200000001,22,2200.0,498.6398076923069,0.0,0.0,277.09643333333275,547.817966666666,2698.639807692307,6,600.0,675.7693120369427,0.0,0.0,417.4504786807017,417.4504786807017,1275.7693120369427,6,600.0,764.0380351158799,0.0,0.0,441.8068111403865,441.8068111403865,1364.03803511588,173.2557059431838,Stock OK
28,13,32206.0152,22,2200.0,7544.508293269227,0.0,0.0,3634.2043833333287,6750.745216666662,9744.508293269228,20,2000.0,2663.601802511339,0.0,0.0,1453.6141339556066,4674.14947661734,4663.601802511339,19,1900.0,3171.641546152118,0.0,0.0,1393.556552495807,3000.4876915233517,5071.641546152117,1804.3930793502684,Stock OK
28,14,11968.318000000003,22,2200.0,5015.647391826922,0.0,0.0,3253.3229250000004,4576.943875000001,7215.647391826922,11,1100.0,2059.5220918944506,0.0,0.0,511.1718887212687,1560.5777350933956,3159.5220918944506,11,1100.0,1992.4120971137222,0.0,0.0,459.9466449987307,1504.2299669986037,3092.412097113722,711.4550066407091,Stock OK
28,16,6009.082399999999,22,2200.0,983.462293669872,5723.639916666666,572.3639916666666,1353.0393333333336,1943.4530500000005,8907.102210336538,8,800.0,1210.46268358195,3514.436413146943,351.4436413146943,834.9729510559167,834.9729510559167,5524.899096728893,8,800.0,1241.13724158487,0.0,0.0,543.2314778560851,543.2314778560851,2041.13724158487,245.01057645158494,Stock OK
28,17,7221.214,22,2200.0,3263.938293269232,0.0,0.0,1874.0551166666673,2664.9480833333337,5463.9382932692315,9,900.0,1472.5769924553695,0.0,0.0,454.6145430693974,1265.800679703072,2372.5769924553697,8,800.0,1378.8055208564608,0.0,0.0,617.9113101013089,617.9113101013089,2178.805520856461,449.1009771067815,Stock OK
28,19,1105.5092,22,2200.0,960.2984014423075,0.0,0.0,600.9131249999997,749.2976749999997,3160.2984014423073,3,300.0,565.7463153738306,0.0,0.0,171.1565730494518,171.1565730494518,865.7463153738306,4,400.0,547.5976296510897,0.0,0.0,362.8837612766222,362.8837612766222,947.5976296510897,99.38726137909106,Stock OK
28,20,4421.7568,22,2200.0,1047.2780528846154,0.0,0.0,722.17135,1169.46945,3247.278052884615,7,700.0,1048.117303398816,0.0,0.0,519.4888103889227,519.4888103889227,1748.117303398816,7,700.0,994.3945461475739,0.0,0.0,478.8548703588923,478.8548703588923,1694.394546147574,253.2734132607076,Stock OK
28,21,3690.2028000000005,22,2200.0,1727.886346153847,0.0,0.0,1074.310833333334,1488.616366666667,3927.8863461538467,6,600.0,1015.52815272292,0.0,0.0,453.93620287387773,453.93620287387773,1615.52815272292,6,600.0,888.3125610090993,0.0,0.0,354.7080413370976,354.7080413370976,1488.3125610090992,218.76110872337676,Stock OK
28,22,7213.3028,22,2200.0,4226.090012019232,0.0,0.0,2370.729541666667,3204.1236583333334,6426.090012019232,9,900.0,1515.0281782395857,0.0,0.0,698.3625076105999,1531.059274186925,2415.028178239586,8,800.0,1553.303598021112,0.0,0.0,817.9623267439637,817.9623267439637,2353.303598021112,505.37026481646694,Stock OK
28,23,25306.1772,22,2200.0,7033.972824519227,0.0,0.0,4919.914691666663,7548.270508333329,9233.972824519227,17,1700.0,2911.1957100107716,319.3408293548873,31.934082935488732,849.9994889031577,3807.5606730321806,4930.536539365659,16,1600.0,3094.096063493839,0.0,0.0,221.941089935096,1660.980060930769,4694.096063493839,1380.0265779371857,Stock OK
28,24,7243.9256000000005,22,2200.0,1423.7653215144228,2360.7760000000053,236.07760000000053,565.269425,1223.801375,5984.541321514428,9,900.0,1117.5559483939273,8155.266881415477,815.5266881415477,481.01275211507146,1221.214469486762,10172.822829809404,10,1000.0,1190.668627464133,0.0,0.0,42.69361868196262,742.5626513132918,2190.668627464133,374.8289929689822,Stock OK
28,25,12733.239199999998,22,2200.0,3146.1176442307697,0.0,0.0,1778.577833333334,3040.4749666666676,5346.11764423077,12,1200.0,1752.9650987116634,0.0,0.0,430.7070765600972,1455.352583520106,2952.9650987116634,12,1200.0,1804.6286724770662,0.0,0.0,190.33475045538103,1193.1282277695066,3004.628672477066,708.8847687679122,Stock OK
28,26,6915.965999999999,22,2200.0,6187.102223557696,0.0,0.0,3659.1601083333353,4578.736291666668,8387.102223557697,8,800.0,1941.0676508313143,0.0,0.0,586.2474354916535,1460.9401727047468,2741.0676508313145,8,800.0,1859.9610436319226,0.0,0.0,433.47985853694604,1286.3486561850812,2659.9610436319226,513.5910615739751,Stock OK
28,27,1168.9372,22,2200.0,577.962920673077,0.0,0.0,273.0456916666667,398.43550833333336,2777.962920673077,4,400.0,433.3326081056987,118.74174314169323,11.874174314169323,0.0,322.9927668952769,952.0743512473919,4,400.0,461.9162832622332,0.0,0.0,64.89804443500974,413.4815509133463,861.9162832622333,92.85760132158701,Stock OK
28,28,401.3676,22,2200.0,197.65525240384616,0.0,0.0,118.38007499999996,163.57552499999997,2397.655252403846,2,200.0,279.8749573755595,0.0,0.0,54.25344609747536,54.25344609747536,479.8749573755595,2,200.0,300.6620340475079,0.0,0.0,97.39008832886661,97.39008832886661,500.6620340475079,35.368567971739715,Stock OK
28,29,4006.772000000001,22,2200.0,1774.5052644230773,0.0,0.0,1054.8383833333335,1494.9784166666668,3974.5052644230773,7,700.0,947.5231305697909,0.0,0.0,284.2884019699072,889.4301272982251,1647.5231305697907,7,700.0,969.0189617286595,0.0,0.0,191.92080775365199,781.6679340459273,1669.0189617286596,235.84766194361538,Stock OK
28,30,2956.762800000001,22,2200.0,1018.7413100961538,0.0,0.0,747.189208333333,1069.2719916666663,3218.741310096154,6,600.0,811.5643440859714,0.0,0.0,632.3271710769627,632.3271710769627,1411.5643440859712,6,600.0,902.2656014314293,0.0,0.0,92.73749639917907,606.0127206790148,1502.2656014314293,168.70558085744292,Stock OK
28,31,2533.1695999999997,22,2200.0,494.6280588942306,3029.569250000003,302.9569250000003,271.71486666666664,489.27378333333326,5724.197308894234,6,600.0,664.2389900606896,769.4858462766223,76.94858462766223,422.8266403723378,422.8266403723378,2033.724836337312,7,700.0,575.7219306503641,213.54779649172684,21.354779649172684,324.56219380110315,324.56219380110315,1489.269727142091,106.82019726988611,Stock OK
28,32,5744.9367999999995,22,2200.0,3351.892175480772,0.0,0.0,2230.5368750000016,2924.0563250000014,5551.8921754807725,8,800.0,1446.9941874722938,0.0,0.0,612.6162007118189,1372.2267472420788,2246.9941874722936,7,700.0,1493.6935842253079,0.0,0.0,795.5520982230403,795.5520982230403,2193.693584225308,478.8044533677773,Stock OK
28,33,7444.3252,22,2200.0,1186.889050480769,3178.383999999999,317.8383999999999,314.3099,961.3357000000001,6565.273050480768,9,900.0,954.5938693267811,8549.727908967552,854.9727908967552,250.83958546194646,984.5462472825952,10404.321778294334,10,1000.0,1075.5659397592108,144.63988852612488,14.463988852612488,514.7563407649247,514.7563407649247,2220.205828285336,394.1860053307495,Stock OK
28,34,14133.866399999999,22,2200.0,1960.0333774038472,0.0,0.0,1413.469475000001,2765.411725000001,4160.033377403847,13,1300.0,1948.015517289588,398.842249999999,39.8842249999999,660.8120860615975,1721.3854932333973,3646.857767289587,12,1200.0,1954.4756773236056,0.0,0.0,794.7466282120365,794.7466282120365,3154.475677323606,733.1253434461551,Stock OK
28,35,2039.3904,22,2200.0,404.2679166666667,43.77733333333282,4.377733333333282,343.19346666666655,549.9939999999999,2648.0452499999997,5,500.0,614.3631671156993,361.26799999999974,36.126799999999974,380.93119549114715,380.93119549114715,1475.631167115699,5,500.0,791.0514790073131,0.0,0.0,426.5445987362797,426.5445987362797,1291.051479007313,163.68818700487688,Stock OK
28,36,1195.6196000000002,22,2200.0,821.1111538461538,1255.9379999999996,125.59379999999996,830.1744,995.4091999999999,4277.049153846154,4,400.0,632.6231482758807,0.0,0.0,164.5626689993057,535.339358665741,1032.6231482758808,4,400.0,591.409011809982,0.0,0.0,303.12075286028414,303.12075286028414,991.409011809982,67.74689093318544,Stock OK
28,37,1429.538,22,2200.0,689.7936298076927,0.0,0.0,424.28921666666673,585.4915833333334,2889.793629807693,4,400.0,548.1354687270264,0.0,0.0,277.16346626128916,277.16346626128916,948.1354687270264,4,400.0,603.5247417816472,0.0,0.0,253.02033681096026,253.02033681096026,1003.5247417816472,100.94015249154054,Stock OK
28,38,42925.28400000001,22,2200.0,4754.4303124999915,0.0,0.0,1517.0728166666613,5381.625583333327,6954.4303124999915,20,2000.0,2973.1150584885454,924.3645000000083,92.43645000000083,619.6688825765837,4205.924814250544,5897.479558488554,19,1900.0,4314.969802279374,0.0,0.0,629.4539814520572,4405.244864597264,6214.969802279374,2598.186645779709,Stock OK
28,40,37847.20880000001,22,2200.0,9754.682115384612,0.0,0.0,4894.7269666666625,8611.41703333333,11954.682115384612,20,2000.0,3429.8709892183956,0.0,0.0,1139.1311967481447,4656.110659563739,5429.870989218396,18,1800.0,3548.605955721634,0.0,0.0,497.3008178971604,2317.827180002558,5348.605955721634,2039.615976561909,Stock OK
28,41,1029.7684000000002,22,2200.0,883.1433173076922,0.0,0.0,403.41909999999996,528.0441,3083.143317307692,3,300.0,484.91870728904473,280.5247775955894,28.05247775955894,151.24021112022047,151.24021112022047,1065.443484884634,4,400.0,1051.7977461535643,0.0,0.0,606.0520847997653,606.0520847997653,1451.7977461535643,326.07136745137586,Stock OK
28,42,5713.689599999999,22,2200.0,629.2167548076909,0.0,0.0,98.84318333333238,604.2808166666656,2829.216754807691,9,900.0,782.6231994153487,280.1014173072832,28.01014173072832,260.3034248078153,908.7817289424512,1962.7246167226317,9,900.0,980.1770335911198,0.0,0.0,314.2024753626466,972.9194285329775,1880.1770335911197,329.5718310578338,Stock OK
28,44,3847.3615999999997,22,2200.0,1024.4321394230774,0.0,0.0,373.11348333333376,740.1113166666671,3224.4321394230774,7,700.0,776.2783707437895,0.0,0.0,18.60179950802987,571.1795744260348,1476.2783707437895,7,700.0,744.4487192545536,0.0,0.0,430.1524016086057,430.1524016086057,1444.4487192545535,235.3215568554761,Stock OK
28,46,17122.308,22,2200.0,4082.2161418269216,0.0,0.0,2556.484524999999,4267.683874999999,6282.216141826922,14,1400.0,2004.6485508050707,654.5217500000001,65.45217500000001,1021.4975452227889,2214.6940333168495,4059.170300805071,14,1400.0,2130.1542845877057,0.0,0.0,729.757947812994,1905.5477111063012,3530.1542845877057,900.594675696858,Stock OK
28,49,10856.0936,22,2200.0,2311.059074519228,0.0,0.0,1152.860558333332,2197.1174416666654,4511.059074519228,12,1200.0,1455.8541491531503,0.0,0.0,963.4585020954214,1895.5645727404599,2655.8541491531505,11,1100.0,2099.992193950473,0.0,0.0,518.5550253334488,1499.3813553667937,3199.992193950473,706.6049465222071,Stock OK
28,52,1887.3204,22,2200.0,871.414122596154,0.0,0.0,558.0405583333334,770.6806416666666,3071.414122596154,5,500.0,715.5866896690097,0.0,0.0,114.09768564369281,534.712175804616,1215.5866896690097,5,500.0,673.4611064550141,0.0,0.0,86.05889745645746,499.6636905705718,1173.461106455014,147.1692067217582,Stock OK
28,55,5408.467600000001,22,2200.0,7868.052812499999,0.0,0.0,5183.901416666665,6104.976983333331,10068.052812499998,6,600.0,2346.4887761612667,0.0,0.0,1225.5790311374205,1225.5790311374205,2946.4887761612667,6,600.0,2018.492007087003,0.0,0.0,1030.4708656804069,1030.4708656804069,2618.492007087003,596.9930887701851,Stock OK
28,56,269.88879999999995,22,2200.0,517.5803725961538,0.0,0.0,417.0991583333332,476.8372416666665,2717.5803725961537,2,200.0,308.02359987071463,35.09674999999998,3.509674999999998,269.10729009243454,269.10729009243454,543.1203498707146,1,100.0,449.8183663208395,0.0,0.0,105.15426788946924,105.15426788946924,549.8183663208395,48.61049565145089,Stock OK
28,58,7493.8268,22,2200.0,92.4991917067308,37677.033,3767.7033,47.39852500000006,375.5308750000001,39969.532191706734,10,1000.0,316.93117055804316,23768.2930696185,2376.82930696185,77.69987100476885,600.1997420095377,25085.224240176543,13,1300.0,827.0023846402493,3779.302017767767,377.9302017767767,585.016345537204,585.016345537204,5906.304402408016,338.1546449083392,Stock OK
28,59,123.5764,22,2200.0,780.6578846153848,0.0,0.0,536.3396,593.7236,2980.657884615385,1,100.0,476.65852487226937,0.0,0.0,181.00243293358014,181.00243293358014,576.6585248722694,1,100.0,443.17891326697213,0.0,0.0,141.24931991006713,141.24931991006713,543.1789132669721,65.64280295557064,Stock OK
28,60,462.6004,22,2200.0,228.9875480769231,0.0,0.0,152.5844333333333,206.0787666666666,2428.9875480769233,3,300.0,314.57888805287297,0.0,0.0,39.57609657332685,250.54359485999026,614.578888052873,2,200.0,304.9875673431191,0.0,0.0,34.2561106863167,34.2561106863167,504.9875673431191,30.756900684062206,Stock OK
28,67,4653.887200000001,22,2200.0,1703.4988341346148,0.0,0.0,1255.0989583333328,1768.923841666666,3903.4988341346148,7,700.0,1037.3443790637682,1320.3227499999998,132.03227499999997,171.90201575519004,825.7386183810551,3057.667129063768,7,700.0,1350.8022783293645,0.0,0.0,815.8006755250285,815.8006755250285,2050.8022783293645,420.86677624308936,Stock OK
28,71,4977.5384,22,2200.0,1842.1218509615378,0.0,0.0,1217.5457166666663,1756.248683333333,4042.121850961538,8,800.0,1078.5452577973763,0.0,0.0,516.8624461882564,1186.3405027865788,1878.5452577973763,7,700.0,1277.1078173841597,0.0,0.0,736.4655524926147,736.4655524926147,1977.1078173841597,308.106876292685,Stock OK
28,72,36302.2032,22,2200.0,25856.587944711555,0.0,0.0,15919.864708333347,20460.91409166668,28056.587944711555,18,1800.0,5927.424846414573,0.0,0.0,1609.3257022169257,5496.820055619042,7727.424846414573,16,1600.0,5963.5400697902805,0.0,0.0,3176.657651673687,3176.657651673687,7563.5400697902805,2937.918935798392,Stock OK
28,74,9629.882,22,2200.0,3668.883533653847,0.0,0.0,2137.9004833333347,3161.185916666668,5868.883533653847,10,1000.0,1734.055700439973,0.0,0.0,1132.0363447131895,1132.0363447131895,2734.055700439973,10,1000.0,1833.2716969948947,0.0,0.0,457.15048165956375,1407.3842962884041,2833.2716969948947,635.5911849200083,Stock OK
28,79,36472.147999999994,22,2200.0,7765.682367788458,0.0,0.0,4232.3088083333305,7771.826791666664,9965.682367788457,21,2100.0,2491.526112443359,0.0,0.0,1442.36329911019,4874.493227963894,4591.526112443359,19,1900.0,3931.735334820148,0.0,0.0,1941.0675892480467,3683.3801478926807,5831.735334820149,2015.709167223718,Stock OK
28,80,15172.6452,22,2200.0,4390.474963942308,0.0,0.0,2593.942275,4138.862924999999,6590.474963942308,13,1300.0,1926.682937719715,0.0,0.0,749.6559598154912,1883.3993085501156,3226.682937719715,13,1300.0,2412.4666060990753,0.0,0.0,599.4716561763979,1720.699646274431,3712.4666060990753,944.685626898704,Stock OK
28,81,19181.702800000003,22,2200.0,2463.581526442308,0.0,0.0,1187.1334250000004,2958.3365750000007,4663.581526442308,16,1600.0,1936.6458836747088,447.3356998494296,44.73356998494296,514.9418517218746,2942.814188398579,3983.9815835241384,15,1500.0,2328.1517309839464,0.0,0.0,613.4712490066886,1837.6404864357378,3828.1517309839464,1023.5184349029454,Stock OK
28,82,15188.3364,22,2200.0,4419.663257211538,0.0,0.0,2659.847791666666,4211.863808333333,6619.663257211538,13,1300.0,1905.3962408464786,0.0,0.0,775.8137216888994,1912.157563079641,3205.3962408464786,13,1300.0,2117.2136241111425,0.0,0.0,835.4305585814003,1976.7424697131837,3417.2136241111425,879.2334359684625,Stock OK
28,83,6011.068799999999,22,2200.0,280.0760667067306,3518.9202500000033,351.89202500000033,116.05134999999999,618.2451,5998.996316706734,9,900.0,779.0665333432491,3468.7779252182117,346.87779252182116,260.2515974968827,906.6455949937654,5147.844458561461,9,900.0,1169.702406960208,0.0,0.0,694.5002385071621,694.5002385071621,2069.702406960208,380.5088617645989,Stock OK
28,85,1140.4424000000001,22,2200.0,248.1074879807693,0.0,0.0,169.36945833333334,283.26614166666667,2448.1074879807693,4,400.0,438.6800207948905,0.0,0.0,261.74037254668065,261.74037254668065,838.6800207948904,4,400.0,478.5229489708628,0.0,0.0,263.8433703722292,263.8433703722292,878.5229489708628,78.43987090768984,Stock OK
28,87,13007.898800000003,22,2200.0,247.23789463141034,17686.668583333332,1768.666858333333,0.0,977.3245166666667,20133.90647796474,14,1400.0,982.4086760264763,2746.485927630333,274.6485927630333,455.3491451481043,1357.0885741777251,5128.8946036568095,14,1400.0,1481.747707671818,0.0,0.0,443.6647579413129,1365.6322027829524,2881.747707671818,674.0974166385098,Stock OK
28,90,57497.359599999996,22,2200.0,10213.039591346165,0.0,0.0,4797.1671166666765,10214.082483333344,12413.039591346165,21,2100.0,3854.6584388041474,0.0,0.0,1578.5697276148658,5824.449417416105,5954.658438804147,21,2100.0,5784.268514015075,0.0,0.0,1898.2532703957036,4034.5132629121913,7884.268514015075,3180.9093787303223,Stock OK
28,91,49728.61439999999,22,2200.0,6329.296754807686,0.0,0.0,3563.562049999996,8197.664349999995,8529.296754807685,21,2100.0,3425.7792877616007,7554.877353395661,755.4877353395661,1176.37614017487,5103.498808796261,13080.656641157262,21,2100.0,5249.386982100435,0.0,0.0,2427.088516645019,4392.503710846976,7349.386982100435,2595.445794453592,Stock OK
28,92,86686.97679999999,22,2200.0,13102.180564903838,0.0,0.0,5850.607758333327,13897.35424166666,15302.180564903838,21,2100.0,5753.984015297484,30042.672684926205,3004.2672684926206,3423.435377041181,8598.333665561771,37896.65670022369,21,2100.0,8151.8533165130975,0.0,0.0,2664.0715830181716,5240.102538285444,10251.853316513098,4628.141065336205,Stock OK
28,93,44294.020800000006,22,2200.0,2690.8346874999984,0.0,0.0,1036.222649999999,4977.982949999999,4890.834687499999,18,1800.0,3810.7811502703257,26674.067556075242,2667.4067556075242,2316.0034657320793,4126.9547543094395,32284.84870634557,20,2000.0,4366.517121165054,0.0,0.0,2188.3748468019458,4032.454628474761,6366.517121165054,2295.9919860824716,Stock OK
28,94,33479.436400000006,22,2200.0,1783.3511418269316,0.0,0.0,441.6208250000061,3391.2779750000063,3983.351141826932,21,2100.0,2713.663907281929,1260.989815752098,126.09898157520979,835.8156878311283,3968.9385700685934,6074.653723034027,20,2000.0,3429.5112978709876,0.0,0.0,919.6396260607103,2497.2496419060108,5429.511297870988,1843.467615126958,Stock OK
28,95,82832.08839999998,22,2200.0,9155.708389423076,0.0,0.0,5285.644616666665,12948.05618333333,11355.708389423076,22,2200.0,5432.950867723143,5020.462997831064,502.0462997831064,2385.7120810410884,9960.415891171224,12653.413865554208,21,2100.0,7164.987524481804,0.0,0.0,3708.235321779867,6209.792200839196,9264.987524481803,4375.744906783582,Stock OK
28,96,25814.084800000004,22,2200.0,338.98367187500037,12117.052749999973,1211.7052749999973,0.0,2139.3373500000002,14656.036421874975,19,1900.0,1653.3982987244542,958.656343107059,95.8656343107059,171.16135209190566,2839.4407041838112,4512.054641831513,18,1800.0,3638.8303214014168,0.0,0.0,1367.488748166754,2777.639778941269,5438.830321401417,2041.9221782486256,Stock OK
28,97,20939.4088,22,2200.0,2550.401778846154,0.0,0.0,1019.7882999999986,2929.2836999999986,4750.401778846153,16,1600.0,1792.8152436283262,3652.6168920493,365.26168920493,1196.6435026987674,2457.0800035983566,7045.432135677626,16,1600.0,2719.1991288393106,0.0,0.0,853.0915767446618,2114.9753951943057,4319.199128839311,1149.8826296403745,Stock OK
28,98,7787.723599999998,22,2200.0,4100.824507211537,0.0,0.0,2522.4965583333314,3419.0374416666646,6300.824507211537,9,900.0,1713.6412584439204,0.0,0.0,466.42987572124815,1330.0976445614042,2613.6412584439204,9,900.0,1645.5938751227905,0.0,0.0,257.93080600196544,1095.5361911272112,2545.5938751227905,544.9101980493756,Stock OK
29,1,10975.357199999999,22,2200.0,8047.285372596156,0.0,0.0,4122.523025000002,5435.3821750000025,10247.285372596156,10,1000.0,2407.4039404692376,0.0,0.0,400.1105492797303,1445.2415519774781,3407.4039404692376,11,1100.0,3661.7493146260513,0.0,0.0,1443.6790247617266,2488.6537747378993,4761.749314626051,1772.921342464756,Stock OK
29,2,23254.2168,22,2200.0,866.6370232371808,2921.465333333324,292.1465333333324,90.93016666666722,2095.5389000000005,5988.102356570505,18,1800.0,1726.6840563423134,1091.002436748795,109.1002436748795,524.9430448768046,3107.836357527045,4617.686493091109,17,1700.0,2129.472339205904,0.0,0.0,87.11339656301084,1358.014465098199,3829.472339205904,1105.6606172351876,Stock OK
29,3,8506.434,22,2200.0,1280.62687099359,15541.910666666665,1554.1910666666665,445.34903333333335,1088.6179,19022.537537660253,9,900.0,997.0543582552423,20775.71503577108,2077.571503577108,388.62831785373515,1120.2017571383135,22672.769394026323,11,1100.0,1133.4155760981482,4555.031678105681,455.5031678105681,199.27738982253277,861.5778372781659,6788.447254203829,314.81526260337165,Stock OK
29,4,14604.893600000001,22,2200.0,196.47110576923083,16477.107749999996,1647.7107749999996,0.0,1126.71155,18873.578855769225,15,1500.0,938.3462518030626,4332.1852465471275,433.2185246547127,105.07797793123882,2041.491166896858,6770.53149835019,15,1500.0,1569.7258221817344,0.0,0.0,582.51025439295,1546.6057207781605,3069.7258221817347,720.6297354482432,Stock OK
29,5,8232.8912,22,2200.0,6123.755468749999,0.0,0.0,3425.6165583333323,4439.399841666665,8323.755468749998,9,900.0,1939.6620828651721,0.0,0.0,635.023497250075,1553.4284687813342,2839.662082865172,9,900.0,1930.9378189862314,0.0,0.0,1047.6273049480606,1047.6273049480606,2830.9378189862314,875.2203190980917,Stock OK
29,6,1786.6412000000005,22,2200.0,1675.235540865384,0.0,0.0,1315.7136083333326,1585.4835916666657,3875.235540865384,4,400.0,890.033142800128,0.0,0.0,513.0541487475707,513.0541487475707,1290.033142800128,4,400.0,777.4155013838953,0.0,0.0,192.05041813313275,192.05041813313275,1177.4155013838954,160.41610244585976,Stock OK
29,7,13457.321999999998,22,2200.0,3865.76108173077,0.0,0.0,3181.86355,4628.74925,6065.7610817307705,12,1200.0,2243.3407975454124,5268.797384386233,526.8797384386232,1308.8911020261955,2406.073357806884,8712.138181931645,14,1400.0,2151.265827891557,0.0,0.0,833.8717816528845,1699.6478696280906,3551.265827891557,975.61463333653,Stock OK
29,8,18795.6012,22,2200.0,1823.485360576923,0.0,0.0,225.23588333333328,1879.2217166666665,4023.485360576923,16,1600.0,1542.2847669914274,29.636499999996886,2.9636499999996886,111.45837711754416,2457.6179738486217,3171.921266991424,15,1500.0,1819.804905976288,0.0,0.0,0.3471852222680809,1165.7021591667158,3319.804905976288,958.7914156559481,Stock OK
29,9,11660.799999999997,22,2200.0,390.4728365384615,17730.695999999996,1773.0695999999998,541.0767999999998,1447.9296,20321.168836538458,13,1300.0,997.9344952340525,7313.660249689892,731.3660249689892,854.2909250434145,1722.9114000496165,9611.594744923945,14,1400.0,1485.5901567062704,0.0,0.0,58.07561776716989,854.8907268261829,2885.59015670627,531.9577111776871,Stock OK
29,10,7994.812399999999,22,2200.0,1277.7978485576919,0.0,0.0,673.5002416666664,1427.266558333333,3477.797848557692,10,1000.0,1188.1806361650895,0.0,0.0,263.09598799032227,1055.013644989247,2188.1806361650897,10,1000.0,1223.086645594811,0.0,0.0,775.6687294998862,775.6687294998862,2223.0866455948108,423.5824336617666,Stock OK
29,11,8144.166000000002,22,2200.0,673.5840064102559,16868.574,1686.8574,660.6194666666665,1279.5697333333333,19742.158006410256,9,900.0,856.0884817132148,14432.867026078113,1443.2867026078113,686.051840872661,686.051840872661,16188.955507791328,11,1100.0,1047.9189416910388,3491.3530042754655,349.13530042754655,405.39228995724534,1066.4829799144907,5639.271945966504,452.75029952622947,Stock OK
29,12,2039.2532000000003,22,2200.0,53.24851762820511,590.3753333333339,59.037533333333386,19.22914999999999,193.09391666666664,2843.623850961539,6,600.0,515.7593176797287,0.0,0.0,123.22403525794519,503.5600523095343,1115.7593176797286,6,600.0,534.0834184776759,0.0,0.0,44.76756442335417,409.41228730802504,1134.0834184776759,113.19273612145122,Stock OK
29,13,16989.131599999997,22,2200.0,639.1015534855765,7502.213750000019,750.2213750000019,0.0,1412.0791499999998,10341.315303485595,15,1500.0,1302.4567700355647,538.8239914098415,53.88239914098415,357.53825689426196,1441.443166376639,3341.280761445406,15,1500.0,1561.426150167879,1678.6572233540176,167.86572233540176,272.05076449844876,1341.7077585815236,4740.083373521897,782.0099111727951,Stock OK
29,14,7280.891200000002,22,2200.0,3053.820961538462,0.0,0.0,1695.3617333333336,2475.9054666666666,5253.820961538462,9,900.0,1436.1666263702134,0.0,0.0,336.81455824942816,1142.6758280306067,2336.1666263702136,9,900.0,1302.9063342470645,0.0,0.0,158.71345124982133,942.312082656049,2202.9063342470645,423.4803055296742,Stock OK
29,16,7831.6612000000005,22,2200.0,723.1531189903848,30121.793916666662,3012.179391666666,1372.8655000000003,1911.3304833333336,33044.947035657045,8,800.0,923.8838947400653,24887.1867589326,2488.71867589326,819.3962491067399,819.3962491067399,26611.070653672665,9,900.0,1197.3172518216293,6934.961249999998,693.4961249999998,373.2876294380451,373.2876294380451,9032.278501821627,252.2135970037137,Stock OK
29,17,6241.675599999999,22,2200.0,2536.8321394230766,0.0,0.0,1182.8443833333326,1828.454816666666,4736.832139423077,9,900.0,1348.166194265552,0.0,0.0,589.9699068394318,1322.8736389443607,2248.166194265552,8,800.0,1027.8507331175454,0.0,0.0,465.37591488706266,465.37591488706266,1827.8507331175454,420.9817382169218,Stock OK
29,20,3459.5556,22,2200.0,107.96992988782041,282.19333333333566,28.219333333333566,78.4037416666666,383.5985249999999,2590.163263221156,7,700.0,702.5377889192962,0.0,0.0,525.5841517116191,525.5841517116191,1402.5377889192962,7,700.0,740.1535843549217,0.0,0.0,461.58479345829807,461.58479345829807,1440.1535843549218,192.3592859811859,Stock OK
29,21,3148.2672000000002,22,2200.0,646.664951923077,0.0,0.0,330.8745666666665,633.4086333333331,2846.664951923077,6,600.0,748.2005615730213,0.0,0.0,315.7665097496188,315.7665097496188,1348.2005615730213,6,600.0,799.8484251593004,0.0,0.0,264.3903325963026,264.3903325963026,1399.8484251593004,193.03631625745118,Stock OK
29,22,5201.0348,22,2200.0,1231.0726081730772,0.0,0.0,701.4013416666667,1214.6566583333333,3431.0726081730772,8,800.0,880.0116692386121,0.0,0.0,143.16700405713806,796.641122493872,1680.011669238612,8,800.0,938.42623219888,0.0,0.0,714.547215189468,714.547215189468,1738.42623219888,290.16052154774724,Stock OK
29,23,17374.946000000004,22,2200.0,2057.105124198718,1512.8338333333375,151.28338333333375,1471.673866666666,3097.3552999999993,5769.938957532056,14,1400.0,1896.0368677212643,4882.187302525546,488.2187302525547,670.7834369693472,1833.782556716793,8178.224170246811,16,1600.0,1752.8901044729023,0.0,0.0,600.3990199285953,1636.1872112571682,3352.8901044729023,997.3065057938305,Stock OK
29,24,4032.5236,22,2200.0,932.4580408653857,0.0,0.0,235.39684166666754,606.5203583333342,3132.4580408653856,7,700.0,860.2680089930334,2498.299623824704,249.8299623824704,108.04196261752932,663.7170168233724,4058.567632817738,8,800.0,882.8423139823692,232.13322570372384,23.213322570372384,334.6586024296274,334.6586024296274,1914.975539686093,306.40038163571865,Stock OK
29,25,5834.097199999999,22,2200.0,494.38612980769096,0.0,0.0,131.6684833333324,650.4307166666656,2694.386129807691,9,900.0,896.2329446123019,0.0,0.0,199.80978628857758,856.7802408246498,1796.232944612302,9,900.0,1125.7563552164397,0.0,0.0,602.0178655642845,602.0178655642845,2025.7563552164397,408.3872524080565,Stock OK
29,26,3361.5979999999995,22,2200.0,1372.591694711538,0.0,0.0,503.48664166666606,839.5809583333327,3572.591694711538,6,600.0,893.49890494762,522.9684855467372,52.296848554673716,367.64617528906524,367.64617528906524,2016.467390494357,7,700.0,915.5809588045437,0.0,0.0,586.4968732933847,586.4968732933847,1615.5809588045436,289.404127646382,Stock OK
29,27,1033.2548,22,2200.0,658.9223076923075,0.0,0.0,325.55836666666653,443.71603333333326,2858.9223076923076,4,400.0,449.04210432922395,0.0,0.0,84.60096835463033,398.1407244728404,849.042104329224,4,400.0,428.5332195282415,0.0,0.0,69.54503410073262,378.0661454676435,828.5332195282415,88.36463267436993,Stock OK
29,28,398.6908,22,2200.0,415.4068629807692,0.0,0.0,200.08525833333323,252.15274166666654,2615.4068629807693,2,200.0,333.6781943331292,0.0,0.0,95.68027081318564,95.68027081318564,533.6781943331292,2,200.0,330.14330299146,0.0,0.0,111.92796417172252,111.92796417172252,530.14330299146,53.21087448850422,Stock OK
29,29,3870.424,22,2200.0,935.7112019230774,0.0,0.0,420.9336333333337,794.0951666666671,3135.711201923077,7,700.0,713.3977605339538,0.0,0.0,32.51052396798468,589.7092279626488,1413.3977605339537,7,700.0,950.374516977069,0.0,0.0,407.26044146952023,407.26044146952023,1650.374516977069,260.69161097145695,Stock OK
29,30,2463.9100000000003,22,2200.0,268.46646233974354,77.40466666666762,7.740466666666762,300.5424249999999,540.2565083333333,2545.871129006411,6,600.0,620.9803235154685,316.5864685225111,31.65864685225111,160.26691259099545,606.8563407387444,1537.5667920379797,6,600.0,725.1441451998536,0.0,0.0,66.80922485543155,501.0388448265179,1325.1441451998535,142.79709737427032,Stock OK
29,31,1680.9460000000004,22,2200.0,519.2616706730769,0.0,0.0,245.74732500000005,413.28587500000003,2719.261670673077,5,500.0,513.975464488647,0.0,0.0,63.77174113153556,437.12422016441946,1013.975464488647,5,500.0,441.54207765993704,0.0,0.0,139.33596723432186,139.33596723432186,941.542077659937,103.64840108036626,Stock OK
29,32,2847.4475999999995,22,2200.0,1573.3050961538463,0.0,0.0,1133.0903333333333,1479.2240666666667,3773.3050961538465,5,500.0,946.0358610331733,0.0,0.0,354.9566175686211,354.9566175686211,1446.0358610331732,6,600.0,920.7409409391148,0.0,0.0,164.8746313397932,663.4989576077519,1520.7409409391148,248.78829563955733,Stock OK
29,33,3620.676,22,2200.0,655.3953245192314,0.0,0.0,177.50049166666696,507.77670833333366,2855.3953245192315,7,700.0,724.5407081624215,2477.157360907213,247.7157360907213,267.6779389092787,791.8819185457048,3901.6980690696346,8,800.0,699.938696051125,0.0,0.0,102.9912882633883,564.1702830153008,1499.9386960511251,253.99411510519485,Stock OK
29,34,8839.8532,22,2200.0,2092.76170673077,0.0,0.0,1385.3783166666672,2274.528883333334,4292.76170673077,10,1000.0,1519.3922394835083,0.0,0.0,234.77924992742817,1094.879983252698,2519.392239483508,11,1100.0,1441.3941077733132,0.0,0.0,488.548202424906,1288.0157576673964,2541.3941077733134,655.4715082758851,Stock OK
29,35,2018.5056,22,2200.0,559.2388701923076,422.3900000000006,42.23900000000006,422.34359999999987,630.9183999999998,3181.628870192308,5,500.0,634.3917058349093,0.0,0.0,377.228617191647,377.228617191647,1134.3917058349093,5,500.0,668.7248306102106,0.0,0.0,229.91546808827474,229.91546808827474,1168.7248306102106,157.6144219316685,Stock OK
29,36,866.422,22,2200.0,409.89126201923085,415.0054999999998,41.50054999999998,206.70310833333346,296.4095916666668,3024.8967620192307,4,400.0,433.8725027727882,6.002749999999892,0.6002749999999892,88.32457090023141,361.5200945336419,839.8752527727881,4,400.0,509.6124295506269,6.002749999999892,0.6002749999999892,317.46048465344904,317.46048465344904,915.6151795506269,99.80712169550732,Stock OK
29,38,37555.2232,22,2200.0,5632.204723557689,0.0,0.0,2802.282441666666,6311.630758333333,7832.204723557689,20,2000.0,4183.559695091155,505.90725000000475,50.590725000000475,225.36889495197056,3642.8403575784937,6689.46694509116,21,2100.0,4711.688295425446,0.0,0.0,2072.882757660926,3791.0869317939723,6811.688295425446,2131.037453643953,Stock OK
29,40,26735.101599999998,22,2200.0,936.4259575320518,9360.989666666655,936.0989666666655,0.0,2243.3915333333334,12497.415624198708,19,1900.0,1620.027913282727,1446.185572589652,144.6185572589652,0.0,2732.399499146004,4966.213485872379,18,1800.0,2035.9820836966335,0.0,0.0,478.9120759441116,1881.7900980584711,3835.9820836966337,1291.913276971383,Stock OK
29,41,784.4824,22,2200.0,117.00966546474359,1309.0138333333334,130.90138333333334,117.74506666666667,184.81689999999998,3626.023498798077,4,400.0,285.9403501604193,288.1684395056709,28.81684395056709,53.62681209886583,289.85501814829877,974.1087896660902,4,400.0,337.42644986407623,75.37850000000013,7.537850000000013,275.50560960588206,275.50560960588206,812.8049498640763,49.621366431326095,Stock OK
29,42,3522.5072,22,2200.0,137.6399729567311,255.77524999999724,25.577524999999724,18.254050000000092,323.9222000000001,2593.4152229567285,7,700.0,584.5754798255105,420.783421292783,42.0783421292783,3.857964353608196,508.1553972243298,1705.3589011182935,7,700.0,834.6336913454835,0.0,0.0,399.330676090402,399.330676090402,1534.6336913454834,204.20154515012152,Stock OK
29,44,1539.98,22,2200.0,608.4871033653848,0.0,0.0,403.6229250000001,572.6318750000002,2808.487103365385,4,400.0,503.7379476278923,0.0,0.0,213.4824716012503,213.4824716012503,903.7379476278923,5,500.0,513.6954950996106,0.0,0.0,97.80065514112329,443.8674626764041,1013.6954950996106,100.39997278914467,Stock OK
29,46,10661.213200000002,22,2200.0,584.2390024038461,0.0,0.0,501.2631416666666,1471.9132583333333,2784.239002403846,12,1200.0,1215.2947583846499,663.1472702951703,66.31472702951703,746.2822408671734,1644.9372898524148,3078.4420286798204,11,1100.0,1331.5270082510474,0.0,0.0,625.2800166953377,625.2800166953377,2431.5270082510474,509.46381648497425,Stock OK
29,52,669.4216000000001,22,2200.0,324.49965144230765,0.0,0.0,227.68669166666658,305.69610833333326,2524.499651442308,3,300.0,411.7222601943958,0.0,0.0,211.8794554129177,211.8794554129177,711.7222601943959,3,300.0,398.2573717364869,0.0,0.0,181.31360690396428,181.31360690396428,698.2573717364869,53.99133121243588,Stock OK
29,55,2604.8935999999994,22,2200.0,4999.372331730768,0.0,0.0,3341.839583333333,3858.946816666666,7199.372331730768,4,400.0,1548.012363448286,0.0,0.0,794.4538719374092,794.4538719374092,1948.012363448286,4,400.0,1195.5522084570475,0.0,0.0,435.6148574362635,435.6148574362635,1595.5522084570475,291.2265995727231,Stock OK
29,56,2554.6644,22,2200.0,721.7806330128204,7179.098083333332,717.9098083333332,744.7778666666667,969.25895,10100.878716346153,5,500.0,662.7992828629026,4335.414381187371,433.5414381187371,376.433347525051,376.433347525051,5498.213664050274,3,300.0,1081.8316704228669,3802.2397499999993,380.22397499999994,292.7585611560162,292.7585611560162,5184.071420422866,215.49933361149107,Stock OK
29,59,119.81959999999998,22,2200.0,227.81764423076922,0.0,0.0,150.38209999999995,173.87789999999993,2427.817644230769,1,100.0,233.78260439406495,0.0,0.0,55.2400704754789,55.2400704754789,333.78260439406495,1,100.0,252.54967782376247,0.0,0.0,49.06557597468522,49.06557597468522,352.54967782376247,32.71984990957683,Stock OK
29,60,214.2,22,2200.0,138.33423076923077,0.0,0.0,85.89173333333332,111.98666666666665,2338.334230769231,2,200.0,216.33915750426553,0.0,0.0,119.63535569004252,119.63535569004252,416.33915750426553,2,200.0,192.77481623368868,0.0,0.0,80.37549368514318,80.37549368514318,392.7748162336887,16.311248003854853,Stock OK
29,67,4920.6172,22,2200.0,1282.9984004407052,287.43841666666583,28.743841666666583,972.9010499999999,1482.8814333333335,3770.436817107371,7,700.0,1045.855227906734,1307.8542499999992,130.78542499999992,534.8405739906341,534.8405739906341,3053.709477906733,8,800.0,1235.7074191474994,0.0,0.0,266.75673901353343,898.5286481583239,2035.7074191474994,369.7808868848383,Stock OK
29,71,2314.6151999999997,22,2200.0,409.20806490384643,0.0,0.0,252.78759166666686,476.04000833333356,2609.208064903846,6,600.0,596.1657171420497,0.0,0.0,175.1764781570563,606.1590887884676,1196.1657171420497,6,600.0,707.719924588344,0.0,0.0,145.2734596372968,570.2754665647562,1307.719924588344,163.40484137378414,Stock OK
29,72,21947.933199999996,22,2200.0,19071.54558894231,0.0,0.0,11216.360775,14100.212425,21271.54558894231,14,1400.0,4831.783270132683,0.0,0.0,965.7031749163632,4063.679658235757,6231.783270132683,14,1400.0,3530.3966726433428,0.0,0.0,1018.5619234554058,2452.4632810288986,4930.396672643343,1609.1650298778623,Stock OK
29,74,7590.6036,22,2200.0,577.4952644230777,0.0,0.0,207.08601666666715,885.1459833333338,2777.495264423078,10,1000.0,957.5737551414502,0.0,0.0,186.35449025244247,937.4509502804916,1957.5737551414502,10,1000.0,1188.2560196173504,0.0,0.0,832.1005231278016,832.1005231278016,2188.2560196173504,411.0508893881678,Stock OK
29,79,7300.105600000001,22,2200.0,755.0560817307708,0.0,0.0,295.6187166666675,956.1164833333344,2955.0560817307705,10,1000.0,1062.0738060519968,0.0,0.0,362.3923561564278,1103.6980568404754,2062.073806051997,10,1000.0,1093.9166949824416,0.0,0.0,318.64382775801243,1055.088580842236,2093.9166949824416,412.13849774312087,Stock OK
29,81,4830.8288,22,2200.0,301.0001562499998,0.0,0.0,20.645341666666667,442.5126583333333,2501.0001562499997,8,800.0,815.9757330562708,0.0,0.0,541.549252953968,541.549252953968,1615.9757330562707,8,800.0,923.431588193896,0.0,0.0,458.4143174727734,458.4143174727734,1723.431588193896,250.22850223740858,Stock OK
29,82,8455.6312,22,2200.0,1316.2946033653845,0.0,0.0,589.9193916666667,1376.4890083333335,3516.2946033653843,10,1000.0,1060.9514814122713,1034.0081708417597,103.40081708417597,108.3176633265922,917.2836212424162,3094.959652254031,11,1100.0,1377.009557550294,0.0,0.0,418.2008332239302,1187.5985940463233,2477.0095575502937,468.4560058045159,Stock OK
29,83,702.1612,22,2200.0,28.118766025641015,333.88666666666666,33.388666666666666,0.0,58.154133333333334,2562.0054326923077,3,300.0,243.86747597523646,144.35247045415636,14.435247045415636,59.397776477292155,59.397776477292155,688.2199464293927,3,300.0,363.57802606346854,0.0,0.0,105.96185080379404,105.96185080379404,663.5780260634685,46.377011959359805,Stock OK
29,85,1343.9775999999997,22,2200.0,448.69604567307726,0.0,0.0,341.4917250000001,488.0542750000001,2648.696045673077,4,400.0,517.3279198619792,123.06174999999953,12.306174999999953,284.9689727334815,284.9689727334815,1040.3896698619787,4,400.0,487.8127040820099,0.0,0.0,133.02769283698575,133.02769283698575,887.8127040820099,74.80595498208697,Stock OK
29,87,7991.0592,22,2200.0,1274.2662500000006,0.0,0.0,757.2461000000006,1517.9683000000007,3474.2662500000006,10,1000.0,1165.3912817015787,129.89818038242106,12.989818038242106,323.08308686615317,1118.6463278470321,2295.2894620839998,10,1000.0,1467.0051888530163,0.0,0.0,133.9742975363227,909.9687639292474,2467.005188853016,451.53519164036277,Stock OK
29,90,9631.079199999998,22,2200.0,1513.4117427884628,0.0,0.0,380.14977500000083,1250.691425000001,3713.411742788463,11,1100.0,1062.8771399123548,0.0,0.0,185.26000840493128,1036.3126817454245,2162.877139912355,11,1100.0,1450.737948975191,0.0,0.0,330.4882545689133,1196.0637525258046,2550.737948975191,526.988710830009,Stock OK
29,91,4169.2572,22,2200.0,300.8249038461545,0.0,0.0,108.77653333333379,480.7794666666672,2500.8249038461545,8,800.0,754.8315538814929,0.0,0.0,283.0784116630929,839.4114419006776,1554.831553881493,8,800.0,800.7657153482224,0.0,0.0,170.48106077350607,710.7287551697212,1600.7657153482223,201.39373865752123,Stock OK
29,92,23459.084000000006,22,2200.0,1951.7465655048093,1813.1932499999903,181.31932499999903,0.0,2024.15345,5964.939815504799,18,1800.0,1679.7965243396745,1409.2342499999972,140.92342499999972,481.7034732506088,3077.1577074069346,4889.030774339672,17,1700.0,2256.8949051294153,0.0,0.0,706.5955748210279,2027.186162309842,3956.8949051294153,1282.0713118539138,Stock OK
29,93,1458.3984,22,2200.0,7.3510817307692315,4712.368666666667,471.23686666666674,0.0,85.84013333333333,6919.719748397436,6,600.0,272.05659463673203,486.0848215400907,48.60848215400907,55.18687138396374,322.4301892299547,1358.1414161768228,6,600.0,363.47136867767546,116.92599999999999,11.692599999999999,43.20596151548913,315.436273818587,1080.3973686776753,77.69505414050312,Stock OK
29,95,28959.452800000006,22,2200.0,696.2698237179483,6850.509333333343,685.0509333333343,74.27726666666626,2539.3797999999997,9746.779157051293,20,2000.0,2015.8085104684574,1019.468328462458,101.9468328462458,618.2928340987573,3482.531167571259,5035.276838930915,20,2000.0,2638.5724651576284,0.0,0.0,958.7296736200879,2338.757498547461,4638.572465157628,1391.8971351353146,Stock OK
29,97,2031.8128000000002,22,2200.0,42.1619110576923,1457.2425,145.72425,0.0,164.0077,3699.4044110576924,6,600.0,475.0163271814969,0.0,0.0,61.18552851250453,430.5828842150055,1075.0163271814968,6,600.0,461.2797497384387,0.0,0.0,51.66150148531753,419.1540517823811,1061.2797497384386,98.3145319179486,Stock OK
29,98,234.976,22,2200.0,0.8091592128801429,955.2582325581395,95.52582325581395,0.0,12.126102325581396,3156.06739177102,3,300.0,108.74504841572866,158.9964298802145,15.89964298802145,0.0,100.44360176180322,567.7414782959431,2,200.0,149.298606818223,67.5724651162791,6.75724651162791,21.684610706154693,21.684610706154693,416.8710719345021,21.491457887469757,Stock OK
30,1,7713.5747999999985,22,2200.0,2844.0334735576917,0.0,0.0,1252.1945416666663,2031.826658333333,5044.033473557692,9,900.0,1245.2144728529915,1010.0230924551778,101.00230924551778,0.0,805.3905394693103,3155.2375653081695,9,900.0,1657.3681327981344,0.0,0.0,735.5907854935314,735.5907854935314,2557.3681327981344,656.734130284266,Stock OK
30,2,10867.8068,22,2200.0,1998.4485576923091,0.0,0.0,858.742433333334,1878.4423666666673,4198.448557692309,12,1200.0,1418.1007443571687,0.0,0.0,793.6349119240367,1714.7159857353126,2618.100744357169,11,1100.0,1459.6136173692755,0.0,0.0,827.8624627174422,827.8624627174422,2559.6136173692757,545.4331524978129,Stock OK
30,3,658.2424,22,2200.0,152.39054887820512,61.72533333333302,6.172533333333302,38.83729166666666,98.91617499999998,2414.115882211538,3,300.0,328.7667828244061,0.0,0.0,102.59992069420508,102.59992069420508,628.7667828244062,3,300.0,340.2835323439083,0.0,0.0,74.11370654875546,74.11370654875546,640.2835323439083,36.67164816686621,Stock OK
30,4,11196.126,22,2200.0,1476.092379807692,0.0,0.0,489.4130833333329,1505.5469166666662,3676.092379807692,12,1200.0,1361.2954104141986,0.0,0.0,442.2343922704997,1361.703450658727,2561.2954104141986,11,1100.0,1417.7291955000578,0.0,0.0,666.9524391342061,666.9524391342061,2517.729195500058,619.8016403964211,Stock OK
30,5,355.1268,22,2200.0,73.33262019230767,0.0,0.0,17.471283333333332,49.871116666666666,2273.332620192308,3,300.0,199.45147243722238,20.33411073461661,2.033411073461661,23.876038926538328,188.06087785307665,519.785583171839,2,200.0,317.017637123596,0.0,0.0,81.29022434773698,81.29022434773698,517.0176371235959,33.60124518801935,Stock OK
30,7,246.97639999999998,22,2200.0,90.08802884615385,0.0,0.0,94.27383333333333,123.94776666666667,2290.088028846154,2,200.0,244.38812738154957,0.0,0.0,111.78734427246374,111.78734427246374,444.38812738154957,2,200.0,211.03441547682783,0.0,0.0,55.16180854795049,55.16180854795049,411.0344154768278,15.387187368819292,Stock OK
30,8,10430.119600000002,22,2200.0,760.0940685096159,1217.3445833333249,121.7344583333325,0.0,896.3813166666667,4177.43865184294,12,1200.0,1125.1144616197084,399.6727270266962,39.96727270266962,453.91962988418913,1317.5105373552365,2724.7871886464045,11,1100.0,1426.2490340494062,0.0,0.0,635.1221311610761,635.1221311610761,2526.249034049406,529.0553275512243,Stock OK
30,9,53.85880000000001,22,2200.0,29.338578150572836,1.8722553191488966,0.18722553191488966,32.09337021276596,39.55119148936171,2231.2108334697214,1,100.0,124.19081510227778,0.0,0.0,36.099165891058185,36.099165891058185,224.19081510227778,1,100.0,101.7004636134327,0.0,0.0,26.743179671698645,26.743179671698645,201.7004636134327,6.319153904638119,Stock OK
30,10,191.50359999999995,22,2200.0,6.067370793269233,144.50658333333325,14.450658333333326,0.7740500000000026,16.23726666666667,2350.5739541266025,2,200.0,161.16197894666539,0.0,0.0,58.54268535824117,58.54268535824117,361.1619789466654,2,200.0,200.3379505071363,0.0,0.0,92.34036332456722,92.34036332456722,400.33795050713627,16.029117071632427,Stock OK
30,11,645.4112000000001,22,2200.0,191.46004807692296,0.0,0.0,106.62669999999991,172.02129999999988,2391.460048076923,3,300.0,319.37675960586694,0.0,0.0,152.4483505812482,152.4483505812482,619.3767596058669,3,300.0,398.65535269653844,0.0,0.0,168.53886120293333,168.53886120293333,698.6553526965384,50.25924210104724,Stock OK
30,12,69.02279999999999,22,2200.0,2.336081730769231,85.88874999999999,8.588874999999998,0.3027500000000005,5.584200000000001,2288.2248317307694,2,200.0,81.04803199059685,0.0,0.0,5.18788380808829,71.47639261617658,281.0480319905969,1,100.0,118.80560930937115,0.0,0.0,20.895035972698395,20.895035972698395,218.80560930937116,6.978225436356501,Stock OK
30,13,9677.4992,22,2200.0,730.1177764423072,0.0,0.0,95.07909166666627,944.8685083333328,2930.1177764423073,12,1200.0,1122.5882488050283,0.0,0.0,5.661568641621557,1687.3568973699457,2322.5882488050283,11,1100.0,1399.2006449052283,0.0,0.0,214.88112641922692,1076.6507465611496,2499.2006449052283,502.65967318127383,Stock OK
30,14,733.686,22,2200.0,155.64542067307679,0.0,0.0,92.60759166666656,164.4592083333332,2355.645420673077,3,300.0,336.1865956827108,0.0,0.0,107.59323522271512,107.59323522271512,636.1865956827107,3,300.0,387.2134596345156,0.0,0.0,121.80714874940821,121.80714874940821,687.2134596345156,53.89044501715425,Stock OK
30,16,1519.7703999999999,22,2200.0,93.882587139423,2168.545000000001,216.8545000000001,142.63314166666657,268.3330583333332,4462.427587139424,5,500.0,389.5232023778601,928.0021003200538,92.80021003200538,55.14734490398389,378.5392598719785,1817.525302697914,5,500.0,454.8235154013137,164.94525000000024,16.494525000000024,268.1006591241074,268.1006591241074,1119.7687654013139,73.29081186843081,Stock OK
30,21,981.2295999999999,22,2200.0,643.5793269230768,0.0,0.0,411.50320000000005,532.6104,2843.5793269230767,3,300.0,488.67417721984737,0.0,0.0,152.71829620576085,152.71829620576085,788.6741772198474,3,300.0,433.1281295249392,0.0,0.0,89.50974359304013,89.50974359304013,733.1281295249391,66.16207073550544,Stock OK
30,25,56.108,22,2200.0,0.27306196581196573,287.7091555555556,28.770915555555558,0.0,2.3771377777777776,2487.9822175213676,2,200.0,56.96412816675737,39.808701922409874,3.9808701922409875,40.38302314109235,40.38302314109235,296.7728300891672,2,200.0,72.14634647004523,24.926933333333334,2.4926933333333334,50.39647790992257,50.39647790992257,297.07327980337857,4.300920086578387,Stock OK
30,28,38.144400000000005,22,2200.0,59.12209134615385,0.0,0.0,37.73681666666666,44.335183333333326,2259.122091346154,1,100.0,145.05325388186168,0.0,0.0,45.846611699846804,45.846611699846804,245.05325388186168,1,100.0,171.13507504513922,0.0,0.0,52.9919762187779,52.9919762187779,271.1350750451392,9.617303165320026,Stock OK
30,32,64.8528,22,2200.0,0.0,460.22072727272723,46.02207272727272,0.0,1.6374545454545455,2660.2207272727273,2,200.0,44.8731760106673,106.04827423462811,10.604827423462812,22.028590758355367,22.028590758355367,350.92145024529543,1,100.0,69.4280004790626,76.59018181818182,7.6590181818181815,6.484288199290046,6.484288199290046,246.01818229724444,5.381964616597168,Stock OK
30,38,50743.185600000004,22,2200.0,11724.581562499994,0.0,0.0,6024.027883333332,10960.307316666665,13924.581562499994,21,2100.0,4232.854103745685,0.0,0.0,1245.7655364427123,5298.904807937504,6332.854103745685,21,2100.0,6121.364827073668,0.0,0.0,2175.236619068263,4244.0549403895475,8221.364827073667,3055.3258818568656,Stock OK
30,40,20188.8888,22,2200.0,2807.8907572115368,0.0,0.0,684.7974249999987,2499.9005749999988,5007.890757211537,16,1600.0,1704.4623350400184,1517.5280839279844,151.75280839279844,1118.839369675346,2347.7274120941825,4821.990418968003,15,1500.0,2407.5287014727733,0.0,0.0,613.5414991210256,1904.9540401296704,3907.5287014727733,1186.9974156098115,Stock OK
30,42,68.214,22,2200.0,0.564248798076923,182.86750000000006,18.286750000000005,0.0,4.3415,2383.431748798077,2,200.0,69.50996419398103,16.007683108461983,1.600768310846198,0.0,60.1009816891538,285.51764730244304,1,100.0,97.74970125114169,0.017499999999999183,0.0017499999999999183,10.228663220474953,10.228663220474953,197.7672012511417,5.644089371003561,Stock OK
30,46,4822.6431999999995,22,2200.0,1567.044579326923,0.0,0.0,1013.2301750000001,1520.6974250000003,3767.0445793269228,8,800.0,1176.290004467986,0.0,0.0,487.0106920157855,1136.789694446612,1976.290004467986,7,700.0,1113.161234583922,0.0,0.0,439.2623860671117,439.2623860671117,1813.161234583922,261.53831973840005,Stock OK
30,59,15.8992,22,2200.0,82.24968750000002,0.0,0.0,56.512850000000014,62.809550000000016,2282.2496875,1,100.0,150.67580837041857,0.0,0.0,65.92578092011072,65.92578092011072,250.67580837041857,1,100.0,205.4009388805752,0.0,0.0,77.83444557431929,77.83444557431929,305.4009388805752,11.867989799707807,Stock OK
30,60,465.48,22,2200.0,244.0432692307691,0.0,0.0,150.1533333333333,203.6866666666666,2444.043269230769,3,300.0,278.6878412570868,0.0,0.0,36.908774232783045,247.9531613491746,578.6878412570868,2,200.0,333.08755468789565,0.0,0.0,38.943230333552734,38.943230333552734,533.0875546878956,38.73568714135086,Stock OK
30,67,1105.6544,22,2200.0,275.48717948717973,345.42133333333317,34.54213333333332,197.73640000000023,308.0710666666669,2820.908512820513,4,400.0,381.9216257548399,503.83599999999996,50.383599999999994,19.178934471020042,322.16151262802674,1285.7576257548399,4,400.0,598.1496845943383,0.0,0.0,303.6803146520745,303.6803146520745,998.1496845943383,111.10800785298133,Stock OK
30,72,40.686,22,2200.0,25.136016775777414,0.0,0.0,11.356638297872337,15.882085106382974,2225.1360167757775,1,100.0,108.15128070363843,0.0,0.0,27.463165516630216,27.463165516630216,208.15128070363843,1,100.0,156.04466706026273,0.0,0.0,44.3187644757927,44.3187644757927,256.0446670602627,7.721671214400965,Stock OK
30,74,90.91839999999999,22,2200.0,250.85280048076922,0.0,0.0,175.17454166666664,198.3130583333333,2450.852800480769,1,100.0,208.98845367960445,0.0,0.0,82.53823397428727,82.53823397428727,308.98845367960445,1,100.0,108.92791083060675,0.0,0.0,32.984315579332005,32.984315579332005,208.92791083060675,9.74552816880907,Stock OK
30,79,5617.5012,22,2200.0,68.55304387019231,7078.776916666666,707.8776916666666,0.0,426.92378333333335,9347.329960536857,9,900.0,653.0476446123733,1028.8843425917912,102.88843425917912,489.6565402116632,489.6565402116632,2581.9319872041647,9,900.0,949.9582546493085,0.0,0.0,651.8956628525555,651.8956628525555,1849.9582546493084,300.2153907196768,Stock OK
30,80,5877.830400000001,22,2200.0,120.52874198717956,4062.57283333333,406.257283333333,0.0,475.7889666666667,6383.10157532051,9,900.0,754.901234728137,115.40133027491947,11.540133027491947,509.93413578006385,509.93413578006385,1770.3025650030563,9,900.0,986.3348714814985,0.0,0.0,287.19448197537673,968.6121609722989,1886.3348714814983,316.5294760681885,Stock OK
30,81,9635.7952,22,2200.0,683.3030408653857,0.0,0.0,173.2285083333341,1026.1870916666676,2883.303040865386,11,1100.0,1056.4883067174346,0.0,0.0,67.78382608082353,910.1979411889058,2156.4883067174346,11,1100.0,1356.602437427516,0.0,0.0,294.77924130881235,1159.8928979396935,2456.6024374275157,493.1089154527888,Stock OK
30,82,3580.0148,22,2200.0,1537.1813461538454,0.0,0.0,934.8499333333327,1327.446866666666,3737.1813461538454,6,600.0,910.1846201283224,0.0,0.0,438.0296704254895,438.0296704254895,1510.1846201283224,6,600.0,933.1712282078843,0.0,0.0,402.3787705021498,402.3787705021498,1533.1712282078843,230.58713779862313,Stock OK
30,83,1326.5915999999997,22,2200.0,229.18334134615372,0.0,0.0,180.13188333333326,311.1513166666666,2429.1833413461536,4,400.0,430.007577863459,120.18050000000017,12.018050000000017,202.61100415860685,202.61100415860685,950.1880778634592,4,400.0,534.9244399100804,0.0,0.0,287.39897956972766,287.39897956972766,934.9244399100804,74.95851130159181,Stock OK
30,85,33.714,22,2200.0,56.152451923076946,0.0,0.0,35.43680000000001,41.44991304347827,2256.152451923077,1,100.0,133.29015286854514,0.0,0.0,46.03692186696811,46.03692186696811,233.29015286854514,1,100.0,152.27299682348675,0.0,0.0,46.86065972204875,46.86065972204875,252.27299682348675,6.329282961642051,Stock OK
30,87,270.15760000000006,22,2200.0,120.25949519230764,0.0,0.0,74.54991666666666,104.52448333333334,2320.2594951923074,2,200.0,235.47581822785799,0.0,0.0,90.64496597352141,90.64496597352141,435.475818227858,2,200.0,267.1217703322711,0.0,0.0,98.45044475292562,98.45044475292562,467.1217703322711,24.787226818653387,Stock OK
30,90,31135.2728,22,2200.0,3055.31316105769,0.0,0.0,338.0784249999988,3074.8915749999987,5255.31316105769,20,2000.0,1781.6357259964477,780.7067928215884,78.07067928215884,209.7047245477179,3227.66996013278,4562.342518818036,19,1900.0,2458.0685910365387,0.0,0.0,899.2519068331435,2450.879961379429,4358.068591036539,1602.9717991711418,Stock OK
30,91,27205.07800000001,22,2200.0,2691.8265985576904,0.0,0.0,822.4879749999993,3259.667624999999,4891.826598557691,19,1900.0,1871.4183900231033,1364.3252500000017,136.43252500000017,794.8701256350737,3642.8402580627294,5135.743640023105,18,1800.0,2600.14817776871,0.0,0.0,1095.0021534864006,2544.6674875150125,4400.1481777687095,1436.6294250656308,Stock OK
30,92,46880.89,22,2200.0,4688.803533653836,0.0,0.0,350.02821666666114,4457.064583333327,6888.803533653836,21,2100.0,2772.4082736131145,1536.3785000000144,153.63785000000144,100.90941615311476,5646.492191083085,6408.786773613129,21,2100.0,3314.152110320315,780.8936672176151,78.08936672176151,1862.8785618732804,3794.9296821074404,6195.04577753793,2505.6699763208044,Stock OK
30,93,20616.736,22,2200.0,589.2990234374998,9092.498250000004,909.2498250000004,0.0,1713.69445,11881.797273437503,17,1700.0,1347.4272048502955,6273.061993510257,627.3061993510257,492.10294240753433,2880.235084815069,9320.489198360552,16,1600.0,2007.4495348650796,0.0,0.0,379.5880325072619,1607.973523007746,3607.44953486508,1085.3250209482999,Stock OK
30,94,22882.281199999998,22,2200.0,482.5449759615386,13513.816666666658,1351.3816666666658,0.0,1872.2521333333334,16196.361642628197,18,1800.0,1356.4475267997682,5738.708173939229,573.8708173939228,469.31248322943964,2965.4805664588794,8895.155700738997,17,1700.0,2342.584082082712,0.0,0.0,355.987313832475,1632.8554584470048,4042.584082082712,1182.8951313457046,Stock OK
30,95,40183.5624,22,2200.0,1864.610078125001,3432.0274999999833,343.20274999999833,0.0,3464.3791,7496.637578124984,22,2200.0,2447.973430171539,1563.6258621810998,156.36258621810998,822.1704700196251,4217.675387524531,6211.599292352639,21,2100.0,2745.655735682769,0.0,0.0,1026.5450584723199,2741.4754779233826,4845.655735682769,2030.3854719947442,Stock OK
30,96,17324.5484,22,2200.0,342.7736398237179,4383.37483333333,438.337483333333,0.0,1468.3661666666667,6926.148473157047,15,1500.0,1295.6481844904479,589.1131530564473,58.911315305644735,411.06505102661697,1516.3616857209722,3384.7613375468954,15,1500.0,1858.9502775218548,0.0,0.0,377.39936952093956,1484.4992637724354,3358.950277521855,906.8855067676396,Stock OK
30,97,11507.446,22,2200.0,1101.4841947115387,0.0,0.0,214.09287500000073,1233.357125000001,3301.4841947115387,12,1200.0,1298.7917327222558,0.0,0.0,151.17744812492288,1072.0617274999158,2498.791732722256,12,1200.0,1455.8121986714882,0.0,0.0,360.58120980696276,1300.5021947894138,2655.812198671488,591.622360956624,Stock OK
30,98,2880.4148000000005,22,2200.0,312.70074519230786,0.0,0.0,7.775316666666839,258.92228333333355,2512.7007451923077,7,700.0,609.7616197574226,48.58047801520286,4.858047801520286,243.85470219847952,700.9698695979728,1358.3420977726255,6,600.0,725.6336461474554,0.0,0.0,380.76047928517687,380.76047928517687,1325.6336461474552,194.31693470027693,Stock OK
31,1,13147.953600000003,22,2200.0,6533.067091346151,0.0,0.0,3324.167616666666,4756.525983333333,8733.06709134615,12,1200.0,1849.7176998733712,828.1327685364658,82.81327685364658,0.0,2183.3205546292706,3877.850468409837,12,1200.0,3457.113054957641,0.0,0.0,1368.7154823398496,2493.0910761889268,4657.113054957641,1542.4053031113199,Stock OK
31,2,52209.69360000001,22,2200.0,6114.846177884619,0.0,0.0,2737.435583333335,7515.446816666668,8314.846177884618,21,2100.0,3392.7949225744082,1260.7514999999921,126.07514999999921,941.184304953299,4928.81786190576,6753.546422574401,21,2100.0,4745.958789504454,0.0,0.0,1364.511883166963,3382.2157367829177,6845.958789504454,2640.039927050584,Stock OK
31,3,11990.977600000002,22,2200.0,1667.9906270032054,30102.16533333333,3010.2165333333332,820.6760916666669,1672.9749750000003,33970.15596033654,11,1100.0,1290.5989366321373,29243.799963538666,2924.3799963538668,632.7335190974222,1474.821798871778,31634.398900170803,13,1300.0,1269.0930563764352,4346.554988505372,434.65549885053724,281.28207045978525,1035.5074880747316,6915.648044881807,373.30305774737616,Stock OK
31,4,31275.789599999993,22,2200.0,3474.8895192307677,0.0,0.0,1482.1405666666662,4330.656233333333,5674.889519230768,20,2000.0,2127.1217468066443,0.0,0.0,707.4272604372347,3786.3654115969275,4127.121746806644,19,1900.0,2808.7202800010587,0.0,0.0,954.2807504389332,2507.4639087966516,4708.720280001058,1528.9396344751926,Stock OK
31,5,11864.9532,22,2200.0,10517.937151442307,0.0,0.0,6443.868091666665,8035.939508333331,12717.937151442307,10,1000.0,2875.4823720716845,0.0,0.0,881.3814235636415,2032.295590070713,3875.4823720716845,10,1000.0,2719.416902673147,0.0,0.0,529.1788437191871,1640.9593902435413,3719.416902673147,1234.630636360857,Stock OK
31,6,1703.6040000000003,22,2200.0,2051.3588100961533,0.0,0.0,1472.6866083333325,1748.8857916666657,4251.358810096153,4,400.0,927.9629646426091,0.0,0.0,628.1836350806349,628.1836350806349,1327.9629646426092,4,400.0,953.4516132169156,0.0,0.0,476.5904525079767,476.5904525079767,1353.4516132169156,174.12292776239792,Stock OK
31,7,15839.404799999998,22,2200.0,8076.028149038464,0.0,0.0,5624.266883333334,7490.673116666667,10276.028149038464,12,1200.0,3093.8122234348793,0.0,0.0,667.6787273287102,1913.812743449502,4293.812223434879,14,1400.0,3442.2919463376747,0.0,0.0,881.6984331012434,1952.5825779551851,4842.291946337675,1576.8013292626897,Stock OK
31,8,21907.7772,22,2200.0,3596.8302403846155,0.0,0.0,1623.315799999999,3669.4977999999987,5796.8302403846155,17,1700.0,1924.4013432657778,0.0,0.0,733.0381612959022,3342.5771428020225,3624.4013432657775,16,1600.0,2204.7793852095815,0.0,0.0,832.5196920913272,2143.9212848974157,3804.7793852095815,1135.0043113932675,Stock OK
31,9,10060.977999999997,22,2200.0,477.15214342948707,6161.226333333338,616.1226333333337,643.8699999999997,1521.1504666666663,8838.378476762824,11,1100.0,1136.7604328551733,2330.127997436402,233.0127997436402,885.6988001464911,885.6988001464911,4566.888430291576,12,1200.0,1677.298980156456,0.0,0.0,423.94349454754706,1257.4890213245967,2877.2989801564563,499.8499284231293,Stock OK
31,10,18295.3956,22,2200.0,1770.7084134615377,0.0,0.0,1055.476533333333,2738.161066666666,3970.708413461538,15,1500.0,1703.1902192439468,3802.306137982486,380.23061379824856,1173.8469396513142,2357.060162926533,7005.496357226432,16,1600.0,2601.173822391261,0.0,0.0,818.2108568339116,1924.1828339561725,4201.173822391262,847.8744215449105,Stock OK
31,11,10214.565600000002,22,2200.0,844.337600160256,66.77566666666905,6.677566666666905,729.2107333333333,1680.2628,3111.113266826925,11,1100.0,1372.9183351831623,170.6217296983715,17.06217296983715,1013.977005413768,1013.977005413768,2643.540064881534,11,1100.0,1665.9628770375891,0.0,0.0,607.7586432518412,607.7586432518412,2765.9628770375894,548.7726258528262,Stock OK
31,12,2515.3591999999994,22,2200.0,139.5590204326923,194.1157499999997,19.41157499999997,55.04006666666666,276.86508333333336,2533.6747704326917,6,600.0,607.4418730376509,244.88028585229415,24.488028585229415,419.4820928295412,419.4820928295412,1452.322158889945,6,600.0,675.6773645793003,0.0,0.0,397.47330253536427,397.47330253536427,1275.6773645793003,130.7157327305411,Stock OK
31,13,38802.5452,22,2200.0,3309.0135096153804,0.0,0.0,455.77913333333095,3869.546466666664,5509.013509615381,22,2200.0,2764.37073358417,0.0,0.0,24.21457175431442,5080.130887517462,4964.37073358417,21,2100.0,3432.421287640028,0.0,0.0,553.5651060157177,2265.3380713165034,5532.421287640028,1918.749646945241,Stock OK
31,14,14215.7272,22,2200.0,4210.265444711541,0.0,0.0,2336.599041666668,3775.931758333335,6410.265444711541,13,1300.0,1960.5241183561423,0.0,0.0,1075.0491392700596,2169.363911292565,3260.524118356142,12,1200.0,1834.3957557305043,0.0,0.0,970.9776043564761,970.9776043564761,3034.3957557305043,803.1576249652851,Stock OK
31,16,7381.142,22,2200.0,671.0374188701925,11583.736999999997,1158.3736999999996,1297.3092083333336,1951.2289916666668,14454.77441887019,9,900.0,1023.3285169723283,8094.153572837748,809.4153572837747,1047.5987870067884,1047.5987870067884,10017.482089810075,8,800.0,1494.1166658288462,1493.3232499999986,149.33232499999986,560.1803647338538,560.1803647338538,3787.4399158288447,299.5685591515295,Stock OK
31,17,6635.587599999999,22,2200.0,1666.8692788461542,0.0,0.0,879.599533333334,1533.0940666666675,3866.869278846154,9,900.0,1049.1890763223,42.94581607088048,4.294581607088048,247.8704551787361,985.2356643751921,1992.1348923931805,9,900.0,1281.3719750758805,0.0,0.0,94.94768858297368,813.7343746558454,2181.3719750758805,430.4540058281409,Stock OK
31,19,34.89319999999999,22,2200.0,5.183554687499997,5.807333333333342,0.5807333333333342,5.091324999999998,8.517741666666664,2210.990888020833,1,100.0,84.94858644574501,9.235750000000005,0.9235750000000005,24.562683643610452,24.562683643610452,194.184336445745,1,100.0,110.27228250078666,0.0,0.0,32.42770702032724,32.42770702032724,210.27228250078667,6.794750065129844,Stock OK
31,20,6000.1848,22,2200.0,103.88874999999994,4679.224000000002,467.92240000000015,84.44340000000003,572.8526,6983.112750000002,9,900.0,815.6328404012754,1038.5416970686026,103.85416970686026,573.4316605862798,573.4316605862798,2754.174537469878,9,900.0,1025.7963234699312,0.0,0.0,584.5400802121626,584.5400802121626,1925.7963234699312,293.00600709392666,Stock OK
31,21,3309.6376,22,2200.0,1699.490781249999,0.0,0.0,1095.6250416666662,1478.691358333333,3899.4907812499987,6,600.0,868.5049566233157,0.0,0.0,87.6873995005073,652.2325044006088,1468.5049566233156,6,600.0,871.6760634376823,0.0,0.0,543.7695600296574,543.7695600296574,1471.6760634376824,201.1271058850115,Stock OK
31,22,6768.685600000001,22,2200.0,2569.4213581730774,0.0,0.0,1372.3666083333337,2080.284191666667,4769.421358173077,9,900.0,1291.468520856877,0.0,0.0,432.8320900389604,1200.2872544188306,2191.468520856877,8,800.0,1417.0205536945628,0.0,0.0,533.5157443242183,533.5157443242183,2217.0205536945628,459.669725335335,Stock OK
31,23,18456.58,22,2200.0,1795.6001802884593,0.0,0.0,1095.1766249999987,2795.329374999999,3995.6001802884593,15,1500.0,2075.2399675541424,33.223460146584785,3.3223460146584785,747.7164768094445,1937.0554057947866,3608.463427700727,15,1500.0,1941.6860088570916,0.0,0.0,327.4595753978973,1487.017464712033,3441.6860088570916,990.5508177656129,Stock OK
31,24,4439.4896,22,2200.0,603.4180408653843,2448.4562500000034,244.84562500000035,0.0,364.75165,5251.874290865388,7,700.0,715.5516478483,4029.274303202858,402.9274303202858,366.7545210097859,366.7545210097859,5444.825951051158,9,900.0,788.085162686876,959.6380314823722,95.96380314823722,220.4021931110578,722.5022574814104,2647.723194169248,250.72115813507125,Stock OK
31,25,7476.17,22,2200.0,2393.4715264423085,0.0,0.0,1525.2596916666669,2307.9927083333337,4593.4715264423085,9,900.0,1438.6843640194961,0.0,0.0,153.8545300993224,960.8451557367375,2338.684364019496,9,900.0,1623.1086148470808,0.0,0.0,876.8550611026249,876.8550611026249,2523.108614847081,501.57880414042233,Stock OK
31,26,5534.2883999999995,22,2200.0,2631.5882211538456,0.0,0.0,1102.4052999999994,1679.5090999999993,4831.588221153846,8,800.0,1057.0012987307769,1880.8772798856444,188.08772798856444,369.9568286685726,1062.8856573371452,3737.8785786164212,8,800.0,1232.013361661658,0.0,0.0,847.02207960845,847.02207960845,2032.013361661658,427.082384765195,Stock OK
31,27,782.2016,22,2200.0,705.790889423077,0.0,0.0,388.4903500000001,490.2896500000001,2905.790889423077,3,300.0,470.44222481308503,0.0,0.0,243.57991104448664,243.57991104448664,770.442224813085,3,300.0,467.6927781552218,0.0,0.0,271.31978595704595,271.31978595704595,767.6927781552217,82.07779916499659,Stock OK
31,28,335.1708,22,2200.0,368.6542668269231,0.0,0.0,199.07952499999996,245.53607499999995,2568.654266826923,2,200.0,302.2213886332271,0.0,0.0,127.7154980389499,127.7154980389499,502.2213886332271,2,200.0,326.4988018405815,0.0,0.0,165.67633750606078,165.67633750606078,526.4988018405816,42.97252665710982,Stock OK
31,29,3715.2715999999996,22,2200.0,852.9641586538451,0.0,0.0,450.7686166666658,813.0329833333324,3052.964158653845,7,700.0,768.1593972696708,0.0,0.0,122.1410869367937,671.1437764262594,1468.1593972696708,7,700.0,763.016137677245,0.0,0.0,167.4733946693743,724.0314687809367,1463.0161376772448,229.08994203053666,Stock OK
31,30,2776.0676,22,2200.0,176.64441606570506,456.265166666667,45.6265166666667,204.24832499999997,459.4387083333333,2832.909582732372,6,600.0,659.8227775307842,0.0,0.0,371.3992155049522,371.3992155049522,1259.8227775307842,6,600.0,735.224260866727,0.0,0.0,426.75277503627984,426.75277503627984,1335.224260866727,147.39748574979612,Stock OK
31,31,2402.07,22,2200.0,327.0872375801281,2722.404500000002,272.2404500000002,12.443733333333284,198.7283666666666,5249.491737580131,6,600.0,464.46636633520296,2088.896848136669,208.88968481366692,54.67757679088885,448.36376518633324,3153.363214471872,7,700.0,570.9741871701152,0.0,0.0,360.6744317762868,360.6744317762868,1270.9741871701153,155.63635640445605,Stock OK
31,32,4604.249999999999,22,2200.0,1601.0865745192314,0.0,0.0,1113.3102250000004,1610.4893750000003,3801.0865745192314,7,700.0,1046.9915702634362,0.0,0.0,643.6292952992234,643.6292952992234,1746.9915702634362,7,700.0,1103.190958515203,0.0,0.0,627.2418526523389,627.2418526523389,1803.190958515203,335.70342466781744,Stock OK
31,33,4418.7704,22,2200.0,644.354359975962,786.6377499999967,78.66377499999967,175.8002000000002,568.4877500000002,3630.9921099759586,8,800.0,782.3451137827143,1484.2587865520204,148.42587865520204,319.8223972585983,891.4131963447978,3066.6039003347346,8,800.0,838.6722778068652,0.0,0.0,368.5155564557221,368.5155564557221,1638.6722778068652,257.6369672171606,Stock OK
31,34,11344.124800000001,22,2200.0,2097.5624639423104,0.0,0.0,1208.1763750000023,2299.6808250000026,4297.56246394231,12,1200.0,1723.5585851147007,0.0,0.0,775.6857618350207,1728.64520609275,2923.5585851147007,11,1100.0,2194.118300918788,0.0,0.0,872.5021245840626,872.5021245840626,3294.118300918788,672.3678823425538,Stock OK
31,35,1402.8608,22,2200.0,612.2163221153844,0.0,0.0,396.51544999999976,552.9829499999997,2812.216322115384,4,400.0,589.0410696028063,0.0,0.0,275.06439658625317,275.06439658625317,989.0410696028063,4,400.0,668.2757293674111,0.0,0.0,239.7989306947385,239.7989306947385,1068.2757293674113,112.3066954559108,Stock OK
31,36,1250.5024,22,2200.0,633.0181009615387,3793.642749999999,379.3642749999999,689.6804000000001,825.4037500000001,6626.660850961538,4,400.0,501.2681523402763,1634.9254386451212,163.49254386451213,124.69046227097567,460.7288934064635,2536.1935909853973,3,300.0,467.88371508418317,1307.7097499999995,130.77097499999996,266.8495125085019,266.8495125085019,2075.5934650841828,87.04694618026507,Stock OK
31,37,2254.8799999999997,22,2200.0,860.6521634615387,0.0,0.0,592.0906666666667,839.6533333333334,3060.6521634615387,5,500.0,681.9698169044034,0.0,0.0,385.67167376339233,385.67167376339233,1181.9698169044034,5,500.0,688.2115958299087,0.0,0.0,349.1344070277128,349.1344070277128,1188.2115958299087,127.38173166865369,Stock OK
31,38,66594.3952,22,2200.0,14804.387403846147,0.0,0.0,8133.2480333333315,14631.303966666665,17004.387403846147,22,2200.0,5738.479387374376,0.0,0.0,1281.7613343826456,8257.250050508563,7938.479387374376,21,2100.0,7308.199842634135,0.0,0.0,2991.2594037370686,5384.802231886551,9408.199842634134,4027.4798890373468,Stock OK
31,40,49821.21280000001,22,2200.0,6860.297139423069,0.0,0.0,2361.5157166666604,6899.144283333327,9060.29713942307,21,2100.0,3074.169312519496,0.0,0.0,1674.5731397106142,5560.602973598494,5174.169312519496,21,2100.0,4209.275239182318,0.0,0.0,1613.26103383898,3641.807896740752,6309.275239182318,2590.915218603639,Stock OK
31,41,1172.1863999999998,22,2200.0,830.8296874999999,0.0,0.0,377.39221666666657,512.1381833333332,3030.8296874999996,4,400.0,506.2685940537932,127.76870622703413,12.776870622703413,47.188289688648354,382.0145793772967,1034.0373002808274,5,500.0,504.646209593018,0.0,0.0,69.43072852853726,329.30527316067156,1004.646209593018,129.41611809367228,Stock OK
31,42,4877.7952000000005,22,2200.0,371.7915745192303,0.0,0.0,73.78145833333303,504.3533416666663,2571.7915745192304,8,800.0,769.9843758370879,422.411402195676,42.2411402195676,0.0,598.5280335400618,1992.395778032764,8,800.0,1134.3414556324292,0.0,0.0,620.2473554340529,620.2473554340529,1934.3414556324292,279.1804164345362,Stock OK
31,44,1819.0000000000005,22,2200.0,1060.0881971153842,0.0,0.0,562.6143499999998,769.7112499999998,3260.088197115384,5,500.0,591.8129514875008,0.0,0.0,152.0290203605587,567.1249379506984,1091.8129514875009,5,500.0,601.2201105938037,0.0,0.0,398.8147138447283,398.8147138447283,1101.2201105938038,158.54461190896285,Stock OK
31,46,22543.794,22,2200.0,2138.723593750002,0.0,0.0,1696.599258333334,3804.4595416666675,4338.723593750002,17,1700.0,2077.668143459471,2030.2119910628994,203.02119910628994,685.3435638405653,3333.920355805135,5807.880134522371,16,1600.0,2717.2808870026447,0.0,0.0,689.4987708457401,2027.598927235456,4317.280887002645,1061.1288309491736,Stock OK
31,49,7390.271600000001,22,2200.0,1073.7287980769233,0.0,0.0,294.8119333333336,963.0800666666671,3273.7287980769233,10,1000.0,863.6972350071882,596.1369573477793,59.613695734777934,382.62546303315276,1128.2789260663055,2459.834192354968,9,900.0,1817.121215952878,0.0,0.0,770.2411234432448,770.2411234432448,2717.1212159528777,596.3298576842747,Stock OK
31,52,563.1548,22,2200.0,203.32262019230777,0.0,0.0,103.70145000000002,161.68895000000003,2403.3226201923076,3,300.0,289.91223903143157,0.0,0.0,182.77288181369457,182.77288181369457,589.9122390314316,3,300.0,366.94745178883466,0.0,0.0,162.40182990426612,162.40182990426612,666.9474517888347,47.48285537544811,Stock OK
31,55,4934.3216,22,2200.0,4444.654110576924,0.0,0.0,2791.6103166666667,3463.430483333333,6644.654110576924,7,700.0,1537.4544085321577,0.0,0.0,559.2037447407308,1306.8362605308525,2237.4544085321577,7,700.0,1282.2754531059086,0.0,0.0,219.98306279760868,911.0787982638768,1982.2754531059086,406.59180623669084,Stock OK
31,56,970.4588,22,2200.0,1159.3338581730766,0.0,0.0,808.6477416666663,963.3526583333329,3359.333858173077,3,300.0,673.0473628055059,0.0,0.0,337.90262869486554,337.90262869486554,973.0473628055059,3,300.0,742.8551606644238,0.0,0.0,539.4899236728006,539.4899236728006,1042.8551606644237,158.33193766996078,Stock OK
31,58,2760.7999999999997,22,2200.0,377.1819911858975,4377.854166666667,437.7854166666667,279.19583333333344,505.47500000000014,6955.036157852564,6,600.0,531.0090251369834,2674.983393032358,267.4983393032358,15.588607131176161,449.48291069676424,3805.9924181693414,7,700.0,1040.3937600753982,294.6321351079291,29.46321351079291,449.89071531894274,449.89071531894274,2035.0258951833273,246.56070946604274,Stock OK
31,59,171.9204,22,2200.0,407.2055528846155,0.0,0.0,287.08408333333347,326.99751666666685,2607.2055528846154,1,100.0,319.6418648774774,0.0,0.0,70.18030872529539,70.18030872529539,419.6418648774774,1,100.0,307.383116301887,0.0,0.0,55.96914138158499,55.96914138158499,407.383116301887,49.72443316487234,Stock OK
31,60,240.48,22,2200.0,22.915228690228698,84.84324324324317,8.484324324324316,3.3950270270270355,23.863783783783795,2307.758471933472,2,200.0,179.38027680469082,7.978011838497885,0.7978011838497885,52.01906368101506,52.01906368101506,387.3582886431887,2,200.0,234.02465464758518,0.0,0.0,74.8871461133448,74.8871461133448,434.0246546475852,18.79910511973655,Stock OK
31,67,4901.806799999999,22,2200.0,1957.3887499999994,0.0,0.0,1440.8203999999992,1992.353199999999,4157.388749999999,7,700.0,1184.7577518778019,0.0,0.0,667.3158035442524,667.3158035442524,1884.7577518778019,7,700.0,1516.6956577432686,0.0,0.0,671.8754288370997,671.8754288370997,2216.6956577432684,442.2574177460766,Stock OK
31,71,4292.2476,22,2200.0,1695.1218509615376,0.0,0.0,1128.388183333333,1599.7478166666665,3895.1218509615373,7,700.0,940.0143112466651,0.0,0.0,172.20635170193526,798.4421019855911,1640.014311246665,7,700.0,1119.781767354803,0.0,0.0,701.6620422019687,701.6620422019687,1819.781767354803,297.83011655293956,Stock OK
31,72,33636.146,22,2200.0,20117.980865384605,0.0,0.0,11005.845066666663,14887.75733333333,22317.980865384605,18,1800.0,4824.079079808378,0.0,0.0,941.1352352826373,4535.436839692967,6624.079079808378,17,1700.0,4733.849133536026,0.0,0.0,1710.2118648902826,3446.887715766182,6433.849133536026,2897.7540208684513,Stock OK
31,74,12653.0888,22,2200.0,2570.7523798076927,0.0,0.0,1493.3828166666665,2723.510783333333,4770.752379807693,12,1200.0,1516.0314414383124,0.0,0.0,320.42030311289375,1332.0854988504295,2716.0314414383124,12,1200.0,2082.7649658409964,0.0,0.0,659.9130947813994,1702.4412715797084,3282.7649658409964,709.5051300169048,Stock OK
31,79,31897.1772,22,2200.0,3635.8370913461595,0.0,0.0,1773.1472500000052,4701.001550000005,5835.8370913461595,19,1900.0,2640.612075577645,1383.3653395072088,138.33653395072088,726.638083209856,3848.1600053497596,5923.977415084853,19,1900.0,3438.743573048131,0.0,0.0,1312.0278191083141,2912.995795169887,5338.743573048131,1723.8436809434097,Stock OK
31,80,16880.728,22,2200.0,3205.5545913461538,0.0,0.0,1494.4638166666673,3092.306583333334,5405.554591346154,14,1400.0,1471.8153229087807,0.0,0.0,505.0146253820584,1658.0129696422168,2871.8153229087807,14,1400.0,2443.332291880316,0.0,0.0,613.974370070324,1775.3542331526564,3843.332291880316,901.3652885255424,Stock OK
31,81,22297.287200000002,22,2200.0,3575.3467788461576,0.0,0.0,1927.0825333333357,4033.549466666669,5775.346778846158,17,1700.0,2290.8782750974888,0.0,0.0,720.1726385670852,3367.8738970426966,3990.8782750974888,16,1600.0,2788.800443647051,0.0,0.0,984.4409335446992,2325.909449114346,4388.800443647051,1113.2443902346085,Stock OK
31,82,15737.836,22,2200.0,3091.867584134612,0.0,0.0,1783.174724999997,3306.740874999997,5291.867584134612,14,1400.0,1862.0200857599546,0.0,0.0,58.07995253589331,2309.8410737918757,3262.020085759955,13,1300.0,2411.4961357422744,0.0,0.0,470.55881592111814,1630.8126151645447,3711.4961357422744,979.887354119186,Stock OK
31,83,8097.265600000001,22,2200.0,199.3714963942307,4746.108499999999,474.6108499999999,23.698125000000005,688.598375,7145.47999639423,11,1100.0,640.2987379486333,2042.9178966131633,204.29178966131633,542.0980437165788,1285.870191622105,3783.2166345617966,10,1000.0,1391.8189860527045,0.0,0.0,765.1263183606079,765.1263183606079,2391.8189860527045,414.65001982569675,Stock OK
31,85,975.9143999999998,22,2200.0,348.401189903846,0.0,0.0,243.5894916666665,349.63330833333316,2548.401189903846,4,400.0,438.1499050724033,0.0,0.0,74.24957951517968,371.28233102023955,838.1499050724033,4,400.0,432.82019846161563,0.0,0.0,49.27085435614458,337.9773641415261,832.8201984616156,75.74835343285642,Stock OK
31,87,8352.671199999999,22,2200.0,217.78243189102568,4111.543416666665,411.1543416666664,0.0,690.5666833333333,6529.32584855769,11,1100.0,724.7725245537081,2226.4409153676215,222.64409153676218,485.74033385295184,1243.7320755845708,4051.2134399213296,11,1100.0,1223.546341605419,0.0,0.0,401.32794538138444,1173.142857419523,2323.546341605419,455.9783216426584,Stock OK
31,90,78059.65359999999,22,2200.0,13194.095024038466,0.0,0.0,5716.330316666672,13001.198483333339,15394.095024038466,21,2100.0,4702.268662827597,0.0,0.0,1801.1824829514803,9186.91825076771,6802.268662827597,21,2100.0,6111.049437682029,0.0,0.0,1984.5930912671506,4453.055392740977,8211.049437682028,3911.6124516853515,Stock OK
31,91,61361.0176,22,2200.0,9954.749567307677,0.0,0.0,4778.604266666656,10529.875733333321,12154.749567307677,21,2100.0,3890.8440664700056,0.0,0.0,1952.8273700622972,6327.7823916672805,5990.844066470006,21,2100.0,5793.162348224281,0.0,0.0,2426.654942754459,4633.085556464637,7893.162348224281,3164.247830828356,Stock OK
31,92,114237.55320000001,22,2200.0,17216.28050480771,0.0,0.0,5707.577516666678,16137.588883333345,19416.28050480771,21,2100.0,5614.938826676841,0.0,0.0,1564.847463835822,13348.069065463565,7714.938826676841,21,2100.0,8337.7964438564,0.0,0.0,3535.6844612885207,6539.455655738183,10437.7964438564,6011.416324103454,Stock OK
31,93,55681.171599999994,22,2200.0,1955.2027483974343,8910.81833333335,891.081833333335,58.284316666666655,4827.70815,13066.021081730785,22,2200.0,2872.572074695289,3840.504033291795,384.0504033291795,1657.6209084061584,5641.669416812317,8913.076107987083,21,2100.0,3946.49465946174,0.0,0.0,1958.3296797210924,3977.744300909936,6046.4946594617395,2714.6259320246945,Stock OK
31,94,63273.3292,22,2200.0,7092.262127403844,0.0,0.0,3438.116174999998,9239.111424999997,9292.262127403843,22,2200.0,4120.43959941579,0.0,0.0,2547.9094766752783,6941.736076804145,6320.43959941579,21,2100.0,5457.195020960405,0.0,0.0,1935.5334415480088,4108.893817184471,7557.195020960405,3167.4667681198994,Stock OK
31,95,96526.3388,22,2200.0,10037.449627403852,0.0,0.0,4887.634608333337,13706.24099166667,12237.449627403852,22,2200.0,5204.844815691064,0.0,0.0,3380.1173894635713,11506.23113456953,7404.844815691064,21,2100.0,7694.690525241631,0.0,0.0,2520.450256184412,5202.290239971425,9794.69052524163,4688.940418135358,Stock OK
31,96,27301.1468,22,2200.0,1461.0018028846168,0.0,0.0,1041.311216666668,3505.872783333335,3661.001802884617,18,1800.0,2277.900743190874,4601.411934105101,460.14119341051014,1199.1910640842873,2631.1530829474505,8679.312677295975,18,1800.0,3034.4347774299104,0.0,0.0,467.5119896858671,1883.5011920203299,4834.43477742991,1456.4245666027264,Stock OK
31,97,27514.097999999998,22,2200.0,4723.592728365387,0.0,0.0,2300.5530250000033,4893.131375000004,6923.592728365387,18,1800.0,2410.99688581818,1468.0697882893764,146.80697882893764,1489.1610706387614,2957.8425157452216,5679.0666741075565,18,1800.0,2941.814600272061,0.0,0.0,1378.984703928459,2849.8208909242508,4741.8146002720605,1465.2176897125034,Stock OK
31,98,8175.7972,22,2200.0,3041.981201923076,0.0,0.0,1590.5823999999989,2439.8327999999988,5241.981201923076,10,1000.0,1518.1319725904373,0.0,0.0,663.3069462370543,1503.8878958189491,2518.1319725904373,9,900.0,1446.3909174199364,0.0,0.0,604.2743065538991,604.2743065538991,2346.390917419936,576.5511427123739,Stock OK
32,1,19003.297599999998,22,2200.0,7992.402007211544,0.0,0.0,3034.545891666668,4950.880108333335,10192.402007211544,15,1500.0,2626.8569633885263,0.0,0.0,286.1944815330878,2811.57767484587,4126.856963388526,14,1400.0,3839.135319201613,0.0,0.0,1819.1944533123374,3101.1937910489332,5239.135319201613,2523.5783083276565,Stock OK
32,2,47054.3728,22,2200.0,2007.5845592948729,6101.960333333327,610.1960333333327,0.0,4038.6240666666667,10309.5448926282,21,2100.0,2410.390376792896,6689.591176137351,668.9591176137351,0.0,5499.201488507218,11199.981552930247,21,2100.0,3100.9003327337687,0.0,0.0,927.0397747779662,2749.7996215074427,5200.900332733769,2201.590601169641,Stock OK
32,3,18401.3756,22,2200.0,1816.899299879808,50511.93708333333,5051.193708333333,845.5045500000001,2079.9120666666668,54528.836383213136,14,1400.0,1506.4115182025453,44513.91096372093,4451.391096372094,1076.1313959667764,2089.554828627906,47420.322481923475,14,1400.0,1375.5366813933285,0.0,0.0,547.3810332232867,547.3810332232867,2775.5366813933288,545.9697910106104,Stock OK
32,4,25647.918800000003,22,2200.0,2261.6594110576893,0.0,0.0,617.8483249999986,2901.8280749999985,4461.65941105769,18,1800.0,1986.8167241051,306.16230659097255,30.616230659097255,1243.2219464181683,2621.725175286349,4092.9790306960726,18,1800.0,2207.154124918182,0.0,0.0,1030.591545448158,2398.388058415697,4007.154124918182,1250.0028827192996,Stock OK
32,5,15283.146,22,2200.0,8636.091213942313,0.0,0.0,4520.232541666671,6242.265458333338,10836.091213942313,13,1300.0,2585.1308688487484,0.0,0.0,466.5467508443804,2860.481910088813,3885.1308688487484,13,1300.0,2590.5180598284032,0.0,0.0,572.5427927395571,1678.5960775511867,3890.5180598284032,1313.4539029618495,Stock OK
32,6,3284.0296,22,2200.0,1355.2467067307696,0.0,0.0,903.9388166666671,1268.1099833333337,3555.24670673077,6,600.0,795.0558398134243,0.0,0.0,564.9010339915761,564.9010339915761,1395.0558398134244,7,700.0,934.2945821507071,0.0,0.0,239.56864915661842,735.7922323493882,1634.2945821507071,255.58364248776076,Stock OK
32,7,18722.0876,22,2200.0,9093.601454326921,0.0,0.0,7139.0562416666635,9387.851358333332,11293.601454326921,13,1300.0,3401.1737298802573,0.0,0.0,1065.2345169655434,2433.078637129339,4701.173729880257,15,1500.0,3583.906793598847,0.0,0.0,699.0543967975525,1845.3364912116633,5083.906793598847,1444.9821775071696,Stock OK
32,8,20974.575999999997,22,2200.0,4116.311706730775,0.0,0.0,1863.860883333337,3849.8119166666706,6316.311706730775,16,1600.0,2073.416135854041,0.0,0.0,0.2669453307295271,2571.1121446636907,3673.416135854041,15,1500.0,2088.0517415816234,0.0,0.0,133.37959229342857,1428.3102381715307,3588.0517415816234,1059.1168673892257,Stock OK
32,9,26352.093999999997,22,2200.0,147.33739983974363,74858.26583333331,7485.826583333332,13.627391666666767,1655.357375,77205.60323317305,20,2000.0,547.2903159665112,24150.24837002485,2415.0248370024847,731.3107329219299,1900.036255075585,26697.53868599136,20,2000.0,1913.4368586280302,4053.370249999998,405.3370249999998,1037.2480494106712,2103.3963124285265,7966.807108628029,1152.9904649988948,Stock OK
32,10,23511.203999999998,22,2200.0,571.1988381410257,18445.79933333332,1844.579933333332,0.0,1884.0542666666668,21216.998171474348,18,1800.0,1473.4840552310516,6529.363397370731,652.9363397370731,0.0,2504.023282532866,9802.847452601782,19,1900.0,2583.2829776780536,0.0,0.0,930.0648400907728,2130.9085867624826,4483.282977678054,1537.0157985357682,Stock OK
32,11,14043.000799999998,22,2200.0,598.229647435898,5280.389333333329,528.0389333333329,222.47966666666707,1417.0398000000005,8078.618980769227,14,1400.0,1313.1152041317168,856.0295957590438,85.60295957590438,794.5623909542145,1791.4947010602382,3569.1447998907606,14,1400.0,1545.998491289777,608.9219999999978,60.892199999999775,268.6699593054576,1227.049833098185,3554.920491289775,733.8726914905683,Stock OK
32,12,3085.6236,22,2200.0,50.84272936698713,1916.541583333337,191.6541583333337,0.0,251.64951666666664,4167.384312700324,7,700.0,525.3852230365338,249.00750920763883,24.900750920763883,62.18514815847253,519.7574351980907,1474.3927322441725,7,700.0,672.4257683329804,0.0,0.0,428.04181630283705,428.04181630283705,1372.4257683329804,176.78856712710305,Stock OK
32,13,27027.6632,22,2200.0,2745.6033173076885,0.0,0.0,484.51973333333103,2876.8834666666644,4945.6033173076885,19,1900.0,1731.6489202477287,247.51518702970088,24.75151870297009,569.7760745636494,3391.439857606082,3879.1641072774296,18,1800.0,2180.609863997521,0.0,0.0,370.29484297619047,1770.848516092437,3980.609863997521,1311.1656628733822,Stock OK
32,14,12733.269600000001,22,2200.0,4238.282860576921,0.0,0.0,2353.9050833333317,3665.833316666665,6438.282860576921,12,1200.0,1996.7228751601108,0.0,0.0,726.9871327601172,1771.7475311928551,3196.7228751601106,12,1200.0,1810.937394438311,0.0,0.0,893.1632678571982,893.1632678571982,3010.937394438311,738.3096472594793,Stock OK
32,16,13737.7196,22,2200.0,1318.9839543269222,28492.95700000001,2849.295700000001,2639.0203499999993,3815.3198499999994,32011.940954326932,13,1300.0,1309.879297394291,10306.449495452107,1030.6449495452107,928.7726004547895,1918.0557671972547,12916.328792846398,11,1100.0,2605.1663779520236,8052.239500000005,805.2239500000005,1233.8328826217366,1233.8328826217366,11757.40587795203,708.1375589006432,Stock OK
32,17,9831.6368,22,2200.0,2459.948834134617,0.0,0.0,936.6344916666678,1873.0059083333347,4659.948834134617,11,1100.0,1261.5646887216878,420.046775429272,42.0046775429272,441.3683330507859,1324.0126661015718,2781.6114641509603,11,1100.0,1389.5934289182105,0.0,0.0,88.5052562951916,940.0637494247107,2489.5934289182105,638.3892342628487,Stock OK
32,19,1447.8288000000002,22,2200.0,131.8756730769231,382.95199999999977,38.29519999999998,52.32110000000003,179.43890000000002,2714.827673076923,5,500.0,432.6392668535105,0.0,0.0,43.69076276244755,368.90147845305944,932.6392668535104,5,500.0,457.86137546061866,0.0,0.0,60.14942500645867,389.47480625807333,957.8613754606187,122.21669958554946,Stock OK
32,20,4719.7536,22,2200.0,156.7149068509615,1405.7275833333326,140.57275833333327,103.46985000000006,510.6568666666668,3762.442490184294,8,800.0,809.8928652632828,806.4306234790655,80.64306234790655,628.052087591256,628.052087591256,2416.323488742348,8,800.0,901.8694271779111,0.0,0.0,355.183234699575,355.183234699575,1701.8694271779111,237.43598075599402,Stock OK
32,21,3990.4803999999995,22,2200.0,1033.6575240384623,0.0,0.0,598.450083333334,997.4875166666674,3233.6575240384623,7,700.0,776.2576059155217,0.0,0.0,65.23776575801227,641.4314350510143,1476.2576059155217,7,700.0,957.1925824267918,0.0,0.0,564.7770554867993,564.7770554867993,1657.192582426792,247.1022485189668,Stock OK
32,22,7763.119599999998,22,2200.0,1874.985420673078,0.0,0.0,677.9702916666674,1411.9781083333341,4074.985420673078,10,1000.0,1173.2364609101028,592.746638243139,59.274663824313905,430.3918513969607,1211.8613027939214,2765.9830991532417,10,1000.0,1362.165159057569,0.0,0.0,691.847294026159,691.847294026159,2362.1651590575693,491.86952512309824,Stock OK
32,23,17594.623600000003,22,2200.0,1643.3801442307702,0.0,0.0,445.7192666666673,2014.4447333333342,3843.3801442307704,15,1500.0,1607.7018804665092,1141.417658778339,114.1417658778339,866.830301419899,2009.274868244332,4249.119539244848,15,1500.0,1921.189830461508,0.0,0.0,1027.38186520517,1027.38186520517,3421.189830461508,997.9716166752431,Stock OK
32,24,3621.5168000000003,22,2200.0,1265.504807692308,0.0,0.0,405.1514666666669,755.2965333333336,3465.504807692308,7,700.0,803.8447940835406,0.0,0.0,142.14873640410391,681.8900591381213,1503.8447940835406,7,700.0,716.8830923293309,296.9603624266196,29.69603624266196,289.9219939595563,289.9219939595563,1713.8434547559505,236.2901666311585,Stock OK
32,25,6879.0488,22,2200.0,604.0941105769234,0.0,0.0,247.369716666667,867.0582833333337,2804.0941105769234,10,1000.0,887.9217225758359,1046.351358653293,104.63513586532929,617.4757130773648,1335.5153272120356,2934.273081229129,10,1000.0,1216.3915291533965,0.0,0.0,302.5090619109537,997.1785076788374,2216.3915291533967,473.99862201083806,Stock OK
32,26,4926.152799999999,22,2200.0,2049.0615144230765,0.0,0.0,823.6045499999998,1323.5834499999999,4249.061514423076,8,800.0,1018.6356725044051,334.4238622464462,33.44238622464462,372.0270106292259,1016.9940212584518,2153.0595347508515,8,800.0,966.3913131141661,0.0,0.0,724.0936824067451,724.0936824067451,1766.3913131141662,413.7565758755822,Stock OK
32,27,1014.9444,22,2200.0,604.9681009615385,0.0,0.0,243.41818333333327,352.8410166666666,2804.9681009615388,4,400.0,420.7886683459661,0.0,0.0,54.373906421676196,356.10192522890156,820.788668345966,4,400.0,450.1144525395522,0.0,0.0,49.27942162903602,349.3092788387147,850.1144525395522,103.1420945095831,Stock OK
32,28,445.5528,22,2200.0,373.14778846153837,0.0,0.0,154.8507,207.0597,2573.1477884615383,3,300.0,315.46472836248483,0.0,0.0,49.59586166465612,258.01344249698417,615.4647283624848,2,200.0,288.8365541040464,0.0,0.0,67.34938455869698,67.34938455869698,488.8365541040464,47.71327930626134,Stock OK
32,29,2960.122799999999,22,2200.0,642.7848798076923,0.0,0.0,197.59971666666658,472.18428333333327,2842.784879807692,6,600.0,624.3666292241579,0.0,0.0,319.5680155144995,319.5680155144995,1224.3666292241578,6,600.0,618.1315198115836,0.0,0.0,222.03761885474623,222.03761885474623,1218.1315198115835,191.2592720007129,Stock OK
32,30,2222.9352,22,2200.0,107.81164262820522,1906.188333333333,190.6188333333333,120.88766666666677,308.1228000000001,4213.999975961538,6,600.0,470.24001021056614,344.2344789016411,34.42344789016411,65.78736807322392,460.47665210983587,1414.4744891122073,6,600.0,600.8858366979703,0.0,0.0,391.6750612935687,391.6750612935687,1200.8858366979703,113.05909087201414,Stock OK
32,31,2435.4864,22,2200.0,326.29367988782064,2562.0381666666653,256.2038166666665,0.0,189.50283333333334,5088.331846554486,6,600.0,452.3135600437256,1658.709905800485,165.8709905800485,0.0,397.0722318839903,2711.0234658442105,8,800.0,482.33087877480403,711.3531311789228,71.13531311789228,155.2678922052692,474.605710646323,1993.6840099537267,156.6103676631123,Stock OK
32,32,4561.9448,22,2200.0,810.0106850961536,0.0,0.0,520.9047416666666,962.8916583333333,3010.010685096154,8,800.0,844.2589346965261,0.0,0.0,345.90572833409976,952.3157502389712,1644.258934696526,8,800.0,1044.5837289056124,0.0,0.0,599.6657121622975,599.6657121622975,1844.5837289056124,278.06590459405606,Stock OK
32,33,3195.2248,22,2200.0,1486.6769110576934,0.0,0.0,650.0802250000006,984.4545750000007,3686.6769110576934,6,600.0,733.1056677209738,804.4974077816128,80.44974077816127,24.017301332758223,551.4634684436776,2137.6030755025868,7,700.0,771.8001359726542,215.7116705286623,21.57116705286623,99.03346158942676,560.8877231788535,1687.5118065013164,267.1195239583431,Stock OK
32,34,9909.5056,22,2200.0,2324.227151442308,0.0,0.0,1355.6622916666674,2335.2421083333343,4524.227151442308,11,1100.0,1572.0037102907966,0.0,0.0,587.6568090765822,1490.4360774842405,2672.0037102907963,11,1100.0,1692.6717232078668,0.0,0.0,658.294086508339,658.294086508339,2792.6717232078668,604.2741379751805,Stock OK
32,35,1837.8455999999999,22,2200.0,329.43216346153827,0.0,0.0,242.29203333333325,423.17356666666655,2529.432163461538,5,500.0,504.81263868978084,333.5250000000002,33.35250000000002,406.50337195088014,406.50337195088014,1338.3376386897812,5,500.0,580.4872953206637,0.0,0.0,282.7170243042036,282.7170243042036,1080.4872953206636,105.09911928923353,Stock OK
32,36,1320.1636,22,2200.0,491.9100420673077,1504.2544999999996,150.42544999999996,327.40200000000004,457.58810000000005,4196.164542067307,4,400.0,475.9171922176923,591.8627273771705,59.18627273771705,250.750592420761,250.750592420761,1467.7799195948628,4,400.0,507.62126030258963,472.4164999999998,47.24164999999998,182.83241085740366,182.83241085740366,1380.0377603025895,138.73519878613388,Stock OK
32,37,2395.4224000000004,22,2200.0,762.5633173076926,0.0,0.0,380.4261333333336,621.804266666667,2962.5633173076926,6,600.0,624.9051597346182,0.0,0.0,207.3288860177799,655.4657032213358,1224.9051597346183,6,600.0,627.6883326810702,0.0,0.0,129.37195427736634,561.9173851328396,1227.6883326810703,164.9904421755682,Stock OK
32,38,59462.318400000004,22,2200.0,1843.1961698717948,27999.630666666653,2799.9630666666653,0.0,4927.1613333333335,32042.82683653845,22,2200.0,2593.9047118107837,8359.138958971413,835.9138958971412,1406.4613420085711,5455.855484017143,13153.043670782197,21,2100.0,5248.148410857682,0.0,0.0,2274.503383779678,4364.737221617358,7348.148410857682,3407.8026021458522,Stock OK
32,40,52287.69439999999,22,2200.0,5155.99560096154,0.0,0.0,907.1767166666673,5532.817683333335,7355.99560096154,21,2100.0,2876.1221785509615,6355.846804951114,635.5846804951113,407.0133765422215,6292.317069504888,11331.968983502076,21,2100.0,3880.8805437319293,0.0,0.0,1346.9931916604355,3377.263893471759,5980.88054373193,2534.979116158874,Stock OK
32,41,4065.3972000000003,22,2200.0,428.36706129807703,14660.694499999998,1466.0694499999997,0.0,226.0285,17289.061561298076,8,800.0,451.263954768281,8159.865095599742,815.9865095599741,125.20941617601031,558.8633242640154,9411.129050368023,12,1200.0,613.7033877967672,281.3980574401023,28.139805744010232,350.0151327679695,350.0151327679695,2095.1014452368695,295.4163178549063,Stock OK
32,42,6222.1948,22,2200.0,389.13252403846127,0.0,0.0,73.21991666666673,620.6472833333335,2589.1325240384613,9,900.0,862.2104552569083,20.341704590382506,2.0341704590382506,0.0,674.8774474426202,1782.5521598472908,9,900.0,1044.2012085321885,0.0,0.0,624.1633201584073,624.1633201584073,1944.2012085321885,351.9997154832529,Stock OK
32,44,4003.6364,22,2200.0,356.3396935096158,186.0924999999969,18.60924999999969,0.0,346.52410000000003,2742.4321935096127,8,800.0,623.987840829347,522.2224999999994,52.222249999999946,326.9747335700167,863.9179812228763,1946.2103408293465,8,800.0,730.5138021879318,0.0,0.0,108.5832349275992,621.7880184886848,1530.5138021879318,243.23136447037626,Stock OK
32,46,25672.405600000002,22,2200.0,477.62231370192217,12444.151750000026,1244.4151750000026,313.80819999999903,2465.2689499999988,15121.774063701949,19,1900.0,1780.4770509759896,0.0,0.0,299.332880707037,2975.161981378453,3680.4770509759896,18,1800.0,1977.4040173355274,0.0,0.0,1416.857723640045,1416.857723640045,3777.4040173355274,1157.3332206582888,Stock OK
32,49,4170.087600000001,22,2200.0,524.9773437500003,0.0,0.0,132.97569166666673,507.1551083333334,2724.9773437500003,8,800.0,815.4386657313905,378.7048544742663,37.87048544742663,334.7589194034309,892.7170492542887,1994.1435202056568,7,700.0,1096.294042574689,0.0,0.0,395.01731447467375,395.01731447467375,1796.294042574689,335.4010331374505,Stock OK
32,52,2110.0496,22,2200.0,521.9698437499999,0.0,0.0,256.7487249999999,462.5572749999999,2721.96984375,5,500.0,560.6294413729921,0.0,0.0,267.67696105880134,267.67696105880134,1060.629441372992,5,500.0,632.7399998309543,0.0,0.0,210.40478291013747,210.40478291013747,1132.7399998309543,149.65208195112083,Stock OK
32,55,5716.8568,22,2200.0,5780.753834134614,0.0,0.0,3670.193191666666,4486.458408333332,7980.753834134614,7,700.0,1917.5724457110346,0.0,0.0,452.11135715222855,1276.2064125109332,2617.5724457110346,8,800.0,1447.8651274221654,0.0,0.0,473.3623960152416,1182.7654490174189,2247.8651274221656,609.0947188220176,Stock OK
32,56,3596.6564000000003,22,2200.0,2393.026174879808,5626.45375,562.645375,2284.46585,2746.9420999999998,10219.479924879808,5,500.0,1161.8361993064448,4300.68425,430.068425,628.6592468355772,628.6592468355772,5962.520449306445,3,300.0,2108.5960363045533,4300.68425,430.068425,1014.0746444324203,1014.0746444324203,6709.280286304554,394.74509579113686,Stock OK
32,58,1948.2,22,2200.0,112.76501101762817,3595.1390833333344,359.51390833333346,0.0,138.14661666666666,5907.904094350963,6,600.0,386.9310728654524,1457.0492261449413,145.70492261449414,99.85010159033726,438.8751523855059,2443.9802990103935,7,700.0,665.9873152008253,0.0,0.0,190.13460103923865,511.9870470457784,1365.9873152008254,219.9414509361336,Stock OK
32,59,254.3764,22,2200.0,512.3429807692311,0.0,0.0,349.4817000000002,401.99110000000024,2712.342980769231,2,200.0,326.9851711852783,0.0,0.0,33.404017066395596,242.42033413279117,526.9851711852783,2,200.0,334.6868968849527,0.0,0.0,191.24118928025518,191.24118928025518,534.6868968849527,37.595472254129476,Stock OK
32,60,592.2,22,2200.0,263.1288461538462,0.0,0.0,154.656,219.60000000000002,2463.128846153846,3,300.0,337.5648931882723,0.0,0.0,202.5686166868524,202.5686166868524,637.5648931882723,3,300.0,356.2179701021853,0.0,0.0,195.54522829547096,195.54522829547096,656.2179701021853,54.872836699148365,Stock OK
32,67,7309.186000000001,22,2200.0,2278.823437500001,0.0,0.0,1668.5538833333344,2449.226916666668,4478.823437500001,9,900.0,1260.5539272995504,2900.356500000001,290.0356500000001,599.2833119173581,1405.211325907028,5060.910427299551,9,900.0,1874.325919577077,0.0,0.0,344.7306964644356,1155.09408977249,2774.325919577077,690.279306836358,Stock OK
32,71,4743.9436000000005,22,2200.0,474.26560596955125,26.50191666666842,2.650191666666842,0.0,412.28638333333333,2700.76752263622,8,800.0,672.0188635061643,476.9109806287119,47.69109806287119,21.944295202846604,607.6253269371289,1948.9298441348762,8,800.0,985.6707093279207,0.0,0.0,403.1108942007906,403.1108942007906,1785.6707093279206,261.53775704879405,Stock OK
32,72,38080.0204,22,2200.0,10094.418870192292,0.0,0.0,3983.6465166666594,7641.356683333325,12294.418870192292,20,2000.0,3561.653271170572,0.0,0.0,551.6887473896534,4040.6512629043536,5561.653271170572,19,1900.0,3867.545072314883,0.0,0.0,2468.311320024406,2468.311320024406,5767.545072314882,2419.745254763342,Stock OK
32,74,14163.103599999999,22,2200.0,511.9549118589743,9554.85766666667,955.4857666666671,12.199883333333332,1161.7492499999998,12266.812578525645,14,1400.0,1111.2690910924625,3143.921636644252,314.3921636644252,589.2209664597343,1567.1908397516813,5655.1907277367145,14,1400.0,1844.8105990169913,0.0,0.0,445.92946907572934,1437.0609320815547,3244.8105990169915,776.1685757666969,Stock OK
32,79,13118.922799999998,22,2200.0,2213.515612980771,0.0,0.0,1204.124991666668,2449.6074083333347,4413.515612980771,13,1300.0,1666.7985113994619,0.0,0.0,964.8138054687281,1982.7732205077887,2966.798511399462,12,1200.0,1787.4842742078254,0.0,0.0,771.1344953693645,771.1344953693645,2987.4842742078254,679.0296009835309,Stock OK
32,80,16391.321200000002,22,2200.0,446.90603866185927,11952.282916666656,1195.2282916666657,0.0,1321.3993833333334,14599.188955328515,15,1500.0,1051.2745828243396,7783.995345715947,778.3995345715947,0.0,2097.0496292966777,10335.269928540287,15,1500.0,1632.7591804289868,0.0,0.0,247.76964457578958,1294.6976281169173,3132.759180428987,824.4049066069834,Stock OK
32,81,14454.520400000001,22,2200.0,2943.006394230771,0.0,0.0,1652.8725666666687,3053.5154333333357,5143.006394230772,13,1300.0,1614.9236944424383,0.0,0.0,600.5251321677224,1680.0319015150326,2914.9236944424383,13,1300.0,2095.9454279556953,0.0,0.0,571.3627086699739,1648.4392760591384,3395.9454279556953,755.0512143949494,Stock OK
32,82,15663.969599999999,22,2200.0,4728.162043269236,0.0,0.0,2842.2562833333373,4451.493316666671,6928.162043269236,13,1300.0,2220.8515969889713,0.0,0.0,635.1108487763978,1792.2129236744308,3520.8515969889713,14,1400.0,2295.5080356585827,0.0,0.0,966.7439870355312,2060.34845142288,3695.5080356585827,1001.6127617628911,Stock OK
32,83,3105.6196000000004,22,2200.0,607.0474399038469,0.0,0.0,313.4701250000003,610.7822750000003,2807.0474399038467,6,600.0,740.510321184014,0.0,0.0,324.4889562847071,324.4889562847071,1340.510321184014,6,600.0,759.7782118885336,0.0,0.0,434.4910795631047,434.4910795631047,1359.7782118885336,172.26639750203807,Stock OK
32,85,1582.8552,22,2200.0,1154.1890024038464,0.0,0.0,711.2259416666667,910.7112583333334,3354.1890024038466,4,400.0,693.2140408363995,0.0,0.0,345.95816259608023,345.95816259608023,1093.2140408363994,5,500.0,570.8391570161803,0.0,0.0,115.71951729344504,465.5562028668063,1070.8391570161803,119.73292374529811,Stock OK
32,87,7953.7324,22,2200.0,127.37170372596155,17297.390083333332,1729.7390083333332,0.0,541.2168166666667,19624.761787059295,11,1100.0,501.84453479692183,7543.237326733174,754.3237326733174,322.79949359185366,993.8377871837073,9145.081861530096,12,1200.0,974.0199582052533,210.41569744882793,21.041569744882793,281.7300900566927,954.693335085039,2384.435655654081,487.89499517606424,Stock OK
32,90,53712.14,22,2200.0,11487.713545673083,0.0,0.0,4740.898158333336,9823.77104166667,13687.713545673083,21,2100.0,4189.614235137593,0.0,0.0,1210.3159736344787,5323.198290907042,6289.614235137593,20,2000.0,4816.363747679482,0.0,0.0,1731.771568069329,3810.8847090723434,6816.363747679482,2905.2648493910797,Stock OK
32,91,41298.11800000001,22,2200.0,7511.363064903849,0.0,0.0,3583.8330250000026,7486.611375000003,9711.36306490385,21,2100.0,3523.4921622603097,0.0,0.0,595.5366867230402,4199.485402895344,5623.49216226031,21,2100.0,4328.315127120087,0.0,0.0,1061.646468584678,2886.9263157639116,6428.315127120087,2225.82952494167,Stock OK
32,92,87909.8164,22,2200.0,17208.885913461538,0.0,0.0,6392.975799999996,14593.218599999997,19408.885913461538,21,2100.0,5077.844733831045,0.0,0.0,138.86982810568225,10586.914245775431,7177.844733831045,20,2000.0,6273.932596007542,0.0,0.0,1661.6681791166056,6990.710963883268,8273.932596007542,4817.759292024062,Stock OK
32,93,28212.075600000004,22,2200.0,2334.035084134615,0.0,0.0,568.6740583333326,3071.347941666666,4534.035084134615,19,1900.0,2141.813498811005,0.0,0.0,72.79191407087615,2958.775053961567,4041.813498811005,18,1800.0,2740.278346367904,0.0,0.0,267.24631112172824,1721.6763750112416,4540.278346367904,1503.580093150433,Stock OK
32,94,44761.43720000001,22,2200.0,3063.7591586538456,0.0,0.0,869.0505499999995,4836.9190499999995,5263.759158653846,22,2200.0,2842.7440425885093,350.20068072331014,35.020068072331014,1198.0391518071183,4831.916745783008,5392.944723311819,21,2100.0,4026.032024537795,0.0,0.0,943.1768707293536,2750.122839853415,6126.032024537795,2295.486145218302,Stock OK
32,95,77194.11839999999,22,2200.0,4732.295024038454,0.0,0.0,1355.4267833333279,8185.822016666661,6932.295024038454,21,2100.0,3475.349176440301,9212.972166214904,921.2972166214904,721.4409114875862,7873.0840448660965,14788.321342655205,21,2100.0,5636.485174437877,0.0,0.0,1733.5544663018673,4101.902053070897,7736.485174437877,3643.440857787549,Stock OK
32,96,2388.77,22,2200.0,25.250108173076924,3334.8310000000015,333.48310000000015,0.0,178.7206,5560.081108173079,6,600.0,395.84269458279283,974.2947734688834,97.42947734688833,290.40401132655575,290.40401132655575,1970.137468051676,7,700.0,484.4807608651377,0.0,0.0,90.97403400531059,459.58455633952906,1184.4807608651377,123.0365692730287,Stock OK
32,97,15078.7432,22,2200.0,2184.8209975961518,0.0,0.0,971.3339583333321,2366.9928416666653,4384.820997596152,14,1400.0,1463.0763774845109,358.9950672092698,35.89950672092698,1059.2421442392056,2136.8265682790734,3222.071444693781,13,1300.0,1944.3804039551649,0.0,0.0,831.4239569249308,831.4239569249308,3244.380403955165,766.0771913953865,Stock OK
32,98,6800.0592,22,2200.0,1458.1667548076928,0.0,0.0,527.8408500000005,1165.0495500000006,3658.166754807693,9,900.0,955.5602679647968,356.574183650805,35.6574183650805,16.365247376417074,744.4844947528342,2212.134451615602,9,900.0,1096.4309327957662,0.0,0.0,617.2756831207527,617.2756831207527,1996.4309327957662,417.34616937913836,Stock OK
33,1,2316.704,22,2200.0,629.8169230769234,0.0,0.0,227.05306666666695,448.24933333333365,2829.8169230769236,6,600.0,574.2305922090601,88.27402226402057,8.827402226402057,168.88454944339952,597.877898886799,1262.5046144730804,5,500.0,802.8038442593175,0.0,0.0,298.87365779977057,298.87365779977057,1302.8038442593174,214.2807206563818,Stock OK
33,2,7238.776,22,2200.0,230.60125600961513,4731.628916666671,473.1628916666671,0.0,588.3141833333333,7162.230172676286,10,1000.0,830.2414909874866,1075.754043312149,107.57540433121488,47.91021508359813,747.5368301671963,2905.9955342996354,10,1000.0,1021.7658264074408,0.0,0.0,185.73936715703258,912.6331551744806,2021.7658264074407,366.4310283968774,Stock OK
33,3,454.53479999999996,22,2200.0,28.000312499999993,1892.56925,189.256925,18.272066666666653,42.928583333333314,4120.5695625,3,300.0,175.4854702992849,507.4029113058226,50.740291130582264,62.873866934708836,62.873866934708836,982.8883816051075,3,300.0,181.5487268473726,0.0,0.0,21.409497607219095,21.409497607219095,481.54872684737256,18.912619681830435,Stock OK
33,4,5811.1188,22,2200.0,116.1793509615385,3704.7646666666656,370.47646666666657,0.0,473.09933333333333,6020.944017628204,9,900.0,794.7780420388688,0.0,0.0,545.0433073964572,545.0433073964572,1694.7780420388688,9,900.0,975.6617165711431,0.0,0.0,103.07405059755729,753.6420319222519,1875.6617165711432,296.32156453900836,Stock OK
33,5,45.0,22,2200.0,59.31278641571194,0.0,0.0,34.923531914893616,41.873404255319144,2259.312786415712,1,100.0,145.25628563013845,0.0,0.0,41.46620373214933,41.46620373214933,245.25628563013845,1,100.0,150.56109957716433,0.0,0.0,43.789153839478566,43.789153839478566,250.56109957716433,7.366403290520859,Stock OK
33,7,401.42959999999994,22,2200.0,64.60239383012825,991.9350833333331,99.19350833333331,69.1642666666667,101.45995000000003,3256.5374771634615,3,300.0,209.8671466310023,156.83336430002902,15.683336430002901,154.4594771399942,154.4594771399942,666.7005109310313,3,300.0,305.04354612186853,0.0,0.0,180.10405153004595,180.10405153004595,605.0435461218685,50.489395574509366,Stock OK
33,8,3952.487599999999,22,2200.0,50.45119891826924,6134.758249999997,613.4758249999998,0.0,290.34885,8385.209448918267,8,800.0,459.6179863804425,1860.2457405900973,186.02457405900972,109.54595849016508,601.0439169803301,3119.8637269705396,8,800.0,724.1057708547718,0.0,0.0,215.58163531924563,748.8024867934236,1524.105770854772,220.92890625298125,Stock OK
33,9,37.936400000000006,22,2200.0,0.619257943143813,159.89478260869564,15.989478260869562,0.7934782608695659,2.7709043478260877,2360.5140405518396,1,100.0,43.20153878716472,0.97860869565217,0.097860869565217,5.688893178938783,5.688893178938783,144.1801474828169,1,100.0,125.69704731060227,0.97860869565217,0.097860869565217,40.007024724688804,40.007024724688804,226.67565600625443,9.683980181389135,Stock OK
33,10,117.3168,22,2200.0,0.6136858974358975,511.6956666666667,51.16956666666667,0.0,5.751933333333334,2712.3093525641025,2,200.0,91.21193083628312,29.240071285328604,2.9240071285328604,32.59129287146714,32.59129287146714,320.4520021216117,2,200.0,118.9605846182247,7.576999999999998,0.7576999999999998,48.30824028740209,48.30824028740209,326.5375846182247,10.014746838449419,Stock OK
33,11,186.9412,22,2200.0,5.074198717948717,347.6773333333334,34.76773333333334,6.6676,20.479866666666666,2552.751532051282,2,200.0,139.60414681362334,34.804000000000016,3.4804000000000013,51.6572815918034,51.6572815918034,374.4081468136234,2,200.0,159.5550141466708,0.0,0.0,49.63891846208976,49.63891846208976,359.5550141466708,11.732144589223482,Stock OK
33,12,22.4228,22,2200.0,0.4860897435897437,30.331777777777774,3.0331777777777775,0.5288888888888892,2.260933333333334,2230.8178675213676,1,100.0,66.78599108408251,0.9873333333333323,0.09873333333333323,18.235308957644992,18.235308957644992,167.77332441741586,1,100.0,81.64541503524181,0.9873333333333323,0.09873333333333323,24.416829321327263,24.416829321327263,182.63274836857514,2.938724250494262,Stock OK
33,13,6682.8351999999995,22,2200.0,159.4064663461537,4246.325666666673,424.63256666666734,0.0,544.1915333333333,6605.732133012827,10,1000.0,766.071858924779,807.9471215871263,80.79471215871263,270.1658848016092,943.045781761931,2574.0189805119053,9,900.0,955.5916154387402,0.0,0.0,434.0836575163462,434.0836575163462,1855.59161543874,336.30553482675987,Stock OK
33,14,654.142,22,2200.0,345.9331850961538,0.0,0.0,197.7831749999999,271.8636249999999,2545.933185096154,3,300.0,336.04518020054553,0.0,0.0,201.77019589695539,201.77019589695539,636.0451802005455,3,300.0,385.7170326919861,0.0,0.0,194.20129881793855,194.20129881793855,685.7170326919861,47.72229796246267,Stock OK
33,16,231.3744,22,2200.0,64.5838581730769,129.49166666666667,12.949166666666667,60.65293333333333,84.9206,2394.0755248397436,2,200.0,210.98751107670626,5.564999999999998,0.5564999999999998,89.77155658272827,89.77155658272827,416.55251107670625,2,200.0,254.58696257722008,5.564999999999998,0.5564999999999998,127.16721693647932,127.16721693647932,460.1519625772201,25.34396720292703,Stock OK
33,17,200.55599999999998,22,2200.0,45.22640625000004,0.0,0.0,23.81877500000004,43.32962500000004,2245.22640625,2,200.0,181.83496288604763,0.0,0.0,83.52807029695332,83.52807029695332,381.8349628860476,2,200.0,208.24072185812395,0.0,0.0,90.62707160458392,90.62707160458392,408.24072185812395,13.818398333072087,Stock OK
33,20,42.69639999999999,22,2200.0,20.08981440071557,0.0,0.0,16.916604651162793,22.100344186046513,2220.0898144007156,1,100.0,88.95516410911561,0.45590697674417147,0.04559069767441715,30.79725459873763,30.79725459873763,189.4110710858598,1,100.0,67.29384624030827,0.45590697674417147,0.04559069767441715,20.195950794709542,20.195950794709542,167.74975321705242,3.1894470356841174,Stock OK
33,21,106.32479999999998,22,2200.0,93.05643028846154,0.0,0.0,63.143224999999994,77.87957499999999,2293.0564302884613,1,100.0,159.94480001494486,0.0,0.0,26.50751374338637,26.50751374338637,259.94480001494486,1,100.0,160.66398289140832,0.0,0.0,21.27030438282584,21.27030438282584,260.6639828914083,7.49803142809828,Stock OK
33,26,131.1124,22,2200.0,17.36901141826923,122.89125000000001,12.289125000000002,19.437583333333333,31.460266666666666,2340.2602614182692,2,200.0,111.5038034066178,86.97575,8.697575,95.64792327076762,95.64792327076762,398.4795534066178,2,200.0,140.28975269086993,0.0,0.0,96.40097436566984,96.40097436566984,340.28975269086993,9.61564276849575,Stock OK
33,38,18076.4708,22,2200.0,81.62301081730769,65256.26616666667,6525.626616666666,0.0,1004.4212333333334,67537.88917748397,17,1700.0,343.8437183651629,28575.213165727466,2857.5213165727464,0.0,1828.3090177903005,30619.056884092628,16,1600.0,1830.422049940871,728.7774999999988,72.87774999999988,320.46232777345847,1371.5512982592995,4159.1995499408695,1263.355965712396,Stock OK
33,40,6190.497600000001,22,2200.0,187.62802283653858,5797.988249999998,579.7988249999997,0.0,487.88685000000004,8185.616272836536,10,1000.0,729.7461516880004,1007.7271837016957,100.77271837016957,376.18514475138016,1013.3051171270702,2737.473335389696,9,900.0,923.0078960029318,0.0,0.0,116.1433457810939,812.9946796287306,1823.0078960029318,322.70400062533776,Stock OK
33,42,80.09840000000001,22,2200.0,0.612089285714286,327.2076571428572,32.72076571428572,0.0,4.119794285714286,2527.8197464285713,2,200.0,76.73196991686149,11.256119702404973,1.1256119702404974,44.29949660118807,44.29949660118807,287.9880896192665,2,200.0,90.77114605257302,0.0,0.0,53.37671840597443,53.37671840597443,290.77114605257304,6.945452065842492,Stock OK
33,46,1733.4936000000002,22,2200.0,65.51324519230762,0.2815000000005341,0.02815000000005341,15.18909166666667,167.24600833333335,2265.7947451923083,5,500.0,462.0672396845893,36.57478048005757,3.657478048005757,276.6709878079772,276.6709878079772,998.642020164647,5,500.0,576.8913399565713,0.0,0.0,402.2154446640259,402.2154446640259,1076.8913399565713,109.454274728817,Stock OK
33,60,86.03999999999999,22,2200.0,14.069230769230774,0.0,0.0,10.774666666666668,19.193333333333335,2214.0692307692307,1,100.0,109.00644070974448,0.0,0.0,10.2798793352537,10.2798793352537,209.00644070974448,1,100.0,132.3670861818116,0.0,0.0,19.99790785163363,19.99790785163363,232.3670861818116,9.316124191025486,Stock OK
33,67,667.612,22,2200.0,13.62066105769231,1022.04725,102.204725,0.0,49.16585,3235.6679110576924,4,400.0,253.4595438400893,0.0,0.0,12.893633057657155,215.14591907687623,653.4595438400893,4,400.0,308.76034287563493,0.0,0.0,32.23241020439617,240.93095527252822,708.7603428756349,56.45185511751258,Stock OK
33,74,294.98560000000003,22,2200.0,43.9326081730769,0.0,0.0,30.80844166666664,59.1383583333333,2243.932608173077,2,200.0,206.4735668322261,14.115249999999975,1.4115249999999975,55.97448043172294,55.97448043172294,420.58881683222603,2,200.0,238.63564607854275,0.0,0.0,53.81397669156503,53.81397669156503,438.6356460785428,18.28333574761458,Stock OK
33,79,10930.731600000001,22,2200.0,157.02751602564106,10611.180333333337,1061.1180333333336,0.0,858.2272666666667,12968.207849358978,13,1300.0,1000.3403457406004,1082.85334598396,108.28533459839599,605.037255133868,1450.0491401784907,3383.1936917245603,12,1200.0,1398.1694421155398,0.0,0.0,754.9390865144087,754.9390865144087,2598.16944211554,552.351045498186,Stock OK
33,80,5900.3892000000005,22,2200.0,2539.3973317307687,0.0,0.0,1635.0858499999995,2290.3445499999993,4739.397331730768,8,800.0,1280.7751035537667,0.0,0.0,251.0176592528017,989.3774891460591,2080.7751035537667,8,800.0,1226.3268648087865,0.0,0.0,798.7869700206519,798.7869700206519,2026.3268648087865,310.2054690741254,Stock OK
33,81,8106.214,22,2200.0,195.44286157852574,2058.313749999995,205.83137499999947,12.258116666666751,700.3138333333335,4453.756611578521,11,1100.0,1076.0245871107063,0.0,0.0,491.9937893297294,1248.6062107627024,2176.0245871107063,10,1000.0,1252.147204584045,0.0,0.0,699.6529107139488,699.6529107139488,2252.147204584045,388.05641620554235,Stock OK
33,82,2955.4668,22,2200.0,93.04540064102574,954.5973333333325,95.45973333333325,0.0,248.69626666666667,3247.6427339743586,7,700.0,568.9762030307303,389.2520000000002,38.92520000000002,185.77936700452386,640.6587948386111,1658.2282030307304,6,600.0,680.4835733996969,0.0,0.0,304.3537351401979,304.3537351401979,1280.483573399697,190.1588226783412,Stock OK
33,83,1593.6483999999998,22,2200.0,974.8011538461536,0.0,0.0,566.8427999999999,754.7115999999999,3174.8011538461537,4,400.0,599.6513008632463,0.0,0.0,269.5812022078295,269.5812022078295,999.6513008632463,4,400.0,574.0606708772996,0.0,0.0,145.2270828177007,145.2270828177007,974.0606708772996,134.07863639040337,Stock OK
33,87,310.49199999999996,22,2200.0,90.73331833060561,0.0,0.0,49.1988340425532,80.47629787234042,2290.7333183306055,2,200.0,219.50713259927957,0.0,0.0,59.05618365897918,59.05618365897918,419.50713259927954,2,200.0,224.61829653332694,0.0,0.0,50.571104371416695,50.571104371416695,424.61829653332694,25.281176134912783,Stock OK
33,90,22807.974799999996,22,2200.0,834.9383573717952,6871.47116666666,687.147116666666,0.0,1923.5502333333334,9906.409524038456,18,1800.0,1504.782752555848,2330.310359471748,233.03103594717481,551.4490305789751,3081.58246115795,5635.093112027596,17,1700.0,2187.4397462865095,0.0,0.0,607.2139903885219,1890.3304554128044,3887.4397462865095,1096.6057017939916,Stock OK
33,91,10153.4044,22,2200.0,119.87024439102566,12843.676666666666,1284.3676666666665,15.24763333333334,787.7941000000001,15163.546911057692,11,1100.0,537.1795829921235,9986.403217033192,998.6403217033193,21.27870869963118,823.0010173992623,11623.582800025315,12,1200.0,1443.9831017502916,0.0,0.0,864.1672759903777,864.1672759903777,2643.9831017502916,525.3794240197051,Stock OK
33,92,29687.481200000002,22,2200.0,1765.610492788459,0.0,0.0,164.86337499999854,2760.7194249999984,3965.610492788459,17,1700.0,2501.1389460663854,8072.731137077573,807.2731137077574,1466.547914115305,2936.1574655268355,12273.870083143958,19,1900.0,2804.8313117925386,0.0,0.0,1420.2902102368316,2932.178395527767,4704.831311792539,1433.8468608177986,Stock OK
33,93,16320.234,22,2200.0,8730.580048076923,0.0,0.0,5777.653099999998,7699.208499999997,10930.580048076923,13,1300.0,3020.8171511859427,0.0,0.0,1735.0259555279058,2999.436526821898,4320.817151185943,12,1200.0,2906.269452672416,0.0,0.0,1398.0719560872094,1398.0719560872094,4106.269452672415,1073.096428193735,Stock OK
33,94,22389.7636,22,2200.0,4001.215024038467,0.0,0.0,2037.5937833333378,4161.711816666671,6201.215024038467,16,1600.0,1921.399485819787,911.7620708903439,91.17620708903439,828.3743918982468,2157.760040885528,4433.161556710131,16,1600.0,2562.0964407675606,0.0,0.0,338.90668029500966,1641.739562314677,4162.09644076756,1192.7772188500503,Stock OK
33,95,26339.065199999997,22,2200.0,348.5635276442307,21180.07850000001,2118.007850000001,0.0,2106.1789,23728.64202764424,19,1900.0,1546.7584093495288,9323.85793470198,932.385793470198,256.5109160331126,2904.0311480993378,12770.616344051508,19,1900.0,2341.830887594823,0.0,0.0,1180.7748454489613,2534.1399396405704,4241.830887594822,1320.0103654141355,Stock OK
33,96,9845.583599999998,22,2200.0,123.50677283653843,12828.57250000001,1282.857250000001,0.0,744.5849,15152.079272836549,11,1100.0,557.6602094166029,8579.080897115535,857.9080897115534,0.0,787.0798160288447,10236.741106532138,12,1200.0,1276.9892242664498,0.0,0.0,846.4908680060987,846.4908680060987,2476.98922426645,564.7364163700867,Stock OK
33,97,5020.9652,22,2200.0,122.74850961538469,2111.9329999999986,211.19329999999985,20.428199999999975,440.4456,4434.681509615383,9,900.0,789.390578354397,0.0,0.0,338.23487810653626,929.3816253698533,1689.390578354397,8,800.0,930.9270243951116,0.0,0.0,391.5472857243027,391.5472857243027,1730.9270243951116,266.40273251416,Stock OK
33,98,5377.436,22,2200.0,1956.2121153846153,0.0,0.0,1166.785433333333,1735.8481666666662,4156.212115384616,8,800.0,1059.9176809407347,0.0,0.0,292.74916760511024,980.8336058344116,1859.9176809407347,8,800.0,1150.179933604492,0.0,0.0,298.46712250812476,987.3684114378568,1950.179933604492,331.1703505912439,Stock OK
34,1,15564.846400000002,22,2200.0,7121.031658653844,0.0,0.0,3238.7257833333324,4873.819016666665,9321.031658653843,13,1300.0,2080.5868726182025,2822.374936798211,282.2374936798211,0.0,2332.721646603669,6202.961809416413,13,1300.0,3550.527624696808,0.0,0.0,1575.1930297390459,2799.1429947172996,4850.527624696808,1759.6155731520062,Stock OK
34,2,30282.153599999998,22,2200.0,4454.735288461543,0.0,0.0,2216.841033333337,5042.84056666667,6654.735288461543,19,1900.0,2516.903515807505,0.0,0.0,1557.552977198534,3090.925603709564,4416.903515807505,18,1800.0,2797.7739041639734,0.0,0.0,1636.153205910851,1636.153205910851,4597.773904163973,1504.693730089786,Stock OK
34,3,9674.164,22,2200.0,1196.7321955128205,26219.999999999996,2621.9999999999995,571.4681333333333,1234.3926666666666,29616.732195512817,9,900.0,1070.7716684789207,32849.256576903965,3284.9256576903967,546.4787423096027,1289.1450278870034,34820.028245382884,11,1100.0,1066.374717271393,3962.377367821839,396.2377367821839,294.16971451113506,953.9934974133621,6128.752085093232,313.080027450024,Stock OK
34,4,18182.194,22,2200.0,687.4307211538458,1465.2224166666747,146.52224166666747,0.0,1568.3192833333333,4352.65313782052,16,1600.0,1361.2405055398397,1511.9658441621789,151.1965844162179,313.6346531218295,2598.2279593654885,4473.206349702018,15,1500.0,1793.6010499945476,0.0,0.0,165.7387799239541,1308.271198132808,3293.601049994548,920.391355649663,Stock OK
34,5,14869.9528,22,2200.0,10060.888882211537,0.0,0.0,6339.296524999998,8183.579074999998,12260.888882211537,12,1200.0,3311.9660567160263,0.0,0.0,1522.4613696905471,2761.1877646624152,4511.966056716026,12,1200.0,2917.5705592391923,0.0,0.0,1078.5232779604544,2276.891664593223,4117.570559239192,1186.6643853878802,Stock OK
34,6,2258.4532,22,2200.0,1475.5466586538464,0.0,0.0,868.7697833333339,1140.7022166666673,3675.5466586538464,5,500.0,845.0412421291143,0.0,0.0,52.06589363381461,527.7210045422682,1345.0412421291144,5,500.0,814.1362801987742,0.0,0.0,283.7020380790557,283.7020380790557,1314.1362801987743,203.6916446749595,Stock OK
34,7,14296.9476,22,2200.0,3876.726190905448,950.8094166666717,95.08094166666717,3482.690933333333,5020.478549999999,7027.53560757212,12,1200.0,2220.9766122490405,0.0,0.0,452.0870969926682,1583.2101217192744,3420.9766122490405,14,1400.0,1912.1789121286104,0.0,0.0,812.4690678579227,1797.2948557700706,3312.17891212861,897.0727070879104,Stock OK
34,8,24239.487600000004,22,2200.0,2185.027019230763,0.0,0.0,362.32976666666286,2501.618233333329,4385.0270192307635,18,1800.0,1737.9902319649818,1409.8402992454407,140.98402992454407,456.4200671536364,3124.668934307273,4947.830531210422,17,1700.0,2004.5474063202828,0.0,0.0,605.6825419960974,1957.9473821208535,3704.547406320283,1200.775206620295,Stock OK
34,9,16823.7116,22,2200.0,871.4768369391034,7990.783833333318,799.0783833333319,0.0,1393.4463666666668,11062.260670272422,15,1500.0,1396.7653798713534,7360.5274926228785,736.0527492622879,0.0,2153.4598924211864,10257.292872494232,16,1600.0,1851.551527237041,0.0,0.0,670.4676173149194,1697.401595135914,3451.5515272370412,1259.8360330095338,Stock OK
34,10,16621.579999999998,22,2200.0,328.971049679487,12467.282000000014,1246.7282000000014,77.90826666666658,1421.626533333333,14996.2530496795,15,1500.0,1241.438036554403,3975.3076418367536,397.5307641836754,594.3260477550997,1651.668753724487,6716.745678391157,15,1500.0,1925.0514197331686,0.0,0.0,1099.3482893335377,1099.3482893335377,3425.0514197331686,852.8699851109129,Stock OK
34,11,13655.567199999998,22,2200.0,1628.3483413461543,4364.183999999995,436.41839999999945,1779.3697000000002,3083.5887000000002,8192.532341346148,13,1300.0,1645.120564158718,2733.252670104299,273.3252670104299,1074.3213628852682,2116.007595874838,5678.373234263017,13,1300.0,2088.624058709313,0.0,0.0,1168.081945266661,1168.081945266661,3388.624058709313,778.665450433775,Stock OK
34,12,4696.177199999999,22,2200.0,534.0698798076921,0.0,0.0,305.4208166666665,740.3423833333331,2734.069879807692,8,800.0,808.1756421840594,513.4605000000008,51.346050000000076,218.35663718973868,819.900271073987,2121.63614218406,8,800.0,1007.3763455816941,0.0,0.0,624.8803777872655,624.8803777872655,1807.376345581694,262.1934840888888,Stock OK
34,13,21443.1396,22,2200.0,829.545930488781,5379.087666666687,537.9087666666687,47.12152499999979,1869.065208333333,8408.633597155469,17,1700.0,1652.0061891169526,251.14935047260246,25.114935047260246,1014.1149310743531,2245.3164355135464,3603.155539589555,16,1600.0,2039.3000712202474,0.0,0.0,1203.9932576111473,1203.9932576111473,3639.3000712202474,1019.2931183624478,Stock OK
34,14,8027.7487999999985,22,2200.0,2293.1232091346146,0.0,0.0,1329.7791583333326,2143.477241666666,4493.123209134615,10,1000.0,1320.1337744601622,0.0,0.0,597.9817279954991,1420.779883883888,2320.1337744601624,9,900.0,1242.2750349793398,0.0,0.0,535.9597874388612,535.9597874388612,2142.2750349793396,489.70189627584665,Stock OK
34,16,13918.2464,22,2200.0,2009.9317908653845,23374.72633333334,2337.4726333333338,3201.0096000000003,4486.382066666667,27584.658124198722,13,1300.0,1512.4582935497217,6111.9909247268915,611.1990924726891,1030.6006075273112,2064.7330421151964,8924.449218276613,11,1100.0,2553.4336397097136,3376.7290000000003,337.6729,478.825319536057,1581.6744213120623,7030.162639709713,582.9020940968976,Stock OK
34,17,5731.672,22,2200.0,1216.2741706730778,0.0,0.0,499.6277250000007,1041.4798750000007,3416.2741706730776,9,900.0,914.7741417198055,0.0,0.0,452.56257157864496,1123.9946149009756,1814.7741417198054,8,800.0,1070.9602448588284,0.0,0.0,513.8344091195563,513.8344091195563,1870.9602448588284,371.2873444625939,Stock OK
34,20,2442.3504000000003,22,2200.0,519.3430288461533,0.0,0.0,293.4888666666662,531.3879333333329,2719.343028846153,6,600.0,569.5884796574845,31.999605605895454,3.1999605605895454,142.17575915911573,587.071278878821,1201.58808526338,5,500.0,767.0273920855377,0.0,0.0,206.03514086031146,206.03514086031146,1267.0273920855377,146.0671733676876,Stock OK
34,21,3422.9144,22,2200.0,1251.0803365384602,0.0,0.0,680.5002666666655,1037.318933333332,3451.08033653846,6,600.0,808.2198144666006,0.0,0.0,381.4775151318179,381.4775151318179,1408.2198144666006,6,600.0,868.620851488216,0.0,0.0,377.4466556554246,377.4466556554246,1468.620851488216,221.13315906896898,Stock OK
34,22,4867.8552,22,2200.0,1507.3003245192308,0.0,0.0,803.315558333333,1296.4608416666663,3707.300324519231,8,800.0,1134.836942591793,0.0,0.0,355.67214455981616,996.2163473540757,1934.836942591793,7,700.0,939.3532412743535,0.0,0.0,383.979781463265,383.979781463265,1639.3532412743534,298.4319782566489,Stock OK
34,23,10965.839199999999,22,2200.0,3800.64890625,0.0,0.0,2299.640608333334,3453.1605916666676,6000.64890625,11,1100.0,1959.71155195899,0.0,0.0,561.0147992869254,1540.672201715618,3059.7115519589897,11,1100.0,1732.1649010363099,0.0,0.0,790.8260784459924,790.8260784459924,2832.16490103631,705.1009314223382,Stock OK
34,24,2533.5872,22,2200.0,973.8140624999995,0.0,0.0,451.891383333333,711.4982166666663,3173.8140624999996,5,500.0,740.1548103674652,1465.8225536156492,146.58225536156493,326.1570419576528,326.1570419576528,2705.9773639831146,6,600.0,623.7725645832634,0.0,0.0,374.41328144821557,374.41328144821557,1223.7725645832634,160.4060773120135,Stock OK
34,25,4783.7303999999995,22,2200.0,1289.6657572115391,0.0,0.0,706.5407583333335,1183.955641666667,3489.665757211539,8,800.0,981.5246714496012,269.48068467094174,26.948068467094174,371.05734204387454,1001.3026775548432,2051.0053561205427,8,800.0,1179.3977066602943,0.0,0.0,238.36602482369426,853.5051819413649,1979.3977066602943,295.3621228856347,Stock OK
34,26,3596.7792,22,2200.0,1354.9248677884605,0.0,0.0,448.58864166666586,800.3597583333325,3554.9248677884607,7,700.0,816.8985073126225,0.0,0.0,176.8362680841022,717.8294002647858,1516.8985073126225,7,700.0,744.3769356823904,64.4741592301267,6.44741592301267,174.97230181539743,714.5802036307948,1508.851094912517,246.66659451109453,Stock OK
34,27,567.0244,22,2200.0,283.41443509615374,0.0,0.0,130.91270833333328,191.6028916666666,2483.4144350961537,3,300.0,327.74223340549236,0.0,0.0,198.1385281933696,198.1385281933696,627.7422334054924,3,300.0,402.02655675828913,0.0,0.0,236.20333650602893,236.20333650602893,702.0265567582892,50.238005269838766,Stock OK
34,28,171.722,22,2200.0,138.14509615384614,0.0,0.0,67.93416666666666,88.77383333333331,2338.145096153846,2,200.0,175.84719118654908,0.0,0.0,122.88975586021981,122.88975586021981,375.8471911865491,2,200.0,192.7142714289512,0.0,0.0,137.66176718830255,137.66176718830255,392.7142714289512,22.428746999256326,Stock OK
34,29,1710.6515999999995,22,2200.0,640.9814783653845,0.0,0.0,311.8658583333332,487.73694166666655,2840.9814783653846,5,500.0,536.3718764468032,0.0,0.0,83.2517086554263,465.77587956928284,1036.371876446803,5,500.0,554.5223773874005,0.0,0.0,63.548559456440174,441.1469430705502,1054.5223773874004,128.29231148207896,Stock OK
34,30,1645.6556,22,2200.0,85.71423477564102,68.12800000000024,6.812800000000024,93.86756666666668,244.53803333333337,2353.8422347756414,5,500.0,472.2294982396765,0.0,0.0,350.645472717973,350.645472717973,972.2294982396766,5,500.0,521.7998721496022,0.0,0.0,54.434291417712444,422.9553392721406,1021.7998721496022,87.28216002172779,Stock OK
34,31,906.4287999999999,22,2200.0,193.1817287660256,561.7141666666668,56.17141666666667,66.5222333333333,146.24219999999997,2954.895895432692,3,300.0,378.8218764856091,1280.2093807453334,128.02093807453335,113.79302385093334,113.79302385093334,1959.0312572309426,4,400.0,361.3675943630948,0.0,0.0,118.76940087834336,118.76940087834336,761.3675943630948,59.502621556022056,Stock OK
34,32,3472.3368,22,2200.0,2153.7474879807687,0.0,0.0,1484.075225,1915.067575,4353.747487980769,6,600.0,1032.9560713846538,0.0,0.0,168.25273866002664,767.0729413920319,1632.9560713846538,6,600.0,1281.414321440624,0.0,0.0,576.8130507659098,576.8130507659098,1881.414321440624,327.1564143245275,Stock OK
34,33,2987.032,22,2200.0,662.0359014423077,0.0,0.0,185.88872499999982,461.7948749999998,2862.0359014423075,6,600.0,727.3335451180002,1037.890695496135,103.78906954961352,405.32341090077296,405.32341090077296,2365.224240614135,7,700.0,631.2673792858151,0.0,0.0,77.36429998381365,519.1204791477826,1331.267379285815,192.14405094497428,Stock OK
34,34,5923.4044,22,2200.0,2002.717620192309,0.0,0.0,1459.1773833333339,2101.1410166666674,4202.7176201923085,8,800.0,1279.5938903702495,0.0,0.0,155.35705565670625,886.1879136076643,2079.5938903702495,8,800.0,1221.341708166598,0.0,0.0,114.96887599550811,840.0299939948665,2021.341708166598,343.2714873757447,Stock OK
34,35,1175.1344,22,2200.0,557.8734254807694,0.0,0.0,438.5017083333335,578.8178916666668,2757.8734254807696,4,400.0,511.86719046984274,0.0,0.0,60.37040176493513,402.0472440199135,911.8671904698427,4,400.0,553.947030713435,0.0,0.0,371.75184277598,371.75184277598,953.947030713435,99.33237465669461,Stock OK
34,36,564.9784000000001,22,2200.0,505.3401141826922,168.6980000000002,16.86980000000002,419.5600499999998,503.7051499999998,2874.0381141826924,2,200.0,493.98559979641533,41.023500000000155,4.1023500000000155,94.52483178271625,94.52483178271625,735.0090997964154,3,300.0,479.58536110501376,41.023500000000155,4.1023500000000155,285.0420017075985,285.0420017075985,820.608861105014,63.34328567433532,Stock OK
34,37,2093.5407999999998,22,2200.0,32.44067508012821,2075.894833333333,207.5894833333333,0.0,163.99576666666667,4308.335508413461,6,600.0,379.33123784472093,126.55400102901979,12.655400102901979,12.027833264731967,381.41174989709793,1105.8852388737407,6,600.0,537.2253809142323,0.0,0.0,54.92162977471071,435.4153857296528,1137.2253809142323,116.76586671946079,Stock OK
34,38,41134.26920000001,22,2200.0,7654.716586538463,0.0,0.0,3686.5047000000004,7583.9633,9854.716586538463,21,2100.0,3063.663560183875,48.20600889099751,4.820600889099751,731.6559616284349,4333.1476277023685,5211.869569074873,20,2000.0,4914.891144589392,0.0,0.0,1691.612989280742,3540.597703744779,6914.891144589392,2369.2474367810505,Stock OK
34,40,32052.532000000003,22,2200.0,7632.973870192314,0.0,0.0,3289.220850000005,6362.416750000006,9832.973870192314,20,2000.0,3058.6811398458167,0.0,0.0,1339.8133764230865,4537.874657136763,5058.681139845817,18,1800.0,3041.64386240065,0.0,0.0,351.84210975832093,1986.8174191558692,4841.64386240065,1718.632367846105,Stock OK
34,41,642.5204,22,2200.0,113.43765548281509,1870.2487659574463,187.02487659574462,0.0,39.608306382978725,4183.686421440261,4,400.0,197.34106487258518,421.013969368519,42.1013969368519,3.5914717443400015,185.12414348868,1018.3550342411042,5,500.0,176.444709561116,0.0,0.0,74.34000228209717,74.34000228209717,676.444709561116,47.586921136243824,Stock OK
34,42,3967.7747999999992,22,2200.0,75.85871594551281,3193.3904166666653,319.3390416666665,0.0,317.25528333333335,5469.249132612178,8,800.0,518.7906557689818,843.3192975051802,84.33192975051801,188.80813809979287,702.5750071496893,2162.109953274162,7,700.0,914.6216936838063,0.0,0.0,238.26509805054712,238.26509805054712,1614.6216936838064,226.9782613096628,Stock OK
34,44,3035.0932,22,2200.0,491.95224759615445,0.0,0.0,19.42505833333371,285.0353416666671,2691.9522475961544,7,700.0,643.9112523963229,12.651834276416025,1.2651834276416025,185.1474957861791,655.2408436792687,1356.5630866727388,7,700.0,668.1753105811888,287.74556124565095,28.774556124565095,171.39280943771735,634.608814156576,1655.9208718268396,215.81478144360128,Stock OK
34,46,14489.357600000001,22,2200.0,3063.783281249999,0.0,0.0,1942.5368083333337,3371.3971916666674,5263.783281249999,13,1300.0,1936.592899235007,0.0,0.0,737.8507677102567,1828.1772504361115,3236.5928992350073,13,1300.0,1960.3745946455076,0.0,0.0,756.256693832616,1848.117003735334,3260.3745946455074,769.5946368128418,Stock OK
34,49,2737.4824000000003,22,2200.0,1208.8784615384614,0.0,0.0,971.1058333333334,1293.5917666666667,3408.878461538461,5,500.0,936.7693703730203,0.0,0.0,336.1707099593058,336.1707099593058,1436.7693703730201,5,500.0,1142.4137003050841,0.0,0.0,432.3784505272822,432.3784505272822,1642.4137003050841,224.51151266046452,Stock OK
34,52,1028.872,22,2200.0,315.71242788461535,0.0,0.0,152.56554999999997,255.29924999999997,2515.7124278846154,4,400.0,389.6314289497742,0.0,0.0,2.308902989393971,294.6690206525253,789.6314289497742,4,400.0,475.2220247153172,0.0,0.0,307.09765689087214,307.09765689087214,875.2220247153173,81.65986697146973,Stock OK
34,55,6307.72,22,2200.0,6545.876298076923,0.0,0.0,4241.7083999999995,5159.049999999999,8745.876298076924,7,700.0,2109.0886337956495,0.0,0.0,1183.697729886156,1183.697729886156,2809.0886337956495,7,700.0,1762.192572493019,0.0,0.0,802.2682814781654,802.2682814781654,2462.192572493019,536.0295816970927,Stock OK
34,56,1360.6959999999997,22,2200.0,2793.4423557692303,0.0,0.0,2341.873899999999,2663.836499999999,4993.44235576923,3,300.0,1218.502696631102,0.0,0.0,674.9410276978077,674.9410276978077,1518.502696631102,2,200.0,1300.2155899313188,0.0,0.0,458.6495442642857,458.6495442642857,1500.2155899313188,164.49363804728117,Stock OK
34,59,173.89999999999998,22,2200.0,331.721358173077,0.0,0.0,225.67650833333343,260.42229166666675,2531.721358173077,1,100.0,281.5010761040587,0.0,0.0,48.24364885188253,48.24364885188253,381.5010761040587,1,100.0,260.89046591698866,0.0,0.0,39.2183711278603,39.2183711278603,360.89046591698866,32.61975440921174,Stock OK
34,60,59.76000000000001,22,2200.0,42.78750000000001,0.0,0.0,25.616,33.04,2242.7875,1,100.0,128.57306752441008,0.0,0.0,29.96841693700483,29.96841693700483,228.57306752441008,1,100.0,121.77288236023914,0.0,0.0,26.99065164406261,26.99065164406261,221.77288236023912,5.658814667010041,Stock OK
34,65,42414.7424,22,2200.0,1055.7455568910266,47630.24033333331,4763.024033333331,0.0,3274.0624666666668,50885.98589022434,22,2200.0,1100.9403166855584,44944.38032268686,4494.438032268687,0.0,3300.9210667731313,48245.32063937242,21,2100.0,2440.8566813738316,5865.495575869859,586.5495575869859,898.1111731260728,2616.9843692869404,10406.35225724369,2069.434807604107,Stock OK
34,67,5824.8264,22,2200.0,631.1401322115379,0.0,0.0,269.37415833333307,799.3046416666664,2831.140132211538,9,900.0,849.2067045658227,1172.314750000001,117.2314750000001,399.33792115543577,1063.3425612998653,2921.5214545658237,9,900.0,1404.5523539266594,0.0,0.0,427.43112145448833,1109.6013460112995,2304.5523539266596,534.2551622679728,Stock OK
34,71,1939.4360000000001,22,2200.0,594.4118629807695,0.0,0.0,351.4707583333334,550.6800416666667,2794.4118629807695,5,500.0,575.8852961399093,0.0,0.0,394.94985773372997,394.94985773372997,1075.8852961399093,5,500.0,736.359613582367,0.0,0.0,368.2852009095722,368.2852009095722,1236.359613582367,150.26633576354766,Stock OK
34,72,26836.008,22,2200.0,15057.094483173076,0.0,0.0,8177.328041666668,11221.965958333334,17257.094483173074,16,1600.0,3801.129527548964,54.10697047880376,5.410697047880376,1610.1154139760597,3201.6991367712717,5455.236498027767,16,1600.0,4170.158153561856,0.0,0.0,951.3209345575647,2499.345738528069,5770.158153561856,2063.920057350786,Stock OK
34,74,6560.409200000001,22,2200.0,762.8704326923083,0.0,0.0,315.48680000000036,913.3908000000004,2962.8704326923084,9,900.0,1016.260365390473,0.0,0.0,684.1980843525935,684.1980843525935,1916.260365390473,9,900.0,1114.092845233885,0.0,0.0,112.45475361282797,834.4557478144314,2014.092845233885,361.72115313449,Stock OK
34,79,13366.996000000001,22,2200.0,1324.0581129807722,0.0,0.0,331.90002500000185,1523.108375000002,3524.0581129807724,13,1300.0,1337.5572704940846,498.4018941834563,49.84018941834563,416.0490567449624,1411.581751938847,3135.9591646775407,13,1300.0,1593.8762555353426,0.0,0.0,450.2193939184922,1452.7529663283665,2893.8762555353424,661.0879031162253,Stock OK
34,80,10287.574799999999,22,2200.0,1891.9845552884608,0.0,0.0,977.2496249999997,1956.7995749999998,4091.984555288461,11,1100.0,1378.340910869849,88.89475000000175,8.889475000000175,218.29465765478358,1121.060163420262,2567.2356608698506,11,1100.0,1602.9393556329642,0.0,0.0,313.3763694423876,1226.5389938866265,2702.939355632964,555.2957021524294,Stock OK
34,81,15158.430000000002,22,2200.0,271.0473617788462,8587.109166666676,858.7109166666677,0.0,1243.4538333333333,11058.156528445523,15,1500.0,1048.962905142165,2000.4207533469707,200.04207533469707,129.48379946448415,2163.7439493306056,4549.383658489136,14,1400.0,1582.4258154820595,0.0,0.0,243.47520348985825,1284.761699912155,2982.4258154820595,717.2422661225785,Stock OK
34,82,14841.890399999998,22,2200.0,1943.2171033653833,0.0,0.0,920.3287249999988,2290.9564749999986,4143.217103365383,14,1400.0,1428.6167032976418,405.1837499999999,40.51837499999999,69.09922351720445,2204.8541607700718,3233.800453297642,13,1300.0,2153.691695881643,0.0,0.0,1036.4732007413027,1036.4732007413027,3453.691695881643,941.708496805404,Stock OK
34,83,2514.2812,22,2200.0,99.3585266426281,357.3615000000018,35.73615000000018,48.54755833333333,268.29474166666665,2656.72002664263,6,600.0,577.1869602674743,306.72825,30.672825000000003,411.5274818500368,411.5274818500368,1483.9152102674743,6,600.0,720.5825975693267,0.0,0.0,133.43768482070965,597.0573067848516,1320.5825975693267,150.27882465204277,Stock OK
34,85,1330.5008,22,2200.0,471.31048076923076,0.0,0.0,310.6994666666667,453.4125333333334,2671.3104807692307,4,400.0,492.5567538032344,0.0,0.0,261.89979924026454,261.89979924026454,892.5567538032344,4,400.0,495.53545884570735,0.0,0.0,233.473139341892,233.473139341892,895.5354588457074,96.8626060462809,Stock OK
34,87,7042.3736,22,2200.0,77.30959134615387,14992.524666666666,1499.2524666666666,0.0,482.01053333333334,17269.83425801282,11,1100.0,518.6829663071431,2968.3410592293762,296.8341059229376,310.1910771196736,943.4625542393471,4587.024025536519,10,1000.0,902.3443893318355,0.0,0.0,481.3440756544532,481.3440756544532,1902.3443893318354,451.3401623896742,Stock OK
34,90,40194.8388,22,2200.0,5779.428329326924,0.0,0.0,2090.949275000002,5767.974325000003,7979.428329326924,21,2100.0,3311.919729077187,0.0,0.0,302.32161671504355,3800.483900886548,5411.919729077187,21,2100.0,3684.4153625826316,0.0,0.0,430.90090516071496,2186.4110116687507,5784.415362582631,2064.852613737295,Stock OK
34,91,31969.274,22,2200.0,1019.2784975961524,6737.651000000033,673.7651000000033,0.0,2721.3486,9956.929497596186,21,2100.0,2263.5116924313143,1915.3243923893592,191.53243923893592,893.8335341789605,3903.2600810147524,6278.836084820674,20,2000.0,3013.956590835314,0.0,0.0,1224.5657183962323,2756.7666035749817,5013.956590835314,1509.7602875136977,Stock OK
34,92,63393.1016,22,2200.0,4248.96356370192,6407.550916666673,640.7550916666673,0.0,5456.725783333333,12856.514480368594,21,2100.0,2750.8875810381674,11509.220811514506,1150.9220811514506,1341.800803654046,5603.254007308092,16360.108392552673,21,2100.0,3850.792950071618,0.0,0.0,1230.5830356824817,3401.2982649395003,5950.792950071618,3186.122410225553,Stock OK
34,93,29585.098,22,2200.0,564.3695713141026,22722.654583333344,2272.265458333334,0.0,2375.0289166666666,25487.024154647446,19,1900.0,1923.8889918813509,8417.237360514739,841.7237360514739,121.97122876167805,2933.393686285034,12241.12635239609,20,2000.0,2213.400751676426,0.0,0.0,1037.2820319444925,2461.4839612573605,4213.400751676426,1397.9999749319281,Stock OK
34,94,35013.8192,22,2200.0,984.7769050480753,4930.722500000027,493.07225000000267,241.32309999999802,3264.111799999998,8115.499405048102,22,2200.0,2050.8394129554727,0.0,0.0,1237.6159276942417,4409.341135463666,4250.839412955473,20,2000.0,3410.652859737889,0.0,0.0,1552.4377749320229,3154.0414711786243,5410.652859737889,1848.6336866953354,Stock OK
34,95,64461.3552,22,2200.0,2842.355372596142,0.0,0.0,476.8656916666582,6123.667508333325,5042.355372596142,22,2200.0,3035.4506797202002,3978.840150637843,397.8840150637843,762.2285155272066,7264.785858849909,9214.290830358044,21,2100.0,4677.483482856687,0.0,0.0,2239.082734003285,4395.758112114518,6777.483482856687,3130.590652063145,Stock OK
34,96,18260.8412,22,2200.0,549.0900480769237,3275.9054999999967,327.59054999999967,0.0,1559.4131,6024.99554807692,16,1600.0,1540.1870875511054,0.0,0.0,24.95876419705735,2303.0559519394938,3140.1870875511054,16,1600.0,1923.243559736779,0.0,0.0,712.4686497179242,1821.4146630324526,3523.243559736779,1059.5409973221679,Stock OK
34,97,16593.916,22,2200.0,553.5215574919881,4359.075083333311,435.9075083333312,0.0,1405.044216666667,7112.596640825299,15,1500.0,1404.4629252563745,110.5909417719397,11.05909417719397,661.5310968038008,1742.7326452057014,3015.053867028314,15,1500.0,1677.1925463721439,66.78704217689415,6.678704217689415,672.6866262018035,1754.99788312924,3243.9795885490375,787.0934927011971,Stock OK
34,98,6515.8444,22,2200.0,2322.044447115384,0.0,0.0,986.2760499999993,1638.6343499999991,4522.044447115384,9,900.0,1179.9011932902863,200.152463476619,20.0152463476619,376.4995005217626,1113.2234010435252,2280.053656766905,9,900.0,1261.7481153929095,0.0,0.0,284.73753976283007,1012.4931009831839,2161.7481153929093,457.2022949623799,Stock OK
35,1,12471.047999999999,22,2200.0,6386.900180288459,0.0,0.0,2773.7370583333304,4099.3705416666635,8586.90018028846,12,1200.0,2280.515202977469,30.29303061550536,3.029303061550536,22.464941326494454,2122.871623979483,3510.8082335929744,12,1200.0,2516.8722451906247,0.0,0.0,943.8266582994752,1982.5925158721548,3716.8722451906247,1530.1225716731767,Stock OK
35,2,42941.119600000005,22,2200.0,816.2702363782045,43736.30741666669,4373.63074166667,0.0,3353.694683333333,46752.57765304489,22,2200.0,1741.38375052623,11615.285445538786,1161.5285445538786,0.0,5011.233958697198,15556.669196065017,22,2200.0,2392.6994361701272,612.105086963752,61.2105086963752,96.49906494222478,3396.139598094038,5204.804523133879,2029.6950287941168,Stock OK
35,3,19440.644399999997,22,2200.0,1882.138333333334,85688.22333333331,8568.822333333332,1003.9687999999999,2036.6462666666666,89770.36166666665,14,1400.0,1230.893613651262,66561.63182263341,6656.163182263341,814.543830105182,1741.4675876314775,69192.52543628468,13,1300.0,1120.7427301373236,9363.835944345545,936.3835944345545,52.59399052694789,761.2539320307976,11784.57867448287,368.4145515026804,Stock OK
35,4,16756.9464,22,2200.0,893.7338281249996,2038.6882500000058,203.86882500000058,0.0,1439.39805,5132.422078125005,15,1500.0,1406.323893214394,0.0,0.0,722.905186759529,1817.2447947423525,2906.323893214394,15,1500.0,1870.0948812926977,0.0,0.0,268.95822382763845,1330.8730487438984,3370.0948812926977,841.7007418985831,Stock OK
35,5,14240.395599999998,22,2200.0,13477.811310096153,0.0,0.0,8528.040975000002,10507.905025000002,15677.811310096153,11,1100.0,3609.1200591934958,0.0,0.0,1563.912111988764,2847.3632756876405,4709.120059193496,11,1100.0,2913.134864732603,0.0,0.0,1420.3984506762295,1420.3984506762295,4013.134864732603,1266.992533055555,Stock OK
35,6,3724.2592,22,2200.0,3286.816237980767,0.0,0.0,2473.049591666665,3011.9460083333315,5486.816237980767,6,600.0,1475.6344897592257,0.0,0.0,432.07668345135147,1101.6749351416217,2075.6344897592257,6,600.0,1148.2541412543842,0.0,0.0,409.0528911631266,409.0528911631266,1748.2541412543842,279.63267907260894,Stock OK
35,7,22171.7644,22,2200.0,7509.816562500001,0.0,0.0,6429.913583333333,8917.016016666666,9709.8165625,14,1400.0,3554.4710856840143,2928.0460490939504,292.80460490939504,1990.6304705436305,3429.125943088933,7882.517134777964,16,1600.0,3221.216049836851,0.0,0.0,1114.49224484145,2264.8218327733002,4821.216049836851,1641.2915638355778,Stock OK
35,8,15961.159599999999,22,2200.0,537.0231800881414,10836.761083333322,1083.6761083333322,0.0,1293.6942166666668,13573.784263421463,15,1500.0,1324.2245243360364,1775.890490491331,177.5890490491331,681.6154616229638,1719.0900821639516,4600.115014827368,15,1500.0,1440.7863407320806,676.1237444536005,67.61237444536005,711.6091001512656,1759.0816002016873,3616.910085185681,830.9474593741223,Stock OK
35,9,14410.758399999999,22,2200.0,779.4709735576927,21755.658999999992,2175.565899999999,1245.0408000000007,2417.2350000000006,24735.129973557683,13,1300.0,1363.6113540727945,10285.008319733428,1028.5008319733429,1214.25331545142,1214.25331545142,12948.619673806223,13,1300.0,1635.0699703272435,0.0,0.0,23.5652898563784,928.9961748461197,2935.0699703272435,533.4505874601516,Stock OK
35,10,12903.0156,22,2200.0,873.8591826923059,0.0,0.0,189.26366666666547,1327.7227333333321,3073.8591826923057,13,1300.0,1368.9446928470902,605.267033807005,60.526703380700496,544.0910830964992,1517.332031406149,3274.2117266540954,13,1300.0,1637.6026203152987,0.0,0.0,927.6590460244647,927.6590460244647,2937.6026203152987,710.2297673659415,Stock OK
35,11,17866.390799999997,22,2200.0,2335.560444711538,55795.591,5579.5591,2510.226733333332,3796.927466666665,60331.15144471154,11,1100.0,1588.3545077484705,45207.1042852234,4520.71042852234,1000.370142955318,2035.0367608247327,47895.45879297187,11,1100.0,2588.132228461978,22135.253193881283,2213.525319388128,1235.7807418356165,1235.7807418356165,25823.38542234326,1129.962176608089,Stock OK
35,12,1828.25,22,2200.0,114.75647636217943,313.6063333333344,31.36063333333344,0.09871666666666101,156.35854999999998,2628.362809695514,5,500.0,447.55781018621525,387.64031492252,38.764031492252,247.73614567183193,247.73614567183193,1335.1981251087352,6,600.0,512.0885547211809,0.0,0.0,65.99533960668539,397.9664575280225,1112.088554721181,108.44506301116908,Stock OK
35,13,28828.769200000002,22,2200.0,1564.7155288461531,12229.153166666676,1222.9153166666676,0.0,2400.5090333333333,15993.868695512829,20,2000.0,1383.5795556870214,4433.674037460314,443.3674037460314,653.5303021616166,3479.993474207793,7817.253593147336,20,2000.0,2412.099351506037,0.0,0.0,932.5546421558256,2309.4262364798165,4412.099351506036,1399.8241084236795,Stock OK
35,14,22232.870800000004,22,2200.0,5383.968834134618,0.0,0.0,2815.442691666668,4993.556908333335,7583.968834134618,16,1600.0,2347.1180668370152,203.4384595246047,20.34384595246047,1247.2910860316938,2593.4675337036424,4150.55652636162,16,1600.0,2817.764709570685,0.0,0.0,1640.6284190251527,1640.6284190251527,4417.764709570685,1334.3685658292602,Stock OK
35,16,4888.377599999999,22,2200.0,3724.120496794872,24742.173166666667,2474.2173166666666,3905.3745333333322,4454.899299999999,30666.29366346154,4,400.0,1619.777722016491,22209.287179240513,2220.9287179240514,861.5145320759488,861.5145320759488,24229.064901257003,4,400.0,2663.971880096009,10389.2445,1038.92445,1122.8687141479654,1122.8687141479654,13453.21638009601,205.83277194869595,Stock OK
35,17,13202.823999999999,22,2200.0,2935.8457211538457,0.0,0.0,1352.5274333333332,2618.2101666666663,5135.845721153846,13,1300.0,1676.730011006068,381.58889825501547,38.15888982550155,1048.0344358389275,2074.2157230067132,3358.3189092610833,13,1300.0,1822.2865068109713,0.0,0.0,660.0750358065108,1657.1062804570533,3122.2865068109713,744.3194726156455,Stock OK
35,20,9854.967999999999,22,2200.0,691.2162059294878,193.95866666665995,19.395866666665995,494.62045833333366,1392.8980750000005,3085.174872596148,11,1100.0,1275.9897388660636,714.7172140969082,71.47172140969082,208.95905359030905,1073.4629443083709,3090.706952962972,12,1200.0,1463.7271372760804,0.0,0.0,516.1694327520883,1336.5077061840962,2663.7271372760806,526.5126539273781,Stock OK
35,21,2809.8792000000003,22,2200.0,957.879399038462,0.0,0.0,618.0281500000003,916.1070500000003,3157.879399038462,6,600.0,787.3954591520537,0.0,0.0,127.22732667875732,625.2249620145087,1387.3954591520537,6,600.0,813.8077593076432,0.0,0.0,550.1044845909283,550.1044845909283,1413.8077593076432,183.22257642735642,Stock OK
35,22,17727.011599999998,22,2200.0,3321.5159495192274,0.0,0.0,1183.5931916666639,2827.9936083333305,5521.515949519227,15,1500.0,1845.9157107605993,348.7112877623599,34.87112877623599,1149.919376242845,2319.5950349904597,3694.626998522959,15,1500.0,2095.2817340448864,0.0,0.0,644.7418297660727,1780.8241729636493,3595.2817340448864,1033.9163225631871,Stock OK
35,23,34176.7732,22,2200.0,2011.702113381411,407.52316666666275,40.752316666666275,1055.335733333334,4115.453700000001,4619.225280048073,21,2100.0,2624.428720279945,0.0,0.0,730.2728417163596,3921.5222197917656,4724.428720279945,21,2100.0,2717.552906478639,0.0,0.0,745.7162791627659,2190.112113884802,4817.552906478639,1893.8718282411755,Stock OK
35,24,10151.306,22,2200.0,738.8258874198715,8337.602833333334,833.7602833333335,0.0,810.2213666666667,11276.428720753205,11,1100.0,787.2906571744863,11320.73676993165,1132.073676993165,406.48447477853716,1227.5229495570743,13208.027427106135,13,1300.0,1031.0019419233706,279.6321162873767,27.963211628737668,304.58846146108186,1013.2499383712623,2610.634058210747,527.6185875206104,Stock OK
35,25,12522.05,22,2200.0,1497.7791586538483,0.0,0.0,673.7511166666678,1821.2120833333347,3697.7791586538483,13,1300.0,1371.14301681056,707.6310057784224,70.76310057784224,17.796922399709274,1971.959171821867,3378.774022588982,13,1300.0,1904.0265203617537,0.0,0.0,1126.7261473505723,1126.7261473505723,3204.0265203617537,837.2721770928806,Stock OK
35,26,11058.0824,22,2200.0,2388.713713942307,0.0,0.0,416.88420833333316,1414.7073916666666,4588.713713942307,12,1200.0,1473.9954144129977,1584.7366239232247,158.47366239232247,619.7432361350393,1530.890254202559,4258.732038336222,13,1300.0,1399.9578073144612,0.0,0.0,512.9116904980506,1352.433300122888,2699.957807314461,725.7224938060674,Stock OK
35,27,1347.3388,22,2200.0,519.4013100961536,0.0,0.0,152.9510083333331,283.4109916666664,2719.401310096154,4,400.0,456.90489009365655,0.0,0.0,166.18397855792216,166.18397855792216,856.9048900936566,4,400.0,453.9862461566444,0.0,0.0,163.75566680232816,163.75566680232816,853.9862461566445,103.03349904655877,Stock OK
35,28,516.0211999999999,22,2200.0,284.6214182692309,0.0,0.0,100.07328333333346,153.6467166666668,2484.621418269231,3,300.0,269.8873461274415,134.14219184973888,13.414219184973888,0.0,211.12341540751308,704.0295379771804,3,300.0,357.24484962449907,0.0,0.0,25.778761027839465,256.49866654175923,657.244849624499,59.145334441237004,Stock OK
35,29,6988.804399999998,22,2200.0,553.306875,0.0,0.0,118.36656666666653,736.3814333333332,2753.306875,10,1000.0,1113.9030640268797,0.0,0.0,391.8415250962139,1108.910816773571,2113.9030640268797,10,1000.0,1071.1922702009285,0.0,0.0,293.3536897208728,999.4798885787476,2071.1922702009288,393.759223391311,Stock OK
35,30,4971.1932,22,2200.0,182.32651041666665,2654.7146666666663,265.47146666666663,224.20598333333328,652.89535,5037.0411770833325,8,800.0,828.9683642191071,0.0,0.0,449.58628024915305,449.58628024915305,1628.9683642191071,8,800.0,893.8173262680587,0.0,0.0,392.63906343915227,392.63906343915227,1693.8173262680587,241.40437042391727,Stock OK
35,31,4291.602,22,2200.0,671.4042858573719,3900.082666666667,390.0082666666667,211.21010833333332,568.8452249999999,6771.486952524039,8,800.0,698.6046638041036,1412.0465369164303,141.20465369164305,204.44090852334278,749.9245627850141,2910.651200720534,9,900.0,738.7122898592702,0.0,0.0,338.69600483145234,338.69600483145234,1638.7122898592702,214.23342865396503,Stock OK
35,32,5405.0004,22,2200.0,2399.344411057691,0.0,0.0,1775.5852249999987,2399.9839749999987,4599.344411057691,8,800.0,1363.0984183320722,0.0,0.0,576.9409482108847,1297.7042658124396,2163.0984183320725,8,800.0,1568.6277603463495,0.0,0.0,863.4437446437842,863.4437446437842,2368.6277603463495,453.14141778173826,Stock OK
35,33,9591.9992,22,2200.0,874.1172836538451,5057.773250000014,505.7773250000014,0.0,790.1062499999999,8131.890533653859,11,1100.0,852.4273373274336,6397.673607730441,639.7673607730442,340.7533849141062,1151.5359698282125,8350.100945057875,13,1300.0,1038.1431808572868,0.0,0.0,697.8960555768078,697.8960555768078,2338.143180857287,534.8819492644906,Stock OK
35,34,25149.8372,22,2200.0,144.42725961538457,40696.65600000002,4069.665600000002,0.0,1833.0584,43041.0832596154,19,1900.0,896.2765593566884,8557.886547945986,855.7886547945986,684.6615469488922,1919.6127965130197,11354.163107302673,18,1800.0,2241.538746913848,1073.3760000000007,107.33760000000007,1377.7462732731742,1377.7462732731742,5114.914746913849,1268.8407187730083,Stock OK
35,35,2293.8096,22,2200.0,967.2555649038463,0.0,0.0,623.521325,877.202275,3167.2555649038463,5,500.0,747.5361224271,0.0,0.0,383.78904616606235,383.78904616606235,1247.5361224271,5,500.0,704.4343397778186,0.0,0.0,194.4555454268491,194.4555454268491,1204.4343397778186,185.88618690460615,Stock OK
35,36,2600.5104,22,2200.0,1362.1912199519234,5662.757999999999,566.2757999999999,1195.2074750000002,1476.0285250000002,9224.949219951923,5,500.0,854.2201166145098,3015.955485548054,301.5955485548054,55.78247644519445,539.1489146677918,4370.175602162564,6,600.0,1139.3474222431307,35.57486106725378,3.557486106725378,66.83335557309817,515.3442944663727,1774.9222833103845,228.55325051345642,Stock OK
35,38,31893.326,22,2200.0,1707.3057842548055,2971.9847500000265,297.19847500000265,0.0,2747.48935,6879.290534254832,19,1900.0,1704.7458524712606,7283.620617127506,728.3620617127506,170.88397522492846,3194.729962837393,10888.366469598766,19,1900.0,3837.1484730499164,0.0,0.0,270.81767689825165,3386.6965271091685,5737.148473049916,1846.2606589410664,Stock OK
35,40,31573.6536,22,2200.0,1070.662902644231,20270.043249999995,2027.0043249999994,0.0,2569.27385,23540.706152644227,21,2100.0,1002.9015584031439,1135.900166225922,113.5900166225922,173.09375079334222,3097.224967548158,4238.801724629066,20,2000.0,1777.7060261725806,0.0,0.0,618.7192427065368,2110.2172462700387,3777.7060261725806,1613.272588997071,Stock OK
35,41,1360.9260000000002,22,2200.0,883.4240625000007,0.0,0.0,561.4120833333338,728.5719166666672,3083.4240625000007,4,400.0,611.5921271582314,0.0,0.0,381.5348034591693,381.5348034591693,1011.5921271582314,4,400.0,939.6598861049351,0.0,0.0,360.80677468514796,360.80677468514796,1339.6598861049351,228.07482558620822,Stock OK
35,42,6722.3436,22,2200.0,1163.9682572115378,0.0,0.0,304.1596583333329,915.1599416666662,3363.968257211538,9,900.0,994.248990441164,0.0,0.0,611.0510187981175,611.0510187981175,1894.248990441164,9,900.0,1184.1441724124493,0.0,0.0,486.6137845678719,486.6137845678719,2084.1441724124493,429.2785905074401,Stock OK
35,44,1654.3140000000003,22,2200.0,54.78914062500002,1885.383749999999,188.53837499999992,0.0,127.45875000000001,4140.172890624999,5,500.0,388.54512663084813,696.9404752789908,69.69404752789907,234.80095686802525,234.80095686802525,1585.4856019098388,5,500.0,479.2657075633305,0.0,0.0,127.8331019234131,127.8331019234131,979.2657075633306,100.18158533416346,Stock OK
35,46,14827.234400000001,22,2200.0,367.20819811698715,10707.710666666671,1070.7710666666671,171.89065833333336,1383.051875,13274.918864783658,14,1400.0,1140.4987368909476,5875.270064104714,587.5270064104714,626.8986587910248,1630.734368589529,8415.768800995662,15,1500.0,1516.8802670630164,0.0,0.0,498.8171689968166,1463.7678649965892,3016.8802670630166,720.630094329331,Stock OK
35,52,1312.2796000000003,22,2200.0,135.8338581730769,235.75000000000074,23.575000000000074,17.24843333333331,130.80956666666663,2571.5838581730777,5,500.0,374.0560692900765,166.41651726018196,16.641651726018196,104.22634482194547,411.6069930959273,1040.4725865502585,5,500.0,441.1701637870196,0.0,0.0,76.6872302256669,381.3435127820836,941.1701637870196,82.14052593660837,Stock OK
35,55,6173.922400000001,22,2200.0,7843.01808894231,0.0,0.0,5187.3989083333345,6175.339891666668,10043.01808894231,7,700.0,2458.012118345969,0.0,0.0,747.7324818897041,1654.356383037988,3158.012118345969,7,700.0,1858.89674247101,0.0,0.0,861.2448916398769,861.2448916398769,2558.89674247101,604.6300467830549,Stock OK
35,58,1844.8000000000002,22,2200.0,40.69032190635452,4651.499999999999,465.1499999999999,0.0,119.9695652173913,6892.190321906353,5,500.0,354.970301972506,2233.0720923015538,223.30720923015537,138.13461073593942,138.13461073593942,3088.04239427406,6,600.0,669.0676945557593,0.0,0.0,424.37869863231674,424.37869863231674,1269.0676945557593,199.33230938606027,Stock OK
35,60,72.66,22,2200.0,21.232211538461556,0.0,0.0,7.656000000000015,14.640000000000017,2221.2322115384613,1,100.0,107.17085450353898,0.0,0.0,14.043868919444433,14.043868919444433,207.17085450353898,1,100.0,113.85267612565038,0.0,0.0,13.012113268270552,13.012113268270552,213.85267612565036,7.827964755016042,Stock OK
35,67,4483.676000000001,22,2200.0,455.96063201121734,299.61808333333465,29.961808333333465,230.45564999999942,637.774766666666,2955.578715344552,8,800.0,748.5249802142922,1451.9351028552496,145.19351028552495,347.4913691190792,929.6335382381584,3000.4600830695417,8,800.0,1002.3931460158498,0.0,0.0,165.72075781883217,742.6376267929511,1802.3931460158497,345.9940913606724,Stock OK
35,71,9295.1228,22,2200.0,2315.531165865384,0.0,0.0,1536.7208749999993,2478.6203249999994,4515.5311658653845,10,1000.0,1422.5491177226354,241.2513703983086,24.12513703983086,994.3107319402536,994.3107319402536,2663.800488120944,10,1000.0,1731.5154365972815,0.0,0.0,989.4651846688098,989.4651846688098,2731.515436597281,536.4632885023328,Stock OK
35,72,64634.869600000005,22,2200.0,36830.14800480769,0.0,0.0,19439.811483333324,26750.653316666656,39030.14800480769,20,2000.0,7705.4902494787075,0.0,0.0,3056.2218797664095,7988.815682354792,9705.490249478707,20,2000.0,8282.423244666898,0.0,0.0,3211.363374852855,5486.562183846969,10282.423244666898,5224.95852501517,Stock OK
35,74,17982.2304,22,2200.0,2517.507175480768,0.0,0.0,1106.617108333333,2766.516891666666,4717.507175480769,15,1500.0,1696.0264529031633,579.8871504055273,57.988715040552734,1018.0600099594482,2193.2351542393694,3775.9136033086907,15,1500.0,2294.333941818626,0.0,0.0,285.77262952963144,1412.7835834246052,3794.333941818626,885.110893763524,Stock OK
35,79,22226.8196,22,2200.0,519.449864783654,14399.859749999987,1439.9859749999987,0.0,1807.55075,17119.30961478364,18,1800.0,1385.0557356946167,4071.912555670482,407.1912555670482,512.9579170618503,2965.6154341237007,7256.968291365099,18,1800.0,1861.7023998878756,0.0,0.0,1085.5200832293772,2297.3444101840464,3661.702399887876,1108.6911014595994,Stock OK
35,80,54.6244,22,2200.0,48.71181706114399,224.2217435897436,22.42217435897436,44.3660717948718,51.02418461538463,2472.9335606508876,1,100.0,127.33325091291516,156.5563076923077,15.65563076923077,45.446552379772704,45.446552379772704,383.8895586052229,1,100.0,181.5333072222147,156.5563076923077,15.65563076923077,67.99377580444128,67.99377580444128,438.08961491452243,10.222022536701186,Stock OK
35,81,5953.0692,22,2200.0,517.5855048076925,0.0,0.0,44.80985000000021,566.3645500000002,2717.5855048076924,9,900.0,719.0662536847965,450.2546348326274,45.02546348326274,144.17869807381965,802.9149961476393,2069.320888517424,9,900.0,1110.921632529044,0.0,0.0,77.59692319926592,733.6386823491741,2010.921632529044,317.60282622337627,Stock OK
35,82,9917.022800000002,22,2200.0,1064.083725961538,0.0,0.0,79.45991666666669,948.7192833333334,3264.083725961538,11,1100.0,999.7824421525728,2292.9787974912906,229.29787974912904,120.4206702508709,970.8463243010451,4392.7612396438635,12,1200.0,1530.9581308928716,0.0,0.0,182.85712427996327,982.4926583054145,2730.958130892872,644.2236385671408,Stock OK
35,83,1614.0656000000001,22,2200.0,207.70560096153852,2028.3562499999996,202.83562499999996,0.0,122.71565,4436.061850961538,5,500.0,350.61717514223125,805.9732562591926,80.59732562591925,248.25519984352016,248.25519984352016,1656.5904314014238,5,500.0,622.4140977896202,0.0,0.0,302.581279360964,302.581279360964,1122.4140977896202,151.64479270934112,Stock OK
35,85,1534.098,22,2200.0,248.13998798076938,0.0,0.0,183.01319166666678,332.3272083333335,2448.1399879807695,5,500.0,481.9277396691684,0.0,0.0,99.71989252379844,452.18160940474803,981.9277396691684,5,500.0,542.9040062736724,0.0,0.0,280.25972519271534,280.25972519271534,1042.9040062736724,104.64745936811113,Stock OK
35,87,11807.5924,22,2200.0,168.43807291666673,24347.424166666664,2434.7424166666665,0.0,815.0304333333333,26715.86223958333,11,1100.0,553.8806631234261,23503.316940109125,2350.3316940109125,0.0,823.4715055989087,25157.19760323255,14,1400.0,1334.4600052140374,0.0,0.0,377.9954475470828,1221.3063858199353,2734.4600052140377,639.376309156578,Stock OK
35,90,11579.9632,22,2200.0,270.36181790865373,14158.670250000005,1415.8670250000005,0.0,883.83445,16629.032067908658,13,1300.0,928.4878301522314,2499.3443394716473,249.93443394716473,286.030862822985,1143.55652564597,4727.832169623878,13,1300.0,1257.7259369694839,0.0,0.0,545.785055057181,1445.7847700619461,2557.725936969484,612.4633345765086,Stock OK
35,91,6336.8804,22,2200.0,456.8314362980766,82.09650000000295,8.209650000000295,11.083366666666677,562.3663333333334,2738.927936298079,9,900.0,985.3951902208469,0.0,0.0,585.2931580840981,585.2931580840981,1885.3951902208469,9,900.0,1112.181167083212,0.0,0.0,688.4859183825099,688.4859183825099,2012.181167083212,332.9252336562974,Stock OK
35,92,31040.357200000006,22,2200.0,718.3267908653839,40040.37558333336,4004.037558333336,0.0,2350.9843166666665,42958.70237419875,21,2100.0,595.4004188709926,9409.087143372364,940.9087143372365,0.0,2797.1549484908173,12104.487562243357,20,2000.0,3142.0205061655142,0.0,0.0,925.8094339757981,2347.793941924588,5142.020506165514,1435.111130011059,Stock OK
35,93,1635.7652,22,2200.0,12.491514423076923,4916.9735,491.69735000000003,8.263774999999995,108.46652499999999,7129.465014423076,6,600.0,303.01408147420057,437.17982459405687,43.71798245940569,290.67509254059433,290.67509254059433,1340.1939060682575,6,600.0,377.2163085312953,150.63874999999996,15.063874999999996,226.6163968750995,226.6163968750995,1127.855058531295,68.48550721353865,Stock OK
35,95,39908.73039999999,22,2200.0,625.9571915064104,42338.48233333332,4233.848233333332,0.0,3102.163666666667,45164.43952483973,22,2200.0,781.0533827074231,33663.96003045903,3366.3960030459025,241.89409869461315,3454.992398259484,36645.01341316645,21,2100.0,2475.6336476888073,0.0,0.0,749.7523952869205,2315.197495082004,4575.633647688807,1735.8110594703644,Stock OK
35,97,3310.238,22,2200.0,60.281132812499976,4339.501916666667,433.9501916666667,0.0,250.11198333333334,6599.783049479167,7,700.0,468.4191548779428,631.3241252206867,63.13241252206868,321.26850935844845,321.26850935844845,1799.7432800986294,7,700.0,596.9100540245952,0.0,0.0,199.84199313496643,199.84199313496643,1296.9100540245952,151.69768174292452,Stock OK
35,98,34.870799999999996,22,2200.0,47.75212072649571,0.0,0.0,30.3865037037037,36.06105185185184,2247.752120726496,1,100.0,133.05074579693712,0.0,0.0,42.35218622967633,42.35218622967633,233.05074579693712,1,100.0,258.8712424224738,0.0,0.0,91.25795462552688,91.25795462552688,358.8712424224738,23.246426252636336,Stock OK
36,1,1787.8167999999996,22,2200.0,792.3799639423075,0.0,0.0,438.30700833333304,631.8829916666664,2992.3799639423078,5,500.0,568.2329785461515,0.0,0.0,107.81459513078092,509.13145016347613,1068.2329785461516,4,400.0,789.4003783472739,0.0,0.0,194.2711831541098,194.2711831541098,1189.400378347274,185.93404194630097,Stock OK
36,2,10669.141600000003,22,2200.0,1873.6134615384617,0.0,0.0,1032.5139666666669,2050.0492333333336,4073.6134615384617,12,1200.0,1239.508860306903,177.06700000000183,17.706700000000183,75.89697434122127,1916.1027692094656,2616.575860306905,11,1100.0,1408.7314866097897,0.0,0.0,218.3781153266773,1154.499796859345,2508.7314866097895,525.8133886918479,Stock OK
36,3,531.0368000000001,22,2200.0,35.959224759615374,1872.4605000000008,187.24605000000008,18.19129999999999,49.667999999999985,4108.419724759616,3,300.0,200.93840914377677,665.4021699047216,66.54021699047216,68.2053665047639,68.2053665047639,1166.3405790484985,4,400.0,216.27991533357937,0.0,0.0,161.34573529289338,161.34573529289338,616.2799153335793,22.422691531685537,Stock OK
36,4,6969.1116,22,2200.0,2687.3933413461555,0.0,0.0,1605.1776166666677,2350.7679833333345,4887.3933413461555,9,900.0,1229.7419846595342,0.0,0.0,450.16244641593556,1237.7735084679275,2129.741984659534,9,900.0,1245.153476015629,0.0,0.0,388.10245074823814,1167.9560133417679,2145.153476015629,391.21156653579675,Stock OK
36,5,182.34000000000003,22,2200.0,5.388173076923075,624.4560000000001,62.44560000000001,0.0,10.4256,2829.844173076923,2,200.0,128.9472640594867,0.0,0.0,19.568088355352113,19.568088355352113,328.9472640594867,2,200.0,186.6514931990373,0.0,0.0,53.860887386856476,53.860887386856476,386.6514931990373,18.9229599338468,Stock OK
36,7,378.68640000000005,22,2200.0,36.54239783653848,425.9984999999999,42.59984999999999,49.97650000000001,83.5472,2662.5408978365385,3,300.0,182.98325546270956,102.74749999999997,10.274749999999997,16.194739715608975,183.31990957341344,585.7307554627096,3,300.0,210.07728272472528,102.74749999999997,10.274749999999997,19.72789953149787,188.61964929724678,612.8247827247252,21.84374429084196,Stock OK
36,8,2867.1575999999995,22,2200.0,353.07675480769234,0.0,0.0,178.28735,443.10865,2553.0767548076924,6,600.0,678.126592869142,0.0,0.0,346.44214870811624,346.44214870811624,1278.1265928691419,6,600.0,791.7619887326681,0.0,0.0,433.7141327313046,433.7141327313046,1391.7619887326682,161.0302753279656,Stock OK
36,9,133.9844,22,2200.0,0.0,1256.768,125.6768,0.0,0.7223999999999999,3456.768,4,400.0,19.779660849330586,360.76244346713906,36.07624434671391,1.2396518844286977,1.2396518844286977,780.5421043164697,2,200.0,155.78898155738753,136.904,13.6904,76.32219475410459,76.32219475410459,492.6929815573875,11.861137686814654,Stock OK
36,10,218.80960000000002,22,2200.0,4.65485576923077,478.4734166666666,47.84734166666666,0.0,14.866283333333334,2683.1282724358975,2,200.0,150.90593310113007,0.0,0.0,25.919568814385865,25.919568814385865,350.9059331011301,2,200.0,169.56496732535223,0.0,0.0,37.00836629620933,37.00836629620933,369.5649673253522,15.183543587487222,Stock OK
36,11,230.97400000000005,22,2200.0,28.955579991816652,0.0,0.0,20.75170212765955,42.64089361702125,2228.9555799918166,2,200.0,182.81705567173125,46.682833925841805,4.668283392584181,76.4303293733733,76.4303293733733,429.4998895975731,2,200.0,213.2470725477736,0.0,0.0,66.11291305807983,66.11291305807983,413.2470725477736,16.906936155328808,Stock OK
36,12,38.498,22,2200.0,2.1216190610859735,30.03588235294118,3.003588235294118,0.0,3.086470588235294,2232.157501414027,1,100.0,82.90821424451727,0.0,0.0,16.806586537483895,16.806586537483895,182.90821424451727,1,100.0,100.78688008525063,0.0,0.0,24.244111527228966,24.244111527228966,200.78688008525063,4.440183359408975,Stock OK
36,13,9461.8096,22,2200.0,2456.7760216346146,0.0,0.0,1393.0317749999995,2336.9310249999994,4656.776021634614,11,1100.0,1195.8501688782865,0.0,0.0,815.8910905067341,1702.0762720574076,2295.8501688782862,10,1000.0,1282.6796252343224,0.0,0.0,712.954885975447,712.954885975447,2282.6796252343224,475.8743749894272,Stock OK
36,14,1117.9263999999998,22,2200.0,624.9134134615387,0.0,0.0,362.31680000000017,491.0336000000002,2824.9134134615388,4,400.0,495.13279624731297,0.0,0.0,56.89795248244556,384.1476699765941,895.132796247313,4,400.0,490.61993919487276,0.0,0.0,53.93371795536902,380.1953572738254,890.6199391948728,77.18397755680112,Stock OK
36,16,443.15439999999995,22,2200.0,93.62689302884625,3.715499999999814,0.3715499999999814,66.36240000000011,110.63590000000012,2297.342393028846,3,300.0,249.23616267145292,0.0,0.0,7.107654737192785,199.03355710578919,549.2361626714529,3,300.0,308.0792849287295,0.0,0.0,208.6447364188209,208.6447364188209,608.0792849287295,41.80483010155305,Stock OK
36,17,196.84480000000002,22,2200.0,366.6973918269231,0.0,0.0,247.23862499999996,285.85457499999995,2566.697391826923,1,100.0,288.6883016602045,0.0,0.0,40.32328920067902,40.32328920067902,388.6883016602045,2,200.0,216.4438549927026,0.0,0.0,16.888309641071423,172.69749428214288,416.4438549927026,20.68021067676831,Stock OK
36,20,29.372800000000005,22,2200.0,41.60067307692306,0.0,0.0,30.30779999999998,35.49741739130433,2241.600673076923,1,100.0,110.36926505494056,0.0,0.0,44.12130322484253,44.12130322484253,210.36926505494057,1,100.0,90.480753420097,0.0,0.0,34.387631648260275,34.387631648260275,190.48075342009702,3.153514066803547,Stock OK
36,21,167.43919999999997,22,2200.0,75.03036057692306,0.0,0.0,48.79108333333333,67.59371666666667,2275.030360576923,2,200.0,168.4650487101465,0.0,0.0,110.91503229712897,110.91503229712897,368.4650487101465,2,200.0,177.34616456713087,0.0,0.0,96.22674909987738,96.22674909987738,377.34616456713087,11.789961858815758,Stock OK
36,26,163.2764,22,2200.0,7.3220352564102615,68.64866666666653,6.864866666666653,4.35693333333334,18.336800000000007,2275.970701923077,2,200.0,153.6320897610882,0.0,0.0,73.38993744709643,73.38993744709643,353.6320897610882,2,200.0,173.71722347874078,0.0,0.0,86.24442302639409,86.24442302639409,373.7172234787408,11.998917624044594,Stock OK
36,38,15813.1284,22,2200.0,2884.110973557691,0.0,0.0,1119.227608333333,2591.6063916666662,5084.110973557691,14,1400.0,1550.4125906037978,1035.029451960669,103.50294519606689,887.4185243573036,1994.2243554466295,3985.4420425644666,13,1300.0,2351.246371488989,0.0,0.0,1073.352586204881,1073.352586204881,3651.246371488989,1066.0742334872589,Stock OK
36,40,8605.0096,22,2200.0,2011.1033293269227,0.0,0.0,916.7226416666662,1744.6993583333328,4211.103329326923,10,1000.0,1138.6385601229265,0.0,0.0,106.82875970838234,936.8146802315359,2138.6385601229267,10,1000.0,1358.2059481376205,0.0,0.0,358.52433127942106,1216.476426421579,2358.2059481376205,516.6101178609122,Stock OK
36,42,84.6704,22,2200.0,14.604994505494506,0.0,0.0,2.251462857142858,9.809885714285716,2214.6049945054947,2,200.0,100.31169092612019,0.0,0.0,5.967977139377746,85.26871999304122,300.3116909261202,1,100.0,119.73537985218043,0.0,0.0,10.083194589935621,10.083194589935621,219.73537985218042,7.630182725299707,Stock OK
36,46,1964.6104,22,2200.0,137.9888581730768,0.0,0.0,79.94067499999991,257.7277249999999,2337.988858173077,5,500.0,575.4029616478484,0.0,0.0,225.08100180259484,225.08100180259484,1075.4029616478483,5,500.0,574.3289461569213,0.0,0.0,258.03419096715675,258.03419096715675,1074.3289461569213,105.70088586784212,Stock OK
36,60,83.16,22,2200.0,110.51057692307685,0.0,0.0,81.78066666666663,96.1233333333333,2310.5105769230768,1,100.0,178.966795981423,0.0,0.0,47.59272329291788,47.59272329291788,278.966795981423,1,100.0,202.62906355673164,0.0,0.0,51.974290439600395,51.974290439600395,302.62906355673164,16.587073764930274,Stock OK
36,67,465.1964,22,2200.0,187.69183894230767,0.0,0.0,116.08240833333329,166.6283916666666,2387.6918389423076,3,300.0,264.5837701505129,0.0,0.0,20.765272769121953,225.83662165368293,564.5837701505129,3,300.0,333.48759353036445,0.0,0.0,221.9052870161843,221.9052870161843,633.4875935303644,46.97381273697004,Stock OK
36,74,444.48400000000004,22,2200.0,116.73108173076933,0.0,0.0,69.18765000000006,113.85475000000007,2316.7310817307693,3,300.0,248.1335836782601,0.0,0.0,200.8480816203124,200.8480816203124,548.13358367826,3,300.0,282.6131301948093,0.0,0.0,209.9538251504013,209.9538251504013,582.6131301948093,28.36622107181055,Stock OK
36,79,13177.8232,22,2200.0,3542.8733653846134,0.0,0.0,2757.971366666665,4143.692633333331,5742.873365384614,12,1200.0,1928.6222295605041,0.0,0.0,711.9115377998156,1785.652704872526,3128.622229560504,11,1100.0,2447.8909001481506,0.0,0.0,999.9140853351506,999.9140853351506,3547.8909001481506,729.9610434504189,Stock OK
36,80,13823.868799999997,22,2200.0,8381.035841346153,0.0,0.0,5444.968083333332,7120.5191166666655,10581.035841346153,11,1100.0,2561.686626073039,0.0,0.0,496.4830304562672,1677.1855585018939,3661.686626073039,11,1100.0,2889.6518181385013,0.0,0.0,1481.3325508574605,1481.3325508574605,3989.6518181385013,959.3271926848995,Stock OK
36,81,9049.6956,22,2200.0,2884.3843028846145,0.0,0.0,1760.300949999999,2700.300649999999,5084.384302884615,10,1000.0,1438.0620677303616,0.0,0.0,319.4785166494845,1203.831246277205,2438.0620677303614,10,1000.0,1456.6781488310746,0.0,0.0,174.23474684470864,1042.4492798274541,2456.6781488310744,489.9769105503372,Stock OK
36,82,4223.9924,22,2200.0,1464.173774038462,0.0,0.0,791.8456833333337,1228.005516666667,3664.173774038462,7,700.0,883.2090566498293,0.0,0.0,647.0428258718539,647.0428258718539,1583.2090566498293,7,700.0,1114.0319640234536,0.0,0.0,599.4864956211936,599.4864956211936,1814.0319640234536,269.5689904685752,Stock OK
36,83,1701.1176,22,2200.0,1957.6206129807686,0.0,0.0,1233.3805249999994,1488.5542749999993,4157.620612980769,4,400.0,841.7352111755271,0.0,0.0,524.7037836295142,524.7037836295142,1241.7352111755272,4,400.0,688.95483212447,0.0,0.0,347.0732253359581,347.0732253359581,1088.9548321244702,132.87424579803692,Stock OK
36,90,24287.8628,22,2200.0,12189.822307692308,0.0,0.0,7898.7067333333325,10697.538866666666,14389.822307692308,15,1500.0,3829.525455980343,0.0,0.0,1274.1667517863284,2800.1511340567804,5329.525455980343,15,1500.0,2978.3488721837257,0.0,0.0,1348.337539792954,1348.337539792954,4478.348872183726,1322.0261258360315,Stock OK
36,91,8340.9888,22,2200.0,2691.1772475961548,0.0,0.0,1877.2673916666674,2765.811408333334,4891.177247596155,10,1000.0,1398.434537750332,0.0,0.0,730.0930753827593,1589.9003920919547,2398.4345377503323,10,1000.0,1577.9420218175617,0.0,0.0,406.6805783695981,1230.5531731884423,2577.942021817562,445.4429446893622,Stock OK
36,92,28977.417199999996,22,2200.0,15785.181382211533,0.0,0.0,10179.962624999998,13584.952174999999,17985.181382211533,17,1700.0,4372.383582187158,0.0,0.0,1377.12722632665,4743.401906503536,6072.383582187158,16,1600.0,3846.7335127050833,0.0,0.0,1630.9082584030912,1630.9082584030912,5446.733512705083,1588.4119861016775,Stock OK
36,93,13567.7556,22,2200.0,11872.33219951923,0.0,0.0,7872.534091666666,9736.907108333335,14072.33219951923,11,1100.0,3312.998184112461,0.0,0.0,1683.354699181567,2928.8097765997236,4412.998184112461,10,1000.0,3755.8920534359086,0.0,0.0,1326.0100320364863,1326.0100320364863,4755.892053435909,1171.0663825612824,Stock OK
36,94,28482.7656,22,2200.0,17876.484158653846,0.0,0.0,12189.15138333333,15725.839816666663,20076.484158653846,16,1600.0,4993.799707679969,0.0,0.0,2552.9505760938973,4268.32947783349,6593.799707679969,16,1600.0,3570.142416712973,0.0,0.0,477.5972569111186,2054.6192707051932,5170.1424167129735,1483.0427093208968,Stock OK
36,95,30695.206400000003,22,2200.0,7980.219050480779,0.0,0.0,5402.675475000008,8541.621725000008,10180.219050480779,18,1800.0,2908.853894664346,677.7662499999929,67.77662499999929,1553.7642672956224,3169.809835960071,5386.620144664339,18,1800.0,3633.414301428081,0.0,0.0,1665.7309502977448,1665.7309502977448,5433.414301428082,1514.0349813292357,Stock OK
36,96,12588.804,22,2200.0,3401.686406250001,0.0,0.0,2011.198675000001,3280.764125000001,5601.686406250001,12,1200.0,1832.3180672880956,0.0,0.0,620.83908412997,1648.5931667781492,3032.3180672880953,12,1200.0,1957.3723955401906,0.0,0.0,1053.06156347365,1053.06156347365,3157.3723955401906,754.811834648216,Stock OK
36,97,4685.8376,22,2200.0,1651.3065624999995,0.0,0.0,1047.786016666666,1546.3619833333328,3851.3065624999995,7,700.0,1087.6135142372075,0.0,0.0,570.4567874212835,570.4567874212835,1787.6135142372075,7,700.0,1125.1118125640312,0.0,0.0,480.5494192595945,480.5494192595945,1825.1118125640312,270.84448948527944,Stock OK
36,98,4790.224000000001,22,2200.0,4913.927103365387,0.0,0.0,3427.0981250000013,4141.6478750000015,7113.927103365387,6,600.0,1734.5890000379554,0.0,0.0,907.851170744361,907.851170744361,2334.5890000379554,6,600.0,1603.9050889010234,0.0,0.0,804.2997287768111,804.2997287768111,2203.905088901023,372.0396353804614,Stock OK
37,1,9500.8812,22,2200.0,3028.8419951923092,0.0,0.0,1058.7511500000014,1976.9800500000015,5228.84199519231,11,1100.0,1346.6185912643039,2570.7218689563433,257.07218689563433,0.0,1748.103480689859,5017.340460220647,11,1100.0,1770.722116380558,0.0,0.0,471.10986082862416,1330.5746319114864,2870.722116380558,964.7531233251625,Stock OK
37,2,14966.030799999999,22,2200.0,1569.4929326923088,0.0,0.0,383.196300000001,1717.911700000001,3769.492932692309,14,1400.0,1526.6292107326697,343.79699999999843,34.37969999999984,769.7527487336783,1823.547421713192,3270.4262107326686,13,1300.0,1845.8454054841031,0.0,0.0,959.1761680989516,959.1761680989516,3145.845405484103,783.1766528621179,Stock OK
37,3,1305.9356000000002,22,2200.0,200.22799679487187,842.7713333333327,84.27713333333327,8.079466666666676,115.01320000000001,3242.9993301282047,4,400.0,388.9771666159986,1113.7001447957427,111.37001447957428,158.94098552042573,158.94098552042573,1902.6773114117414,5,500.0,413.78608889033,0.0,0.0,285.33511037161946,285.33511037161946,913.78608889033,69.97361735900373,Stock OK
37,4,15434.3212,22,2200.0,2299.6036658653848,0.0,0.0,920.1483083333328,2342.276091666666,4499.603665865385,14,1400.0,1740.4641927725522,0.0,0.0,839.6817444757835,1927.4364575123823,3140.4641927725525,13,1300.0,1875.3388948413226,0.0,0.0,1057.3246160305862,1057.3246160305862,3175.3388948413226,832.5593747680184,Stock OK
37,5,791.5692,22,2200.0,455.27037259615395,0.0,0.0,286.1964250000001,379.9151750000001,2655.2703725961537,3,300.0,413.6395713924013,0.0,0.0,186.7236735868922,186.7236735868922,713.6395713924013,3,300.0,445.21552619746984,0.0,0.0,185.30713311110995,185.30713311110995,745.2155261974699,67.15769031189558,Stock OK
37,7,688.906,22,2200.0,143.51995993589745,467.72733333333326,46.77273333333333,142.17746666666667,210.37840000000003,2811.247293269231,3,300.0,345.3514324082983,97.41000000000007,9.741000000000007,137.7611888227781,137.7611888227781,742.7614324082983,3,300.0,401.7168475137859,97.41000000000007,9.741000000000007,120.6218026498627,120.6218026498627,799.1268475137861,58.10930338982415,Stock OK
37,8,14721.695199999998,22,2200.0,1120.1541466346175,837.338999999979,83.7338999999979,0.0,1272.8662000000002,4157.493146634597,14,1400.0,1281.9586672101855,1026.8058241759024,102.68058241759024,668.4448941058929,1697.5341411588392,3708.7644913860877,13,1300.0,1723.704327141795,0.0,0.0,961.0601383485234,961.0601383485234,3023.704327141795,759.0976876367198,Stock OK
37,9,139.3024,22,2200.0,15.447253477905067,130.32204255319155,13.032204255319154,19.99766808510638,32.71661276595744,2345.769296031097,2,200.0,143.01611499835047,88.97582978723406,8.897582978723406,94.4128716470833,94.4128716470833,431.99194478558456,2,200.0,131.14843150762002,88.97582978723406,8.897582978723406,64.23894319423127,64.23894319423127,420.124261294854,11.421284455692113,Stock OK
37,10,379.7948,22,2200.0,9.706730769230768,410.5520833333333,41.05520833333333,0.0,29.455616666666668,2620.2588141025644,3,300.0,196.83635137272015,4.452241228080176,0.4452241228080176,134.47590175438395,134.47590175438395,501.28859260080037,3,300.0,238.37508126645372,0.0,0.0,151.66270919426316,151.66270919426316,538.3750812664537,24.082835296524845,Stock OK
37,11,1572.4804,22,2200.0,197.45300480769234,0.0,0.0,73.58628333333334,216.72251666666668,2397.453004807692,5,500.0,464.92387419121593,0.0,0.0,22.59692066167335,367.6901633270917,964.9238741912159,5,500.0,535.1341078115007,0.0,0.0,357.4942650953544,357.4942650953544,1035.1341078115006,98.93193039553185,Stock OK
37,12,225.92040000000003,22,2200.0,1.500502804487179,654.6128333333334,65.46128333333334,0.0,13.952966666666667,2856.1133361378206,2,200.0,129.82092611276397,89.42891828516002,8.942891828516002,19.440858171484003,19.440858171484003,419.249844397924,2,200.0,172.69558527839578,0.0,0.0,41.26666169077605,41.26666169077605,372.6955852783958,15.285121444440827,Stock OK
37,13,14986.760400000003,22,2200.0,1288.8553846153866,0.0,0.0,221.71666666666772,1544.1929333333346,3488.8553846153864,14,1400.0,1493.1290819281203,0.0,0.0,633.3297246369062,1682.28170345513,2893.1290819281203,13,1300.0,1900.533047041703,0.0,0.0,858.7255553187446,858.7255553187446,3200.533047041703,777.2797673804359,Stock OK
37,14,1181.3472,22,2200.0,210.03110576923075,0.0,0.0,97.21359999999996,208.39279999999994,2410.0311057692306,4,400.0,415.3605204871011,0.0,0.0,201.9813027684256,201.9813027684256,815.3605204871011,4,400.0,502.25684883759004,0.0,0.0,239.21130509588872,239.21130509588872,902.25684883759,83.61887845704496,Stock OK
37,16,2022.3320000000003,22,2200.0,70.36298878205143,696.0483333333326,69.60483333333326,116.95466666666678,296.92700000000013,2966.4113221153843,5,500.0,478.4179519351859,425.9086999760119,42.59086999760119,225.01052000959496,225.01052000959496,1404.3266519111978,5,500.0,512.0948125862733,0.0,0.0,109.71989380607764,109.71989380607764,1012.0948125862733,100.52221100268947,Stock OK
37,17,327.0224,22,2200.0,17.009332932692285,462.4970833333338,46.24970833333338,0.0,24.415016666666663,2679.506416266026,3,300.0,183.92863952217752,53.504486426283506,5.350448642628351,0.0,142.52471317868583,537.433125948461,3,300.0,224.84309498854384,0.0,0.0,143.04935728755018,143.04935728755018,524.8430949885438,28.00340472177745,Stock OK
37,21,1514.9764000000002,22,2200.0,497.1290384615385,0.0,0.0,265.9289333333335,420.79026666666675,2697.1290384615386,5,500.0,527.3249136358838,0.0,0.0,153.1129636043958,512.0623045054947,1027.3249136358838,4,400.0,476.97896712115505,0.0,0.0,116.68876577808791,116.68876577808791,876.978967121155,89.26058336499909,Stock OK
37,25,73.79999999999998,22,2200.0,0.7212339743589744,249.082,24.9082,0.8081333333333331,5.129866666666667,2449.803233974359,2,200.0,61.36417627659826,63.062000000000005,6.3062000000000005,58.916813963933095,58.916813963933095,324.42617627659826,2,200.0,81.66023896948583,63.062000000000005,6.3062000000000005,74.99902745010688,74.99902745010688,344.72223896948583,6.482158839969914,Stock OK
37,28,66.5604,22,2200.0,86.50498798076927,0.0,0.0,57.598391666666714,68.39480833333339,2286.5049879807693,1,100.0,166.6892583400193,0.0,0.0,44.41090286257686,44.41090286257686,266.6892583400193,1,100.0,180.63054184590268,0.0,0.0,45.471642907895514,45.471642907895514,280.6305418459027,7.694026074918993,Stock OK
37,31,134.7368,22,2200.0,3.669930441898527,726.2388085106384,72.62388085106383,0.0,5.401123404255319,2929.9087389525366,2,200.0,57.07493273319191,107.33790829804036,10.733790829804036,18.169324063812994,18.169324063812994,364.4128410312323,2,200.0,163.7236116325,0.0,0.0,95.19787436220682,95.19787436220682,363.7236116325,33.781408545172035,Stock OK
37,38,55284.38960000001,22,2200.0,11753.598341346147,0.0,0.0,5992.48908333333,11320.913316666662,13953.598341346147,21,2100.0,4485.045061638908,0.0,0.0,1135.3951377435515,5346.451519286469,6585.045061638908,21,2100.0,5471.035754319616,0.0,0.0,2776.5443759510836,4953.426881427218,7571.035754319616,3191.5106856123157,Stock OK
37,40,23853.952799999995,22,2200.0,3527.047463942302,0.0,0.0,1169.53180833333,3345.486991666663,5727.047463942302,17,1700.0,1941.249414057426,0.0,0.0,938.1254224957793,2283.6345129642655,3641.2494140574263,16,1600.0,2676.3196930284216,0.0,0.0,1549.7038945996478,1549.7038945996478,4276.319693028421,1281.049670442472,Stock OK
37,42,118.36640000000001,22,2200.0,2.8783774038461525,117.31500000000011,11.731500000000011,0.0,9.272599999999999,2320.193377403846,2,200.0,102.65429612905565,23.511475670142733,2.3511475670142734,73.56155243298572,73.56155243298572,326.16577179919835,2,200.0,134.23555855822977,0.0,0.0,81.80900845256276,81.80900845256276,334.23555855822974,9.728206109936961,Stock OK
37,46,7723.197999999999,22,2200.0,607.4165625000013,0.0,0.0,233.05285000000094,924.9007500000012,2807.4165625000014,10,1000.0,1086.2774062417352,0.0,0.0,142.82499336020908,901.5195648446768,2086.277406241735,10,1000.0,1215.695136155268,0.0,0.0,238.77350440897487,1008.1290215655276,2215.6951361552683,393.4230599132207,Stock OK
37,52,22.192399999999992,22,2200.0,6.561159855769234,6.015999999999993,0.6015999999999992,6.226550000000004,8.645450000000004,2212.5771598557694,1,100.0,82.69119596504281,0.0,0.0,26.2971225214578,26.2971225214578,182.69119596504282,1,100.0,96.97665677169978,0.0,0.0,32.2398742170271,32.2398742170271,196.97665677169977,3.262922422615274,Stock OK
37,59,73.32520000000001,22,2200.0,61.9021754807692,0.0,0.0,41.773508333333325,51.78209166666666,2261.902175480769,1,100.0,143.9825854631239,0.0,0.0,32.940846634378474,32.940846634378474,243.9825854631239,1,100.0,172.37750881611086,0.0,0.0,40.190476167502126,40.190476167502126,272.3775088161109,9.749453244159387,Stock OK
37,60,608.4,22,2200.0,181.93461538461523,0.0,0.0,107.42133333333324,169.66666666666657,2381.9346153846154,3,300.0,299.00804104336635,0.0,0.0,167.6780819528007,167.6780819528007,599.0080410433663,3,300.0,351.41451162084286,0.0,0.0,147.12072805711773,147.12072805711773,651.4145116208429,48.702775889870416,Stock OK
37,67,2112.87,22,2200.0,280.7218179086536,452.25975000000074,45.225975000000076,107.16064999999965,296.27409999999963,2932.981567908654,6,600.0,558.1270301949451,76.31114893744197,7.631114893744197,161.75167752656398,558.4157550531279,1234.438179132387,5,500.0,767.1614544899901,0.0,0.0,201.0113431439932,201.0113431439932,1267.16145448999,198.5660736914772,Stock OK
37,72,140.9944,22,2200.0,49.61002403846153,0.0,0.0,53.22181666666667,70.11018333333334,2249.6100240384617,2,200.0,149.91589477503365,0.0,0.0,121.41299950257091,121.41299950257091,349.9158947750336,1,100.0,164.8630585042129,0.0,0.0,20.947337337752565,20.947337337752565,264.86305850421286,16.140158987591853,Stock OK
37,74,667.7792000000001,22,2200.0,32.81195112179487,569.6260000000002,56.96260000000002,8.95443333333333,62.847566666666665,2802.437951121795,3,300.0,276.2468478217946,193.97081044906747,19.39708104490675,67.71483791018649,67.71483791018649,770.217658270862,3,300.0,314.8446133457626,0.0,0.0,59.552053727755876,59.552053727755876,614.8446133457626,38.47674171729355,Stock OK
37,79,6642.9076000000005,22,2200.0,751.6956850961536,0.0,0.0,176.91190833333314,769.9396916666665,2951.6956850961537,10,1000.0,950.3307124979814,0.0,0.0,568.4477684269107,1270.8715121410119,1950.3307124979815,9,900.0,1111.166370873057,0.0,0.0,700.7925387469727,700.7925387469727,2011.166370873057,379.86769588169915,Stock OK
37,80,9834.720400000002,22,2200.0,859.8888120993598,296.01516666666157,29.601516666666157,0.0,852.6190333333334,3355.9039787660213,12,1200.0,1343.163547599561,286.97650068391454,28.697650068391454,737.6164444292465,1579.8628666438697,2830.140048283475,11,1100.0,1555.8783216801205,0.0,0.0,808.4720794657555,808.4720794657555,2655.8783216801203,524.0917324543918,Stock OK
37,81,9323.1336,22,2200.0,1235.5155528846149,0.0,0.0,442.3907833333328,1291.566816666666,3435.515552884615,11,1100.0,1342.4346847072813,287.06789811777753,28.706789811777753,384.77869004705553,1225.3228350705833,2729.5025828250587,10,1000.0,1351.0766086887184,0.0,0.0,533.9591627895368,533.9591627895368,2351.0766086887184,490.0764463895243,Stock OK
37,82,5297.8272,22,2200.0,948.5710937500006,0.0,0.0,313.82569166666707,801.7955083333338,3148.5710937500007,8,800.0,916.9726111348028,0.0,0.0,531.5206624641562,531.5206624641562,1716.9726111348027,8,800.0,1130.7757493117808,0.0,0.0,580.7395722462454,580.7395722462454,1930.7757493117808,339.0444351475381,Stock OK
37,83,2026.6052,22,2200.0,175.71045673076964,0.0,0.0,52.350616666666895,233.12938333333358,2375.7104567307697,5,500.0,504.605658025982,0.0,0.0,183.68603703358662,183.68603703358662,1004.6056580259819,5,500.0,660.1737993127556,0.0,0.0,299.25094198947556,299.25094198947556,1160.1737993127556,122.1503940073265,Stock OK
37,85,82.6972,22,2200.0,61.11115384615383,0.0,0.0,40.71849999999998,51.45029999999997,2261.1111538461537,1,100.0,141.46223771919753,0.0,0.0,27.89313251703807,27.89313251703807,241.46223771919753,1,100.0,162.77572340173595,0.0,0.0,32.03491093512217,32.03491093512217,262.77572340173595,9.454926968623493,Stock OK
37,87,1126.7463999999998,22,2200.0,20.955418669871772,1126.3404166666685,112.63404166666685,0.0,88.18368333333332,3347.29583533654,4,400.0,319.9773508851063,31.120706026604523,3.1120706026604523,92.1084043973396,92.1084043973396,751.0980569117107,4,400.0,414.004882899576,0.0,0.0,89.06268305795777,89.06268305795777,814.0048828995759,83.0220495973824,Stock OK
37,90,39162.8576,22,2200.0,7343.603605769226,0.0,0.0,2837.778199999997,6490.007399999997,9543.603605769225,21,2100.0,2316.9194001933656,0.0,0.0,1178.9610377151841,4665.308521486702,4416.919400193366,20,2000.0,2163.7627241224,0.0,0.0,1588.8322999687437,3352.499604967181,4163.7627241224,2066.8231647427665,Stock OK
37,91,27611.9576,22,2200.0,3335.5443749999995,0.0,0.0,1074.591533333333,3569.074066666666,5535.5443749999995,19,1900.0,2077.9698762148755,394.1740000000027,39.41740000000027,659.8621568496096,3541.118457655446,4372.143876214878,18,1800.0,2688.340287296455,0.0,0.0,768.8101312723763,2218.1656566413394,4488.340287296454,1442.6865901130998,Stock OK
37,92,52304.8784,22,2200.0,9193.549975961545,0.0,0.0,3132.695883333336,7953.35451666667,11393.549975961545,21,2100.0,3478.17012731828,0.0,0.0,988.0986839022967,4993.489043372061,5578.17012731828,21,2100.0,4356.63787871041,0.0,0.0,1927.4213946053683,3970.9566921969063,6456.63787871041,2851.4929579942063,Stock OK
37,93,20565.3892,22,2200.0,1058.7659074519238,5255.394166666665,525.5394166666665,0.0,1742.5956333333334,8514.160074118588,17,1700.0,1538.1617856793312,1718.4679235989142,171.84679235989142,281.7436398314363,2689.929319494309,4956.629709278245,16,1600.0,2009.9700087955498,0.0,0.0,334.3379626435732,1553.393543486478,3609.97000879555,1101.8248271231978,Stock OK
37,94,30801.908400000004,22,2200.0,1968.9346274038512,0.0,0.0,229.56950833333644,2927.95889166667,4168.934627403851,20,2000.0,2131.924299157683,0.0,0.0,216.01918943081273,3212.7240243675697,4131.924299157683,19,1900.0,2798.4035835811733,0.0,0.0,313.95135052910064,1817.7444436140506,4698.403583581174,1626.3889722345507,Stock OK
37,95,46719.0596,22,2200.0,4060.430444711536,0.0,0.0,479.2064749999972,4583.403524999997,6260.4304447115355,22,2200.0,2545.447488868522,1188.714640909418,118.8714640909418,209.65466034089604,5753.320190511344,5934.16212977794,21,2100.0,3295.9287346857213,0.0,0.0,585.96193313601,4326.755202057466,5395.928734685722,2479.625756132335,Stock OK
37,96,18315.2012,22,2200.0,1462.0485937499989,0.0,0.0,415.483024999999,2044.238174999999,3662.048593749999,16,1600.0,1614.358881002018,0.0,0.0,425.3043139129396,2753.500426614788,3214.3588810020183,15,1500.0,2103.2350819258418,0.0,0.0,371.0596344915922,1531.2830708838487,3603.2350819258418,1000.2717048602949,Stock OK
37,97,12502.5196,22,2200.0,2138.0437139423066,0.0,0.0,704.5647416666661,1853.0068583333327,4338.043713942307,13,1300.0,1276.3615979407818,273.6997910913965,27.36997910913965,0.0,1954.99753561652,2850.0613890321783,12,1200.0,1810.4281687294408,0.0,0.0,1006.2096663828943,1006.2096663828943,3010.4281687294406,694.8578100423362,Stock OK
37,98,4305.8931999999995,22,2200.0,1548.7916947115393,0.0,0.0,735.3991750000007,1173.7724250000008,3748.791694711539,7,700.0,882.7609935411072,247.7767012176963,24.77767012176963,0.0,603.9259424797051,1830.5376947588034,7,700.0,952.1804351665977,0.0,0.0,578.9857778544508,578.9857778544508,1652.1804351665978,316.732887798915,Stock OK
38,1,6403.586,22,2200.0,692.2752714342945,794.517583333336,79.4517583333336,0.0,549.9247166666667,3686.7928547676306,9,900.0,944.9608042227914,1673.7826243834854,167.37826243834854,0.0,676.4150828202064,3518.743428606277,9,900.0,1229.251232044472,0.0,0.0,215.64405180093092,939.9369239010473,2129.251232044472,498.6358517203047,Stock OK
38,2,10652.3252,22,2200.0,301.0517317708335,6272.862583333328,627.2862583333329,0.0,871.7425166666667,8773.91431510416,12,1200.0,1025.588196461518,962.881260362231,96.2881260362231,119.61078711141619,971.2502494818882,3188.469456823749,12,1200.0,1404.3923816642891,0.0,0.0,264.96670849929757,1138.5738115446882,2604.392381664289,550.5449928950691,Stock OK
38,3,533.914,22,2200.0,103.45668870192311,349.5769166666664,34.95769166666664,16.640249999999995,61.47473333333333,2653.0336053685896,3,300.0,276.6656350898937,62.32667002264556,6.232667002264556,118.98441599547091,118.98441599547091,638.9923051125393,3,300.0,300.3207706609034,0.0,0.0,86.06203015822642,86.06203015822642,600.3207706609035,29.72754682351922,Stock OK
38,4,10068.591199999999,22,2200.0,342.8164623397433,2686.910166666675,268.6910166666675,0.0,852.1652333333333,5229.726629006418,12,1200.0,1122.7261917373428,495.96086228775675,49.596086228775675,521.4975165254689,1363.5197692797137,2818.6870540250993,11,1100.0,1444.6398847532384,0.0,0.0,780.2724530662292,780.2724530662292,2544.639884753238,504.4364456659929,Stock OK
38,5,215.3704,22,2200.0,308.8437980769231,0.0,0.0,175.1619333333334,209.12126666666674,2508.843798076923,2,200.0,264.12929353901154,0.0,0.0,3.658353802346104,171.74810760469222,464.12929353901154,2,200.0,273.9960907769036,0.0,0.0,7.978972382307239,180.38934476461452,473.9960907769036,34.895504995936705,Stock OK
38,7,356.08200000000005,22,2200.0,67.82018329326922,424.6630833333336,42.46630833333336,93.4293,128.82451666666665,2692.483266626603,2,200.0,214.2854181686251,0.0,0.0,40.22399646442189,40.22399646442189,414.28541816862514,3,300.0,211.40653747408788,0.0,0.0,19.243113101966358,180.3592571529495,511.4065374740879,22.710515445957455,Stock OK
38,8,9140.4532,22,2200.0,309.1347896634616,4971.726083333336,497.1726083333336,0.0,751.5896166666666,7480.860872996797,11,1100.0,992.5539428093819,1053.3483241779772,105.33483241779771,0.0,790.7733942582203,3145.902266987359,11,1100.0,1364.887846740568,0.0,0.0,189.30303726195694,1009.5402184881527,2464.887846740568,479.7664049604661,Stock OK
38,9,92.19639999999998,22,2200.0,1.2288161057692308,245.4400833333333,24.54400833333333,0.0,5.882816666666667,2446.6688994391025,2,200.0,89.72708770666227,30.081749999999985,3.0081749999999987,59.55745606255917,59.55745606255917,319.80883770666225,2,200.0,96.05810495929202,30.081749999999985,3.0081749999999987,52.57766466090477,52.57766466090477,326.139854959292,8.534646965530932,Stock OK
38,10,329.3568000000001,22,2200.0,32.18824519230769,0.0,0.0,8.237583333333335,37.59361666666667,2232.1882451923075,3,300.0,188.5792900802915,3.8235000000000063,0.38235000000000063,27.624599533430363,183.90709930014555,492.40279008029154,2,200.0,222.16823371290596,0.0,0.0,36.26462962009497,36.26462962009497,422.16823371290593,21.27026479655958,Stock OK
38,11,691.7592000000001,22,2200.0,32.33544471153846,43.04833333333338,4.304833333333338,17.298600000000025,78.5814666666667,2275.3837780448716,3,300.0,313.34733745934733,0.0,0.0,77.57642674321305,77.57642674321305,613.3473374593473,3,300.0,370.05085402381945,0.0,0.0,96.02413791086336,96.02413791086336,670.0508540238195,50.21570916924449,Stock OK
38,12,56.748,22,2200.0,3.8315384615384582,55.16400000000003,5.516400000000003,4.354799999999998,9.188399999999998,2258.9955384615387,1,100.0,87.9861852491565,20.352000000000015,2.0352000000000015,15.953333063649097,15.953333063649097,208.3381852491565,1,100.0,109.07355269672566,20.352000000000015,2.0352000000000015,24.72567792183787,24.72567792183787,229.42555269672565,4.008239640577451,Stock OK
38,13,9353.4004,22,2200.0,382.7244230769227,2426.821833333336,242.68218333333363,0.0,792.2363666666666,5009.546256410259,11,1100.0,1022.6845995051143,462.98058211744774,46.298058211744774,0.0,811.8747791788255,2585.665181622562,11,1100.0,1292.2307215770345,0.0,0.0,161.78574122917558,994.4689003520932,2392.2307215770343,496.08464292696175,Stock OK
38,14,816.7796,22,2200.0,113.74938301282053,42.78983333333336,4.278983333333336,97.05144166666668,176.142925,2356.539216346154,4,400.0,372.5158068323414,0.0,0.0,71.42700276915224,327.95012869220295,772.5158068323415,3,300.0,384.2590177903788,0.0,0.0,97.99400085119635,97.99400085119635,684.2590177903787,51.14925480405283,Stock OK
38,16,749.5383999999998,22,2200.0,95.41285256410252,180.39466666666698,18.039466666666698,78.26973333333329,148.68439999999995,2475.8075192307697,3,300.0,333.57687523810245,0.0,0.0,82.21377014857595,82.21377014857595,633.5768752381025,4,400.0,323.5550594325043,0.0,0.0,41.680321034174,270.21256137889867,723.5550594325043,43.235903329260324,Stock OK
38,17,379.7252,22,2200.0,52.028569711538495,0.0,0.0,6.125675000000022,39.67792500000002,2252.0285697115387,3,300.0,190.87862178088173,0.0,0.0,4.761652372638274,171.84089105895742,490.87862178088176,3,300.0,243.02656308214662,0.0,0.0,23.161075334031715,199.4400255010476,543.0265630821466,27.016759250739256,Stock OK
38,21,884.9996,22,2200.0,115.56013221153836,0.0,0.0,56.74402499999994,138.63477499999993,2315.5601322115385,4,400.0,337.0022858631419,0.0,0.0,20.906085128600488,281.92927183813396,737.0022858631419,4,400.0,365.6121911833312,0.0,0.0,38.75866604839868,305.7327130645316,765.6121911833312,53.92492109284693,Stock OK
38,23,45.8588,22,2200.0,0.5436276223776224,212.01127272727274,21.201127272727273,0.0,2.1441454545454546,2412.5549003496503,2,200.0,41.211337759345916,14.781818181818178,1.4781818181818178,1.072183883901145,43.308767767802294,255.9931559411641,1,100.0,58.681270422250726,0.0,0.0,6.22784667747448,6.22784667747448,158.68127042225072,3.3014314914568406,Stock OK
38,25,71.2204,22,2200.0,0.04842748397435899,339.30116666666675,33.93011666666668,0.0,3.2426333333333335,2539.3495941506408,2,200.0,61.07500377776119,60.19416766790883,6.019416766790883,43.54503323320911,43.54503323320911,321.26917144567005,2,200.0,74.6873087728534,54.368500000000004,5.436850000000001,62.96694627183093,62.96694627183093,329.05580877285337,5.659162656370297,Stock OK
38,28,53.20119999999999,22,2200.0,33.67823317307691,0.0,0.0,22.195674999999987,28.751924999999986,2233.678233173077,1,100.0,119.60004676911163,0.0,0.0,30.489792848368886,30.489792848368886,219.60004676911163,1,100.0,130.62235574477128,0.0,0.0,31.38224248982487,31.38224248982487,230.62235574477128,4.66448928871314,Stock OK
38,32,59.8284,22,2200.0,0.1966208791208792,326.1532571428571,32.61532571428571,0.0,2.366354285714286,2526.349878021978,2,200.0,49.92945364160815,49.5723052565971,4.95723052565971,37.42083804576886,37.42083804576886,299.50175889820525,1,100.0,69.83716360270215,36.904685714285705,3.6904685714285708,6.973483487295534,6.973483487295534,206.74184931698787,5.058393131008703,Stock OK
38,38,64665.1092,22,2200.0,485.3375961538461,153991.16866666666,15399.116866666667,0.0,4283.999333333333,156676.5062628205,22,2200.0,1196.5522548998042,72649.44707586098,7264.944707586099,0.0,5663.796165823767,76045.99933076078,22,2200.0,5193.106625570019,0.0,0.0,1018.712153998531,5105.458523239809,7393.106625570019,4070.625034232932,Stock OK
38,40,14840.2676,22,2200.0,1524.1590865384596,0.0,0.0,77.1850999999989,1374.354899999999,3724.1590865384596,14,1400.0,1269.0747103754709,4281.052619352164,428.1052619352164,0.0,2077.7346063441305,6950.127329727635,13,1300.0,1695.9069220226895,0.0,0.0,213.27481345035937,1305.5904562378892,2995.9069220226893,799.5434574380897,Stock OK
38,42,97.0052,22,2200.0,4.297600160256407,60.14966666666672,6.0149666666666715,0.25268333333333315,8.18685,2264.447266826923,2,200.0,101.85665058100109,1.4161669295110269,0.14161669295110269,77.5335333070489,77.5335333070489,303.2728175105121,2,200.0,112.62309549397969,0.0,0.0,85.950017096182,85.950017096182,312.6230954939797,6.68953024392568,Stock OK
38,46,4737.792799999999,22,2200.0,90.89382512019228,2382.1712500000003,238.21712500000004,0.0,391.26745,4673.065075120192,8,800.0,737.7697783658506,0.0,0.0,413.558963800365,413.558963800365,1537.7697783658505,8,800.0,872.3536612491625,0.0,0.0,631.4722700933044,631.4722700933044,1672.3536612491625,246.56301011483103,Stock OK
38,52,15.795999999999998,22,2200.0,9.780444711538461,0.0,0.0,6.513041666666666,8.452958333333333,2209.7804447115386,1,100.0,81.8722454489962,0.0,0.0,27.28862660678242,27.28862660678242,181.87224544899618,1,100.0,95.60819604589256,0.0,0.0,33.0027820550913,33.0027820550913,195.60819604589256,3.4004256885973825,Stock OK
38,60,332.28000000000003,22,2200.0,63.81346153846157,0.0,0.0,36.59400000000002,68.67000000000002,2263.8134615384615,2,200.0,217.74178166534273,37.25999999999999,3.725999999999999,46.28454453254656,46.28454453254656,455.0017816653427,2,200.0,264.8882777394357,0.0,0.0,51.89549805280703,51.89549805280703,464.8882777394357,25.275170332480375,Stock OK
38,67,682.9843999999999,22,2200.0,91.4168088942308,270.6594999999999,27.06594999999999,53.2693,114.9378,2562.0763088942304,3,300.0,300.0933391382242,403.6005,40.36005,129.4177498540022,129.4177498540022,1003.6938391382242,3,300.0,414.47931551734956,0.0,0.0,154.6607657772576,154.6607657772576,714.4793155173495,72.80644721184845,Stock OK
38,72,182.12199999999999,22,2200.0,2.536502403846155,433.50349999999986,43.350349999999985,0.0,12.067100000000002,2636.040002403846,2,200.0,136.7198226255276,8.37611881874226,0.837611881874226,37.21413811812579,37.21413811812579,345.0959414442699,2,200.0,191.50118005241532,0.0,0.0,79.65965907969965,79.65965907969965,391.5011800524153,16.423641388304127,Stock OK
38,74,370.0988,22,2200.0,34.54424278846153,478.9362500000001,47.89362500000001,22.70225,52.6942,2713.4804927884616,3,300.0,200.0438620979508,0.0,0.0,148.78755462390163,148.78755462390163,500.0438620979508,3,300.0,227.37224255986774,0.0,0.0,155.09718937255448,155.09718937255448,527.3722425598678,23.079043235785882,Stock OK
38,79,8056.0424,22,2200.0,458.566464342949,538.958166666664,53.895816666666406,0.0,695.8388333333334,3197.524631009613,11,1100.0,905.1647876536147,0.0,0.0,596.5127938889183,1357.3924882778101,2005.1647876536147,10,1000.0,1150.1650542414707,0.0,0.0,721.7601001263758,721.7601001263758,2150.165054241471,464.57611719082047,Stock OK
38,80,10009.1376,22,2200.0,1153.641093750001,0.0,0.0,408.27865833333385,1314.1409416666672,3353.641093750001,12,1200.0,1199.3762622526779,0.0,0.0,31.115493358388676,1767.4074270300664,2399.376262252678,11,1100.0,1315.595489373747,0.0,0.0,119.01949059905235,995.9558571589575,2415.595489373747,508.7820735942313,Stock OK
38,81,9760.450400000002,22,2200.0,264.38159955929456,3354.8375833333444,335.48375833333444,0.0,819.5623166666666,5819.219182892639,11,1100.0,750.7547676347276,2735.2951109302217,273.52951109302217,0.0,825.7577413906978,4586.049878564949,11,1100.0,1329.5486023800045,0.0,0.0,779.633168389722,779.633168389722,2429.5486023800045,472.40506915051594,Stock OK
38,82,5233.227599999999,22,2200.0,452.177439903846,0.0,0.0,138.56672499999985,605.6792749999998,2652.177439903846,8,800.0,807.5934112976603,130.5037500000006,13.05037500000006,467.7562874213524,467.7562874213524,1738.0971612976607,8,800.0,968.823629964927,0.0,0.0,547.94732512459,547.94732512459,1768.823629964927,307.3152889766418,Stock OK
38,83,2228.17,22,2200.0,59.242512019230816,1279.6416666666653,127.96416666666653,40.82487500000002,227.0014583333334,3538.8841786858957,6,600.0,493.5267192585125,0.0,0.0,412.5268608933054,412.5268608933054,1093.5267192585125,6,600.0,600.2282858973928,0.0,0.0,498.4388319677071,498.4388319677071,1200.2282858973927,152.01078358960837,Stock OK
38,87,637.0068000000001,22,2200.0,84.51561298076915,0.0,0.0,10.430358333333288,66.72924166666661,2284.515612980769,3,300.0,284.5874566674854,0.5167500000000302,0.051675000000003024,96.77437052629817,96.77437052629817,585.1042066674854,3,300.0,337.14303279971494,0.0,0.0,115.21176524113567,115.21176524113567,637.143032799715,53.682708891657995,Stock OK
38,90,32836.673200000005,22,2200.0,2506.331189903843,0.0,0.0,15.663724999998522,2872.3886749999983,4706.331189903844,21,2100.0,1845.9791827862111,0.0,0.0,740.4447483761487,3823.8163824157436,3945.979182786211,20,2000.0,2857.8547850649848,0.0,0.0,1265.6946663112585,2835.025215853956,4857.854785064985,1726.4368932432453,Stock OK
38,91,24420.182,22,2200.0,634.8078806089742,8973.292500000009,897.3292500000008,22.53896666666651,2069.964333333333,11808.100380608983,18,1800.0,1609.763666858125,5837.635618190727,583.7635618190727,117.37326735496708,2727.704974296954,9247.399285048852,18,1800.0,2342.6249793881575,0.0,0.0,1092.3727225400062,2412.45605621883,4142.624979388158,1223.5678053874935,Stock OK
38,92,42458.4556,22,2200.0,2503.9611979166702,6520.54416666663,652.054416666663,0.0,3635.3392333333336,11224.5053645833,22,2200.0,2480.9315420478297,2783.4391026857884,278.34391026857884,1533.941123973142,5012.217847946284,7464.370644733618,21,2100.0,3919.59463371788,0.0,0.0,1412.0438467740182,3241.448160906114,6019.594633717879,2318.978143676723,Stock OK
38,93,17981.418400000002,22,2200.0,748.2540715144239,3105.2622499999907,310.52622499999904,44.03921666666679,1584.4680333333336,6053.516321514415,16,1600.0,1438.537640571729,1184.208404132961,118.4208404132961,296.9613601512465,2561.149316542382,4222.74604470469,15,1500.0,2120.034648931748,0.0,0.0,565.0245773680131,1724.724559680014,3620.034648931748,928.4866259523442,Stock OK
38,94,21548.2356,22,2200.0,345.3537560096154,22991.557166666666,2299.1557166666666,0.0,1673.8330333333333,25536.91092267628,17,1700.0,1223.521578687381,10044.325999782324,1004.4325999782325,848.4995961588693,2028.5966615451591,12967.847578469706,17,1700.0,2053.9091876560556,0.0,0.0,1297.706107553478,1297.706107553478,3753.9091876560556,1050.3200604198244,Stock OK
38,95,40759.571599999996,22,2200.0,768.1052724358976,23212.93866666666,2321.293866666666,0.0,3342.4589333333333,26181.043939102557,22,2200.0,1921.282891039734,6724.041023054851,672.4041023054851,1613.9588470043968,4949.1804783406615,10845.323914094584,21,2100.0,2914.0151462477343,0.0,0.0,1686.3453859529786,3387.8103216781137,5014.015146247734,1968.0903575533807,Stock OK
38,96,12176.989599999999,22,2200.0,150.54867487980772,13354.038916666661,1335.4038916666661,0.0,942.7465833333334,15704.587591546468,14,1400.0,903.3972620507691,1563.6002314962589,156.36002314962587,21.21736728345786,1792.5052121390966,3866.997493547028,13,1300.0,1487.2074504735397,0.0,0.0,1024.852295388453,1024.852295388453,2787.2074504735397,619.7043926533897,Stock OK
38,97,9372.5392,22,2200.0,457.2551742788465,2356.9944999999943,235.69944999999944,13.497500000000002,809.1790000000001,5014.249674278841,11,1100.0,781.8662160253409,4782.419030676645,478.24190306766445,435.6062617330838,1249.2443925996258,6664.285246701986,11,1100.0,1403.9710507848702,0.0,0.0,840.2958364409853,840.2958364409853,2503.9710507848704,489.1900056474059,Stock OK
38,98,4145.3392,22,2200.0,1033.4994230769241,0.0,0.0,393.9055333333337,788.622466666667,3233.4994230769244,7,700.0,888.3603168820541,175.87129861077187,17.587129861077187,475.7844026041918,475.7844026041918,1764.231615492826,7,700.0,915.9962730035676,0.0,0.0,612.5238844077614,612.5238844077614,1615.9962730035677,265.04490103317187,Stock OK
39,1,18832.535200000002,22,2200.0,7639.186165865383,0.0,0.0,2232.2660749999995,4063.9879249999994,9839.186165865383,14,1400.0,2552.68906341586,12709.411044696955,1270.9411044696956,0.0,2469.0018867550507,16662.100108112816,14,1400.0,4223.9636377029565,0.0,0.0,1984.5436334223662,3275.221923309678,5623.9636377029565,2928.7204179203836,Stock OK
39,2,67052.23,22,2200.0,1467.4238131009602,40837.95425000007,4083.795425000007,0.0,5475.516049999999,44505.37806310103,22,2200.0,2689.498178920209,16469.761855077326,1646.9761855077327,436.6051709009339,6839.781272055734,21359.260033997532,21,2100.0,4361.786110053666,0.0,0.0,1117.762409221818,5400.385147380519,6461.786110053666,3285.2906316079802,Stock OK
39,3,28745.095999999998,22,2200.0,2857.0655709134608,117471.892,11747.1892,1955.94815,3604.10945,122528.95757091347,14,1400.0,1922.354604995814,119722.14301256927,11972.214301256927,922.52234296442,2093.5348115573042,123044.49761756508,14,1400.0,1710.8154115497314,12282.251692948883,1228.2251692948882,1012.8409819784345,1012.8409819784345,15393.067104498614,626.6917431119148,Stock OK
39,4,44726.219199999985,22,2200.0,995.1834825721162,34612.78074999996,3461.2780749999965,0.0,3588.2557500000003,37807.96423257208,22,2200.0,1973.4023048316185,11720.114401753508,1172.0114401753508,1568.4806795071095,5024.159359014218,15893.516706585127,21,2100.0,3168.118412651114,0.0,0.0,937.60367579884,2688.9705997466153,5268.118412651114,2176.099614465261,Stock OK
39,5,19242.6024,22,2200.0,5821.117283653845,0.0,0.0,2807.1177166666653,4724.484683333332,8021.117283653845,15,1500.0,2215.2245397772613,731.0498199128176,73.10498199128176,125.96637257890109,2652.0299634385347,4446.274359690079,16,1600.0,2398.124207037586,559.4505990039193,55.945059900391925,1019.2884458281236,2174.614801556639,4557.574806041505,1573.577113789906,Stock OK
39,6,3107.1295999999998,22,2200.0,2195.202680288462,0.0,0.0,1690.0488250000005,2107.1947750000004,4395.202680288462,5,500.0,1179.2208138944736,0.0,0.0,464.202293466835,464.202293466835,1679.2208138944736,6,600.0,1056.6957403920785,0.0,0.0,419.5425934559515,419.5425934559515,1656.6957403920785,239.9689137285304,Stock OK
39,7,33632.59160000001,22,2200.0,12416.079206730767,0.0,0.0,8279.654816666667,11924.197983333333,14616.079206730767,19,1900.0,4303.72865821079,0.0,0.0,1436.9783484383104,4919.655430607523,6203.72865821079,20,2000.0,3872.825795873725,0.0,0.0,1092.172832785857,2555.07031692515,5872.825795873725,2355.4901663902274,Stock OK
39,8,34358.9572,22,2200.0,1263.8538341346139,9790.196333333352,979.0196333333352,0.0,2902.6032666666665,13254.050167467965,22,2200.0,3317.647285023963,0.0,0.0,1075.268920133274,4183.301042146601,5517.6472850239625,21,2100.0,3533.378559656013,0.0,0.0,1246.2102729845749,2808.7734016338036,5633.378559656013,1658.3357397732764,Stock OK
39,9,19838.009200000004,22,2200.0,303.2883683894232,17393.631749999986,1739.3631749999986,462.6271000000004,2076.6508500000004,19896.92011838941,17,1700.0,1624.5867873123852,0.0,0.0,1124.1738156012623,2282.995527513841,3324.5867873123852,16,1600.0,2387.5620997879396,0.0,0.0,582.4523991998437,1707.416522587334,3987.5620997879396,968.3432302511408,Stock OK
39,10,16007.419600000003,22,2200.0,142.70502103365376,22872.278750000005,2287.2278750000005,0.0,1193.06015,25214.983771033658,15,1500.0,977.3567203366275,8461.617724242458,846.1617724242458,576.6192019318156,1572.9254022537848,10938.974444579086,16,1600.0,1750.22368517794,0.0,0.0,767.983980516406,1767.0382042174997,3350.22368517794,832.9514896669086,Stock OK
39,11,21113.456800000004,22,2200.0,319.5184375,19470.698750000007,1947.0698750000006,16.28831666666656,1684.3470333333332,21990.217187500006,17,1700.0,1272.4924247386539,8385.992952348804,838.5992952348805,1076.1870978590719,2254.246880835584,11358.485377087458,18,1800.0,1950.9341105374504,34.19276600130843,3.419276600130843,889.1617718544743,2036.0506671635535,3785.126876538759,975.3814739649698,Stock OK
39,12,4793.6084,22,2200.0,60.18551081730774,5350.527916666664,535.0527916666664,0.0,370.30918333333335,7610.713427483972,9,900.0,571.9832864626094,1353.1988077698884,135.31988077698884,337.69587774614445,892.7609554922889,2825.1820942324975,9,900.0,821.3313000384763,0.0,0.0,98.17636584801033,640.2164897040116,1721.3313000384765,260.4132464369045,Stock OK
39,13,54160.1024,22,2200.0,1698.3328725961542,37272.61416666664,3727.2614166666635,0.0,4385.464433333334,41170.94703926279,22,2200.0,2132.141795902128,17380.96011768165,1738.0960117681652,0.0,5730.47621727898,21713.101913583778,21,2100.0,3504.796791435072,0.0,0.0,800.602769686519,2735.9031104739797,5604.796791435072,2698.780990895874,Stock OK
39,14,19345.7936,22,2200.0,1491.5583413461552,0.0,0.0,703.8028166666674,2447.245983333334,3691.5583413461554,16,1600.0,1621.2306103291871,671.119987133028,67.1119987133028,197.88178805122323,2606.6530222423544,3892.350597462215,16,1600.0,2558.4555201165717,0.0,0.0,932.388054359191,2109.922514649804,4158.455520116571,1215.172580107517,Stock OK
39,16,21410.2428,22,2200.0,4367.4410266426285,17115.85558333333,1711.585558333333,5515.752666666667,7708.31005,23683.296609975958,15,1500.0,2876.237644299436,6941.70927862642,694.170927862642,1481.6170928433949,2832.2494421277343,11317.946922925856,12,1200.0,3803.071980870441,5560.723249999996,556.0723249999996,1637.9793824907001,1637.9793824907001,10563.795230870437,1157.7956912913385,Stock OK
39,17,10905.944399999998,22,2200.0,877.2527964743599,1942.793666666657,194.27936666666568,0.0,931.4491333333334,5020.046463141017,12,1200.0,1002.7846918980742,145.38250566536078,14.538250566536078,189.30239848923702,1069.6237483003915,2348.167197563435,12,1200.0,1550.042305513992,0.0,0.0,743.6586162501382,743.6586162501382,2750.042305513992,577.366185397989,Stock OK
39,20,8280.839600000001,22,2200.0,108.82915665064105,11462.662499999999,1146.26625,89.05984166666673,717.2018583333333,13771.49165665064,11,1100.0,675.3788493928082,5181.223245504236,518.1223245504236,408.7015002997176,1131.622075374647,6956.602094897044,11,1100.0,1035.7701294324238,0.0,0.0,478.0786170290113,478.0786170290113,2135.770129432424,394.8704023263031,Stock OK
39,21,6046.996000000001,22,2200.0,1200.4574278846164,0.0,0.0,584.2424833333343,1160.8719166666679,3400.4574278846167,9,900.0,963.0892973187758,194.54649999999958,19.45464999999996,378.5546717802108,1071.198655752737,2057.6357973187755,9,900.0,1157.7991406826784,0.0,0.0,168.27468782043417,837.0655050479884,2057.7991406826786,383.405338897497,Stock OK
39,22,12664.2592,22,2200.0,574.2071574519232,5237.667499999997,523.7667499999997,120.42229999999995,1186.5888,8011.87465745192,13,1300.0,1177.5366112548768,2128.4825776289936,212.84825776289938,449.8419944550718,1391.6755933460863,4606.019188883871,13,1300.0,1486.9252954244887,0.0,0.0,769.7567065920632,769.7567065920632,2786.9252954244885,649.9356604806484,Stock OK
39,23,19111.8964,22,2200.0,395.1920432692301,23848.043000000016,2384.8043000000016,255.96146666666573,1732.7487333333322,26443.235043269247,17,1700.0,1216.7409079309678,2857.0195796402177,285.70195796402174,15.909694690652259,2232.83279292087,5773.760487571186,17,1700.0,1847.8066568579063,0.0,0.0,308.7605933383038,1384.1028491719478,3547.806656857906,943.6609572484163,Stock OK
39,24,7087.7176,22,2200.0,252.37970252403827,11217.73858333334,1121.773858333334,0.0,518.7777166666666,13670.118285857377,10,1000.0,681.8029629884778,7492.2133170872885,749.2213317087288,352.49263463301673,1009.472893291271,9174.016280075766,12,1200.0,759.7939545208626,0.0,0.0,290.7005326118363,890.7234014856397,1959.7939545208626,418.5610182773646,Stock OK
39,25,6994.361199999999,22,2200.0,220.16104166666656,1691.188000000002,169.1188000000002,130.1998666666666,735.0209333333332,4111.349041666668,10,1000.0,901.581187699284,0.0,0.0,297.2342151972514,1006.6079724413904,1901.5811876992839,10,1000.0,1176.850276820354,0.0,0.0,250.32654026960086,954.4883336328899,2176.8502768203543,431.9034581244709,Stock OK
39,26,8710.985999999999,22,2200.0,1317.333725961538,0.0,0.0,107.43441666666666,874.2535833333334,3517.333725961538,10,1000.0,1143.1769656391964,3720.5240976625983,372.0524097662598,0.0,798.7449822481933,5863.701063301794,11,1100.0,1505.3321166269375,0.0,0.0,1038.1165615590223,1038.1165615590223,2605.3321166269375,663.8217164309929,Stock OK
39,27,1302.2176,22,2200.0,259.19496394230754,0.0,0.0,56.689674999999895,174.8555249999999,2459.1949639423074,4,400.0,389.68281387673784,11.551980836432847,1.1551980836432847,130.38882691635672,130.38882691635672,801.2347947131707,4,400.0,449.0232165199694,0.0,0.0,176.12748304150193,176.12748304150193,849.0232165199694,86.99623729268444,Stock OK
39,28,432.7464,22,2200.0,323.66406250000006,0.0,0.0,142.56065,192.58735000000001,2523.6640625,2,200.0,305.3440228484886,0.0,0.0,50.32411160795402,50.32411160795402,505.3440228484886,2,200.0,341.768728760642,0.0,0.0,92.57984360737838,92.57984360737838,541.768728760642,45.7945839090984,Stock OK
39,29,5616.4636,22,2200.0,110.68529947916667,5966.808583333332,596.6808583333332,102.72876666666664,548.16455,8277.493882812498,9,900.0,657.5473269533002,1736.0207521936995,173.60207521936996,95.46304978062986,704.2344122257873,3293.5680791469995,9,900.0,892.8210024269197,0.0,0.0,537.0107559265425,537.0107559265425,1792.8210024269197,289.0740729530145,Stock OK
39,30,3890.5544,22,2200.0,66.27934495192312,5616.003999999998,561.6003999999998,74.79012500000007,370.7678750000001,7882.283344951921,8,800.0,522.3125886048394,1473.8544761218566,147.38544761218566,174.47309095512585,670.7124364326887,2796.167064726696,8,800.0,786.9836248801886,0.0,0.0,78.19987065193473,581.7409628879254,1586.9836248801885,186.7105346653768,Stock OK
39,31,2949.6276,22,2200.0,156.59691907051285,8029.542666666666,802.9542666666666,64.13343333333333,256.3775,10386.139585737179,7,700.0,451.60539047624053,3544.314045630747,354.4314045630747,92.77284771846263,492.70667157769395,4695.919436106988,9,900.0,585.1629351230374,320.13681312846427,32.01368131284643,127.75873081007495,472.38454949722853,1805.2997482515016,144.9845694017193,Stock OK
39,32,5134.1648000000005,22,2200.0,995.4241826923076,0.0,0.0,718.2066666666661,1227.1085333333328,3195.4241826923076,8,800.0,986.102468155416,0.0,0.0,184.06574811428544,834.7625692734691,1786.1024681554159,8,800.0,1088.6562662054498,0.0,0.0,447.88906087371913,447.88906087371913,1888.6562662054498,299.29224563348475,Stock OK
39,33,6873.5748,22,2200.0,604.341771834936,2544.9112499999983,254.49112499999984,117.18833333333333,702.9511166666666,5349.253021834935,10,1000.0,873.2300639918726,2785.2834043126995,278.52834043126995,566.5687876549841,1264.6766845687303,4658.513468304573,11,1100.0,895.2091586094753,0.0,0.0,329.1734082981743,961.5838116279917,1995.2091586094753,423.09624981544175,Stock OK
39,34,16180.196399999999,22,2200.0,142.17373798076918,13957.898000000012,1395.7898000000012,34.51524999999981,1323.1171499999996,16300.071737980781,15,1500.0,1103.582469553522,4414.1849350349785,441.41849350349787,690.1550564965021,1725.5857788531453,7017.7674045885005,15,1500.0,1782.1135438028905,0.0,0.0,348.2137811788998,1390.7500191202498,3282.1135438028905,863.5768455657113,Stock OK
39,35,1590.5612,22,2200.0,388.62045673076926,0.0,0.0,343.6349166666667,511.82588333333337,2588.620456730769,4,400.0,537.4081461471434,121.26836001640214,12.126836001640214,170.16694199507938,170.16694199507938,1058.6765061635456,4,400.0,623.103100191907,0.0,0.0,170.25964181512816,170.25964181512816,1023.103100191907,115.54958224123789,Stock OK
39,36,2257.2248,22,2200.0,438.0070612980768,9925.10525,992.5105250000001,680.5618999999998,849.7163499999998,12563.112311298077,5,500.0,614.684809408817,5896.710441839224,589.6710441839224,461.92112122411646,461.92112122411646,7011.395251248041,4,400.0,602.4006421589648,4021.48325,402.148325,191.87557004593907,191.87557004593907,5023.883892158965,85.86896552042549,Stock OK
39,38,42193.7164,22,2200.0,1100.6799389022437,28157.49616666666,2815.749616666666,1.3937083333335067,3425.685925,31458.176105568906,22,2200.0,1771.951429523482,5501.021382131953,550.1021382131953,626.6547859526231,4002.4575789289347,9472.972811655436,22,2200.0,3358.281001386028,0.0,0.0,551.4325857686013,4133.214553460849,5558.281001386028,2483.2795786460356,Stock OK
39,40,59622.889999999985,22,2200.0,1277.2608743990388,58826.729749999955,5882.672974999996,0.0,4673.06235,62303.990624399,22,2200.0,2095.25944758113,25799.744957941155,2579.9744957941157,1233.4294649338235,5177.025729867647,30095.004405522286,21,2100.0,3511.849672164076,0.0,0.0,2201.853303985011,4232.044036540011,5611.849672164076,3114.1860022905303,Stock OK
39,41,1479.0188,22,2200.0,899.1613351362176,325.7160833333354,32.57160833333354,0.0,125.77801666666666,3424.877418469553,4,400.0,457.7352792753506,2028.2228160727084,202.82228160727084,206.43996446424308,206.43996446424308,2885.958095348059,6,600.0,551.4015546601654,0.0,0.0,343.2116962798805,343.2116962798805,1151.4015546601654,221.7926753695802,Stock OK
39,42,3689.4836,22,2200.0,50.59158653846153,3219.0122500000034,321.90122500000035,0.0,292.83324999999996,5469.603836538465,8,800.0,560.6883373674241,0.0,0.0,204.94006744517887,698.5363235087758,1360.688337367424,7,700.0,752.0882151262643,0.0,0.0,397.07562893360034,397.07562893360034,1452.0882151262645,221.8602964692896,Stock OK
39,44,4043.5107999999996,22,2200.0,728.3031610576928,0.0,0.0,44.74092500000043,400.2410750000005,2928.3031610576927,8,800.0,621.4086495274778,0.0,0.0,296.7106772161238,840.5637132469986,1421.4086495274778,8,800.0,772.5730200639957,0.0,0.0,154.61285331287675,678.1662002147162,1572.5730200639957,272.08518396439996,Stock OK
39,46,33841.396,22,2200.0,552.4879206730768,19898.92149999999,1989.892149999999,565.2086666666667,3384.053233333333,22651.409420673066,21,2100.0,1131.1011092567899,5507.505527253863,550.7505527253863,1566.2268523155924,3097.6571247951024,8738.606636510653,20,2000.0,2784.2092594922133,0.0,0.0,583.3776867522108,2093.2030285898213,4784.209259492213,1565.009049991138,Stock OK
39,49,8252.6196,22,2200.0,286.0871364182692,12269.02175,1226.902175,0.0,610.93195,14755.10888641827,11,1100.0,573.2307976638554,6517.442648019027,651.7442648019027,445.00631865632755,1157.95469154177,8190.673445682882,11,1100.0,1402.2534671141186,915.9546905087768,91.59546905087768,812.8619271389466,812.8619271389466,3418.208157622895,529.764346836726,Stock OK
39,52,1685.3328000000001,22,2200.0,478.4854086538463,0.0,0.0,187.0117166666668,349.8242833333335,2678.485408653846,5,500.0,547.1190368973832,0.0,0.0,31.081990582185767,399.1309757277322,1047.1190368973832,5,500.0,564.068251146415,0.0,0.0,304.7065156409975,304.7065156409975,1064.0682511464152,121.50212526479308,Stock OK
39,55,7636.314400000001,22,2200.0,5460.79080528846,0.0,0.0,3634.6494916666647,4614.7333083333315,7660.79080528846,8,800.0,2100.3523681273505,0.0,0.0,1057.9031758741748,1057.9031758741748,2900.3523681273505,9,900.0,1694.301211249448,0.0,0.0,835.3816070473772,835.3816070473772,2594.301211249448,643.742190037882,Stock OK
39,56,1294.6936000000003,22,2200.0,4219.423978365384,0.0,0.0,2868.9835583333324,3231.0424416666656,6419.423978365384,3,300.0,1299.3508261677873,0.0,0.0,346.0886548972792,894.9356198459188,1599.3508261677873,2,200.0,1436.2090266052996,0.0,0.0,540.5542338135732,540.5542338135732,1636.2090266052996,251.1431891853743,Stock OK
39,58,3426.7587999999996,22,2200.0,9.82130208333333,19621.577083333334,1962.1577083333334,0.0,127.35661666666665,21831.398385416665,8,800.0,204.49814418231867,8615.114577015542,861.5114577015543,229.9160596140637,229.9160596140637,9619.61272119786,9,900.0,770.8547017979564,825.6507500000002,82.56507500000002,526.7743413508706,526.7743413508706,2496.5054517979565,361.3368677796699,Stock OK
39,59,226.58,22,2200.0,531.8574158653847,0.0,0.0,366.1957416666666,417.74145833333324,2731.8574158653846,1,100.0,329.3705979154829,0.0,0.0,57.828015258712064,57.828015258712064,429.3705979154829,2,200.0,261.5064431637189,0.0,0.0,202.18081468023797,202.18081468023797,461.5064431637189,34.14745379262007,Stock OK
39,67,10006.8916,22,2200.0,2086.991908052885,2588.1062499999985,258.81062499999985,1329.0565500000002,2292.2859000000003,6875.098158052884,11,1100.0,1478.1330717602307,3268.266935971826,326.8266935971826,716.9119326253569,1612.1252140281745,5846.400007732056,11,1100.0,1960.2255301118007,0.0,0.0,1236.652144201966,1236.652144201966,3060.2255301118007,874.3942285608177,Stock OK
39,71,7002.213199999998,22,2200.0,121.66082331730772,9348.651499999998,934.8651499999999,15.735074999999995,544.6988249999999,11670.312323317306,10,1000.0,642.5119722834426,3387.5845676695967,338.7584567669597,100.57921458643227,763.9779182330403,5030.09653995304,11,1100.0,920.6453153142303,0.0,0.0,222.72683857649508,865.8762799341446,2020.6453153142302,355.711731598435,Stock OK
39,72,46049.918399999995,22,2200.0,15058.322319711542,0.0,0.0,7445.864208333338,12097.671391666672,17258.322319711544,21,2100.0,3712.690600728528,647.0617001311984,64.70617001311984,2305.9815408971645,6240.598969076598,6459.752300859726,20,2000.0,5470.930158803424,0.0,0.0,2703.2189698383263,4519.541865266079,7470.930158803424,3175.5256362098,Stock OK
39,74,22122.494000000002,22,2200.0,499.08185496794806,21044.221500000007,2104.422150000001,29.327491666666333,1772.579608333333,23743.303354967953,18,1800.0,1309.0106693901494,5307.351928761714,530.7351928761714,292.2333805407553,2700.872632123828,8416.362598151863,17,1700.0,2155.2762983435573,0.0,0.0,146.8655040860799,1375.27058715396,3855.2762983435573,992.7536052950788,Stock OK
39,79,39101.7192,22,2200.0,881.1840564903848,24181.30249999999,2418.1302499999993,0.0,3189.8773,27262.486556490374,22,2200.0,1000.4539644294631,17348.350921927056,1734.8350921927058,0.0,3258.2068157807294,20548.80488635652,21,2100.0,2691.166147191038,0.0,0.0,1741.4070814748784,3380.4211874510092,4791.166147191037,1990.4009554579454,Stock OK
39,80,11376.416,22,2200.0,434.89804687499986,4977.222833333337,497.72228333333373,0.0,945.9733666666666,7612.1208802083365,13,1300.0,1095.3864150208071,1987.1470078826155,198.71470078826155,0.0,1774.3165907657706,4382.533422903423,12,1200.0,1354.9102225297052,0.0,0.0,69.69737221598837,981.2567651447146,2554.910222529705,578.9312219479789,Stock OK
39,81,17945.095999999998,22,2200.0,881.2445172275644,1270.6020833333275,127.06020833333275,0.0,1549.3944166666668,4351.846600560892,16,1600.0,1402.189608613171,517.2742667594196,51.727426675941956,326.0949037172352,2596.8623111517054,3519.4638753725903,15,1500.0,1826.420636295475,0.0,0.0,543.7404737547088,1698.3651058086166,3326.420636295475,883.2286957508057,Stock OK
39,82,20872.381999999998,22,2200.0,4669.083918269227,0.0,0.0,2718.050616666664,4769.392583333331,6869.083918269227,16,1600.0,2333.883769603085,0.0,0.0,494.42146788911657,3107.248684730419,3933.883769603085,16,1600.0,3250.893255812278,0.0,0.0,712.9546034871054,1946.8428470529125,4850.893255812278,1566.394764767806,Stock OK
39,83,5424.457200000001,22,2200.0,100.82004006410253,4864.104833333337,486.41048333333373,0.0,429.39536666666663,7164.92487339744,9,900.0,618.5026317272491,1230.6510104462993,123.06510104462993,124.37894985076713,722.0886997015343,2749.153642173548,8,800.0,878.585833516552,0.0,0.0,370.69286469955983,370.69286469955983,1678.5858335165522,296.3669079877525,Stock OK
39,85,1371.282,22,2200.0,479.32685096153887,0.0,0.0,339.20615000000026,487.9442500000003,2679.326850961539,4,400.0,504.8868310403993,0.0,0.0,258.95044193387747,258.95044193387747,904.8868310403993,4,400.0,553.9474460090984,0.0,0.0,150.89265806365586,150.89265806365586,953.9474460090984,84.92168656784459,Stock OK
39,87,8067.710800000001,22,2200.0,76.87163862179483,17679.398833333344,1767.9398833333344,0.0,547.8061666666666,19956.27047195514,11,1100.0,463.70515353813545,5120.86627551311,512.086627551311,17.19410249429876,692.3050049885976,6684.571429051245,12,1200.0,941.2588743784698,96.64120620677409,9.664120620677409,161.15629379322553,833.655723172548,2237.900080585244,449.0592679553889,Stock OK
39,90,74526.84240000001,22,2200.0,6081.760216346148,0.0,0.0,403.09311666666144,6918.739683333328,8281.760216346149,22,2200.0,3384.8781211511664,464.96035123567253,46.49603512356725,485.746286157324,7470.670157696655,6049.838472386839,21,2100.0,4831.899752397361,0.0,0.0,1207.5834371275846,5919.080293350984,6931.899752397361,3710.423344613164,Stock OK
39,91,56828.41759999999,22,2200.0,2634.1834375000026,11667.115749999957,1166.7115749999957,0.0,4840.14835,16501.29918749996,22,2200.0,2791.9829544930117,1984.0364024847759,198.4036402484776,798.696104738844,6818.914609477688,6976.0193569777875,21,2100.0,3892.0832422115845,0.0,0.0,1132.5264196899593,3160.5552794775576,5992.083242211585,2753.9183010237452,Stock OK
39,92,108503.52760000002,22,2200.0,3551.938954326925,69705.10216666659,6970.510216666658,0.0,8828.958033333334,75457.04112099351,22,2200.0,3001.1606819900503,37211.232214962,3721.1232214962,611.0256438005072,11452.201287601014,42412.39289695205,21,2100.0,6900.5227620632995,0.0,0.0,3244.6390425637355,5980.881531246061,9000.5227620633,5866.113722729925,Stock OK
39,93,39804.8396,22,2200.0,868.1381730769231,35810.42500000002,3581.0425000000014,0.0,3149.8954,38878.56317307694,22,2200.0,996.3830171793544,27027.639264769794,2702.7639264769796,0.0,3237.723257352302,30224.022281949146,21,2100.0,2790.3046122557253,0.0,0.0,891.684239593369,2526.760636847613,4890.304612255725,1925.5308615654053,Stock OK
39,94,58815.138,22,2200.0,1758.7994891826925,28291.910083333296,2829.1910083333296,0.0,4868.343216666667,32250.70957251599,22,2200.0,2550.29281481597,11982.26898519979,1198.226898519979,0.0,6037.727553177603,16732.56180001576,21,2100.0,4389.98579609404,0.0,0.0,921.655612952612,4955.061673564352,6489.98579609404,3070.7984696593903,Stock OK
39,95,101203.68000000001,22,2200.0,2406.737307692304,63806.67666666677,6380.667666666677,0.0,8245.479333333333,68413.41397435908,22,2200.0,2995.9809543028528,36193.00003645194,3619.300003645194,1217.6290339799734,9075.246309464954,41388.98099075479,21,2100.0,6168.472736629323,0.0,0.0,2543.1264914068306,7764.760062344364,8268.472736629323,5354.098772983027,Stock OK
39,96,25990.231199999995,22,2200.0,672.6900841346164,4545.478999999985,454.54789999999844,0.0,2220.4942,7418.169084134601,19,1900.0,1690.8992745319674,1934.6461699743622,193.46461699743622,640.5406540119643,3358.9601760136734,5525.54544450633,18,1800.0,3155.2226912719875,0.0,0.0,625.1570628529937,1994.8421783149345,4955.222691271987,1594.1952396900526,Stock OK
39,97,22743.791599999997,22,2200.0,1625.1834935897432,3976.3866666666695,397.63866666666695,0.0,1943.1437333333333,7801.570160256413,17,1700.0,1616.0005209645449,2292.7543425689382,229.27543425689385,744.0945885810354,2015.5880357262943,5608.754863533483,17,1700.0,2295.761707250118,0.0,0.0,584.8743907220344,1860.7462901421616,3995.761707250118,1227.4988691877002,Stock OK
39,98,8875.096,22,2200.0,886.1582572115396,0.0,0.0,26.660125000000903,800.725875000001,3086.1582572115394,11,1100.0,1148.6777790124006,0.0,0.0,311.10514147915126,1113.6153931270665,2248.6777790124006,11,1100.0,1327.1622210833889,0.0,0.0,453.8926951359417,1270.6817021495358,2427.162221083389,568.1229455080435,Stock OK
40,1,14603.972399999999,22,2200.0,6803.914374999999,0.0,0.0,3145.718699999999,4689.170099999999,9003.914375,13,1300.0,2171.324406865751,0.0,0.0,176.44995794819772,2442.8581866660516,3471.324406865751,13,1300.0,3621.255527810201,0.0,0.0,1383.4072604753815,2522.75747384833,4921.255527810201,1878.4148726740807,Stock OK
40,2,24429.216399999994,22,2200.0,1641.9886899038443,0.0,0.0,562.6980249999992,2735.907974999999,3841.9886899038443,18,1800.0,2057.900674923106,281.46311785516446,28.146311785516446,373.3058053574732,3062.625926428968,4139.363792778271,18,1800.0,2529.3795008031616,0.0,0.0,1078.8891752422185,2387.6121546682316,4329.379500803161,1207.1442015606801,Stock OK
40,3,6535.024,22,2200.0,695.9711808894232,8674.881916666667,867.4881916666667,378.6844500000001,904.4427333333334,11570.85309755609,9,900.0,823.7248345415827,9757.478511810772,975.7478511810773,520.4459542913537,1181.8315390551384,11481.203346352355,11,1100.0,903.862268106319,0.0,0.0,228.17272047197935,825.6286500191773,2003.8622681063189,236.49667742382184,Stock OK
40,4,23428.551199999998,22,2200.0,623.6447596153846,10042.644000000008,1004.2644000000007,97.08933333333334,2055.4698666666663,12866.288759615392,18,1800.0,1635.6316591681352,2313.2398256155807,231.32398256155807,163.8444224208531,2716.7820274032647,5748.871484783716,18,1800.0,2411.2436944722676,0.0,0.0,786.212092098682,2037.811650457428,4211.243694472268,1130.3442758237443,Stock OK
40,5,11446.238800000001,22,2200.0,10014.60737980769,0.0,0.0,6033.208050000002,7553.159950000002,12214.60737980769,10,1000.0,2997.064282102291,0.0,0.0,954.5881427091057,2079.1324863434506,3997.064282102291,10,1000.0,2932.098196493483,0.0,0.0,1658.2560494436316,1658.2560494436316,3932.098196493483,989.0297109997316,Stock OK
40,6,2873.0247999999997,22,2200.0,1290.1703725961538,0.0,0.0,860.0271916666667,1184.6404083333334,3490.170372596154,6,600.0,816.3314495836925,0.0,0.0,212.34743108071729,732.0379122968607,1416.3314495836926,6,600.0,699.9130847506772,0.0,0.0,226.44252784707174,226.44252784707174,1299.9130847506772,190.66225917390932,Stock OK
40,7,14573.925600000004,22,2200.0,6072.473329326923,0.0,0.0,4426.375741666668,6078.5758583333345,8272.473329326924,12,1200.0,2695.350489887843,0.0,0.0,801.2846756817374,1973.7310484709865,3895.350489887843,14,1400.0,2253.23731950904,0.0,0.0,608.9579710558468,1586.2336169062964,3653.23731950904,1073.4002775168308,Stock OK
40,8,31549.145200000003,22,2200.0,1923.2313221153793,3501.3510000000406,350.13510000000406,0.0,2712.9574,7624.58232211542,21,2100.0,2238.184154734322,0.0,0.0,1065.7315342729264,4070.5147589332346,4338.184154734322,20,2000.0,2747.823564660422,0.0,0.0,1335.2567015622783,2851.8338490129245,4747.823564660423,1627.912604613709,Stock OK
40,9,22015.6176,22,2200.0,159.70327824519242,45196.642250000004,4519.664225,15.495483333333368,1538.2301666666667,47556.3455282452,19,1900.0,828.205078426718,7994.325622933947,799.4325622933947,202.6631088946242,2453.8097114359452,10722.530701360665,20,2000.0,2259.947355520212,0.0,0.0,772.0433967477677,1704.0233500090299,4259.947355520212,1069.6043177913643,Stock OK
40,10,18812.5232,22,2200.0,1262.8657932692286,0.0,0.0,78.09861666666575,1720.7613833333323,3462.8657932692286,15,1500.0,1619.5905890372574,4982.119343735235,498.2119343735235,516.4877859377461,1685.5452789066192,8101.709932772492,17,1700.0,2268.745953880975,0.0,0.0,1082.6529679556352,2172.1018440778626,3968.745953880975,1439.608316077216,Stock OK
40,11,12958.962000000001,22,2200.0,811.3606770833335,16194.445249999999,1619.4445249999999,462.53558333333365,1488.8010666666669,19205.805927083333,13,1300.0,1481.427116762326,10020.745672021401,1002.0745672021401,671.0100155957198,1595.0516175451849,12802.172788783728,14,1400.0,1289.064918901936,10509.137702780357,1050.9137702780358,636.1022259708034,1482.6216283317854,13198.202621682292,765.7967333537823,Stock OK
40,12,4742.8844,22,2200.0,52.57551282051282,7830.499666666664,783.0499666666664,20.955925000000008,367.1116083333334,10083.075179487176,9,900.0,606.6307673434455,2755.6818137545224,275.56818137545224,345.1792161747287,881.8369548996383,4262.312581097968,10,1000.0,675.8173423408492,80.2490254990883,8.02490254990883,210.62198622504556,702.4273149667274,1756.0663678399376,236.98323822423143,Stock OK
40,13,19970.16,22,2200.0,948.0189272836548,6098.146749999995,609.8146749999995,7.832583333333332,1692.0219666666667,9246.16567728365,16,1600.0,1420.3421702282842,3788.70684940901,378.870684940901,691.1275753937075,1874.8697630905613,6809.049019637294,16,1600.0,2056.3521499784274,0.0,0.0,1164.8084664425044,1164.8084664425044,3656.3521499784274,1040.9425388205343,Stock OK
40,14,9954.164799999999,22,2200.0,3356.257427884613,0.0,0.0,1706.5979166666652,2720.5772833333317,5556.257427884613,11,1100.0,1599.2315864274965,0.0,0.0,751.7420999076771,1670.235884898445,2699.2315864274965,11,1100.0,1473.8816495314552,0.0,0.0,815.6110765288772,815.6110765288772,2573.881649531455,632.4581940436651,Stock OK
40,16,13930.151200000004,22,2200.0,1346.4630048076922,48522.39600000001,4852.239600000001,2422.5553,3422.5959000000003,52068.8590048077,12,1200.0,1435.2708911399702,24544.256746388965,2454.4256746388965,970.2416507222069,1882.4005070624828,27179.527637528936,10,1000.0,2565.882117792355,13656.451,1365.6451,985.4218110701629,985.4218110701629,17222.333117792354,656.842072433232,Stock OK
40,17,6295.259199999999,22,2200.0,2451.2605889423066,0.0,0.0,987.5809749999993,1620.8714249999991,4651.260588942307,9,900.0,1002.3771640006684,0.0,0.0,461.6937714784598,1187.5709335382671,1902.3771640006685,9,900.0,1047.9867532101005,0.0,0.0,745.8163568564484,745.8163568564484,1947.9867532101005,410.16816282934076,Stock OK
40,20,3264.5080000000003,22,2200.0,147.95834535256407,696.8586666666661,69.68586666666661,158.93628333333334,450.56745,3044.8170120192303,7,700.0,607.3113024536699,705.1354449202825,70.51354449202825,198.944927539859,691.5270330478309,2012.4467473739523,7,700.0,706.2007535131241,0.0,0.0,404.57452416159435,404.57452416159435,1406.2007535131243,171.1679186097408,Stock OK
40,21,5526.7836,22,2200.0,1354.7964543269218,0.0,0.0,658.2918749999989,1196.1245249999988,3554.796454326922,8,800.0,918.9308278498346,0.0,0.0,631.4617028694303,631.4617028694303,1718.9308278498347,9,900.0,1078.5702947419786,0.0,0.0,319.4283147444896,949.3611822125508,1978.5702947419786,320.50437892699,Stock OK
40,22,5664.2424,22,2200.0,920.8584374999992,0.0,0.0,182.4154833333327,690.820516666666,3120.858437499999,9,900.0,836.5050087533845,0.0,0.0,301.3980362052502,951.7771469809065,1736.5050087533846,9,900.0,1071.7368157927567,0.0,0.0,562.1488107395735,562.1488107395735,1971.7368157927567,373.13928467783273,Stock OK
40,23,13408.829600000001,22,2200.0,553.5354246794852,97.0461666666813,9.70461666666813,22.44240833333322,1189.5352249999996,2850.5815913461665,14,1400.0,1337.6437177039795,0.0,0.0,166.65872252339955,2137.4669054439664,2737.6437177039797,15,1500.0,1641.7263224165665,0.0,0.0,385.2778964711217,1245.5256301476304,3141.7263224165663,772.1938152801823,Stock OK
40,24,2749.8067999999994,22,2200.0,475.8848557692306,257.46800000000206,25.746800000000206,127.29906666666663,375.2433333333333,2933.352855769233,6,600.0,593.7427718732167,1508.3885380148374,150.83885380148374,43.904364132344156,498.0955461985162,2702.131309888054,7,700.0,597.0973861591937,0.0,0.0,273.78324124876997,273.78324124876997,1297.0973861591938,166.54753628710046,Stock OK
40,25,5937.878,22,2200.0,808.0679927884628,0.0,0.0,514.5356750000005,1075.6151250000007,3008.067992788463,9,900.0,953.7236824414874,0.0,0.0,369.6682284466523,1052.909110127484,1853.7236824414874,9,900.0,1186.8944430618014,0.0,0.0,434.3016190244324,434.3016190244324,2086.894443061801,403.8484605502494,Stock OK
40,26,3658.0915999999993,22,2200.0,1025.5352524038462,0.0,0.0,324.6211749999999,670.9440249999999,3225.5352524038462,7,700.0,754.7451781820308,977.7519817973987,97.77519817973987,179.89170536405206,716.6790107281041,2432.49715997943,7,700.0,888.8656885716143,0.0,0.0,384.07352289158314,384.07352289158314,1588.8656885716143,288.243925207531,Stock OK
40,27,802.254,22,2200.0,359.0903725961538,0.0,0.0,136.45209166666672,218.0787083333334,2559.090372596154,3,300.0,363.6990264140271,23.190950188235746,2.3190950188235746,104.31068999058824,104.31068999058824,686.8899766022629,3,300.0,403.501088031553,0.0,0.0,109.03521050786948,109.03521050786948,703.5010880315531,71.66548365727746,Stock OK
40,28,230.37440000000004,22,2200.0,109.59126201923074,0.0,0.0,33.18470833333329,56.10289166666662,2309.5912620192307,2,200.0,202.08935919051115,0.0,0.0,80.17621573609158,80.17621573609158,402.0893591905111,2,200.0,220.44323337941572,0.0,0.0,93.45484471449906,93.45484471449906,420.4432333794157,28.448256982977146,Stock OK
40,29,2784.6188,22,2200.0,665.7821634615387,0.0,0.0,284.2528000000002,551.1112000000003,2865.782163461539,6,600.0,586.8531613529863,28.36899855479672,2.836899855479672,445.6850002890408,445.6850002890408,1215.222159907783,6,600.0,694.1407689816738,0.0,0.0,350.1277288316959,350.1277288316959,1294.1407689816738,176.1519028580551,Stock OK
40,30,2402.0843999999997,22,2200.0,108.98862980769228,1626.7266666666683,162.67266666666683,171.2627333333333,380.8866,3935.7152964743605,6,600.0,543.583517803463,364.39271272341546,36.43927127234154,454.5149287276585,454.5149287276585,1507.9762305268787,6,600.0,624.995790138044,0.0,0.0,349.9354491955879,349.9354491955879,1224.995790138044,118.89222990990211,Stock OK
40,31,1126.4132000000002,22,2200.0,305.15727163461554,0.0,0.0,106.38584166666686,213.58575833333356,2505.1572716346154,4,400.0,423.9741402421813,0.0,0.0,228.97668444536075,228.97668444536075,823.9741402421813,4,400.0,407.1713380132614,0.0,0.0,86.97348215394214,86.97348215394214,807.1713380132614,81.75785279076042,Stock OK
40,32,3754.7116,22,2200.0,751.2165985576926,0.0,0.0,657.928675,1041.636525,2951.2165985576926,7,700.0,934.1470022420422,0.0,0.0,210.9560027286857,775.9736406834667,1634.1470022420422,7,700.0,898.7184720690932,0.0,0.0,453.54741079129985,453.54741079129985,1598.7184720690932,242.04215483277574,Stock OK
40,33,2992.0964000000004,22,2200.0,340.2315564903847,761.9339166666657,76.19339166666657,0.0,253.55678333333333,3302.1654731570507,6,600.0,596.9851308883716,2033.7783177874967,203.37783177874968,347.4345932212504,347.4345932212504,3230.7634486758684,7,700.0,651.1944827407608,0.0,0.0,211.5271550651609,211.5271550651609,1351.1944827407608,204.99460534891134,Stock OK
40,34,6677.4408,22,2200.0,635.228873197115,2256.241416666667,225.62414166666673,513.4897333333333,1119.1685499999999,5091.470289863782,9,900.0,987.4388405196134,172.28591567518038,17.228591567518038,637.195342013687,637.195342013687,2059.724756194794,10,1000.0,1214.9814818025677,0.0,0.0,761.6496212700329,761.6496212700329,2214.981481802568,410.1953086042639,Stock OK
40,35,1738.4099999999999,22,2200.0,323.31314903846163,0.0,0.0,234.65918333333343,406.23041666666677,2523.3131490384617,5,500.0,564.8314622275984,0.0,0.0,408.0423090314735,408.0423090314735,1064.8314622275984,5,500.0,613.828792956867,0.0,0.0,311.2336620527309,311.2336620527309,1113.828792956867,125.76978160580086,Stock OK
40,36,612.9315999999999,22,2200.0,436.68526442307706,883.4269999999998,88.34269999999998,327.24408333333355,401.3165166666669,3520.112264423077,3,300.0,434.3011184910253,132.11349999999982,13.211349999999982,256.139620744216,256.139620744216,866.4146184910252,3,300.0,415.3977345829814,132.11349999999982,13.211349999999982,188.48756762978047,188.48756762978047,847.5112345829813,74.33895272044487,Stock OK
40,37,1774.3544,22,2200.0,346.11236778846126,0.0,0.0,115.27940833333308,279.5953916666664,2546.112367788461,5,500.0,494.4345049858355,0.0,0.0,320.8414181482151,320.8414181482151,994.4345049858355,5,500.0,574.7145961310044,0.0,0.0,350.0753387068586,350.0753387068586,1074.7145961310043,157.71732963635654,Stock OK
40,38,33342.4084,22,2200.0,3548.2677163461567,0.0,0.0,1081.0410833333349,4074.3845166666683,5748.267716346157,20,2000.0,2060.985129959131,365.2346309766199,36.52346309766199,1168.4042061182931,4324.643573804675,4426.219760935751,19,1900.0,3470.433571275241,0.0,0.0,1094.4214627999495,2670.569605578894,5370.433571275241,2019.5098748561838,Stock OK
40,40,31562.9784,22,2200.0,1116.2708653846148,10398.700000000008,1039.8700000000008,0.7895999999998367,2655.0415999999996,13714.970865384623,21,2100.0,1515.0613819766777,1734.81803639296,173.481803639296,826.7870472570885,3798.882378164224,5349.879418369637,20,2000.0,2524.1344261303097,0.0,0.0,1185.4976085850994,2699.5553985106308,4524.134426130309,1593.6269127167723,Stock OK
40,41,365.21479999999997,22,2200.0,7.223280248397431,1254.9854166666669,125.4985416666667,10.643149999999993,32.413533333333326,3462.208696915064,3,300.0,165.7805384971606,172.41238300402648,17.24123830040265,88.43519334979865,88.43519334979865,638.1929215011871,3,300.0,257.70615494798153,0.0,0.0,90.6810372674795,90.6810372674795,557.7061549479815,29.90920417700503,Stock OK
40,42,4417.2932,22,2200.0,111.4908794070513,1881.3849166666657,188.13849166666657,0.0,367.75258333333335,4192.875796073717,8,800.0,637.559718190205,744.5598319499925,74.45598319499925,80.8114563537506,633.9571418050008,2182.119550140197,8,800.0,841.6415826666115,0.0,0.0,479.648382556349,479.648382556349,1641.6415826666116,250.97844799298065,Stock OK
40,44,2724.4424,22,2200.0,858.8256730769224,0.0,0.0,382.08863333333284,652.2217666666661,3058.8256730769226,6,600.0,583.6283633662887,0.0,0.0,51.1516075643201,525.2304690771841,1183.6283633662888,6,600.0,684.1719465530434,0.0,0.0,417.4549266428462,417.4549266428462,1284.1719465530434,180.8628556813901,Stock OK
40,46,8320.232799999998,22,2200.0,726.4142908653838,0.0,0.0,554.724108333333,1326.4594916666663,2926.414290865384,10,1000.0,1388.4731331190046,0.0,0.0,850.3836840324184,850.3836840324184,2388.4731331190046,10,1000.0,1177.7703705172034,0.0,0.0,616.0398009360674,616.0398009360674,2177.7703705172034,432.82250099179953,Stock OK
40,52,784.4915999999998,22,2200.0,209.8782932692308,0.0,0.0,102.18025,179.28215,2409.8782932692307,3,300.0,363.18551101378586,0.0,0.0,90.98953797038092,90.98953797038092,663.1855110137858,3,300.0,355.61827331915896,0.0,0.0,85.8847203255732,85.8847203255732,655.618273319159,56.83179385350125,Stock OK
40,55,4767.309200000001,22,2200.0,6278.034831730764,0.0,0.0,4091.6832166666645,4862.030383333331,8478.034831730765,6,600.0,1944.6268036649794,0.0,0.0,391.113130936842,1191.6934471242103,2544.6268036649794,6,600.0,1758.116783079189,0.0,0.0,865.5288950226394,865.5288950226394,2358.116783079189,473.2143951570829,Stock OK
40,56,3148.9359999999997,22,2200.0,1291.230913461539,9168.847999999998,916.8847999999998,1274.139333333334,1579.0254666666674,12660.078913461537,5,500.0,835.0140159721806,6885.456736328575,688.5456736328575,515.1985054685689,515.1985054685689,8220.470752300756,4,400.0,1257.2167681909195,5561.771999999999,556.1771999999999,594.5072388273558,594.5072388273558,7218.988768190919,239.69054026721201,Stock OK
40,58,3181.36,22,2200.0,1010.600961538461,0.0,0.0,527.0066666666663,849.473333333333,3210.600961538461,6,600.0,785.0158024380605,193.00000000000068,19.300000000000068,429.4562107820983,429.4562107820983,1578.0158024380612,7,700.0,970.8014281110185,0.0,0.0,350.3279892621524,350.3279892621524,1670.8014281110186,265.7611653698723,Stock OK
40,59,123.83,22,2200.0,141.81766826923078,0.0,0.0,95.6708833333333,114.75791666666662,2341.8176682692306,1,100.0,188.71599850752506,0.0,0.0,30.818055662242536,30.818055662242536,288.71599850752506,1,100.0,200.15392982648032,0.0,0.0,29.275359807815796,29.275359807815796,300.1539298264803,23.788646650450126,Stock OK
40,60,145.8,22,2200.0,2.544891826923077,299.60499999999996,29.960499999999996,0.0,10.073,2502.149891826923,2,200.0,117.87661984668837,49.4414015975293,4.94414015975293,57.34635984024705,57.34635984024705,367.31802144421766,2,200.0,147.26429572109387,0.0,0.0,62.52103387688466,62.52103387688466,347.26429572109384,10.869999318959966,Stock OK
40,67,6262.7544,22,2200.0,738.1774819711542,2597.4688333333347,259.74688333333347,606.7413000000001,1181.502066666667,5535.646315304489,9,900.0,927.7339777656475,1429.8689263499762,142.98689263499762,274.5397015550176,966.0604589200201,3257.6029041156235,9,900.0,1291.4798808994337,0.0,0.0,720.6578740946566,720.6578740946566,2191.4798808994337,436.93782850791376,Stock OK
40,71,1624.3624,22,2200.0,949.2345432692304,0.0,0.0,488.52301666666636,672.252183333333,3149.2345432692305,4,400.0,628.0541025910712,247.90739726329875,24.790739726329875,239.9283102736702,239.9283102736702,1275.9614998543698,4,400.0,796.0184545688772,0.0,0.0,289.1226810920963,289.1226810920963,1196.0184545688771,141.77087504018,Stock OK
40,72,28958.537200000002,22,2200.0,16849.366165865376,0.0,0.0,9727.460308333331,13091.460091666664,19049.366165865376,17,1700.0,4355.785360931044,0.0,0.0,1182.0985440885515,4528.050019967025,6055.785360931044,17,1700.0,5041.785324611046,0.0,0.0,2408.0719873369194,4053.110081857977,6741.785324611046,2569.902939686879,Stock OK
40,74,9714.7756,22,2200.0,515.4295703125001,8109.618749999998,810.9618749999997,24.578316666666694,800.9602333333335,10825.048320312497,11,1100.0,630.6214193693725,9705.091719489412,970.5091719489411,457.4063882627647,1261.116382394147,11435.713138858784,12,1200.0,1381.1204272592502,0.0,0.0,485.5505006501063,485.5505006501063,2581.1204272592504,484.12326268540704,Stock OK
40,79,11707.0528,22,2200.0,912.0753605769236,0.0,0.0,355.19715000000036,1404.0884500000002,3112.0753605769237,12,1200.0,1373.0624893608253,0.0,0.0,142.17753955985853,1076.349665883482,2573.0624893608256,12,1200.0,1841.018808631172,0.0,0.0,321.819277951007,1272.3224714010985,3041.018808631172,673.6995720682669,Stock OK
40,80,14916.8412,22,2200.0,1081.93638221154,0.0,0.0,271.72955833333447,1592.474841666668,3281.93638221154,14,1400.0,1283.3866020192295,550.0233552929308,55.00233552929308,746.7275670888882,1794.9928368242417,3233.4099573121603,14,1400.0,1804.8627621858107,0.0,0.0,310.81918280293917,1329.7839872493191,3204.8627621858104,744.7764960081726,Stock OK
40,81,18666.240799999996,22,2200.0,794.0805088141016,323.80266666667467,32.38026666666747,370.0472083333327,2022.5609249999993,3317.883175480776,16,1600.0,1591.6263309043356,671.4967669358816,67.14967669358816,295.4863707660295,2640.6016449192357,3863.1230978402173,15,1500.0,2355.4237600371016,0.0,0.0,1212.8426538983238,1212.8426538983238,3855.4237600371016,936.4808897960613,Stock OK
40,82,13019.724799999998,22,2200.0,1321.1310336538468,0.0,0.0,315.40111666666724,1474.977283333334,3521.1310336538468,13,1300.0,1444.0538532088167,0.0,0.0,506.34812443494593,1488.5738473045249,2744.0538532088167,14,1400.0,1896.0869984918293,0.0,0.0,815.2916901240903,1745.7264778259434,3296.086998491829,816.1542686513558,Stock OK
40,83,2328.9588000000003,22,2200.0,1162.6451682692311,0.0,0.0,784.7026166666667,1055.4557833333333,3362.6451682692314,5,500.0,769.1255218168172,0.0,0.0,450.28406712414323,450.28406712414323,1269.1255218168171,5,500.0,703.4227063137521,0.0,0.0,443.35860543561705,443.35860543561705,1203.422706313752,148.39936775633512,Stock OK
40,85,1636.3364,22,2200.0,394.1583894230768,0.0,0.0,289.6678833333333,457.1465166666667,2594.1583894230766,5,500.0,523.8493882265641,0.0,0.0,108.02439880360099,481.31011100450127,1023.8493882265641,5,500.0,505.6149243910256,0.0,0.0,210.79317680459775,210.79317680459775,1005.6149243910256,116.28399020850274,Stock OK
40,87,23020.955200000008,22,2200.0,253.3810336538462,35765.23666666667,3576.523666666667,0.0,1690.8201333333334,38218.617700320516,18,1800.0,1121.40564970157,9564.191938391366,956.4191938391366,634.8863870344707,1820.956516045961,12485.597588092936,17,1700.0,1972.1922170938046,28.137281209453704,2.8137281209453704,1186.0894515766909,1186.0894515766909,3700.3294983032583,1158.2781790150405,Stock OK
40,90,54838.6652,22,2200.0,8205.90789663461,0.0,0.0,2885.3201083333297,7904.797091666664,10405.90789663461,21,2100.0,3562.842592568255,0.0,0.0,1736.3859155189512,5823.538885562197,5662.842592568255,21,2100.0,4682.304266916028,0.0,0.0,1848.9405022337141,3897.2067617017856,6782.304266916028,2945.025957895221,Stock OK
40,91,37521.756400000006,22,2200.0,4774.100504807691,0.0,0.0,1924.1448166666653,5354.223183333332,6974.100504807691,16,1600.0,2353.1700682164214,4765.3842548125995,476.53842548126,1886.4365455033073,3575.7633940044097,8718.55432302902,19,1900.0,4259.315071848542,0.0,0.0,768.6016414598892,2513.0879831156726,6159.315071848542,2167.006529231963,Stock OK
40,92,89465.5508,22,2200.0,5287.987644230756,4444.188000000136,444.41880000001356,398.94879999999966,8174.607999999998,11932.17564423089,22,2200.0,4250.351861711496,3981.4479598123944,398.14479598123944,1444.315906675602,9074.790078678281,10431.799821523891,21,2100.0,6379.060708872421,0.0,0.0,3632.265935785212,6177.0886837785,8479.060708872421,4799.206982517624,Stock OK
40,93,26561.279599999998,22,2200.0,631.8439182692308,12747.317333333338,1274.7317333333338,153.69539999999995,2365.8904666666667,15579.161251602569,19,1900.0,1785.2430978022794,5526.785625244085,552.6785625244086,373.03649316850385,3086.3711908913388,9212.028723046365,19,1900.0,2673.77558901484,0.0,0.0,683.4790924409261,2012.7272086876442,4573.77558901484,1344.202495344201,Stock OK
40,94,34084.568,22,2200.0,1895.388918269229,9160.638000000032,916.0638000000031,2036.5791999999985,5097.890799999998,13256.026918269261,21,2100.0,1979.225463546092,3938.2336519966066,393.82336519966066,1224.003997850468,4415.875706550552,8017.459115542699,19,1900.0,3310.0919181552485,0.0,0.0,1236.4233331254966,2853.740382237365,5210.091918155249,1521.9116686004775,Stock OK
40,95,63802.28560000001,22,2200.0,1632.782639222757,33663.70708333333,3366.3707083333325,528.0773500000009,5829.294066666667,37496.489722556085,22,2200.0,2603.2227326184784,21531.3290730713,2153.13290730713,906.462730489613,7206.900078356823,26334.551805689778,21,2100.0,4864.037831318246,0.0,0.0,1718.6694465640226,3774.709802691309,6964.037831318246,2958.8473887431273,Stock OK
40,96,15753.722,22,2200.0,460.8272856570516,17209.417333333327,1720.9417333333326,510.3892166666669,1775.0126500000001,19870.24461899038,15,1500.0,1153.0183403445185,2640.651359849102,264.06513598491017,767.8030856060359,1793.5548570075448,5293.669700193621,16,1600.0,1932.8341044028223,0.0,0.0,952.4177257038659,952.4177257038659,3532.834104402822,690.1395735551562,Stock OK
40,97,16086.6124,22,2200.0,716.2049659455132,2169.986666666666,216.99866666666662,161.60898333333353,1555.6283500000002,5086.191632612179,15,1500.0,1213.1280410903398,2692.9274025491964,269.29274025491964,274.0763535979411,2427.978963343021,5406.055443639536,15,1500.0,2254.3753416418463,0.0,0.0,448.49795509257865,1480.218048313477,3754.3753416418463,813.4218851379197,Stock OK
40,98,6888.844399999999,22,2200.0,1779.201009615386,0.0,0.0,865.210000000001,1539.4756000000011,3979.2010096153863,9,900.0,1101.846906131068,0.0,0.0,114.4898031274007,863.4817785183258,2001.846906131068,10,1000.0,1180.32163430779,0.0,0.0,357.67930923123487,1050.4710102569277,2180.32163430779,430.2740295381557,Stock OK
41,1,20024.5372,22,2200.0,7333.474278846153,0.0,0.0,2665.5883999999996,4638.6428,9533.474278846152,15,1500.0,2377.830008644456,4088.085943086762,408.8085943086762,0.0,2562.484154721742,7965.915951731218,15,1500.0,4193.1215926497625,0.0,0.0,1301.7232921148143,3925.5345624169304,5693.1215926497625,2640.9170813461337,Stock OK
41,2,46433.87959999999,22,2200.0,1888.3083593750002,10362.297500000004,1036.2297500000004,77.65689999999972,4032.0314,14450.605859375004,22,2200.0,2545.727267454671,5146.079335395905,514.6079335395905,1730.7624900887076,5358.4557428321095,9891.806602850576,21,2100.0,3546.03175143347,0.0,0.0,1130.7409287368132,2940.8739191166746,5646.03175143347,2147.3926453268373,Stock OK
41,3,22292.9172,22,2200.0,2078.5392528044877,82873.14549999997,8287.314549999997,1099.3042666666668,2412.7744333333335,87151.68475280446,14,1400.0,1597.958898394046,79091.24681777124,7909.124681777124,1176.2770870481784,2221.651268222875,82089.20571616529,14,1400.0,1257.0728494690134,7676.862092054794,767.6862092054794,326.17865279794506,1229.8697615976025,10333.934941523807,459.1853466664128,Stock OK
41,4,30656.549600000002,22,2200.0,992.3884324919874,19151.445083333332,1915.1445083333333,0.0,2499.2526166666667,22343.833515825318,21,2100.0,1272.3382610285043,4502.651174323792,450.26511743237916,940.6878418108586,3824.697673324383,7874.989435352296,19,1900.0,2678.5586119231566,0.0,0.0,299.0837870625005,1731.018232434211,4578.558611923157,1520.2107826388576,Stock OK
41,5,18735.040800000002,22,2200.0,11299.41039663461,0.0,0.0,6337.835541666664,8518.08565833333,13499.41039663461,14,1400.0,3047.8792546755108,0.0,0.0,697.3703227882606,3391.042980752971,4447.87925467551,14,1400.0,3308.1690426573905,0.0,0.0,1033.0589406548697,2302.1146764744753,4708.1690426573905,1570.9444512018258,Stock OK
41,6,4146.8312,22,2200.0,1065.237524038462,0.0,0.0,944.8493833333337,1387.604216666667,3265.2375240384617,7,700.0,946.8918981662653,599.1255000000001,59.91255000000001,218.83312543095832,825.7697130027848,2246.0173981662656,8,800.0,1072.3464470858949,0.0,0.0,654.9369379781906,654.9369379781906,1872.3464470858949,284.79738577560886,Stock OK
41,7,29286.6404,22,2200.0,4509.668954326925,0.0,0.0,4682.854441666667,7636.723558333334,6709.668954326925,18,1800.0,3220.069525688548,0.0,0.0,1794.715264860672,3362.394793676006,5020.069525688548,19,1900.0,3559.212803590915,0.0,0.0,1012.27489410654,2373.7544530068844,5459.212803590915,1737.295012513474,Stock OK
41,8,31519.7364,22,2200.0,2717.299771634614,0.0,0.0,155.45937499999877,2909.8242249999985,4917.299771634614,20,2000.0,2227.3197926035714,1861.3946383442635,186.13946383442635,46.59478006856307,3074.2219402056894,6088.714430947835,19,1900.0,2579.1899238516585,0.0,0.0,191.9504265745975,1724.1804016620752,4479.189923851658,1642.7982124943373,Stock OK
41,9,38962.03159999999,22,2200.0,224.92713942307688,87680.10899999997,8768.010899999997,337.85945000000004,2992.80555,90105.03613942304,22,2200.0,364.8856190222775,58247.370070196586,5824.737007019658,569.9637000663373,3542.4476143710053,60812.255689218866,20,2000.0,3012.104287319689,6941.592500000002,694.1592500000002,1850.2016543019627,1850.2016543019627,11953.696787319692,1749.9368033167102,Stock OK
41,10,16117.2572,22,2200.0,269.0931881009615,19520.074250000012,1952.0074250000014,0.0,1231.76085,21989.167438100973,15,1500.0,963.5524332031057,5730.580853462271,573.0580853462271,476.1520399422956,1488.4884599134434,8194.133286665376,16,1600.0,1739.9752848631422,0.0,0.0,1094.5842793432616,1094.5842793432616,3339.9752848631424,1033.2422787619766,Stock OK
41,11,14527.983200000002,22,2200.0,233.14231570512814,22404.65883333334,2240.4658833333337,0.0,1068.4797666666666,24837.801149038467,15,1500.0,1075.2376407996467,6681.512052645289,668.1512052645289,0.0,1885.7095914977647,9256.749693444935,16,1600.0,1636.320133869066,0.0,0.0,714.2480276874085,1623.5487995332355,3236.320133869066,776.758538372325,Stock OK
41,12,4336.6572,22,2200.0,55.44027243589743,4662.417333333335,466.2417333333335,0.0,336.55786666666665,6917.857605769232,8,800.0,601.1096804298021,268.3784705886052,26.83784705886052,428.34158823523256,428.34158823523256,1669.4881510184073,8,800.0,767.852981955793,0.0,0.0,286.06579216280005,286.06579216280005,1567.852981955793,208.27301949529448,Stock OK
41,13,31947.5616,22,2200.0,1444.9438281249995,18168.177416666655,1816.8177416666656,0.0,2620.0646833333335,21813.121244791655,21,2100.0,927.8665239046481,3265.236070837493,326.5236070837493,361.53963128448027,3314.4323259371886,6293.102594742141,20,2000.0,2650.3326648696675,0.0,0.0,1346.9099690113933,2815.128696211963,4650.3326648696675,1591.4237466006991,Stock OK
41,14,15721.692799999999,22,2200.0,2287.0548798076943,0.0,0.0,666.7337166666679,2091.8142833333345,4487.054879807694,14,1400.0,1446.942410585952,0.0,0.0,571.4120868624158,1660.295474313371,2846.942410585952,15,1500.0,1626.8672262004297,76.39896058563636,7.639896058563636,733.1346089902394,1755.2465134853592,3203.266186786066,817.3756756530986,Stock OK
41,16,17522.042,22,2200.0,2205.935602964743,47184.421,4718.4421,3859.366308333332,5308.319891666666,51590.35660296475,12,1200.0,2042.8147021291963,27907.486841753613,2790.748684175361,1715.695320706833,1715.695320706833,31150.301543882808,11,1100.0,3332.894350817559,13684.69225,1368.469225,804.2319615868062,1941.4915278627143,18117.586600817558,843.1356589642115,Stock OK
41,17,11674.304399999999,22,2200.0,764.6060216346153,4815.315000000001,481.53150000000016,0.0,973.2846,7779.921021634616,13,1300.0,1120.6436986215813,3157.6612005382185,315.76612005382185,0.0,1799.7475236265777,5578.3048991598,13,1300.0,1641.1756691043988,0.0,0.0,973.3981966948596,973.3981966948596,2941.175669104399,661.373903784477,Stock OK
41,20,5496.746000000001,22,2200.0,258.2862610176283,4517.9586666666655,451.7958666666666,242.72130833333344,702.5188250000001,6976.244927684294,9,900.0,785.6798953755562,0.0,0.0,141.0103158106065,759.5178209119323,1685.679895375556,9,900.0,1069.275920776628,0.0,0.0,428.4600797860953,428.4600797860953,1969.275920776628,240.46242718910383,Stock OK
41,21,4380.171200000001,22,2200.0,569.1762259615384,0.0,0.0,253.4988833333333,656.4267166666667,2769.1762259615384,8,800.0,717.609204357384,69.2420465080292,6.9242046508029205,284.114272095183,863.1099174443802,1586.8512508654132,8,800.0,841.9695655432938,0.0,0.0,124.71356996551776,681.9268585320203,1641.9695655432938,263.4931070880509,Stock OK
41,22,9947.9124,22,2200.0,615.7689903846152,4988.477000000006,498.8477000000006,0.0,821.6578,7804.245990384621,11,1100.0,663.6106647009159,8594.8473484419,859.4847348441899,412.1863294617567,1238.9990589235135,10358.458013142816,12,1200.0,1159.8030540417717,313.30622513759295,31.330622513759295,737.277575497248,737.277575497248,2673.1092791793644,580.9779973800207,Stock OK
41,23,18657.814000000002,22,2200.0,576.230703125,4407.905500000001,440.79055000000005,23.648075000000063,1609.793425,7184.136203125001,16,1600.0,1540.3481153854036,4247.616081643551,424.76160816435515,228.94818206428033,2526.4885461928407,7387.964197028955,17,1700.0,2039.9746282635936,0.0,0.0,946.5563931072649,2023.1284161139688,3739.9746282635933,1092.0109939410288,Stock OK
41,24,4737.510799999999,22,2200.0,1055.807007211538,0.0,0.0,235.14075833333283,667.5452416666661,3255.807007211538,8,800.0,869.4434987547418,605.724492585037,60.572449258503696,170.2712343219951,770.071642902494,2275.167991339779,9,900.0,840.0223857641024,0.0,0.0,165.45131032266664,697.245733488,1740.0223857641024,333.9537575789164,Stock OK
41,25,7426.631999999999,22,2200.0,210.59268329326883,1499.316750000006,149.9316750000006,0.0,632.75655,3909.9094332932746,10,1000.0,1002.1543305008665,0.0,0.0,52.64290141490005,778.2140210165556,2002.1543305008665,11,1100.0,1242.568371155259,0.0,0.0,916.3618149832977,916.3618149832977,2342.5683711552592,707.0215497308695,Stock OK
41,26,5699.015200000001,22,2200.0,1702.1053004807702,0.0,0.0,337.652008333334,862.5795916666674,3902.10530048077,8,800.0,903.9601652128955,2982.3373060319027,298.2337306031903,12.650082399468204,673.5129647989365,4686.297471244798,9,900.0,1010.5475858316534,0.0,0.0,217.0656362072055,858.1518188581063,1910.5475858316534,405.14556171066886,Stock OK
41,27,1312.684,22,2200.0,260.309526241987,91.23158333333365,9.123158333333365,0.0,113.35311666666666,2551.5411095753207,4,400.0,401.84835073174156,635.485383556281,63.5485383556281,149.290195548124,149.290195548124,1437.3337342880227,4,400.0,447.9492928194355,0.0,0.0,110.58876953560045,110.58876953560045,847.9492928194355,108.93629117138724,Stock OK
41,28,392.82759999999996,22,2200.0,194.96331730769225,0.0,0.0,52.91163333333325,91.67156666666658,2394.9633173076923,3,300.0,245.40291453399306,0.0,0.0,24.46833591382576,204.04635387073867,545.402914533993,3,300.0,255.20336092055777,0.0,0.0,46.228146904920116,236.68607035738017,555.2033609205578,48.154027714364304,Stock OK
41,29,4055.956,22,2200.0,207.8698237179487,665.8280833333345,66.58280833333345,0.0,346.90201666666667,3073.6979070512834,8,800.0,508.9625322760981,1164.3120858078098,116.43120858078098,341.4799610698699,878.7159221397397,2473.2746180839076,8,800.0,751.6528387816466,0.0,0.0,153.23726962362946,680.2144474270051,1551.6528387816466,261.11158684348715,Stock OK
41,30,2888.682,22,2200.0,52.47994591346155,3612.143999999999,361.2143999999999,70.79122500000003,296.72677500000003,5864.62394591346,7,700.0,449.1535755056958,128.11209233785917,12.811209233785917,64.42093153242834,497.98566441553544,1277.2656678435549,7,700.0,745.7138214468271,0.0,0.0,493.56094638829006,493.56094638829006,1445.713821446827,149.86391127662452,Stock OK
41,31,2457.2471999999993,22,2200.0,222.54068509615388,4940.020499999999,494.0020499999998,35.48762500000004,209.29047500000004,7362.561185096152,6,600.0,438.0821132729424,3091.1285965273123,309.11285965273123,13.911376898179256,394.17966534726884,4129.210709800254,8,800.0,472.5574864600255,0.0,0.0,44.373870820146664,364.50484165159617,1272.5574864600255,131.10151576400384,Stock OK
41,32,5121.640400000001,22,2200.0,201.03060496794876,1507.5684999999994,150.75684999999993,236.13666666666677,688.9210333333335,3908.5991049679483,8,800.0,759.9259847678883,445.8416674868616,44.58416674868616,512.2997387521896,512.2997387521896,2005.7676522547497,9,900.0,887.3274009939742,0.0,0.0,157.34450635582192,732.3205509002996,1787.3274009939742,281.12601876627156,Stock OK
41,33,5044.627200000001,22,2200.0,1316.2218028846157,0.0,0.0,409.1086500000004,883.3465500000004,3516.2218028846155,8,800.0,830.8153228252959,481.79047237964426,48.179047237964426,111.92253701604727,740.0673712700591,2112.60579520494,9,900.0,927.6036658681935,0.0,0.0,209.332245124231,777.1575695147599,1827.6036658681935,410.1854268813228,Stock OK
41,34,12193.595599999999,22,2200.0,412.9997536057685,5481.250250000001,548.125025,238.2803999999993,1271.6500499999993,8094.25000360577,13,1300.0,1256.846767625859,1277.7739594560603,127.77739594560603,611.0485290543941,1538.282883896793,3834.620727081919,13,1300.0,1547.2281897883026,0.0,0.0,326.0165169176013,1240.1463204107347,2847.2281897883026,658.8430681326414,Stock OK
41,35,2066.0488,22,2200.0,217.19063601762855,351.51458333333255,35.15145833333325,119.88306666666699,306.9074500000004,2768.705219350961,5,500.0,523.0360982344348,296.27055669613287,29.627055669613284,216.4502923325967,216.4502923325967,1319.3066549305677,5,500.0,610.8690213071012,0.0,0.0,173.6993756062568,173.6993756062568,1110.8690213071013,121.02392622868221,Stock OK
41,36,1314.5308,22,2200.0,650.4630909455129,2369.6688333333327,236.96688333333327,537.9334666666667,678.4115,5220.131924278845,4,400.0,547.6100657439621,864.4910816162044,86.44910816162044,8.256883676758989,350.1307255151385,1812.1011473601666,4,400.0,592.6928011470827,538.8294999999996,53.882949999999965,193.09358284517396,193.09358284517396,1531.5223011470823,113.3818392946599,Stock OK
41,38,46289.5464,22,2200.0,2002.6935336538497,12965.45199999996,1296.545199999996,11.526600000000599,3924.963800000001,17168.14553365381,21,2100.0,2398.5023550676096,7880.536412453304,788.0536412453305,66.19695953300106,5479.497039299502,12379.038767520913,21,2100.0,3783.9448722673437,0.0,0.0,2592.1009686453617,4462.16581945603,5883.944872267344,2634.3583063968904,Stock OK
41,40,53136.916000000005,22,2200.0,1987.1425380608973,28538.18816666666,2853.818816666666,0.0,4372.443233333333,32725.330704727556,22,2200.0,2331.255237488442,18235.34801191902,1823.534801191902,1020.9837069725854,4835.625378287643,22766.60324940746,21,2100.0,3214.6580849225857,1504.6133334308024,150.46133334308024,833.5185833218152,2802.7397666542624,6819.271418353388,2548.0463920785073,Stock OK
41,41,2364.3596000000002,22,2200.0,547.3423317307693,1889.6914999999992,188.96914999999993,8.952900000000014,198.8958,4637.033831730769,5,500.0,485.47176705944156,3083.232162367657,308.3232162367657,216.5430084408086,216.5430084408086,4068.703929427099,8,800.0,583.5140918808823,0.0,0.0,330.83396650845043,330.83396650845043,1383.5140918808825,167.73231498358797,Stock OK
41,42,5223.556399999999,22,2200.0,92.90564903846142,4721.347500000006,472.1347500000006,0.0,413.16709999999995,7014.253149038468,9,900.0,647.8959015935582,544.7154979026578,54.47154979026578,141.11585717281915,727.4221143456383,2092.611399496216,9,900.0,937.7754827232106,0.0,0.0,165.40389538524076,761.5551010583958,1837.7754827232106,287.2197978346145,Stock OK
41,44,4229.0163999999995,22,2200.0,623.4857932692313,0.0,0.0,66.24778333333367,439.749016666667,2823.485793269231,8,800.0,617.5883516476292,734.5216871983346,73.45216871983345,306.85346354669446,864.3057270933889,2152.1100388459636,8,800.0,879.0095730495711,0.0,0.0,89.74339070658468,626.6730965218111,1679.0095730495711,302.4504093928433,Stock OK
41,46,27267.2112,22,2200.0,625.818305288461,11443.367833333341,1144.336783333334,623.5233249999995,2949.2970416666662,14269.186138621802,19,1900.0,1989.8512039658488,2986.030772065269,298.6030772065269,1559.1053347418415,2950.1638282160256,6875.881976031118,18,1800.0,2518.542808653174,0.0,0.0,1353.8348584540367,1353.8348584540367,4318.542808653174,1282.9870059682494,Stock OK
41,49,6319.1996,22,2200.0,110.31642427884611,8901.355000000001,890.1355000000001,4.831950000000006,477.34465,11211.671424278848,10,1000.0,708.8892725112697,795.3015702749835,79.53015702749835,112.11084912156275,739.1120982431255,2504.190842786253,10,1000.0,1160.678444699268,0.0,0.0,989.2705945443475,989.2705945443475,2160.678444699268,434.3084039223401,Stock OK
41,52,1953.8656,22,2200.0,109.5788942307692,591.3173333333339,59.131733333333386,0.0,164.75946666666667,2900.896227564103,6,600.0,471.2540965768381,60.148150297687124,6.014815029768712,150.5033962425578,520.7463924851156,1131.4022468745252,5,500.0,572.0344282527923,0.0,0.0,155.54462132133602,155.54462132133602,1072.0344282527922,154.64204509994482,Stock OK
41,55,5218.5656,22,2200.0,7024.406165865382,0.0,0.0,4574.8656416666645,5426.468358333331,9224.40616586538,6,600.0,2144.9451000487443,0.0,0.0,1109.3042524902298,1109.3042524902298,2744.9451000487443,7,700.0,1641.2900909498135,0.0,0.0,448.7492461510608,1180.4010413429041,2341.2900909498135,512.8180182101355,Stock OK
41,56,5037.3404,22,2200.0,3135.916487379808,13363.637083333331,1336.363708333333,3367.5870500000005,3982.244766666667,18699.55357071314,5,500.0,1485.548652457738,12359.023997554836,1235.9023997554837,696.1437009780639,696.1437009780639,14344.572650012573,2,200.0,3548.044009727826,10245.026249999999,1024.5026249999999,1071.8097528615453,1071.8097528615453,13993.070259727825,827.8438700913146,Stock OK
41,58,6290.2,22,2200.0,129.0761217948718,15379.495833333332,1537.9495833333333,0.0,413.2391666666667,17708.571955128205,10,1000.0,508.94858225471216,7040.821446050542,704.0821446050543,310.95738817436825,897.3147763487365,8549.770028305255,11,1100.0,1259.2494657902782,66.47528754298946,6.647528754298946,503.2652713879336,503.2652713879336,2425.7247533332675,463.15470615789866,Stock OK
41,59,317.54319999999996,22,2200.0,508.0376802884614,0.0,0.0,336.11392499999994,392.9536749999999,2708.037680288461,2,200.0,365.73459522302306,0.0,0.0,202.644796114141,202.644796114141,565.734595223023,2,200.0,346.51618191630195,0.0,0.0,169.83076269944618,169.83076269944618,546.516181916302,44.76614360477803,Stock OK
41,60,452.88000000000005,22,2200.0,11.275961538461559,167.07999999999942,16.70799999999994,0.0,37.928000000000004,2378.355961538461,3,300.0,211.88835522925467,163.87644224630048,16.387644224630048,153.32071155073984,153.32071155073984,675.7647974755552,3,300.0,243.73879386608508,0.0,0.0,155.70679681507525,155.70679681507525,543.7387938660851,32.5066744911487,Stock OK
41,67,8207.633600000003,22,2200.0,1423.2011448317314,1379.684749999999,137.9684749999999,1053.9432500000007,1847.3005000000007,5002.88589483173,10,1000.0,1327.5924985194333,1188.7681460624458,118.87681460624458,413.3192831500419,1225.7681935437972,3516.360644581879,10,1000.0,1720.5037743116795,0.0,0.0,348.85812102276486,1167.3532150252943,2720.5037743116795,682.2031444368693,Stock OK
41,71,5274.0788,22,2200.0,297.5196794871795,3395.538666666667,339.5538666666667,181.10133333333332,625.9384,5893.058346153846,9,900.0,859.907949653941,72.95808629307146,7.295808629307146,267.3693741120792,875.7314697974257,1832.8660359470127,9,900.0,996.8768435297746,0.0,0.0,159.2710075036363,755.0327834415908,1896.8768435297748,287.28263382845375,Stock OK
41,72,44669.5288,22,2200.0,17525.628281250003,0.0,0.0,9174.803475,13856.919325000003,19725.628281250003,21,2100.0,5169.63884825718,0.0,0.0,1827.7903727157088,5775.204912487279,7269.63884825718,20,2000.0,5382.041355843955,0.0,0.0,2561.1839046228215,4475.828615557241,7382.041355843955,2925.875031354102,Stock OK
41,74,18136.6448,22,2200.0,813.9833213141035,13646.640083333315,1364.6640083333316,205.93515000000048,1682.2756666666673,16660.62340464742,16,1600.0,1107.3309148936019,6161.088907713082,616.1088907713082,210.08909369147648,2426.676840537215,8868.419822606684,16,1600.0,1996.1332207933306,0.0,0.0,663.1008404630096,1768.7831648272104,3596.1332207933306,803.6325627276334,Stock OK
41,79,20012.2188,22,2200.0,891.6238962339747,3019.5441666666566,301.9544166666657,0.0,1713.9360333333334,6111.168062900631,16,1600.0,1573.6989421801798,3300.0215009225312,330.00215009225315,800.9408998616212,1995.0911331795792,6473.720443102711,16,1600.0,2371.4900290128817,0.0,0.0,865.3001878667152,2085.7411837244963,3971.4900290128817,1034.717400211023,Stock OK
41,80,17272.752000000004,22,2200.0,363.55767528044856,10177.099583333342,1017.7099583333342,0.0,1413.4819166666666,12740.65725861379,15,1500.0,1241.5434055650694,3094.6682892465583,309.46682892465583,339.14186256600294,1423.5850167546705,5836.211694811627,15,1500.0,1814.4222582951245,0.0,0.0,967.8883032090033,967.8883032090033,3314.4222582951243,798.7952595901996,Stock OK
41,81,19012.1368,22,2200.0,669.1944631410255,4574.576333333333,457.4576333333333,20.162616666666622,1635.36625,7443.770796474359,16,1600.0,1514.9395858689995,430.3019653763795,43.03019653763795,842.376776731181,2001.6219720774172,3545.241551245379,16,1600.0,2018.9917709084086,0.0,0.0,785.9451437696191,1944.296910020927,3618.9917709084084,886.0089382705039,Stock OK
41,82,17806.1236,22,2200.0,2126.4263100961552,0.0,0.0,1141.8972083333342,2789.551191666668,4326.426310096155,15,1500.0,1878.5702448806614,0.0,0.0,1057.008614888352,2227.8408463089486,3378.5702448806614,15,1500.0,2460.2448736768665,0.0,0.0,440.5787967043681,1567.3803268261086,3960.2448736768665,1196.5886626427618,Stock OK
41,83,3256.986,22,2200.0,374.57176682692324,0.0,0.0,223.49532500000015,526.1458750000002,2574.571766826923,7,700.0,656.3300546141071,0.0,0.0,207.80188715200336,709.6038975106705,1356.3300546141072,6,600.0,892.495276782134,0.0,0.0,381.1749443671195,381.1749443671195,1492.4952767821342,172.59872498481465,Stock OK
41,85,1941.6036,22,2200.0,819.754290865385,0.0,0.0,507.0444416666668,719.9703583333334,3019.754290865385,5,500.0,560.8407332850581,0.0,0.0,61.37364591097369,482.27073863871715,1060.8407332850581,5,500.0,637.7594646043818,0.0,0.0,272.60566550076885,272.60566550076885,1137.7594646043817,131.93524719090098,Stock OK
41,87,12841.356799999998,22,2200.0,110.328157051282,34758.05866666667,3475.805866666667,0.0,814.3957333333333,37068.386823717956,11,1100.0,415.3713538873029,33882.55135657639,3388.255135657639,0.0,823.1508064342361,35397.922710463696,15,1500.0,1354.6398085835524,0.0,0.0,396.59566384086963,1254.9070112580746,2854.6398085835526,746.531535870682,Stock OK
41,90,67332.56880000001,22,2200.0,6527.70042067307,0.0,0.0,211.8886583333283,6085.319741666661,8727.70042067307,21,2100.0,3153.157413484606,3299.2373435553236,329.92373435553236,1493.349196060829,5914.523095076036,8552.394757039929,21,2100.0,4896.690789925348,0.0,0.0,1791.604187217892,4025.4570154481844,6996.690789925348,3523.1425096261337,Stock OK
41,91,49046.130399999995,22,2200.0,2815.2304026442316,4156.462749999973,415.64627499999733,0.0,4228.73775,9171.693152644206,21,2100.0,2583.7712011255444,7057.207317309499,705.7207317309499,1144.1606364903573,4895.592260817262,11740.978518435044,21,2100.0,3987.045548648391,0.0,0.0,1419.2423682040344,3337.6017657346447,6087.045548648392,2458.4139919254535,Stock OK
41,92,111328.654,22,2200.0,7598.67766025642,28098.76133333325,2809.876133333325,0.0,9436.415466666667,37897.43899358967,21,2100.0,3773.851987597812,25533.292296218213,2553.3292296218215,646.6533027170908,11854.577405434182,31407.144283816026,21,2100.0,6425.882674384328,0.0,0.0,2809.4023525454204,8522.741389833729,8525.882674384327,6246.000601533263,Stock OK
41,93,35781.75719999999,22,2200.0,750.5809855769222,27691.077833333387,2769.107783333339,0.0,2870.665166666666,30641.65881891031,22,2200.0,1263.1620336408782,6471.324212431944,647.1324212431944,80.22878097297803,3171.1143619459563,9934.486246072822,21,2100.0,2763.003204238938,0.0,0.0,1206.5409104777507,2762.8409276433576,4863.0032042389375,1765.7995078037382,Stock OK
41,94,47894.5996,22,2200.0,725.7024008413462,49242.95875,4924.295875,0.0,3736.54815,52168.66115084135,22,2200.0,1905.7412246076701,17366.090134132595,1736.6090134132596,0.0,5289.5436993374005,21471.831358740266,21,2100.0,2967.6971091319833,0.0,0.0,360.17310481336335,3914.3356447978103,5067.697109131983,2307.0897317027866,Stock OK
41,95,89889.27320000001,22,2200.0,1682.793356370193,75499.39624999992,7549.939624999992,0.0,7159.942050000001,79382.18960637011,22,2200.0,2129.1154871394915,83687.31619104391,8368.73161910439,0.0,7322.133983368511,88016.4316781834,21,2100.0,4967.891358767157,0.0,0.0,422.06229582334345,5244.572745570213,7067.891358767157,3962.4072902138064,Stock OK
41,96,3380.826,22,2200.0,22.657305689102564,8237.081666666667,823.7081666666667,6.349083333333326,229.25925,10459.73897235577,8,800.0,392.8860779859491,1470.0329075164364,147.00329075164365,115.10746369934252,545.7595955490137,2662.9189855023856,8,800.0,595.3438682541024,0.0,0.0,165.4672899071448,165.4672899071448,1395.3438682541023,151.68035242677706,Stock OK
41,97,19737.182399999998,22,2200.0,597.4217307692302,10365.248666666681,1036.524866666668,0.0,1626.1441333333332,13162.670397435912,17,1700.0,1395.4098421832157,2312.831029882743,231.28310298827432,380.78611087054446,2707.1153385881807,5408.240872065959,16,1600.0,1906.084571782109,0.0,0.0,975.5755096122557,975.5755096122557,3506.084571782109,949.4719435210318,Stock OK
41,98,8881.408,22,2200.0,794.4706370192312,0.0,0.0,3.7570750000003272,776.3801250000004,2994.470637019231,11,1100.0,807.5307389805882,578.602155243812,57.8602155243812,353.0072454972909,1154.7692909945818,2486.1328942244004,11,1100.0,1345.2153212562773,0.0,0.0,69.12803162292983,848.2881772852228,2445.215321256277,525.9520918697584,Stock OK
42,1,8505.5284,22,2200.0,2830.523605769229,0.0,0.0,1165.7155333333317,2006.6932666666648,5030.523605769229,10,1000.0,1271.1211112086473,227.5962213449202,22.75962213449202,306.98922223318846,1143.4660444663768,2498.7173325535678,10,1000.0,1922.4324699789906,0.0,0.0,405.6865552844928,1255.6585947605477,2922.4324699789904,711.6692443509066,Stock OK
42,2,14306.489999999998,22,2200.0,1752.9218509615407,0.0,0.0,605.3464833333346,1902.0279166666678,3952.9218509615407,14,1400.0,1375.0280184477645,28.74649999999633,2.874649999999633,105.46750126425604,2182.8109514749653,2803.774518447761,13,1300.0,1816.3956537026015,0.0,0.0,352.9184326795944,1412.4506229028939,3116.3956537026015,722.7039114959241,Stock OK
42,3,838.4524,22,2200.0,103.56622896634619,1225.3227499999996,122.53227499999996,52.368999999999986,119.17674999999998,3528.8889789663453,4,400.0,290.4146004205473,634.8488075004026,63.484880750040254,32.53218849991947,268.2948827498792,1325.2634079209497,4,400.0,341.9585073049129,0.0,0.0,190.54978773572222,190.54978773572222,741.9585073049129,39.68655699675033,Stock OK
42,4,13194.849599999998,22,2200.0,1639.6305168269248,0.0,0.0,648.2955250000015,1852.0472750000017,3839.6305168269246,13,1300.0,1603.7989720146677,0.0,0.0,619.9032913963844,1620.6637302627496,2903.798972014668,12,1200.0,1690.4657965938,0.0,0.0,883.3796325155241,883.3796325155241,2890.4657965938,686.5205837642994,Stock OK
42,5,507.078,22,2200.0,794.0690985576925,0.0,0.0,562.9883750000002,656.0376250000003,2994.0690985576925,2,200.0,489.26674034028565,0.0,0.0,188.97400035624437,188.97400035624437,689.2667403402857,2,200.0,503.5546970139563,0.0,0.0,157.71669136829397,157.71669136829397,703.5546970139562,71.07870570240466,Stock OK
42,7,640.4336000000001,22,2200.0,168.77352163461532,1701.430666666667,170.1430666666667,177.9913,234.36363333333333,4070.2041883012826,3,300.0,313.39840156255406,945.0570904543406,94.50570904543406,188.33518190913182,188.33518190913182,1558.4554920168946,3,300.0,353.19794583526976,689.9853040963674,68.99853040963674,153.75473918072655,153.75473918072655,1343.1832499316372,48.31251802609874,Stock OK
42,8,17074.5208,22,2200.0,844.8619651442314,3079.986249999995,307.9986249999995,0.0,1457.95845,6124.848215144226,15,1500.0,1375.6908035501422,878.8207089660102,87.88207089660102,619.5142423505664,1720.8867635258498,3754.511512516152,15,1500.0,1590.5882584457163,0.0,0.0,794.7419969843146,1914.9080771260515,3090.5882584457163,868.8720666530545,Stock OK
42,9,165.5644,22,2200.0,1.5103124999999993,488.877,48.8877,0.0,10.1458,2690.3873125,2,200.0,119.3695773500023,55.239219183147945,5.5239219183147945,38.931378081685224,38.931378081685224,374.60879653315027,2,200.0,139.0275227302949,39.74900000000004,3.9749000000000034,43.28709580110714,43.28709580110714,378.7765227302949,12.711512431310254,Stock OK
42,10,382.5159999999999,22,2200.0,29.762127403846133,49.16950000000021,4.916950000000021,0.0,32.8347,2278.9316274038465,3,300.0,229.3781405246549,0.0,0.0,162.5850528224318,162.5850528224318,529.3781405246549,3,300.0,246.18494100883197,0.0,0.0,176.11723798646597,176.11723798646597,546.184941008832,23.454758405140616,Stock OK
42,11,771.3252,22,2200.0,169.60864182692305,0.0,0.0,124.60549166666661,202.51250833333327,2369.608641826923,3,300.0,349.2210251518792,0.0,0.0,109.32046546818171,109.32046546818171,649.2210251518792,3,300.0,416.4922630944298,0.0,0.0,94.38716492285283,94.38716492285283,716.4922630944297,47.891912202069776,Stock OK
42,12,90.02359999999999,22,2200.0,1.3119561298076925,130.04458333333335,13.004458333333334,0.0,6.697316666666667,2331.356539463141,2,200.0,96.28836508457843,0.0,0.0,69.31627931851752,69.31627931851752,296.28836508457846,1,100.0,109.31096686967553,0.0,0.0,7.551424717785017,7.551424717785017,209.31096686967553,6.161030310591276,Stock OK
42,13,13665.796000000002,22,2200.0,1141.1202884615375,0.0,0.0,177.9898666666661,1381.7973333333327,3341.1202884615377,13,1300.0,1333.6939811779166,730.4400880456683,73.04400880456683,222.36239823908647,1223.1459973586298,3364.134069223585,13,1300.0,1705.2861295499033,0.0,0.0,429.944306048924,1454.1133982196675,3005.2861295499033,684.2983644096762,Stock OK
42,14,1193.6296,22,2200.0,277.7249519230769,0.0,0.0,162.14449999999994,280.0378999999999,2477.724951923077,4,400.0,408.532306589972,0.0,0.0,235.96623868172708,235.96623868172708,808.532306589972,4,400.0,415.20989720745206,0.0,0.0,241.1343832340466,241.1343832340466,815.2098972074521,79.96622488551272,Stock OK
42,16,931.3951999999999,22,2200.0,103.96682291666669,160.17833333333314,16.017833333333314,97.78106666666667,185.8818,2464.14515625,4,400.0,391.18466079824833,0.0,0.0,283.71340707649335,283.71340707649335,791.1846607982484,4,400.0,351.6337980207364,0.0,0.0,253.79857268477517,253.79857268477517,751.6337980207363,51.252741072849574,Stock OK
42,17,465.7559999999999,22,2200.0,34.82663461538459,191.75733333333346,19.175733333333348,0.0,38.83306666666667,2426.583967948718,3,300.0,213.72488746111938,72.63290905878978,7.2632909058789785,138.9989545470605,138.9989545470605,586.3577965199091,3,300.0,305.149415521553,0.0,0.0,211.28973585219234,211.28973585219234,605.149415521553,34.36468067602848,Stock OK
42,21,950.5075999999999,22,2200.0,309.15838942307676,0.0,0.0,185.84918333333314,284.66281666666646,2509.1583894230766,4,400.0,406.14880919808974,0.0,0.0,57.89683404062356,344.62482872083143,806.1488091980898,3,300.0,449.7746826612378,0.0,0.0,63.61477948061241,63.61477948061241,749.7746826612379,60.81769727037489,Stock OK
42,25,81.3192,22,2200.0,0.8594871794871797,271.3544166666667,27.13544166666667,1.4120333333333333,6.246449999999999,2472.2139038461537,2,200.0,76.07229528741078,53.031749999999995,5.3031749999999995,58.07778015576154,58.07778015576154,329.10404528741077,1,100.0,88.08036755775721,53.031749999999995,5.3031749999999995,9.165211654027008,9.165211654027008,241.1121175577572,7.620861224167758,Stock OK
42,28,39.64920000000001,22,2200.0,17.961009615384597,0.0,0.0,9.232699999999985,13.483299999999984,2217.9610096153847,1,100.0,100.12302572933673,0.0,0.0,26.195172319372723,26.195172319372723,200.12302572933675,1,100.0,117.1257485550232,0.0,0.0,33.640575156725944,33.640575156725944,217.1257485550232,3.984452784412638,Stock OK
42,32,36.28,22,2200.0,4.837374581939799,124.24347826086957,12.424347826086956,7.624347826086956,10.361739130434783,2329.0808528428097,1,100.0,65.68091397002375,28.5391304347826,2.85391304347826,18.40326021152988,18.40326021152988,194.22004440480637,1,100.0,111.63399774564128,28.5391304347826,2.85391304347826,37.51974306218676,37.51974306218676,240.1731281804239,5.081990668710184,Stock OK
42,38,35462.8384,22,2200.0,623.3689783653844,27660.010249999996,2766.0010249999996,0.0,2843.20325,30483.379228365382,22,2200.0,1093.2679166482453,5451.823735967439,545.1823735967439,107.80621478448211,3183.871951403256,8745.091652615683,20,2000.0,4389.848456028012,0.0,0.0,2127.100103467529,3881.0545049658203,6389.848456028012,2324.551838669945,Stock OK
42,40,17407.368000000002,22,2200.0,2243.0693149038448,0.0,0.0,704.370891666666,2279.3047083333327,4443.069314903845,15,1500.0,1766.5153304500639,0.0,0.0,980.874585927826,2125.5775759940993,3266.5153304500636,14,1400.0,1759.167522103201,0.0,0.0,491.6685904865353,1686.794426293192,3159.167522103201,899.7206352154129,Stock OK
42,42,169.59120000000001,22,2200.0,6.479951923076919,51.826000000000015,5.182600000000002,0.0,14.2964,2258.305951923077,2,200.0,143.0543446659174,24.078000000000017,2.4078000000000017,72.3859789683694,72.3859789683694,367.1323446659174,2,200.0,162.35641578158487,0.0,0.0,69.25698302329123,69.25698302329123,362.3564157815849,10.630578876557466,Stock OK
42,46,5237.854000000001,22,2200.0,592.8651201923079,0.0,0.0,274.47128333333353,753.803916666667,2792.865120192308,8,800.0,919.4161910430498,0.0,0.0,533.2241318550642,533.2241318550642,1719.4161910430498,8,800.0,1140.6705520666465,0.0,0.0,166.67755795562795,836.0393590921462,1940.6705520666465,289.32655747434296,Stock OK
42,52,21.105600000000003,22,2200.0,14.307019230769235,0.0,0.0,10.1744,12.8944,2214.307019230769,1,100.0,94.33447113321928,0.0,0.0,30.54581999141922,30.54581999141922,194.33447113321927,1,100.0,95.6468565130912,0.0,0.0,31.091772309445943,31.091772309445943,195.6468565130912,2.9895040786042655,Stock OK
42,59,38.4868,22,2200.0,58.638810096153854,0.0,0.0,40.455908333333326,47.320491666666655,2258.638810096154,1,100.0,144.58985148713597,0.0,0.0,47.38343891436691,47.38343891436691,244.58985148713597,1,100.0,225.8106346337558,0.0,0.0,77.39261650764243,77.39261650764243,325.8106346337558,15.212557877311268,Stock OK
42,60,230.40000000000003,22,2200.0,137.27692307692314,0.0,0.0,88.54866666666672,116.28333333333339,2337.276923076923,2,200.0,225.44867515748794,0.0,0.0,115.0127481091916,115.0127481091916,425.44867515748797,2,200.0,247.82896493399716,0.0,0.0,117.75663906006845,117.75663906006845,447.82896493399716,19.210493416594545,Stock OK
42,67,984.2064000000001,22,2200.0,198.52737980769228,177.14200000000005,17.714200000000005,126.00319999999996,221.00279999999995,2575.669379807692,4,400.0,352.34106912239065,172.83,17.283,18.995827132371772,300.13576950982906,925.1710691223907,4,400.0,470.32419158150356,0.0,0.0,56.35566242557918,355.7098832341056,870.3241915815036,97.06453005541593,Stock OK
42,74,277.28880000000004,22,2200.0,23.194500223613577,66.45693023255836,6.645693023255836,10.961618604651154,35.44898604651162,2289.651430456172,2,200.0,173.8267877444153,13.688150084728594,1.3688150084728594,46.28253382873649,46.28253382873649,387.5149378291439,2,200.0,218.40134583077463,0.0,0.0,51.65221473042172,51.65221473042172,418.40134583077463,18.561342715895265,Stock OK
42,79,11307.870400000002,22,2200.0,2398.1957211538474,0.0,0.0,1375.7096000000004,2478.6296,4598.195721153847,12,1200.0,1604.6132123770237,0.0,0.0,883.7370455854839,1841.6668133659823,2804.613212377024,11,1100.0,1822.219545249998,0.0,0.0,965.2857772285199,965.2857772285199,2922.219545249998,604.706077189145,Stock OK
42,80,12318.625999999998,22,2200.0,3127.388533653845,0.0,0.0,1732.9752166666672,2954.853583333334,5327.388533653845,12,1200.0,1643.4345199989561,0.0,0.0,605.131047133083,1613.3982741451814,2843.434519998956,11,1100.0,1677.3557241512478,0.0,0.0,632.1264262984546,632.1264262984546,2777.355724151248,605.283031493976,Stock OK
42,81,14200.0348,22,2200.0,1500.838713942309,0.0,0.0,718.7915750000005,2016.0808250000005,3700.838713942309,13,1300.0,1499.6224186658524,1612.0572499999969,161.2057249999997,374.08640999686486,1413.0015441632702,4411.679668665849,13,1300.0,1671.5560946507273,0.0,0.0,450.73660030714325,1509.4730607494052,2971.5560946507276,707.3713342784204,Stock OK
42,82,6381.090399999999,22,2200.0,1527.7668269230767,0.0,0.0,775.3649666666663,1397.6654333333329,3727.7668269230767,9,900.0,1025.3998167871837,0.0,0.0,308.77022712182276,1028.3214680120507,1925.3998167871837,8,800.0,1284.7140645601128,0.0,0.0,442.5323946176872,442.5323946176872,2084.714064560113,359.6736787456702,Stock OK
42,83,3253.4468000000006,22,2200.0,288.17621394230855,0.0,0.0,145.9560750000005,441.55632500000047,2488.1762139423086,7,700.0,637.6892728274049,833.7450343882256,83.37450343882256,248.86478431223543,744.7875686244709,2171.4343072156307,6,600.0,923.4216577428233,0.0,0.0,394.9478405076727,394.9478405076727,1523.4216577428233,198.1642979755312,Stock OK
42,87,1219.0107999999998,22,2200.0,44.28293985270048,2081.780255319149,208.17802553191493,0.0,87.89850212765957,4326.06319517185,5,500.0,284.6807574356884,508.9045686739076,50.89045686739076,45.44126331370665,315.8697266274133,1293.585326109596,5,500.0,379.47395995879623,0.0,0.0,289.1002977470424,289.1002977470424,879.4739599587963,78.9938607343032,Stock OK
42,90,47171.1884,22,2200.0,8134.432343750008,0.0,0.0,3590.584591666671,8004.651808333338,10334.432343750008,21,2100.0,3360.024263485521,706.7071755005281,70.67071755005281,1680.8950406499912,5513.650667749986,6166.7314389860485,21,2100.0,4137.600850354946,0.0,0.0,2472.254397495313,4427.8153962451,6237.600850354946,2580.880461213082,Stock OK
42,91,37693.862799999995,22,2200.0,4281.254086538469,0.0,0.0,2029.2378666666727,5483.42053333334,6481.254086538469,17,1700.0,2155.107805406745,7777.036506569725,777.7036506569725,2170.158597372106,3865.410784707863,11632.14431197647,20,2000.0,4274.704518986522,0.0,0.0,2024.0481140921756,2024.0481140921756,6274.704518986522,1829.7739136609207,Stock OK
42,92,73795.4088,22,2200.0,10759.815997596148,0.0,0.0,4384.286224999995,11182.520574999995,12959.815997596148,21,2100.0,4081.338371213103,11672.096676009838,1167.2096676009837,1782.2311525919213,8917.017681479803,17853.43504722294,21,2100.0,5787.079206666495,0.0,0.0,1946.775900218634,4374.36231411562,7887.079206666495,3523.23445299895,Stock OK
42,93,29398.063199999997,22,2200.0,2815.494471153843,0.0,0.0,1455.8740666666647,4138.825133333331,5015.494471153843,19,1900.0,2454.526951383459,3393.8459999999986,339.38459999999986,1858.8280232922355,3352.8880245862483,7748.372951383458,18,1800.0,3415.3871797178153,0.0,0.0,551.451052655786,2076.4562086943615,5215.387179717815,1412.8907036318833,Stock OK
42,94,33581.9764,22,2200.0,1120.1940685096154,5186.112249999995,518.6112249999994,143.57961666666642,3031.140033333333,8506.30631850961,20,2000.0,1259.58032687777,7509.825628440094,750.9825628440094,950.0419690622127,4050.009882874655,10769.405955317863,20,2000.0,3255.607399320164,0.0,0.0,644.5749613987032,2218.007105419688,5255.607399320164,1587.460033771172,Stock OK
42,95,55367.846,22,2200.0,4228.117572115376,0.0,0.0,1474.2102499999937,6416.997749999993,6428.117572115376,21,2100.0,3062.6908976758546,11518.15964154799,1151.815964154799,1867.8742378170582,5923.684489788913,16680.850539223844,21,2100.0,4328.390256576076,0.0,0.0,1163.8429257209095,3210.405745542614,6428.390256576076,2678.824849841519,Stock OK
42,96,14330.746,22,2200.0,656.2830108173085,1742.3392499999943,174.23392499999943,0.0,1231.00105,4598.622260817303,14,1400.0,1393.7738036424025,63.51438010010838,6.351438010010838,678.4209207274756,1690.4450674749728,2857.288183742511,13,1300.0,1684.1644449541636,0.0,0.0,815.8346647499433,815.8346647499433,2984.1644449541636,731.0539440156608,Stock OK
42,97,15911.7068,22,2200.0,1315.944302884612,0.0,0.0,367.4750833333309,1783.056116666664,3515.9443028846117,14,1400.0,1353.229869035456,2205.463020257364,220.5463020257364,540.4362393033078,1625.6843306323517,4958.69288929282,14,1400.0,1813.8627773141784,0.0,0.0,398.2574121021544,1489.533770725397,3213.8627773141784,769.1778594986947,Stock OK
42,98,4887.6836,22,2200.0,2153.3317788461545,0.0,0.0,1209.1778666666676,1739.3397333333344,4353.3317788461545,7,700.0,1050.3840679612435,0.0,0.0,556.6063045437547,556.6063045437547,1750.3840679612435,7,700.0,1175.4649688414702,0.0,0.0,660.6736140761031,660.6736140761031,1875.4649688414702,325.77303970130396,Stock OK
43,1,5280.5756,22,2200.0,2561.0153605769237,0.0,0.0,1081.134316666667,1634.3264833333337,4761.015360576924,8,800.0,1124.4158494936905,0.0,0.0,298.16392903694907,976.5855403279418,1924.4158494936905,8,800.0,4174.046922310773,0.0,0.0,1327.4429605960117,2049.7217494205133,4974.046922310773,1767.6529033361326,Stock OK
43,2,17607.683200000003,22,2200.0,2197.413834134618,0.0,0.0,742.7213250000016,2338.4086750000015,4397.413834134618,15,1500.0,1663.5741943508665,880.6087726932196,88.06087726932196,1004.9944542948208,2157.214865153785,4044.182967044086,14,1400.0,1971.8462535293877,0.0,0.0,1005.3323894133084,1005.3323894133084,3371.8462535293875,879.245814646101,Stock OK
43,3,1133.828,22,2200.0,100.43138321314102,2818.792083333333,281.8792083333333,19.95456666666668,95.77225000000001,5119.223466546474,4,400.0,313.03880404035164,2122.235881983447,212.22358819834471,196.75388680165526,196.75388680165526,2835.2746860237985,5,500.0,372.1032070154623,0.0,0.0,226.223963182282,226.223963182282,872.1032070154623,47.22383072435863,Stock OK
43,4,15187.1364,22,2200.0,1833.9815264423087,0.0,0.0,807.1810916666675,2197.991308333334,4033.9815264423087,14,1400.0,1606.8418399660695,0.0,0.0,883.3215911248508,1959.032565442147,3006.8418399660695,13,1300.0,1813.4784861984722,0.0,0.0,1050.1112900539304,1050.1112900539304,3113.478486198472,754.7500680179157,Stock OK
43,7,449.27919999999995,22,2200.0,3.724057491987178,1468.1763333333333,146.81763333333333,7.099074999999997,34.01739166666666,3671.9003908253203,3,300.0,188.40447918521198,374.2706132716147,37.42706132716147,77.48452734567708,77.48452734567708,862.6750924568266,3,300.0,312.7068327013943,232.62925,23.262925000000003,142.6895837911144,142.6895837911144,845.3360827013944,44.7964387277096,Stock OK
43,8,11392.503200000001,22,2200.0,909.3907331730768,0.0,0.0,44.858408333333045,1039.4115916666665,3109.390733173077,12,1200.0,1259.2643178577212,0.0,0.0,105.50756839270014,1015.1603859738547,2459.264317857721,12,1200.0,1448.334072893392,0.0,0.0,427.1974474241655,1366.0947994627259,2648.3340728933917,605.4551788682417,Stock OK
43,9,208.178,22,2200.0,1.6565544871794866,834.1535,83.41535,4.319291666666666,15.543808333333331,3035.8100544871795,3,300.0,101.72284157947121,87.91225,8.791225,10.724911632800033,107.36236744920005,489.63509157947124,2,200.0,158.78095139763153,87.91225,8.791225,32.96526562519376,32.96526562519376,446.69320139763147,14.935757606635116,Stock OK
43,10,419.5836,22,2200.0,116.18423076923071,0.0,0.0,63.15726666666662,105.13473333333329,2316.184230769231,3,300.0,237.81556904636597,0.0,0.0,17.148581687294097,204.03157253094113,537.8155690463659,3,300.0,247.9352597912177,0.0,0.0,193.76285614629305,193.76285614629305,547.9352597912177,27.839500803415593,Stock OK
43,11,471.3268,22,2200.0,78.88762019230762,0.0,0.0,72.23334999999994,119.49944999999994,2278.8876201923076,3,300.0,245.09695083183672,0.0,0.0,194.49129977383265,194.49129977383265,545.0969508318367,3,300.0,293.27711772385754,0.0,0.0,194.8659781878671,194.8659781878671,593.2771177238576,34.50914126664338,Stock OK
43,12,68.322,22,2200.0,18.369074519230754,0.0,0.0,11.892224999999991,18.86737499999999,2218.3690745192307,1,100.0,113.46527358822382,0.0,0.0,18.320281312701105,18.320281312701105,213.46527358822382,1,100.0,111.9023834309071,0.0,0.0,17.670119007257348,17.670119007257348,211.9023834309071,5.456882662739805,Stock OK
43,13,15376.603200000001,22,2200.0,1022.2390745192305,0.0,0.0,142.2314583333333,1491.6953416666665,3222.2390745192306,14,1400.0,1288.2802963001732,852.2061421246246,85.22061421246246,507.62422549221185,1567.225070590654,3540.4864384247976,14,1400.0,1761.2533961509648,0.0,0.0,574.7664639687565,1646.0875285048146,3161.253396150965,778.1668079124446,Stock OK
43,14,1399.7459999999999,22,2200.0,103.956310096154,0.0,0.0,39.41670833333345,164.5612916666668,2303.956310096154,5,500.0,386.72354110197205,4.319991451137781,0.4319991451137781,79.10992585488628,401.7866887823294,891.0435325531098,5,500.0,469.11354097399635,0.0,0.0,82.23402787229196,405.79981609036497,969.1135409739964,84.42664694694085,Stock OK
43,16,2154.9864,22,2200.0,181.03304487179483,1223.6890000000003,122.36890000000004,255.12273333333326,454.0566666666666,3604.7220448717953,6,600.0,594.3424300626939,0.0,0.0,177.5791475478165,584.4120770573797,1194.342430062694,6,600.0,686.2630107563523,0.0,0.0,115.07534416614867,509.4075129993784,1286.2630107563523,143.07687040062584,Stock OK
43,17,316.142,22,2200.0,422.1529206730769,0.0,0.0,270.19412500000004,321.17987500000004,2622.152920673077,2,200.0,348.06770459755137,0.0,0.0,172.25964693492412,172.25964693492412,548.0677045975514,2,200.0,341.18219162994103,0.0,0.0,167.2781279879225,167.2781279879225,541.182191629941,30.5906285578623,Stock OK
43,21,1329.8991999999998,22,2200.0,107.64384615384625,0.0,0.0,50.383700000000076,170.40830000000008,2307.6438461538464,5,500.0,454.0096328718233,0.0,0.0,114.16597310151592,430.1730413768949,954.0096328718233,4,400.0,471.7626141462087,0.0,0.0,126.22350813848634,126.22350813848634,871.7626141462088,70.26638728875386,Stock OK
43,25,61.909600000000005,22,2200.0,30.239447115384614,0.0,0.0,28.62568333333333,36.49831666666667,2230.239447115385,1,100.0,125.43400573975758,0.0,0.0,30.83161138773914,30.83161138773914,225.4340057397576,1,100.0,93.88238389412882,0.0,0.0,17.706136699957586,17.706136699957586,193.88238389412882,6.569964197112242,Stock OK
43,38,52529.633200000004,22,2200.0,2869.0829487179467,8809.282666666704,880.9282666666704,0.0,4491.191733333333,13878.365615384651,21,2100.0,2581.8519047541713,6670.994034208954,667.0994034208954,1267.3868809443375,5133.481304071291,11352.845938963124,21,2100.0,5102.127164529013,0.0,0.0,1837.0568613624864,3907.922185769551,7202.127164529013,3392.8901564387875,Stock OK
43,40,15187.113200000002,22,2200.0,2089.4962379807666,0.0,0.0,281.309291666665,1626.3895083333314,4289.496237980767,14,1400.0,1405.1469195353093,437.3311341187855,43.73311341187855,626.6596293796586,1684.5380440694878,3242.4780536540948,13,1300.0,1745.1572737275503,0.0,0.0,221.00930894321482,1336.8844909384827,3045.15727372755,811.0537382314335,Stock OK
43,42,160.968,22,2200.0,30.888713942307707,0.0,0.0,9.413508333333342,24.229291666666676,2230.8887139423077,2,200.0,150.83300591129986,0.0,0.0,83.30730623321867,83.30730623321867,350.8330059112999,2,200.0,147.93321632709097,0.0,0.0,72.04463415344975,72.04463415344975,347.933216327091,12.097866223980985,Stock OK
43,46,5479.002,22,2200.0,1729.572632211538,0.0,0.0,1076.323258333333,1646.351541666666,3929.572632211538,8,800.0,1074.7406031940263,0.0,0.0,196.71600575974773,885.3839458682831,1874.7406031940263,8,800.0,1242.186038455957,0.0,0.0,258.3578378709369,955.8317539953565,2042.186038455957,324.6049560217712,Stock OK
43,56,98.9072,22,2200.0,151.11035256410258,0.0,0.0,86.3245777777778,102.43168888888891,2351.1103525641024,1,100.0,198.28472462264187,0.0,0.0,41.016657899650745,41.016657899650745,298.2847246226419,1,100.0,228.78381018345647,0.0,0.0,42.1279583696512,42.1279583696512,328.78381018345647,25.006920565203174,Stock OK
43,60,303.12,22,2200.0,154.84506237006244,0.0,0.0,94.45924324324331,129.03135135135142,2354.8450623700624,2,200.0,248.53687972948316,0.0,0.0,87.93718306844927,87.93718306844927,448.5368797294832,2,200.0,205.6603358644932,0.0,0.0,48.94960118623739,48.94960118623739,405.66033586449316,25.76419933866938,Stock OK
43,67,1056.0336,22,2200.0,68.29964943910264,391.7274166666658,39.17274166666658,0.0,88.42268333333334,2660.0270661057684,4,400.0,351.7622264311545,10.17937591066186,1.017937591066186,162.55281246964458,162.55281246964458,761.9416023418163,4,400.0,497.0306437109787,0.0,0.0,243.31343418916012,243.31343418916012,897.0306437109787,104.12493802710429,Stock OK
43,72,152.1468,22,2200.0,1.8052229020979023,767.7140909090908,76.77140909090909,0.0,6.5543818181818185,2969.5193138111886,2,200.0,99.87728529557943,108.33532773916615,10.833532773916614,16.21049449881066,16.21049449881066,408.2126130347456,2,200.0,182.0827382571402,0.0,0.0,70.33570982722705,70.33570982722705,382.0827382571402,15.704264114183562,Stock OK
43,74,728.7404,22,2200.0,3.65002403846154,2364.805999999999,236.48059999999992,0.0,42.805200000000006,4568.456024038461,4,400.0,190.4505176225751,409.53028243560277,40.953028243560276,131.28652391881326,131.28652391881326,999.9808000581778,4,400.0,283.97446078184635,94.38999999999986,9.438999999999986,183.28845455155215,183.28845455155215,778.3644607818462,38.13844372593492,Stock OK
43,79,10915.384,22,2200.0,2047.0319350961536,0.0,0.0,1492.5546083333334,2571.505791666667,4247.031935096154,11,1100.0,1647.5171961907265,775.0699025035908,77.50699025035908,255.18635212446145,1202.6500108118717,3522.5870986943173,10,1000.0,2139.0469764083073,0.0,0.0,739.9214416471062,739.9214416471062,3139.0469764083073,629.3105748593551,Stock OK
43,80,14943.852,22,2200.0,683.3674208733984,747.8671666666571,74.78671666666571,28.32585833333337,1323.751175,3631.234587540055,14,1400.0,1423.8552049509765,1107.2894098353265,110.72894098353265,606.2055980192124,1644.374112021957,3931.1446147863026,13,1300.0,1614.2032756130038,0.0,0.0,968.7204424649442,968.7204424649442,2914.203275613004,758.9396285049334,Stock OK
43,81,17025.0588,22,2200.0,1014.4299158653868,0.0,0.0,156.7544416666684,1650.8251583333354,3214.4299158653866,15,1500.0,1589.8253766767448,0.0,0.0,825.054287243498,1939.983359546605,3089.825376676745,14,1400.0,1897.4421480594287,0.0,0.0,1072.1660219376708,1072.1660219376708,3297.4421480594287,838.9652290988253,Stock OK
43,82,6998.024399999999,22,2200.0,1230.4675240384615,0.0,0.0,699.5707499999999,1368.9268499999998,3430.4675240384613,9,900.0,1124.6751467021124,0.0,0.0,722.3514842478944,722.3514842478944,2024.6751467021124,9,900.0,1229.7605423940836,0.0,0.0,663.7842312049363,663.7842312049363,2129.7605423940836,364.79279645323925,Stock OK
43,83,3820.5796,22,2200.0,713.3196875000004,0.0,0.0,448.00688333333386,819.1883166666672,2913.3196875000003,7,700.0,764.5693115352332,527.9384999999993,52.793849999999935,123.29686712809908,679.0152783161155,1992.5078115352326,6,600.0,1084.0649492428524,0.0,0.0,393.46655675656785,393.46655675656785,1684.0649492428524,257.5704269855865,Stock OK
43,87,107.7584,22,2200.0,1.0516206575682383,429.2392258064516,42.92392258064516,0.0,5.63778064516129,2630.2908464640195,2,200.0,89.49506446575404,18.579293422808565,1.8579293422808565,39.53259968997721,39.53259968997721,308.0743578885626,2,200.0,119.7760320257843,0.0,0.0,48.714319057296,48.714319057296,319.7760320257843,11.602446747590964,Stock OK
43,90,53685.35280000001,22,2200.0,11835.155576923067,0.0,0.0,5381.722299999998,10517.989699999998,14035.155576923067,21,2100.0,4161.019158797347,0.0,0.0,1564.9745001193946,5699.402865347169,6261.019158797347,20,2000.0,4478.7768934993255,0.0,0.0,2038.1275407861613,4125.913594733385,6478.7768934993255,2784.990755114839,Stock OK
43,91,29861.733200000002,22,2200.0,1679.584771634611,0.0,0.0,405.1296416666637,3037.03075833333,3879.5847716346107,20,2000.0,2007.9075482654066,4272.099914765836,427.2099914765836,1149.3251667617078,4108.880355682277,8280.007463031243,19,1900.0,2636.014296001752,0.0,0.0,879.4587685561385,2367.9776737537018,4536.014296001752,1418.9957031437257,Stock OK
43,92,70470.7548,22,2200.0,12812.42536057692,0.0,0.0,5371.40365,11966.373950000001,15012.42536057692,21,2100.0,4189.5822963605715,3262.4657644889885,326.24657644889885,651.3324835066651,7678.64616701333,9552.04806084956,20,2000.0,4731.943667642334,0.0,0.0,1468.643852993855,3855.0647454166956,6731.943667642334,3432.550078923186,Stock OK
43,93,31476.9928,22,2200.0,3770.88680288461,0.0,0.0,1438.444816666662,4300.656783333328,5970.88680288461,20,2000.0,2148.5221055116917,774.2645000000039,77.42645000000039,670.7340752509783,3757.065461389976,4922.786605511696,19,1900.0,2687.2988324452217,0.0,0.0,579.8303486613568,2122.2473041425433,4587.298832445222,1570.3232113520367,Stock OK
43,94,43931.313200000004,22,2200.0,5160.657620192307,0.0,0.0,2184.3664499999986,6194.425549999999,7360.657620192307,21,2100.0,2789.2684213897924,1039.6947422357152,103.96947422357152,545.779343354071,4198.925478509357,5928.963163625507,21,2100.0,4569.283827402565,0.0,0.0,1888.0861542076764,3697.3730043989344,6669.283827402565,2294.256979442064,Stock OK
43,95,62770.5708,22,2200.0,7841.899771634629,0.0,0.0,3425.77347500001,9181.97732500001,10041.89977163463,22,2200.0,3848.5095909726983,0.0,0.0,574.117920104678,7139.363873517239,6048.509590972699,21,2100.0,5217.710398143012,0.0,0.0,2381.540442262297,4555.302191003155,7317.710398143012,3431.0220912498007,Stock OK
43,96,22828.009199999993,22,2200.0,704.2676171875005,2606.61199999999,260.661199999999,366.9231750000009,2361.207625000001,5510.879617187491,17,1700.0,1696.2622528161346,569.2079055307113,56.92079055307113,830.2056492700268,2118.3223607523364,3965.470158346846,18,1800.0,2614.5396622691583,0.0,0.0,1077.976630574864,2308.244816196915,4414.539662269159,1224.3451258941554,Stock OK
43,97,16916.740400000002,22,2200.0,1551.252463942309,0.0,0.0,361.64754166666773,1864.1160583333344,3751.252463942309,15,1500.0,1433.4521755593794,3637.336153516125,363.73361535161246,235.4506560302426,2471.56675844234,6570.788329075504,14,1400.0,1777.0687933117442,0.0,0.0,965.8561200695939,965.8561200695939,3177.0687933117442,827.6792524897883,Stock OK
43,98,7341.8264,22,2200.0,2646.787151442309,0.0,0.0,1401.954225000001,2162.282975000001,4846.78715144231,9,900.0,1272.5352856215688,0.0,0.0,161.52656001129776,956.88403938771,2172.5352856215686,9,900.0,1418.059055499803,0.0,0.0,126.98499697803277,918.0247809752868,2318.059055499803,494.08969571881846,Stock OK
44,1,7502.764799999999,22,2200.0,1514.0612259615384,0.0,0.0,331.9632499999999,1013.2439499999999,3714.061225961538,10,1000.0,969.7924566209599,0.0,0.0,295.05980114356703,1047.9379734928523,1969.79245662096,10,1000.0,1507.8002375662413,0.0,0.0,888.4739898506315,888.4739898506315,2507.8002375662413,696.29435264686,Stock OK
44,2,9419.290399999998,22,2200.0,185.67130608974367,7819.206166666662,781.9206166666662,0.0,751.0756333333334,10204.877472756405,11,1100.0,691.7814099212109,3876.4736793433003,387.64736793433,0.0,790.502958206567,5668.255089264511,11,1100.0,1233.6368009268458,0.0,0.0,537.3156954771364,537.3156954771364,2333.636800926846,491.53168723447607,Stock OK
44,3,676.7724,22,2200.0,48.96804286858974,1540.2451666666664,154.02451666666664,3.45953333333334,49.21670000000001,3789.2132095352563,4,400.0,220.64071841958213,512.8774034363465,51.28774034363465,28.49685482818269,223.61210965636536,1133.5181218559287,4,400.0,265.31709600286837,0.0,0.0,142.87642337152226,142.87642337152226,665.3170960028683,31.017735600201945,Stock OK
44,4,7362.834800000001,22,2200.0,145.37591746794868,6436.180583333336,643.6180583333336,0.0,584.2797166666667,8781.556500801284,11,1100.0,787.6339229183745,851.8325960911784,85.18325960911784,571.0038615635286,1268.2274442589696,2739.466519009553,10,1000.0,1072.683241206611,0.0,0.0,642.2845766037146,642.2845766037146,2072.683241206611,361.1100334390718,Stock OK
44,5,989.7024,22,2200.0,6.782665264423073,3096.267083333333,309.62670833333334,0.0,59.13701666666666,5303.049748597756,5,500.0,243.78237038095716,686.579741347829,68.6579741347829,54.92203362173904,276.7372672434781,1430.3621117287862,4,400.0,357.9593901671879,142.0723325393304,14.20723325393304,79.9976417460669,79.9976417460669,900.0317227065183,79.14539842549343,Stock OK
44,7,485.46879999999993,22,2200.0,78.92227564102562,1146.5586666666668,114.65586666666668,98.47293333333332,139.2804,3425.480942307692,3,300.0,252.75449748364386,120.99600000000012,12.099600000000013,140.6225264297938,140.6225264297938,673.7504974836439,3,300.0,271.12083875555817,0.0,0.0,82.16894207258115,82.16894207258115,571.1208387555582,33.034726266706734,Stock OK
44,8,4740.788,22,2200.0,188.6151442307693,2114.0336666666662,211.40336666666664,0.0,393.85953333333333,4502.648810897435,8,800.0,710.4066990105347,242.35148042245697,24.235148042245697,453.7814506525848,453.7814506525848,1752.7581794329917,8,800.0,875.5380153125357,0.0,0.0,524.4998841366142,524.4998841366142,1675.5380153125357,274.19961972849933,Stock OK
44,9,130.42520000000002,22,2200.0,6.09680488782051,423.0973333333333,42.309733333333334,10.947641666666666,19.561825,2629.1941382211535,2,200.0,114.49693652526705,29.66725000000002,2.966725000000002,54.7790784062222,54.7790784062222,344.1641865252671,2,200.0,98.9172638584646,29.66725000000002,2.966725000000002,22.25475060602503,22.25475060602503,328.5845138584646,7.789486674653929,Stock OK
44,10,82.89359999999999,22,2200.0,118.58057692307688,0.0,0.0,81.04273333333333,95.29806666666667,2318.580576923077,1,100.0,174.28868147628117,0.0,0.0,47.395034993481076,47.395034993481076,274.28868147628117,1,100.0,153.89394566582376,0.0,0.0,37.96813488553633,37.96813488553633,253.89394566582376,7.220151431630255,Stock OK
44,11,442.3592,22,2200.0,247.93622596153844,0.0,0.0,149.36141666666663,200.81538333333327,2447.9362259615386,3,300.0,294.8923482324412,0.0,0.0,48.631852663850765,255.53690399577613,594.8923482324412,2,200.0,309.5354729586556,0.0,0.0,57.3340525011439,57.3340525011439,509.5354729586556,42.38338553398091,Stock OK
44,12,99.48079999999999,22,2200.0,0.7717007211538458,380.6295,38.06295,0.07609999999999939,5.423399999999999,2581.401200721154,2,200.0,87.63506111038348,5.037732400847101,0.5037732400847101,42.44487675991529,42.44487675991529,292.6727935112306,2,200.0,114.79972065550214,0.0,0.0,54.00302228546502,54.00302228546502,314.79972065550214,6.446342726054581,Stock OK
44,13,7185.1152,22,2200.0,170.47423076923067,7302.786666666672,730.2786666666673,0.0,561.2901333333333,9673.260897435903,11,1100.0,778.7324991116436,317.8285310109794,31.782853101097942,522.2943220901191,1205.663468989021,2196.561030122623,10,1000.0,903.8360109492389,0.0,0.0,581.6470991272226,581.6470991272226,1903.836010949239,382.1545953669599,Stock OK
44,14,742.9096000000001,22,2200.0,5.470210336538459,1331.6695000000004,133.16695000000004,0.0,53.0211,3537.139710336539,4,400.0,244.15446641450743,223.66878193974912,22.366878193974912,199.11801541807523,199.11801541807523,867.8232483542565,4,400.0,294.3252981488832,0.0,0.0,206.33868827544072,206.33868827544072,694.3252981488831,40.62268730474804,Stock OK
44,16,820.99,22,2200.0,20.889975961538468,1160.282666666666,116.02826666666661,42.279133333333334,107.25659999999999,3381.1726426282044,4,400.0,287.9389806990297,118.48642686135761,11.848642686135761,218.36787194159268,218.36787194159268,806.4254075603873,4,400.0,333.6585945197998,0.0,0.0,143.05006972344117,143.05006972344117,733.6585945197999,35.82788439282032,Stock OK
44,17,270.4956,22,2200.0,12.01682692307691,277.6663333333335,27.76663333333335,0.0,21.106866666666665,2489.6831602564107,2,200.0,168.32447997139738,24.533000000000005,2.4533000000000005,28.653190619409358,28.653190619409358,392.8574799713974,3,300.0,180.86271345938763,0.0,0.0,18.49981558497278,147.16737337745917,480.86271345938763,21.432055297891154,Stock OK
44,21,787.8972,22,2200.0,10.504495192307688,1307.731,130.7731,2.766599999999997,60.148399999999995,3518.235495192308,4,400.0,271.90440554375886,11.636112212250893,1.1636112212250893,173.33368877877493,173.33368877877493,683.5405177560098,4,400.0,342.774955418342,0.0,0.0,206.09157369605387,206.09157369605387,742.774955418342,43.5163483221919,Stock OK
44,25,23.6136,22,2200.0,8.818390424679485,28.784666666666663,2.8784666666666663,6.531174999999999,8.902158333333333,2237.603057091346,1,100.0,74.1712689956545,0.0,0.0,24.357491212833967,24.357491212833967,174.1712689956545,1,100.0,115.00359524355657,0.0,0.0,39.123008121319536,39.123008121319536,215.00359524355656,3.965791256990417,Stock OK
44,28,53.577600000000004,22,2200.0,13.873052884615387,0.0,0.0,8.79955,14.22365,2213.8730528846154,1,100.0,100.43986854034725,6.694499999999994,0.6694499999999994,22.405758223983636,22.405758223983636,207.13436854034725,1,100.0,118.6324807985238,0.0,0.0,26.614997012185903,26.614997012185903,218.6324807985238,6.287514506379255,Stock OK
44,38,44233.642400000004,22,2200.0,1751.7881550480759,23394.655500000004,2339.4655500000003,0.0,3642.9719,27346.443655048082,21,2100.0,2590.1070798225724,12583.86605964628,1258.386605964628,790.3909208967493,4272.3171813451245,17273.97313946885,20,2000.0,3964.9762375369487,0.0,0.0,1270.4565965432002,3090.440285022437,5964.976237536948,2449.0161211665027,Stock OK
44,40,14466.4892,22,2200.0,578.7799909855775,9568.75124999999,956.8751249999991,0.0,1174.7490500000001,12347.531240985569,14,1400.0,1059.812035350807,4304.816729039222,430.48167290392223,578.3187549265596,1566.9497323898395,6764.628764390029,14,1400.0,1440.6842704430035,0.0,0.0,722.3840134817957,1755.210908749626,2840.6842704430037,729.3223935364679,Stock OK
44,42,30.976,22,2200.0,37.433040865384605,0.0,0.0,23.969274999999996,28.747124999999997,2237.4330408653846,1,100.0,121.11765220330359,0.0,0.0,39.239733754288714,39.239733754288714,221.11765220330358,1,100.0,129.1247274281182,0.0,0.0,39.41822911009718,39.41822911009718,229.1247274281182,5.316047912325266,Stock OK
44,46,5145.272799999999,22,2200.0,729.6740024038462,0.0,0.0,441.68690833333335,927.5094916666667,2929.6740024038463,8,800.0,857.7579392809591,289.80125000000015,28.980125000000015,698.6068399819832,698.6068399819832,1947.5591892809593,8,800.0,1044.166926392731,0.0,0.0,690.8851109607166,690.8851109607166,1844.166926392731,294.3568575666636,Stock OK
44,52,11.8428,22,2200.0,25.616718749999993,0.0,0.0,17.308358333333327,19.84324166666666,2225.61671875,1,100.0,98.50075051876115,0.0,0.0,37.88362470084697,37.88362470084697,198.50075051876115,1,100.0,100.2679462784445,0.0,0.0,36.322573151832906,36.322573151832906,200.2679462784445,2.2274055138507243,Stock OK
44,56,460.91640000000007,22,2200.0,11.380503205128207,3558.6421333333333,355.86421333333334,0.21482666666666628,9.368479999999998,5770.0226365384615,3,300.0,101.11807957652924,2307.73964461562,230.77396446156197,45.39437776921902,45.39437776921902,2708.8577241921494,1,100.0,764.0120843236543,2035.1792,203.51792,221.89142707864016,221.89142707864016,2899.191284323654,77.6951341117865,Stock OK
44,60,315.71999999999997,22,2200.0,79.81538461538464,0.0,0.0,41.17866666666667,72.21333333333334,2279.8153846153846,2,200.0,228.93103813412574,0.0,0.0,52.20930266256617,52.20930266256617,428.93103813412574,2,200.0,232.28095572037716,0.0,0.0,54.20011082810985,54.20011082810985,432.28095572037716,24.663927738420114,Stock OK
44,67,1104.8876000000002,22,2200.0,12.257011217948714,1423.5005,142.35005,3.8308333333333238,87.86286666666666,3635.757511217949,4,400.0,348.39515131994517,72.73150000000015,7.273150000000015,86.08875539486368,86.08875539486368,821.1266513199453,4,400.0,516.8601240069731,72.73150000000015,7.273150000000015,170.32688753614937,170.32688753614937,989.5916240069732,109.28029782685536,Stock OK
44,72,149.45680000000002,22,2200.0,1.4027463942307692,759.5071666666666,75.95071666666666,0.0,6.3918333333333335,2960.9099130608975,2,200.0,87.112379621099,156.6599481855033,15.665994818550331,21.646255181449675,21.646255181449675,443.7723278066023,2,200.0,149.79645259659054,35.41049999999999,3.5410499999999994,61.63839522989874,61.63839522989874,385.20695259659055,15.75459895449686,Stock OK
44,74,591.7819999999999,22,2200.0,11.828173076923074,2160.1720000000005,216.01720000000003,0.0,32.6752,4372.000173076924,4,400.0,179.03641183558523,481.2599768139952,48.12599768139952,0.0,164.8810674395335,1060.2963886495804,4,400.0,189.1514628025973,40.01747925952671,4.001747925952671,34.039956222142,34.039956222142,629.168942062124,30.168009411174566,Stock OK
44,79,4398.5851999999995,22,2200.0,91.79152644230768,5111.913250000001,511.1913250000001,0.0,338.03425,7403.70477644231,8,800.0,605.4814704778911,1090.908451386548,109.0908451386548,460.156193287115,460.156193287115,2496.389921864439,8,800.0,756.6199767429407,0.0,0.0,574.3050780732942,574.3050780732942,1556.6199767429407,239.75845295295346,Stock OK
44,80,5128.5419999999995,22,2200.0,89.60690705128202,5531.389666666666,553.1389666666666,0.0,397.8611333333333,7820.996573717948,9,900.0,617.088470892515,487.74253695712446,48.774253695712446,119.77417804346965,695.1179560869393,2004.8310078496395,9,900.0,858.1225099946108,0.0,0.0,129.13756665100345,711.7485499823789,1758.122509994611,265.3070847417329,Stock OK
44,81,7254.914000000001,22,2200.0,133.09491987179496,5400.67833333333,540.0678333333329,0.0,583.8996666666667,7733.773253205125,10,1000.0,806.6370509854854,1060.9340680978778,106.09340680978778,0.0,696.9967881322458,2867.5711190833636,10,1000.0,1127.5633736614734,0.0,0.0,772.0127950830247,772.0127950830247,2127.5633736614736,366.33245827897423,Stock OK
44,82,3885.9608,22,2200.0,72.63723157051278,2327.6921666666676,232.76921666666675,0.0,317.66883333333334,4600.329398237181,8,800.0,688.1734555762354,707.0595000000003,70.70595000000003,259.9596967468416,774.061310567819,2195.232955576236,8,800.0,812.3551384245549,0.0,0.0,223.45785952307605,742.4457751692298,1612.3551384245548,240.90471120092548,Stock OK
44,83,758.1143999999999,22,2200.0,27.869657451923096,106.95866666666632,10.695866666666632,23.255883333333358,90.27105000000003,2334.8283241185895,4,400.0,305.900946886523,0.0,0.0,50.7935333571903,286.92192780958703,705.900946886523,3,300.0,394.6471796607894,0.0,0.0,125.75484498290518,125.75484498290518,694.6471796607893,48.90233778760222,Stock OK
44,85,108.95880000000001,22,2200.0,71.04984794275494,0.0,0.0,44.24002790697675,57.56166511627907,2271.049847942755,1,100.0,143.34830539808289,0.0,0.0,16.30234386685207,16.30234386685207,243.34830539808289,1,100.0,151.00673679682637,0.0,0.0,14.224316926084427,14.224316926084427,251.00673679682637,11.04307633323033,Stock OK
44,87,340.0604000000001,22,2200.0,1.9193950320512818,1485.729416666667,148.5729416666667,0.0,16.651083333333332,3687.6488116987184,3,300.0,128.32294202076292,276.96680265250285,27.696680265250286,65.71814736737485,65.71814736737485,705.2897446732658,3,300.0,187.884337216803,15.20975,1.520975,82.27742653868654,82.27742653868654,503.094087216803,23.65193610469699,Stock OK
44,90,30134.878399999998,22,2200.0,1816.5503665865385,10119.138499999994,1011.9138499999995,0.0,2532.4317,14135.688866586532,20,2000.0,1514.8390453149207,2620.550601065072,262.0550601065072,53.63599191479466,2956.726189893493,6135.389646379992,19,1900.0,1984.8859193379917,0.0,0.0,559.3983427075009,2053.5999645245843,3884.8859193379917,1573.9606009127788,Stock OK
44,91,17577.968399999998,22,2200.0,385.5086318108974,10861.032166666673,1086.1032166666673,0.0,1434.0752333333332,13446.54079847757,16,1600.0,1366.773535162894,839.7759763525153,83.97759763525153,1041.8369880911873,2134.1513174549164,3806.549511515409,15,1500.0,1635.2906209395555,0.0,0.0,200.6562782813038,1316.90712315854,3135.2906209395555,844.3749301727639,Stock OK
44,92,39377.478,22,2200.0,1009.9702463942314,33322.0115,3332.20115,0.0,3134.3719,36531.98174639423,22,2200.0,1233.648502549433,23785.67807741354,2378.567807741354,0.0,3229.7352342258646,27219.326579962973,21,2100.0,2676.1862872597853,0.0,0.0,539.3641509723602,2216.282451018663,4776.186287259785,2150.0055052662988,Stock OK
44,93,11640.087200000002,22,2200.0,116.57913461538455,15523.056000000013,1552.3056000000013,0.0,877.1983999999999,17839.635134615397,13,1300.0,879.2021349404198,2797.606124319025,279.76061243190253,207.0750775136193,1061.375416270429,4976.808259259446,13,1300.0,1331.6327796363353,0.0,0.0,259.0288292454606,1140.9720316825824,2631.6327796363353,564.6229742642741,Stock OK
44,94,24297.4628,22,2200.0,319.61082031250015,30029.777749999997,3002.977775,0.0,1851.69435,32549.388570312498,19,1900.0,1173.5427006734612,9111.333436288342,911.1333436288342,491.83298529382114,2974.2589754897017,12184.876136961802,18,1800.0,2250.1847932774363,0.0,0.0,88.36324233591859,1359.4388021792079,4050.1847932774363,1156.3225860445173,Stock OK
44,95,31743.9588,22,2200.0,432.78692307692313,37400.144000000015,3740.0144000000014,0.0,2435.1256,40032.930923076936,22,2200.0,845.2609994602624,0.0,0.0,376.427077667561,3223.1968254343174,3045.2609994602626,21,2100.0,1732.9628358384896,0.0,0.0,1079.8251042072604,2538.3798794176237,3832.96283583849,1514.8669194110043,Stock OK
44,96,2788.8696000000004,22,2200.0,45.41244391025638,2320.96066666667,232.096066666667,0.0,222.3281333333333,4566.373110576927,7,700.0,495.2794561430623,868.9239912652312,86.89239912652312,212.05220087347698,642.1417344979693,2064.2034474082934,7,700.0,566.1151061283094,0.0,0.0,376.77437307883656,376.77437307883656,1266.1151061283094,144.880294902005,Stock OK
44,97,6675.7376,22,2200.0,124.99139823717952,5985.842583333332,598.5842583333332,0.0,528.4481166666667,8310.833981570511,10,1000.0,727.6721939676808,1445.3020192724944,144.53020192724944,229.14233845820058,892.2176230727507,3172.9742132401752,10,1000.0,1044.4209472072582,0.0,0.0,726.7988109965426,726.7988109965426,2044.4209472072582,351.4297206233252,Stock OK
44,98,3070.8212000000003,22,2200.0,211.9274819711534,792.0468333333374,79.20468333333375,0.0,260.14056666666664,3203.974315304491,7,700.0,609.6826980752369,111.88705099414648,11.188705099414648,121.9454489801171,587.1732979602342,1421.5697490693833,7,700.0,681.5928164910656,0.0,0.0,168.19840756415138,642.9998671581766,1381.5928164910656,177.9380296356237,Stock OK
45,1,11447.708800000002,22,2200.0,10328.507608173075,0.0,0.0,5569.346241666664,7049.090158333331,12528.507608173075,10,1000.0,2898.5013627539547,3515.28044672326,351.528044672326,0.0,2219.1412200819186,7413.781809477215,10,1000.0,4707.5574773199205,0.0,0.0,1396.4859386056055,2576.9947012284506,5707.5574773199205,2376.6913831002644,Stock OK
45,2,31784.138,22,2200.0,3339.5459975961485,0.0,0.0,1177.838391666663,4044.0972083333295,5539.5459975961485,20,2000.0,2054.4249244759476,744.5257500000093,74.45257500000093,386.31512400811675,3474.827604453463,4798.9506744759565,20,2000.0,2578.2870494871167,0.0,0.0,1519.6363635125576,3046.1830023816397,4578.287049487117,1581.4139014419454,Stock OK
45,3,11180.5752,22,2200.0,1284.581914062499,30505.943500000023,3050.594350000002,451.6662583333331,1197.8964416666663,33990.52541406252,9,900.0,936.1828482106149,39196.27159295895,3919.6271592958947,949.937582852053,949.937582852053,41032.45444116956,13,1300.0,1111.0854305199405,12.018670621085903,1.2018670621085903,552.112811130482,552.112811130482,2423.104101141026,325.42612838527634,Stock OK
45,4,21367.106400000004,22,2200.0,2632.1609254807695,0.0,0.0,1401.3056416666664,3381.167558333333,4832.16092548077,16,1600.0,2019.140896910369,0.0,0.0,854.4435584456586,2137.8940306753693,3619.140896910369,16,1600.0,2491.6615588972622,0.0,0.0,861.9920513998655,2145.94575649319,4091.6615588972622,1068.877948201449,Stock OK
45,5,9686.1368,22,2200.0,8957.589242788457,0.0,0.0,5312.117008333332,6616.312991666665,11157.589242788457,9,900.0,2389.308954767785,0.0,0.0,603.5735044853645,1645.250545671035,3289.308954767785,9,900.0,2329.024184985933,0.0,0.0,1033.4697074017452,1033.4697074017452,3229.024184985933,1020.528191889302,Stock OK
45,6,2068.4556000000002,22,2200.0,1674.4381370192314,0.0,0.0,1299.1451750000006,1591.9800250000008,3874.4381370192314,4,400.0,885.8111384713304,0.0,0.0,345.18709312909937,345.18709312909937,1285.8111384713304,5,500.0,837.7825901666281,0.0,0.0,494.6078446594951,494.6078446594951,1337.782590166628,182.46947506147868,Stock OK
45,7,18034.566,22,2200.0,8249.220901442302,0.0,0.0,6840.204824999998,9003.228374999999,10449.220901442302,13,1300.0,3274.1673117423043,1020.4450162122066,102.04450162122066,1410.0735071665738,2751.578480545353,5594.612327954511,14,1400.0,3271.864476007856,0.0,0.0,1809.3764571014851,1809.3764571014851,4671.864476007856,1453.9233572381509,Stock OK
45,8,30497.969999999998,22,2200.0,3741.9827644230772,0.0,0.0,895.4226833333335,3625.282916666667,5941.982764423077,20,2000.0,2076.5222396503914,0.0,0.0,723.9831832046555,3738.1123868940613,4076.5222396503914,19,1900.0,2384.8207885772704,0.0,0.0,828.6185010842416,2341.4961761444774,4284.82078857727,1550.4580839781288,Stock OK
45,9,14250.5796,22,2200.0,829.0553665865383,7815.990000000001,781.599,1076.3217499999996,2341.1306499999996,10845.045366586539,13,1300.0,1512.5909203586161,7576.640925934396,757.6640925934396,714.221672219681,1740.0486580218676,10389.231846293012,14,1400.0,2109.764423214255,0.0,0.0,532.9075038914799,1524.1593311139013,3509.764423214255,695.5606441676492,Stock OK
45,10,12239.9304,22,2200.0,830.7185176282061,815.3409999999906,81.53409999999906,721.4954083333341,1841.4859916666674,3846.0595176281968,13,1300.0,1404.1024817693128,0.0,0.0,1023.8299810925641,1989.1445232669444,2704.102481769313,12,1200.0,1969.3760490433694,0.0,0.0,926.3245028842534,926.3245028842534,3169.3760490433697,685.1295847185407,Stock OK
45,11,13998.324799999999,22,2200.0,1718.441141826923,29549.494750000005,2954.9494750000003,1945.62455,3075.1028,33467.93589182693,10,1000.0,1623.8130156154357,18580.50197166464,1858.050197166464,1186.678055667073,1186.678055667073,21204.314987280075,11,1100.0,2022.2571568114936,4624.150250000003,462.41502500000036,1131.7939504236115,1131.7939504236115,7746.407406811497,847.3603722554408,Stock OK
45,12,3298.9072,22,2200.0,94.60122596153845,141.49399999999986,14.149399999999986,23.106799999999964,310.74719999999996,2436.0952259615383,7,700.0,613.1509302469135,0.0,0.0,67.7544596890975,556.954636303947,1313.1509302469135,7,700.0,778.9201966701029,0.0,0.0,503.0452647208907,503.0452647208907,1478.920196670103,196.51364762661882,Stock OK
45,13,24021.2784,22,2200.0,2186.5756490384624,0.0,0.0,481.49905000000103,2612.1753500000013,4386.575649038463,18,1800.0,1860.2507888166404,1465.5504504059513,146.55504504059513,624.2722594128711,3287.1449049594057,5125.801239222592,17,1700.0,2279.758222768742,0.0,0.0,555.3351465177086,1891.6225900500654,3979.758222768742,1197.9182448659913,Stock OK
45,14,9281.8932,22,2200.0,4097.478677884614,0.0,0.0,2553.1535499999986,3582.2880499999987,6297.478677884614,10,1000.0,1675.2969447421574,0.0,0.0,589.7994376030824,1515.1317584478693,2675.2969447421574,10,1000.0,1604.460904777923,0.0,0.0,280.73642397725416,1171.728409974727,2604.460904777923,577.9980304848648,Stock OK
45,16,17036.278,22,2200.0,1292.5938251201926,51962.47650000001,5196.247650000001,2948.763225,4234.745275,55455.07032512021,12,1200.0,1492.6702793222717,29597.50323930219,2959.750323930219,1299.3544893643475,1299.3544893643475,32290.173518624462,11,1100.0,3070.858878589556,12656.22525,1265.622525,1193.0040124907187,1193.0040124907187,16827.084128589555,751.6382262595149,Stock OK
45,17,8454.829199999998,22,2200.0,2630.5849278846135,0.0,0.0,1330.5303833333314,2181.4312166666646,4830.5849278846135,10,1000.0,1398.224710915005,0.0,0.0,394.0981612054854,1235.4955068949837,2398.224710915005,10,1000.0,1384.88603859332,0.0,0.0,383.4726315943387,1223.6893628825985,2384.8860385933203,505.26276274499634,Stock OK
45,19,1129.2092,22,2200.0,220.85088942307706,0.0,0.0,149.15495000000013,260.3170500000001,2420.850889423077,4,400.0,426.27241160654455,0.0,0.0,254.0000922333136,254.0000922333136,826.2724116065446,4,400.0,450.27344605511774,0.0,0.0,272.15360192532535,272.15360192532535,850.2734460551178,71.85896851917374,Stock OK
45,20,4733.6867999999995,22,2200.0,234.85620693108982,5197.40933333333,519.740933333333,324.1379416666668,718.7539250000001,7632.2655402644195,8,800.0,741.4508246977396,710.4890011938915,71.04890011938915,513.2267248806108,513.2267248806108,2251.939825891631,8,800.0,868.1807327140143,0.0,0.0,298.2017973654102,298.2017973654102,1668.1807327140143,204.62280257488572,Stock OK
45,21,3399.3848,22,2200.0,405.85296874999943,0.0,0.0,276.85719166666615,596.5304083333327,2605.8529687499995,7,700.0,614.6237097242348,137.43207550869897,13.743207550869897,188.19403724565032,703.9150046947804,1452.0557852329337,7,700.0,802.8558698441852,0.0,0.0,110.43339928248943,615.4847949962376,1502.8558698441852,173.6406834725049,Stock OK
45,22,6238.6472,22,2200.0,2758.627415865385,0.0,0.0,1378.4098083333333,2040.7625916666666,4958.627415865385,8,800.0,1359.101235390914,0.0,0.0,693.649608687426,693.649608687426,2159.101235390914,8,800.0,1381.8026675642116,0.0,0.0,713.0214974753064,713.0214974753064,2181.8026675642113,457.84190939376424,Stock OK
45,23,19409.512,22,2200.0,2604.5565264423076,0.0,0.0,2245.238891666666,4128.260708333332,4804.556526442308,15,1500.0,2210.4694023661923,3520.1072803292573,352.0107280329257,1290.3911105719649,2542.059657539039,7230.57668269545,16,1600.0,2312.2733000909075,0.0,0.0,545.3272431365209,1687.3476776789557,3912.2733000909075,1190.3390235276863,Stock OK
45,24,4871.9148,22,2200.0,1175.8005408653848,0.0,0.0,315.9872416666669,767.1091583333335,3375.800540865385,8,800.0,942.8336793592487,883.0743112010265,88.30743112010265,181.58787040992314,794.2324938798974,2625.9079905602753,9,900.0,1000.5807312212061,0.0,0.0,125.70665700098215,665.8239797511048,1900.580731221206,352.3440148076813,Stock OK
45,25,6908.8232,22,2200.0,1695.0984375000003,0.0,0.0,1036.6184166666671,1727.5263833333338,3895.0984375000003,9,900.0,1086.035503777587,0.0,0.0,192.97092001613714,951.1499412681543,1986.035503777587,9,900.0,1330.4045832531954,0.0,0.0,712.7993046736769,712.7993046736769,2230.4045832531956,523.7288133459838,Stock OK
45,26,5717.658399999999,22,2200.0,3106.284278846155,0.0,0.0,1265.9650000000006,1873.2366000000006,5306.284278846155,8,800.0,1251.8996241318862,0.0,0.0,168.9146427858979,879.7240203267404,2051.8996241318864,8,800.0,1300.8976495717277,0.0,0.0,609.1046938263081,609.1046938263081,2100.897649571728,499.0067094013144,Stock OK
45,27,804.5676000000001,22,2200.0,837.9339783653842,0.0,0.0,449.54209166666647,558.5951083333331,3037.933978365384,3,300.0,511.5814411655992,0.0,0.0,262.6650602239088,262.6650602239088,811.5814411655992,3,300.0,464.75427323707396,0.0,0.0,286.3132142591617,286.3132142591617,764.7542732370739,84.42285729870467,Stock OK
45,28,418.23479999999995,22,2200.0,380.36713942307694,0.0,0.0,169.99595000000014,221.14645000000016,2580.367139423077,2,200.0,305.12189749834727,0.0,0.0,71.07895758141288,71.07895758141288,505.12189749834727,2,200.0,332.1703842985265,0.0,0.0,110.2914497603401,110.2914497603401,532.1703842985265,47.18368266011554,Stock OK
45,29,3651.9104000000007,22,2200.0,1567.553497596154,0.0,0.0,958.2910583333332,1359.1781416666668,3767.553497596154,6,600.0,950.8009099297708,0.0,0.0,414.58543318272103,414.58543318272103,1550.8009099297708,6,600.0,942.1317471599849,0.0,0.0,252.9696088541262,252.9696088541262,1542.131747159985,252.69622294480803,Stock OK
45,30,2653.4191999999994,22,2200.0,150.93286057692302,479.58100000000013,47.958100000000016,201.75387499999994,445.8595249999999,2830.513860576923,6,600.0,590.6315389922976,400.82299387168376,40.082299387168376,456.791328064158,456.791328064158,1591.4545328639813,6,600.0,698.0648807341745,0.0,0.0,396.9349408876811,396.9349408876811,1298.0648807341745,142.11867179877055,Stock OK
45,31,2356.8795999999998,22,2200.0,494.571674679487,389.71066666666957,38.97106666666696,166.00828333333328,382.0010499999999,3084.2823413461565,5,500.0,596.2530022543722,1711.7177978382315,171.17177978382315,257.8684468107846,257.8684468107846,2807.970800092604,6,600.0,581.5235143902487,0.0,0.0,225.62843949779705,225.62843949779705,1181.5235143902487,133.76132017003948,Stock OK
45,32,3288.0259999999994,22,2200.0,2065.540661057692,0.0,0.0,1496.1451583333326,1912.1600416666658,4265.540661057692,6,600.0,1058.0694119639788,0.0,0.0,277.6131547950254,865.9365207540304,1658.0694119639788,6,600.0,1209.26046692123,0.0,0.0,659.3882827076939,659.3882827076939,1809.26046692123,259.2768822002279,Stock OK
45,33,4721.419999999999,22,2200.0,768.174314903846,0.0,0.0,258.1898249999998,691.1993749999998,2968.174314903846,8,800.0,858.4304033754768,0.0,0.0,129.63372555308766,729.8536399178145,1658.4304033754768,9,900.0,870.8373546219785,0.0,0.0,187.41931262803328,719.8349360815374,1770.8373546219786,328.4006224395082,Stock OK
45,34,13765.259600000001,22,2200.0,292.1048798076928,12455.6875,1245.56875,79.44963333333374,1175.027066666667,14947.792379807692,14,1400.0,1180.5583063923766,4741.805840430387,474.1805840430387,763.8523756285384,1718.5881634428076,7322.364146822764,13,1300.0,1943.083591105093,1067.2984999999994,106.72984999999994,1227.2368670374763,1227.2368670374763,4310.3820911050925,890.922309877649,Stock OK
45,35,2191.2219999999998,22,2200.0,495.02926682692316,1791.7213333333327,179.17213333333328,462.01030000000014,677.1459666666667,4486.750600160256,5,500.0,631.7926207268454,443.3249999999998,44.33249999999998,291.1914761651092,291.1914761651092,1575.1176207268452,5,500.0,671.2031799266847,443.3249999999998,44.33249999999998,187.8273755295467,187.8273755295467,1614.5281799266845,159.84495805411058,Stock OK
45,36,1462.726,22,2200.0,821.7893589743592,4350.2468333333345,435.0246833333334,730.7318666666667,883.6391000000001,7372.036192307693,4,400.0,614.4753201530361,2528.0167926021068,252.80167926021068,89.46894147957879,446.1464122193682,3542.492112755143,3,300.0,658.8175149138945,1395.5915000000005,139.55915000000005,233.4835819071215,233.4835819071215,2354.4090149138947,123.13173496919836,Stock OK
45,38,47116.2836,22,2200.0,6975.674350961534,0.0,0.0,2891.1332833333317,7239.604316666665,9175.674350961533,21,2100.0,3307.1183453377566,0.0,0.0,1252.2961452259963,5056.466435701087,5407.118345337756,21,2100.0,4442.900646091673,0.0,0.0,2565.743616939729,4527.530919982444,6542.900646091673,2724.4749574169928,Stock OK
45,40,33174.1652,22,2200.0,5451.998341346155,0.0,0.0,2121.907350000002,5191.131050000003,7651.998341346155,20,2000.0,2104.2729641839956,639.9704428168866,63.99704428168866,257.61174066088915,3453.605556925245,4744.243407000882,19,1900.0,2971.3283412326005,0.0,0.0,1425.9557300165436,3092.4160289063516,4871.3283412326,1724.7747365935238,Stock OK
45,41,1747.0095999999996,22,2200.0,1507.4159495192314,0.0,0.0,884.590791666667,1113.4256083333337,3707.4159495192316,4,400.0,769.6982769917157,0.0,0.0,341.59332886059264,341.59332886059264,1169.6982769917158,4,400.0,748.9786946624815,0.0,0.0,244.37823333412513,244.37823333412513,1148.9786946624815,166.66147561374396,Stock OK
45,42,4120.602,22,2200.0,234.58641826923088,0.0,0.0,22.537116666666662,382.8100833333333,2434.5864182692308,8,800.0,762.7440717118945,612.5449867856967,61.25449867856966,313.50350792858217,860.9951592500125,2175.289058497591,7,700.0,876.6317332424279,0.0,0.0,344.39640641609094,344.39640641609094,1576.6317332424278,230.87523395890477,Stock OK
45,44,2196.4392000000003,22,2200.0,467.6136177884612,0.0,0.0,185.98264166666644,393.14975833333307,2667.6136177884614,6,600.0,512.4670017974827,60.957250000000016,6.095725000000002,196.2386061278355,611.4048873534026,1173.4242517974826,6,600.0,644.7585681706119,0.0,0.0,151.71439054206053,559.1949736504727,1244.7585681706119,157.5071231488722,Stock OK
45,46,11993.6096,22,2200.0,1782.324903846153,0.0,0.0,1484.412633333332,2656.414566666665,3982.3249038461527,12,1200.0,1827.2878608495812,0.0,0.0,626.611242599629,1614.0856010177772,3027.287860849581,12,1200.0,1733.916617406529,0.0,0.0,472.58303511940915,1446.0548292211736,2933.916617406529,623.7829903838002,Stock OK
45,52,1049.7740000000001,22,2200.0,445.5151923076924,0.0,0.0,338.59493333333336,459.3226666666667,2645.5151923076924,4,400.0,483.7090541933458,0.0,0.0,82.11161933331488,399.04295911108653,883.7090541933458,4,400.0,475.3991108540537,0.0,0.0,77.05268797358968,392.2977172981196,875.3991108540537,79.02051234364147,Stock OK
45,55,3232.3167999999996,22,2200.0,4307.249350961539,0.0,0.0,2773.4159833333333,3295.6536166666665,6507.249350961539,5,500.0,1519.3990516755325,0.0,0.0,846.8768385354613,846.8768385354613,2019.3990516755325,5,500.0,1113.9937625828447,0.0,0.0,495.52558798846513,495.52558798846513,1613.9937625828447,300.4490077770972,Stock OK
45,56,1950.7708000000002,22,2200.0,1851.8689903846148,2713.0753333333337,271.30753333333337,1658.0559999999994,1948.275066666666,6764.9443237179485,4,400.0,1028.0657484290202,1483.3220000000003,148.33220000000003,598.4423944852415,598.4423944852415,2911.3877484290206,2,200.0,1520.4703130931227,1483.3220000000003,148.33220000000003,478.21909417968044,478.21909417968044,3203.792313093123,356.4464247903882,Stock OK
45,59,133.42999999999998,22,2200.0,487.6386778846154,0.0,0.0,331.8113166666667,372.2670833333334,2687.6386778846154,1,100.0,351.9463517629684,0.0,0.0,110.71808215693518,110.71808215693518,451.9463517629684,1,100.0,375.3840570241949,0.0,0.0,92.94850272206511,92.94850272206511,475.3840570241949,49.697288890915836,Stock OK
45,60,170.64000000000001,22,2200.0,3.8901442307692333,138.22666666666657,13.822666666666656,2.235333333333334,16.066000000000003,2342.1168108974357,2,200.0,134.16994738138493,51.82779877048723,5.182779877048723,69.83122012295127,69.83122012295127,385.99774615187215,2,200.0,183.55376736720868,0.0,0.0,87.32718034578278,87.32718034578278,383.5537673672087,13.252391564627267,Stock OK
45,67,4946.775200000001,22,2200.0,1836.44125,0.0,0.0,1419.6984000000002,1973.3048000000003,4036.44125,7,700.0,1160.3581210561554,1480.1720000000005,148.01720000000006,103.7050000427846,782.380566716582,3340.5301210561556,7,700.0,1452.2372681283923,0.0,0.0,516.4616782626213,516.4616782626213,2152.2372681283923,458.03755391160837,Stock OK
45,71,3033.5936,22,2200.0,1624.4548677884611,0.0,0.0,1101.9595416666664,1461.5728583333332,3824.4548677884613,6,600.0,964.9625097085038,0.0,0.0,240.7773776080299,787.7675781296359,1564.9625097085038,5,500.0,1097.2860593099283,0.0,0.0,334.07669393716986,334.07669393716986,1597.2860593099283,232.8246026444657,Stock OK
45,72,24825.449600000007,22,2200.0,19932.549747596153,0.0,0.0,11927.802324999999,15123.737274999998,22132.549747596153,15,1500.0,5274.12645751612,0.0,0.0,1166.8966699995692,4428.195723076426,6774.12645751612,15,1500.0,4482.754615843069,0.0,0.0,1761.1764306646658,3317.7995453549993,5982.754615843069,2163.1878857327833,Stock OK
45,74,8639.4616,22,2200.0,2045.6583413461553,0.0,0.0,1101.074816666668,1948.077983333335,4245.658341346156,10,1000.0,1345.1783032586416,0.0,0.0,186.25574846471818,1025.7238149607979,2345.178303258642,10,1000.0,1478.1491801552254,0.0,0.0,286.8300844446794,1137.4730771607549,2478.1491801552256,476.79270449156627,Stock OK
45,79,13172.803600000001,22,2200.0,1480.4244230769218,0.0,0.0,647.1588666666659,1848.8947333333326,3680.424423076922,13,1300.0,1383.4757791513016,726.0424749852541,72.60424749852541,701.4698575044237,1701.3919750049151,3409.5182541365557,13,1300.0,1664.9182214875038,0.0,0.0,697.5722695536407,1703.219942016444,2964.9182214875036,702.6103854083491,Stock OK
45,80,691.4612,22,2200.0,109.34531043956038,0.0,0.0,89.80174857142852,157.73765714285707,2309.3453104395603,3,300.0,337.8355596299381,0.0,0.0,123.67760548324357,123.67760548324357,637.8355596299381,3,300.0,374.92231083484904,0.0,0.0,148.03774522204822,148.03774522204822,674.922310834849,40.6690463662178,Stock OK
45,81,12660.075600000002,22,2200.0,2290.327415865385,0.0,0.0,1047.1828416666665,2239.118358333333,4490.327415865385,13,1300.0,1610.8985290698959,0.0,0.0,82.02925858730714,2073.7022737849993,2910.8985290698956,12,1200.0,1825.5316116044248,0.0,0.0,865.1949161498853,865.1949161498853,3025.531611604425,653.3250805586382,Stock OK
45,82,11762.52,22,2200.0,2458.3006129807663,0.0,0.0,1209.325324999998,2337.3118749999976,4658.300612980766,12,1200.0,1496.6897352952533,0.0,0.0,585.756647142295,1554.5109037006855,2696.6897352952533,12,1200.0,2172.578597744224,0.0,0.0,308.93288528903577,1252.521345315312,3372.578597744224,833.428702262727,Stock OK
45,83,493.69120000000004,22,2200.0,279.2731009615384,0.0,0.0,150.58288333333326,206.60671666666656,2479.273100961538,3,300.0,298.8204457327859,0.0,0.0,22.140007749769907,238.03773662465483,598.8204457327859,3,300.0,317.21700041140446,0.0,0.0,33.07281738734896,254.43695108102344,617.2170004114045,43.65802433369201,Stock OK
45,85,1574.4392,22,2200.0,305.53840144230776,0.0,0.0,279.02519166666673,440.19600833333345,2505.538401442308,4,400.0,480.757924372835,401.85374999999993,40.18537499999999,172.25695673183233,172.25695673183233,1282.611674372835,5,500.0,602.5643430591257,0.0,0.0,368.5619008115725,368.5619008115725,1102.5643430591258,103.53450562017592,Stock OK
45,87,7075.2172,22,2200.0,61.319765624999995,17354.971416666667,1735.4971416666667,0.0,464.32348333333334,19616.29118229167,11,1100.0,453.7381565028448,1632.9041278309383,163.2904127830938,0.0,621.5441562216906,3186.642284333783,11,1100.0,698.9072319161398,0.0,0.0,167.05046314020763,821.6287069542284,1798.9072319161398,382.69902739943325,Stock OK
45,90,20267.071999999996,22,2200.0,4678.9228365384615,0.0,0.0,2308.9038333333324,4272.032166666666,6878.9228365384615,16,1600.0,2176.9666550032675,0.0,0.0,569.8328722398663,3125.8632111312754,3776.9666550032675,15,1500.0,2277.589621238297,0.0,0.0,902.0355844883687,2203.779519094681,3777.589621238297,1069.5510158504137,Stock OK
45,91,14409.167999999998,22,2200.0,3054.540048076922,0.0,0.0,1656.3373666666666,3053.337833333333,5254.540048076922,13,1300.0,1621.5746643154844,0.0,0.0,623.5592926820636,1701.6615087389023,2921.5746643154844,13,1300.0,1971.2112507261472,0.0,0.0,694.6873525393594,1778.7169069176393,3271.2112507261472,801.3070580091216,Stock OK
45,92,42317.8996,22,2200.0,7477.736213942308,0.0,0.0,2670.109408333334,6582.110191666668,9677.736213942308,21,2100.0,3426.927556646132,0.0,0.0,1436.2472144603448,5044.451561075615,5526.927556646132,20,2000.0,4687.3344209695315,0.0,0.0,635.6460087288528,2489.9232304152956,6687.3344209695315,2293.143754130678,Stock OK
45,93,3141.239600000001,22,2200.0,20.900216346153833,7764.671500000004,776.4671500000004,16.757566666666662,223.84713333333332,9985.571716346158,7,700.0,398.4709698881287,1879.5394534095021,187.9539453409502,262.96867287873306,262.96867287873306,2978.010423297631,8,800.0,566.0269696718157,391.74450000000036,39.174450000000036,161.76471667996123,161.76471667996123,1757.7714696718158,128.1200920401275,Stock OK
45,94,3468.5544,22,2200.0,1710.4595192307681,0.0,0.0,798.0621333333329,1169.072266666666,3910.459519230768,6,600.0,901.3448008782327,0.0,0.0,421.5017872386447,421.5017872386447,1501.3448008782327,7,700.0,1075.016841382194,0.0,0.0,605.6364185387908,605.6364185387908,1775.016841382194,322.83463413422976,Stock OK
45,95,47580.9204,22,2200.0,5611.7748317307705,0.0,0.0,3043.312016666666,7445.4191833333325,7811.7748317307705,22,2200.0,3576.834769193309,808.5219803656764,80.85219803656764,1206.2483766756686,5033.807997461041,6585.356749558985,21,2100.0,4079.059648326357,0.0,0.0,1917.628026364031,3782.6448818581193,6179.059648326357,2270.9385909485254,Stock OK
45,97,5959.6976,22,2200.0,380.39066105769115,0.0,0.0,142.34979166666602,672.9626083333326,2580.390661057691,9,900.0,888.9043785076699,182.8764708161856,18.28764708161856,169.96515675102904,834.3971423347054,1971.7808493238554,9,900.0,978.1489340456708,0.0,0.0,113.412458153042,773.0613122971722,1878.1489340456708,282.6728779077248,Stock OK
45,98,583.2388,22,2200.0,340.3232980769231,0.0,0.0,215.21402,284.6447,2540.323298076923,3,300.0,359.6156933435658,0.0,0.0,1.5997444269979084,241.94600664049688,659.6156933435658,3,300.0,384.5793942902855,0.0,0.0,217.12832186319775,217.12832186319775,684.5793942902856,50.07515396048495,Stock OK
